snapshot_date,S0,expiry,T,type,strike,moneyness,bid,ask,lastPrice,price,price_source,iv_market,r
2026-05-15,708.9299926757812,2026-05-22,0.019178082191780823,call,370.0,0.5219133113602291,0.0,0.0,343.77,343.77,lastPrice,2.9076790021960908,0.043
2026-05-15,708.9299926757812,2026-05-22,0.019178082191780823,call,400.0,0.5642306068759234,0.0,0.0,311.52,311.52,lastPrice,2.275104055767566,0.043
2026-05-15,708.9299926757812,2026-05-22,0.019178082191780823,call,435.0,0.6136007849775668,0.0,0.0,278.61,278.61,lastPrice,2.255386485482386,0.043
2026-05-15,708.9299926757812,2026-05-22,0.019178082191780823,call,445.0,0.6277065501494649,0.0,0.0,265.28,265.28,lastPrice,1.653772006865139,0.043
2026-05-15,708.9299926757812,2026-05-22,0.019178082191780823,call,450.0,0.6347594327354138,0.0,0.0,261.54,261.54,lastPrice,1.8603692692240137,0.043
2026-05-15,708.9299926757812,2026-05-22,0.019178082191780823,call,480.0,0.6770767282511081,0.0,0.0,234.18,234.18,lastPrice,1.9217320331872674,0.043
2026-05-15,708.9299926757812,2026-05-22,0.019178082191780823,call,485.0,0.6841296108370571,0.0,0.0,225.41,225.41,lastPrice,1.4036172643086278,0.043
2026-05-15,708.9299926757812,2026-05-22,0.019178082191780823,call,495.0,0.6982353760089552,0.0,0.0,216.0,216.0,lastPrice,1.4408151174986157,0.043
2026-05-15,708.9299926757812,2026-05-22,0.019178082191780823,call,500.0,0.7052882585949043,0.0,0.0,209.44,209.44,lastPrice,0.9536583333016537,0.043
2026-05-15,708.9299926757812,2026-05-22,0.019178082191780823,call,515.0,0.7264469063527514,0.0,0.0,195.76,195.76,lastPrice,1.26596211821636,0.043
2026-05-15,708.9299926757812,2026-05-22,0.019178082191780823,put,531.0,0.7490161306277884,0.0,0.0,0.25,0.25,lastPrice,0.8957954780723006,0.043
2026-05-15,708.9299926757812,2026-05-22,0.019178082191780823,call,533.0,0.751837283662168,0.0,0.0,179.21,179.21,lastPrice,1.3214801206128224,0.043
2026-05-15,708.9299926757812,2026-05-22,0.019178082191780823,call,535.0,0.7546584366965475,0.0,0.0,176.84,176.84,lastPrice,1.2689642437801378,0.043
2026-05-15,708.9299926757812,2026-05-22,0.019178082191780823,put,537.0,0.7574795897309272,0.0,0.0,0.27,0.27,lastPrice,0.8733328626094571,0.043
2026-05-15,708.9299926757812,2026-05-22,0.019178082191780823,put,539.0,0.7603007427653068,0.0,0.0,0.22,0.22,lastPrice,0.8408291294840537,0.043
2026-05-15,708.9299926757812,2026-05-22,0.019178082191780823,call,540.0,0.7617113192824966,0.0,0.0,182.86,182.86,lastPrice,1.9469175384153938,0.043
2026-05-15,708.9299926757812,2026-05-22,0.019178082191780823,call,545.0,0.7687642018684456,0.0,0.0,165.52,165.52,lastPrice,1.034286564557135,0.043
2026-05-15,708.9299926757812,2026-05-22,0.019178082191780823,put,549.0,0.7744065079372049,0.0,0.0,0.13,0.13,lastPrice,0.7420892840561147,0.043
2026-05-15,708.9299926757812,2026-05-22,0.019178082191780823,call,550.0,0.7758170844543947,0.0,0.0,164.8,164.8,lastPrice,1.4055722644123838,0.043
2026-05-15,708.9299926757812,2026-05-22,0.019178082191780823,call,555.0,0.7828699670403437,0.0,0.0,159.34,159.34,lastPrice,1.3351234672703751,0.043
2026-05-15,708.9299926757812,2026-05-22,0.019178082191780823,call,560.0,0.7899228496262928,0.0,0.0,154.4,154.4,lastPrice,1.3011607819968638,0.043
2026-05-15,708.9299926757812,2026-05-22,0.019178082191780823,put,561.0,0.7913334261434826,0.0,0.0,0.28,0.28,lastPrice,0.7543474567569666,0.043
2026-05-15,708.9299926757812,2026-05-22,0.019178082191780823,put,562.0,0.7927440026606724,0.0,0.0,0.14,0.14,lastPrice,0.6868659182351999,0.043
2026-05-15,708.9299926757812,2026-05-22,0.019178082191780823,put,564.0,0.795565155695052,0.0,0.0,0.96,0.96,lastPrice,0.8919548056637744,0.043
2026-05-15,708.9299926757812,2026-05-22,0.019178082191780823,call,566.0,0.7983863087294316,0.0,0.0,146.13,146.13,lastPrice,1.0828850627913744,0.043
2026-05-15,708.9299926757812,2026-05-22,0.019178082191780823,put,566.0,0.7983863087294316,0.0,0.0,0.1,0.1,lastPrice,0.6427555268297036,0.043
2026-05-15,708.9299926757812,2026-05-22,0.019178082191780823,call,567.0,0.7997968852466214,0.0,0.0,148.0,148.0,lastPrice,1.286957742084227,0.043
2026-05-15,708.9299926757812,2026-05-22,0.019178082191780823,put,567.0,0.7997968852466214,0.0,0.0,0.14,0.14,lastPrice,0.6634432947842946,0.043
2026-05-15,708.9299926757812,2026-05-22,0.019178082191780823,call,568.0,0.8012074617638113,0.0,0.0,144.8,144.8,lastPrice,1.1251976037396794,0.043
2026-05-15,708.9299926757812,2026-05-22,0.019178082191780823,call,569.0,0.8026180382810011,0.0,0.0,143.37,143.37,lastPrice,1.0830362805211442,0.043
2026-05-15,708.9299926757812,2026-05-22,0.019178082191780823,call,570.0,0.8040286147981909,0.0,0.0,150.96,150.96,lastPrice,1.5816233493693157,0.043
2026-05-15,708.9299926757812,2026-05-22,0.019178082191780823,call,571.0,0.8054391913153807,0.0,0.0,140.98,140.98,lastPrice,1.0354047601617422,0.043
2026-05-15,708.9299926757812,2026-05-22,0.019178082191780823,call,572.0,0.8068497678325705,0.0,0.0,147.6,147.6,lastPrice,1.4987710566936274,0.043
2026-05-15,708.9299926757812,2026-05-22,0.019178082191780823,call,573.0,0.8082603443497604,0.0,0.0,142.17,142.17,lastPrice,1.2512275195144795,0.043
2026-05-15,708.9299926757812,2026-05-22,0.019178082191780823,call,574.0,0.8096709208669501,0.0,0.0,136.91,136.91,lastPrice,0.9068744895545228,0.043
2026-05-15,708.9299926757812,2026-05-22,0.019178082191780823,put,574.0,0.8096709208669501,0.0,0.0,0.16,0.16,lastPrice,0.6411634822187171,0.043
2026-05-15,708.9299926757812,2026-05-22,0.019178082191780823,call,575.0,0.8110814973841399,0.0,0.0,135.89,135.89,lastPrice,0.8982694023496062,0.043
2026-05-15,708.9299926757812,2026-05-22,0.019178082191780823,call,576.0,0.8124920739013297,0.0,0.0,134.88,134.88,lastPrice,0.8908611913659021,0.043
2026-05-15,708.9299926757812,2026-05-22,0.019178082191780823,put,576.0,0.8124920739013297,0.0,0.0,0.1,0.1,lastPrice,0.5977476114105674,0.043
2026-05-15,708.9299926757812,2026-05-22,0.019178082191780823,put,577.0,0.8139026504185195,0.0,0.0,0.16,0.16,lastPrice,0.6271046969921537,0.043
2026-05-15,708.9299926757812,2026-05-22,0.019178082191780823,call,578.0,0.8153132269357093,0.0,0.0,136.81,136.81,lastPrice,1.1908970998505475,0.043
2026-05-15,708.9299926757812,2026-05-22,0.019178082191780823,call,579.0,0.8167238034528992,0.0,0.0,142.28,142.28,lastPrice,1.5168302088767354,0.043
2026-05-15,708.9299926757812,2026-05-22,0.019178082191780823,call,581.0,0.8195449564872788,0.0,0.0,128.71,128.71,lastPrice,0.6610558529795969,0.043
2026-05-15,708.9299926757812,2026-05-22,0.019178082191780823,put,582.0,0.8209555330044686,0.0,0.0,0.1,0.1,lastPrice,0.5709922307037382,0.043
2026-05-15,708.9299926757812,2026-05-22,0.019178082191780823,call,583.0,0.8223661095216583,0.0,0.0,127.66,127.66,lastPrice,0.8211671527898432,0.043
2026-05-15,708.9299926757812,2026-05-22,0.019178082191780823,call,585.0,0.825187262556038,0.0,0.0,128.95,128.95,lastPrice,1.0845915006873503,0.043
2026-05-15,708.9299926757812,2026-05-22,0.019178082191780823,call,586.0,0.8265978390732278,0.0,0.0,129.09,129.09,lastPrice,1.146751426196325,0.043
2026-05-15,708.9299926757812,2026-05-22,0.019178082191780823,put,586.0,0.8265978390732278,0.0,0.0,0.11,0.11,lastPrice,0.5593796390374675,0.043
2026-05-15,708.9299926757812,2026-05-22,0.019178082191780823,call,587.0,0.8280084155904176,0.0,0.0,123.84,123.84,lastPrice,0.8183083849463938,0.043
2026-05-15,708.9299926757812,2026-05-22,0.019178082191780823,put,587.0,0.8280084155904176,0.0,0.0,0.19,0.19,lastPrice,0.5933484239716816,0.043
2026-05-15,708.9299926757812,2026-05-22,0.019178082191780823,call,588.0,0.8294189921076074,0.0,0.0,121.67,121.67,lastPrice,0.6121551097012385,0.043
2026-05-15,708.9299926757812,2026-05-22,0.019178082191780823,put,588.0,0.8294189921076074,0.0,0.0,0.12,0.12,lastPrice,0.5561247180198992,0.043
2026-05-15,708.9299926757812,2026-05-22,0.019178082191780823,call,589.0,0.8308295686247973,0.0,0.0,129.26,129.26,lastPrice,1.2899324326786425,0.043
2026-05-15,708.9299926757812,2026-05-22,0.019178082191780823,put,589.0,0.8308295686247973,0.0,0.0,0.1,0.1,lastPrice,0.539997778479404,0.043
2026-05-15,708.9299926757812,2026-05-22,0.019178082191780823,call,591.0,0.8336507216591769,0.0,0.0,130.0,130.0,lastPrice,1.39885241949606,0.043
2026-05-15,708.9299926757812,2026-05-22,0.019178082191780823,call,592.0,0.8350612981763667,0.0,0.0,124.33,124.33,lastPrice,1.1686187716574865,0.043
2026-05-15,708.9299926757812,2026-05-22,0.019178082191780823,call,594.0,0.8378824512107462,0.0,0.0,117.02,117.02,lastPrice,0.7946545164993443,0.043
2026-05-15,708.9299926757812,2026-05-22,0.019178082191780823,call,595.0,0.8392930277279361,0.0,0.0,117.96,117.96,lastPrice,0.9472378071911096,0.043
2026-05-15,708.9299926757812,2026-05-22,0.019178082191780823,call,597.0,0.8421141807623157,0.0,0.0,114.0,114.0,lastPrice,0.7740580298806327,0.043
2026-05-15,708.9299926757812,2026-05-22,0.019178082191780823,call,599.0,0.8449353337966953,0.0,0.0,110.51,110.51,lastPrice,0.48770202425810366,0.043
2026-05-15,708.9299926757812,2026-05-22,0.019178082191780823,call,601.0,0.847756486831075,0.0,0.0,111.38,111.38,lastPrice,0.8650445131638062,0.043
2026-05-15,708.9299926757812,2026-05-22,0.019178082191780823,call,602.0,0.8491670633482648,0.0,0.0,110.25,110.25,lastPrice,0.8487933372416846,0.043
2026-05-15,708.9299926757812,2026-05-22,0.019178082191780823,call,604.0,0.8519882163826443,0.0,0.0,107.06,107.06,lastPrice,0.736801878560643,0.043
2026-05-15,708.9299926757812,2026-05-22,0.019178082191780823,call,605.0,0.8533987928998342,0.0,0.0,106.35,106.35,lastPrice,0.7571908658101391,0.043
2026-05-15,708.9299926757812,2026-05-22,0.019178082191780823,call,606.0,0.854809369417024,0.0,0.0,104.82,104.82,lastPrice,0.700654935637784,0.043
2026-05-15,708.9299926757812,2026-05-22,0.019178082191780823,call,607.0,0.8562199459342138,0.0,0.0,103.68,103.68,lastPrice,0.6797846852779398,0.043
2026-05-15,708.9299926757812,2026-05-22,0.019178082191780823,call,608.0,0.8576305224514036,0.0,0.0,103.44,103.44,lastPrice,0.7459346121404746,0.043
2026-05-15,708.9299926757812,2026-05-22,0.019178082191780823,call,609.0,0.8590410989685934,0.0,0.0,102.59,102.59,lastPrice,0.7519443470543349,0.043
2026-05-15,708.9299926757812,2026-05-22,0.019178082191780823,put,609.0,0.8590410989685934,0.0,0.0,0.13,0.13,lastPrice,0.46726919164722197,0.043
2026-05-15,708.9299926757812,2026-05-22,0.019178082191780823,put,610.0,0.8604516754857832,0.0,0.0,0.1,0.1,lastPrice,0.4482701878541941,0.043
2026-05-15,708.9299926757812,2026-05-22,0.019178082191780823,call,611.0,0.8618622520029731,0.0,0.0,100.55,100.55,lastPrice,0.7358958083933667,0.043
2026-05-15,708.9299926757812,2026-05-22,0.019178082191780823,call,612.0,0.8632728285201628,0.0,0.0,105.39,105.39,lastPrice,1.0611989914325506,0.043
2026-05-15,708.9299926757812,2026-05-22,0.019178082191780823,call,614.0,0.8660939815545424,0.0,0.0,99.0,99.0,lastPrice,0.8174998897438868,0.043
2026-05-15,708.9299926757812,2026-05-22,0.019178082191780823,call,615.0,0.8675045580717322,0.0,0.0,96.47,96.47,lastPrice,0.7039583358482144,0.043
2026-05-15,708.9299926757812,2026-05-22,0.019178082191780823,put,615.0,0.8675045580717322,0.0,0.0,0.11,0.11,lastPrice,0.4316209035455402,0.043
2026-05-15,708.9299926757812,2026-05-22,0.019178082191780823,call,616.0,0.8689151345889221,0.0,0.0,93.5,93.5,lastPrice,0.39985010137118354,0.043
2026-05-15,708.9299926757812,2026-05-22,0.019178082191780823,put,616.0,0.8689151345889221,0.0,0.0,0.1,0.1,lastPrice,0.4223579239400323,0.043
2026-05-15,708.9299926757812,2026-05-22,0.019178082191780823,put,617.0,0.8703257111061119,0.0,0.0,0.11,0.11,lastPrice,0.42292068478445594,0.043
2026-05-15,708.9299926757812,2026-05-22,0.019178082191780823,call,618.0,0.8717362876233017,0.0,0.0,91.49,91.49,lastPrice,0.38284096547708185,0.043
2026-05-15,708.9299926757812,2026-05-22,0.019178082191780823,put,618.0,0.8717362876233017,0.0,0.0,0.1,0.1,lastPrice,0.41374500093438693,0.043
2026-05-15,708.9299926757812,2026-05-22,0.019178082191780823,call,619.0,0.8731468641404915,0.0,0.0,91.57,91.57,lastPrice,0.5972897398870091,0.043
2026-05-15,708.9299926757812,2026-05-22,0.019178082191780823,put,619.0,0.8731468641404915,0.0,0.0,0.1,0.1,lastPrice,0.4094428314221634,0.043
2026-05-15,708.9299926757812,2026-05-22,0.019178082191780823,call,620.0,0.8745574406576813,0.0,0.0,92.76,92.76,lastPrice,0.7611590743472739,0.043
2026-05-15,708.9299926757812,2026-05-22,0.019178082191780823,put,620.0,0.8745574406576813,0.0,0.0,0.11,0.11,lastPrice,0.40989177526664256,0.043
2026-05-15,708.9299926757812,2026-05-22,0.019178082191780823,call,621.0,0.8759680171748712,0.0,0.0,97.82,97.82,lastPrice,1.0497972441781576,0.043
2026-05-15,708.9299926757812,2026-05-22,0.019178082191780823,put,621.0,0.8759680171748712,0.0,0.0,0.21,0.21,lastPrice,0.44149299364513195,0.043
2026-05-15,708.9299926757812,2026-05-22,0.019178082191780823,call,622.0,0.877378593692061,0.0,0.0,91.7,91.7,lastPrice,0.8019538476275393,0.043
2026-05-15,708.9299926757812,2026-05-22,0.019178082191780823,put,622.0,0.877378593692061,0.0,0.0,0.11,0.11,lastPrice,0.4012192845171377,0.043
2026-05-15,708.9299926757812,2026-05-22,0.019178082191780823,call,623.0,0.8787891702092507,0.0,0.0,88.58,88.58,lastPrice,0.6615441209280871,0.043
2026-05-15,708.9299926757812,2026-05-22,0.019178082191780823,put,623.0,0.8787891702092507,0.0,0.0,0.12,0.12,lastPrice,0.40122908227378046,0.043
2026-05-15,708.9299926757812,2026-05-22,0.019178082191780823,call,624.0,0.8801997467264405,0.0,0.0,96.18,96.18,lastPrice,1.0795555313836789,0.043
2026-05-15,708.9299926757812,2026-05-22,0.019178082191780823,put,624.0,0.8801997467264405,0.0,0.0,0.11,0.11,lastPrice,0.39255685510446964,0.043
2026-05-15,708.9299926757812,2026-05-22,0.019178082191780823,call,625.0,0.8816103232436303,0.0,0.0,87.22,87.22,lastPrice,0.6930352001363107,0.043
2026-05-15,708.9299926757812,2026-05-22,0.019178082191780823,put,625.0,0.8816103232436303,0.0,0.0,0.12,0.12,lastPrice,0.39249498699123253,0.043
2026-05-15,708.9299926757812,2026-05-22,0.019178082191780823,call,626.0,0.8830208997608201,0.0,0.0,83.53,83.53,lastPrice,0.37148346436005536,0.043
2026-05-15,708.9299926757812,2026-05-22,0.019178082191780823,put,626.0,0.8830208997608201,0.0,0.0,0.12,0.12,lastPrice,0.3881313464059774,0.043
2026-05-15,708.9299926757812,2026-05-22,0.019178082191780823,call,627.0,0.88443147627801,0.0,0.0,82.58,82.58,lastPrice,0.38893165553047543,0.043
2026-05-15,708.9299926757812,2026-05-22,0.019178082191780823,put,627.0,0.88443147627801,0.0,0.0,0.12,0.12,lastPrice,0.38376986720362916,0.043
2026-05-15,708.9299926757812,2026-05-22,0.019178082191780823,call,628.0,0.8858420527951998,0.0,0.0,82.81,82.81,lastPrice,0.5677601694627648,0.043
2026-05-15,708.9299926757812,2026-05-22,0.019178082191780823,put,628.0,0.8858420527951998,0.0,0.0,0.16,0.16,lastPrice,0.3939752429751049,0.043
2026-05-15,708.9299926757812,2026-05-22,0.019178082191780823,call,629.0,0.8872526293123896,0.0,0.0,81.7,81.7,lastPrice,0.55167325185156,0.043
2026-05-15,708.9299926757812,2026-05-22,0.019178082191780823,put,629.0,0.8872526293123896,0.0,0.0,0.16,0.16,lastPrice,0.38948470961831017,0.043
2026-05-15,708.9299926757812,2026-05-22,0.019178082191780823,call,630.0,0.8886632058295794,0.0,0.0,82.79,82.79,lastPrice,0.69426374738172,0.043
2026-05-15,708.9299926757812,2026-05-22,0.019178082191780823,put,630.0,0.8886632058295794,0.0,0.0,0.18,0.18,lastPrice,0.3912472222548369,0.043
2026-05-15,708.9299926757812,2026-05-22,0.019178082191780823,call,631.0,0.8900737823467691,0.0,0.0,78.61,78.61,lastPrice,0.38046459267160426,0.043
2026-05-15,708.9299926757812,2026-05-22,0.019178082191780823,put,631.0,0.8900737823467691,0.0,0.0,0.13,0.13,lastPrice,0.3701548023787937,0.043
2026-05-15,708.9299926757812,2026-05-22,0.019178082191780823,call,632.0,0.891484358863959,0.0,0.0,78.73,78.73,lastPrice,0.5367181616440228,0.043
2026-05-15,708.9299926757812,2026-05-22,0.019178082191780823,put,632.0,0.891484358863959,0.0,0.0,0.18,0.18,lastPrice,0.38215935787799016,0.043
2026-05-15,708.9299926757812,2026-05-22,0.019178082191780823,call,633.0,0.8928949353811488,0.0,0.0,78.19,78.19,lastPrice,0.5690478119947683,0.043
2026-05-15,708.9299926757812,2026-05-22,0.019178082191780823,put,633.0,0.8928949353811488,0.0,0.0,0.14,0.14,lastPrice,0.3649276096931385,0.043
2026-05-15,708.9299926757812,2026-05-22,0.019178082191780823,call,634.0,0.8943055118983386,0.0,0.0,77.52,77.52,lastPrice,0.5870751690714829,0.043
2026-05-15,708.9299926757812,2026-05-22,0.019178082191780823,put,634.0,0.8943055118983386,0.0,0.0,0.17,0.17,lastPrice,0.3701256323261176,0.043
2026-05-15,708.9299926757812,2026-05-22,0.019178082191780823,call,635.0,0.8957160884155284,0.0,0.0,74.65,74.65,lastPrice,0.37315198026764035,0.043
2026-05-15,708.9299926757812,2026-05-22,0.019178082191780823,put,635.0,0.8957160884155284,0.0,0.0,0.17,0.17,lastPrice,0.3656145313270569,0.043
2026-05-15,708.9299926757812,2026-05-22,0.019178082191780823,call,636.0,0.8971266649327182,0.0,0.0,75.84,75.84,lastPrice,0.5958323025320993,0.043
2026-05-15,708.9299926757812,2026-05-22,0.019178082191780823,put,636.0,0.8971266649327182,0.0,0.0,0.18,0.18,lastPrice,0.3639992273783378,0.043
2026-05-15,708.9299926757812,2026-05-22,0.019178082191780823,call,637.0,0.8985372414499081,0.0,0.0,77.03,77.03,lastPrice,0.7107320381181714,0.043
2026-05-15,708.9299926757812,2026-05-22,0.019178082191780823,put,637.0,0.8985372414499081,0.0,0.0,0.15,0.15,lastPrice,0.35050739614342497,0.043
2026-05-15,708.9299926757812,2026-05-22,0.019178082191780823,call,638.0,0.8999478179670979,0.0,0.0,84.05,84.05,lastPrice,1.027237746046341,0.043
2026-05-15,708.9299926757812,2026-05-22,0.019178082191780823,put,638.0,0.8999478179670979,0.0,0.0,0.24,0.24,lastPrice,0.37008863686676047,0.043
2026-05-15,708.9299926757812,2026-05-22,0.019178082191780823,call,639.0,0.9013583944842877,0.0,0.0,76.47,76.47,lastPrice,0.7625465095986146,0.043
2026-05-15,708.9299926757812,2026-05-22,0.019178082191780823,put,639.0,0.9013583944842877,0.0,0.0,0.26,0.26,lastPrice,0.3698585812671605,0.043
2026-05-15,708.9299926757812,2026-05-22,0.019178082191780823,call,640.0,0.9027689710014775,0.0,0.0,73.46,73.46,lastPrice,0.660616203615786,0.043
2026-05-15,708.9299926757812,2026-05-22,0.019178082191780823,put,640.0,0.9027689710014775,0.0,0.0,0.27,0.27,lastPrice,0.3672539910508187,0.043
2026-05-15,708.9299926757812,2026-05-22,0.019178082191780823,put,641.0,0.9041795475186672,0.0,0.0,0.2,0.2,lastPrice,0.34653616588866104,0.043
2026-05-15,708.9299926757812,2026-05-22,0.019178082191780823,call,642.0,0.905590124035857,0.0,0.0,69.15,69.15,lastPrice,0.5103614022972504,0.043
2026-05-15,708.9299926757812,2026-05-22,0.019178082191780823,put,642.0,0.905590124035857,0.0,0.0,0.29,0.29,lastPrice,0.3617763410666067,0.043
2026-05-15,708.9299926757812,2026-05-22,0.019178082191780823,call,643.0,0.9070007005530469,0.0,0.0,68.12,68.12,lastPrice,0.5019918403362376,0.043
2026-05-15,708.9299926757812,2026-05-22,0.019178082191780823,put,643.0,0.9070007005530469,0.0,0.0,0.2,0.2,lastPrice,0.33735922057709433,0.043
2026-05-15,708.9299926757812,2026-05-22,0.019178082191780823,call,644.0,0.9084112770702367,0.0,0.0,70.25,70.25,lastPrice,0.6698068182002741,0.043
2026-05-15,708.9299926757812,2026-05-22,0.019178082191780823,put,644.0,0.9084112770702367,0.0,0.0,0.26,0.26,lastPrice,0.346209591075147,0.043
2026-05-15,708.9299926757812,2026-05-22,0.019178082191780823,call,645.0,0.9098218535874265,0.0,0.0,66.92,66.92,lastPrice,0.5419286112842752,0.043
2026-05-15,708.9299926757812,2026-05-22,0.019178082191780823,put,645.0,0.9098218535874265,0.0,0.0,0.32,0.32,lastPrice,0.3529480416702549,0.043
2026-05-15,708.9299926757812,2026-05-22,0.019178082191780823,put,646.0,0.9112324301046163,0.0,0.0,0.23,0.23,lastPrice,0.3304451896621309,0.043
2026-05-15,708.9299926757812,2026-05-22,0.019178082191780823,call,647.0,0.9126430066218061,0.0,0.0,64.79,64.79,lastPrice,0.520980293406212,0.043
2026-05-15,708.9299926757812,2026-05-22,0.019178082191780823,put,647.0,0.9126430066218061,0.0,0.0,0.22,0.22,lastPrice,0.3235883186869736,0.043
2026-05-15,708.9299926757812,2026-05-22,0.019178082191780823,call,648.0,0.914053583138996,0.0,0.0,63.28,63.28,lastPrice,0.4820988843362038,0.043
2026-05-15,708.9299926757812,2026-05-22,0.019178082191780823,put,648.0,0.914053583138996,0.0,0.0,0.32,0.32,lastPrice,0.33838962278966755,0.043
2026-05-15,708.9299926757812,2026-05-22,0.019178082191780823,call,649.0,0.9154641596561858,0.0,0.0,72.46,72.46,lastPrice,0.9083730226852038,0.043
2026-05-15,708.9299926757812,2026-05-22,0.019178082191780823,put,649.0,0.9154641596561858,0.0,0.0,0.23,0.23,lastPrice,0.31644949155798957,0.043
2026-05-15,708.9299926757812,2026-05-22,0.019178082191780823,put,650.0,0.9168747361733756,0.0,0.0,0.38,0.38,lastPrice,0.33835164575377413,0.043
2026-05-15,708.9299926757812,2026-05-22,0.019178082191780823,call,651.0,0.9182853126905653,0.0,0.0,58.98,58.98,lastPrice,0.3518181275621376,0.043
2026-05-15,708.9299926757812,2026-05-22,0.019178082191780823,put,651.0,0.9182853126905653,0.0,0.0,0.38,0.38,lastPrice,0.3333861734361287,0.043
2026-05-15,708.9299926757812,2026-05-22,0.019178082191780823,call,652.0,0.9196958892077551,0.0,0.0,59.93,59.93,lastPrice,0.49631245224733644,0.043
2026-05-15,708.9299926757812,2026-05-22,0.019178082191780823,put,652.0,0.9196958892077551,0.0,0.0,0.39,0.39,lastPrice,0.3299055370781707,0.043
2026-05-15,708.9299926757812,2026-05-22,0.019178082191780823,put,653.0,0.921106465724945,0.0,0.0,0.28,0.28,lastPrice,0.307245659704433,0.043
2026-05-15,708.9299926757812,2026-05-22,0.019178082191780823,call,654.0,0.9225170422421348,0.0,0.0,56.17,56.17,lastPrice,0.35733481134478895,0.043
2026-05-15,708.9299926757812,2026-05-22,0.019178082191780823,put,654.0,0.9225170422421348,0.0,0.0,0.43,0.43,lastPrice,0.3255330688213067,0.043
2026-05-15,708.9299926757812,2026-05-22,0.019178082191780823,put,655.0,0.9239276187593246,0.0,0.0,0.48,0.48,lastPrice,0.3269924407020199,0.043
2026-05-15,708.9299926757812,2026-05-22,0.019178082191780823,call,656.0,0.9253381952765144,0.0,0.0,56.6,56.6,lastPrice,0.5047462175582946,0.043
2026-05-15,708.9299926757812,2026-05-22,0.019178082191780823,put,656.0,0.9253381952765144,0.0,0.0,0.33,0.33,lastPrice,0.3010580371371888,0.043
2026-05-15,708.9299926757812,2026-05-22,0.019178082191780823,call,657.0,0.9267487717937042,0.0,0.0,54.58,54.58,lastPrice,0.4434164181097712,0.043
2026-05-15,708.9299926757812,2026-05-22,0.019178082191780823,put,657.0,0.9267487717937042,0.0,0.0,0.55,0.55,lastPrice,0.32502118045054473,0.043
2026-05-15,708.9299926757812,2026-05-22,0.019178082191780823,call,658.0,0.928159348310894,0.0,0.0,55.05,55.05,lastPrice,0.5123549932158902,0.043
2026-05-15,708.9299926757812,2026-05-22,0.019178082191780823,put,658.0,0.928159348310894,0.0,0.0,0.39,0.39,lastPrice,0.29993372854773226,0.043
2026-05-15,708.9299926757812,2026-05-22,0.019178082191780823,call,659.0,0.9295699248280839,0.0,0.0,53.11,53.11,lastPrice,0.4592477786684649,0.043
2026-05-15,708.9299926757812,2026-05-22,0.019178082191780823,put,659.0,0.9295699248280839,0.0,0.0,0.38,0.38,lastPrice,0.2935554688590227,0.043
2026-05-15,708.9299926757812,2026-05-22,0.019178082191780823,put,660.0,0.9309805013452737,0.0,0.0,0.66,0.66,lastPrice,0.3207998723878978,0.043
2026-05-15,708.9299926757812,2026-05-22,0.019178082191780823,call,661.0,0.9323910778624634,0.0,0.0,49.01,49.01,lastPrice,0.30239451932740913,0.043
2026-05-15,708.9299926757812,2026-05-22,0.019178082191780823,put,661.0,0.9323910778624634,0.0,0.0,0.72,0.72,lastPrice,0.3211783195682982,0.043
2026-05-15,708.9299926757812,2026-05-22,0.019178082191780823,call,662.0,0.9338016543796532,0.0,0.0,57.11,57.11,lastPrice,0.7134371040840695,0.043
2026-05-15,708.9299926757812,2026-05-22,0.019178082191780823,put,662.0,0.9338016543796532,0.0,0.0,0.47,0.47,lastPrice,0.2897769204853006,0.043
2026-05-15,708.9299926757812,2026-05-22,0.019178082191780823,call,663.0,0.935212230896843,0.0,0.0,47.2,47.2,lastPrice,0.3105509070550055,0.043
2026-05-15,708.9299926757812,2026-05-22,0.019178082191780823,put,663.0,0.935212230896843,0.0,0.0,0.66,0.66,lastPrice,0.30459598182277786,0.043
2026-05-15,708.9299926757812,2026-05-22,0.019178082191780823,call,664.0,0.9366228074140329,0.0,0.0,45.98,45.98,lastPrice,0.2831267525908927,0.043
2026-05-15,708.9299926757812,2026-05-22,0.019178082191780823,put,664.0,0.9366228074140329,0.0,0.0,0.82,0.82,lastPrice,0.31350494512777094,0.043
2026-05-15,708.9299926757812,2026-05-22,0.019178082191780823,call,665.0,0.9380333839312227,0.0,0.0,49.79,49.79,lastPrice,0.5336243251412162,0.043
2026-05-15,708.9299926757812,2026-05-22,0.019178082191780823,put,665.0,0.9380333839312227,0.0,0.0,0.85,0.85,lastPrice,0.31039163026667804,0.043
2026-05-15,708.9299926757812,2026-05-22,0.019178082191780823,call,666.0,0.9394439604484125,0.0,0.0,46.68,46.68,lastPrice,0.43839515830599207,0.043
2026-05-15,708.9299926757812,2026-05-22,0.019178082191780823,put,666.0,0.9394439604484125,0.0,0.0,0.75,0.75,lastPrice,0.29637515347506,0.043
2026-05-15,708.9299926757812,2026-05-22,0.019178082191780823,call,667.0,0.9408545369656023,0.0,0.0,45.7,45.7,lastPrice,0.4321843125977488,0.043
2026-05-15,708.9299926757812,2026-05-22,0.019178082191780823,put,667.0,0.9408545369656023,0.0,0.0,0.94,0.94,lastPrice,0.3061300270960348,0.043
2026-05-15,708.9299926757812,2026-05-22,0.019178082191780823,call,668.0,0.9422651134827921,0.0,0.0,44.29,44.29,lastPrice,0.40636857432076096,0.043
2026-05-15,708.9299926757812,2026-05-22,0.019178082191780823,put,668.0,0.9422651134827921,0.0,0.0,1.0,1.0,lastPrice,0.30482596062689843,0.043
2026-05-15,708.9299926757812,2026-05-22,0.019178082191780823,call,669.0,0.943675689999982,0.0,0.0,41.35,41.35,lastPrice,0.2892064784339144,0.043
2026-05-15,708.9299926757812,2026-05-22,0.019178082191780823,put,669.0,0.943675689999982,0.0,0.0,1.01,1.01,lastPrice,0.29972742903498784,0.043
2026-05-15,708.9299926757812,2026-05-22,0.019178082191780823,put,670.0,0.9450862665171718,0.0,0.0,1.12,1.12,lastPrice,0.3014844320003082,0.043
2026-05-15,708.9299926757812,2026-05-22,0.019178082191780823,put,671.0,0.9464968430343615,0.0,0.0,1.25,1.25,lastPrice,0.3039640557934063,0.043
2026-05-15,708.9299926757812,2026-05-22,0.019178082191780823,call,672.0,0.9479074195515513,0.0,0.0,43.08,43.08,lastPrice,0.4891173630352812,0.043
2026-05-15,708.9299926757812,2026-05-22,0.019178082191780823,put,672.0,0.9479074195515513,0.0,0.0,1.2,1.2,lastPrice,0.29473991720882864,0.043
2026-05-15,708.9299926757812,2026-05-22,0.019178082191780823,call,673.0,0.9493179960687411,0.0,0.0,42.94,42.94,lastPrice,0.5113946633717126,0.043
2026-05-15,708.9299926757812,2026-05-22,0.019178082191780823,put,673.0,0.9493179960687411,0.0,0.0,1.27,1.27,lastPrice,0.29303076614213686,0.043
2026-05-15,708.9299926757812,2026-05-22,0.019178082191780823,put,674.0,0.9507285725859309,0.0,0.0,1.45,1.45,lastPrice,0.2974619352696362,0.043
2026-05-15,708.9299926757812,2026-05-22,0.019178082191780823,put,675.0,0.9521391491031208,0.0,0.0,1.55,1.55,lastPrice,0.2967280089688814,0.043
2026-05-15,708.9299926757812,2026-05-22,0.019178082191780823,call,676.0,0.9535497256203106,0.0,0.0,38.31,38.31,lastPrice,0.42925866210993746,0.043
2026-05-15,708.9299926757812,2026-05-22,0.019178082191780823,put,676.0,0.9535497256203106,0.0,0.0,1.58,1.58,lastPrice,0.29196937382428384,0.043
2026-05-15,708.9299926757812,2026-05-22,0.019178082191780823,put,677.0,0.9549603021375004,0.0,0.0,1.7,1.7,lastPrice,0.2918005131556805,0.043
2026-05-15,708.9299926757812,2026-05-22,0.019178082191780823,put,678.0,0.9563708786546902,0.0,0.0,1.69,1.69,lastPrice,0.2847737470130425,0.043
2026-05-15,708.9299926757812,2026-05-22,0.019178082191780823,call,679.0,0.95778145517188,0.0,0.0,33.62,33.62,lastPrice,0.3419588392148029,0.043
2026-05-15,708.9299926757812,2026-05-22,0.019178082191780823,put,679.0,0.95778145517188,0.0,0.0,1.82,1.82,lastPrice,0.28464659137803,0.043
2026-05-15,708.9299926757812,2026-05-22,0.019178082191780823,call,680.0,0.9591920316890699,0.0,0.0,31.0,31.0,lastPrice,0.2625626500007393,0.043
2026-05-15,708.9299926757812,2026-05-22,0.019178082191780823,put,680.0,0.9591920316890699,0.0,0.0,2.02,2.02,lastPrice,0.28739745045737286,0.043
2026-05-15,708.9299926757812,2026-05-22,0.019178082191780823,call,681.0,0.9606026082062596,0.0,0.0,31.59,31.59,lastPrice,0.32597219163876545,0.043
2026-05-15,708.9299926757812,2026-05-22,0.019178082191780823,put,681.0,0.9606026082062596,0.0,0.0,2.23,2.23,lastPrice,0.289974937567041,0.043
2026-05-15,708.9299926757812,2026-05-22,0.019178082191780823,call,682.0,0.9620131847234494,0.0,0.0,32.68,32.68,lastPrice,0.3938323939722955,0.043
2026-05-15,708.9299926757812,2026-05-22,0.019178082191780823,put,682.0,0.9620131847234494,0.0,0.0,2.3,2.3,lastPrice,0.28602870607744346,0.043
2026-05-15,708.9299926757812,2026-05-22,0.019178082191780823,call,683.0,0.9634237612406392,0.0,0.0,29.44,29.44,lastPrice,0.30523875234941966,0.043
2026-05-15,708.9299926757812,2026-05-22,0.019178082191780823,put,683.0,0.9634237612406392,0.0,0.0,2.52,2.52,lastPrice,0.2881557945697954,0.043
2026-05-15,708.9299926757812,2026-05-22,0.019178082191780823,call,684.0,0.964834337757829,0.0,0.0,27.13,27.13,lastPrice,0.24259889951992736,0.043
2026-05-15,708.9299926757812,2026-05-22,0.019178082191780823,put,684.0,0.964834337757829,0.0,0.0,2.43,2.43,lastPrice,0.2772918704822252,0.043
2026-05-15,708.9299926757812,2026-05-22,0.019178082191780823,call,685.0,0.9662449142750189,0.0,0.0,25.1,25.1,lastPrice,0.1788268236831377,0.043
2026-05-15,708.9299926757812,2026-05-22,0.019178082191780823,put,685.0,0.9662449142750189,0.0,0.0,2.67,2.67,lastPrice,0.2796615261631948,0.043
2026-05-15,708.9299926757812,2026-05-22,0.019178082191780823,call,686.0,0.9676554907922087,0.0,0.0,25.45,25.45,lastPrice,0.24325782224591574,0.043
2026-05-15,708.9299926757812,2026-05-22,0.019178082191780823,put,686.0,0.9676554907922087,0.0,0.0,2.97,2.97,lastPrice,0.28373216391157674,0.043
2026-05-15,708.9299926757812,2026-05-22,0.019178082191780823,call,687.0,0.9690660673093985,0.0,0.0,25.48,25.48,lastPrice,0.27668059527977323,0.043
2026-05-15,708.9299926757812,2026-05-22,0.019178082191780823,put,687.0,0.9690660673093985,0.0,0.0,3.16,3.16,lastPrice,0.28314764642584533,0.043
2026-05-15,708.9299926757812,2026-05-22,0.019178082191780823,call,688.0,0.9704766438265883,0.0,0.0,24.6,24.6,lastPrice,0.27338992400231904,0.043
2026-05-15,708.9299926757812,2026-05-22,0.019178082191780823,put,688.0,0.9704766438265883,0.0,0.0,3.39,3.39,lastPrice,0.2836314213842874,0.043
2026-05-15,708.9299926757812,2026-05-22,0.019178082191780823,call,689.0,0.9718872203437781,0.0,0.0,24.08,24.08,lastPrice,0.28240845176280327,0.043
2026-05-15,708.9299926757812,2026-05-22,0.019178082191780823,put,689.0,0.9718872203437781,0.0,0.0,3.61,3.61,lastPrice,0.2833671488098152,0.043
2026-05-15,708.9299926757812,2026-05-22,0.019178082191780823,call,690.0,0.9732977968609678,0.0,0.0,21.12,21.12,lastPrice,0.20125727099844973,0.043
2026-05-15,708.9299926757812,2026-05-22,0.019178082191780823,put,690.0,0.9732977968609678,0.0,0.0,3.7,3.7,lastPrice,0.27838430965479416,0.043
2026-05-15,708.9299926757812,2026-05-22,0.019178082191780823,call,691.0,0.9747083733781577,0.0,0.0,24.24,24.24,lastPrice,0.3348249367158943,0.043
2026-05-15,708.9299926757812,2026-05-22,0.019178082191780823,put,691.0,0.9747083733781577,0.0,0.0,3.91,3.91,lastPrice,0.27719259246787775,0.043
2026-05-15,708.9299926757812,2026-05-22,0.019178082191780823,call,692.0,0.9761189498953475,0.0,0.0,22.5,22.5,lastPrice,0.3033104791901265,0.043
2026-05-15,708.9299926757812,2026-05-22,0.019178082191780823,put,692.0,0.9761189498953475,0.0,0.0,4.2,4.2,lastPrice,0.2782339981260715,0.043
2026-05-15,708.9299926757812,2026-05-22,0.019178082191780823,call,693.0,0.9775295264125373,0.0,0.0,20.83,20.83,lastPrice,0.27380621280652895,0.043
2026-05-15,708.9299926757812,2026-05-22,0.019178082191780823,put,693.0,0.9775295264125373,0.0,0.0,4.43,4.43,lastPrice,0.27697186783813565,0.043
2026-05-15,708.9299926757812,2026-05-22,0.019178082191780823,call,694.0,0.9789401029297271,0.0,0.0,21.76,21.76,lastPrice,0.3229956762529775,0.043
2026-05-15,708.9299926757812,2026-05-22,0.019178082191780823,put,694.0,0.9789401029297271,0.0,0.0,4.62,4.62,lastPrice,0.27416001952461877,0.043
2026-05-15,708.9299926757812,2026-05-22,0.019178082191780823,call,695.0,0.9803506794469169,0.0,0.0,17.42,17.42,lastPrice,0.21180545650018726,0.043
2026-05-15,708.9299926757812,2026-05-22,0.019178082191780823,put,695.0,0.9803506794469169,0.0,0.0,4.93,4.93,lastPrice,0.27467280611906025,0.043
2026-05-15,708.9299926757812,2026-05-22,0.019178082191780823,call,696.0,0.9817612559641068,0.0,0.0,19.53,19.53,lastPrice,0.2975894001251906,0.043
2026-05-15,708.9299926757812,2026-05-22,0.019178082191780823,put,696.0,0.9817612559641068,0.0,0.0,5.1,5.1,lastPrice,0.2706697381910383,0.043
2026-05-15,708.9299926757812,2026-05-22,0.019178082191780823,call,697.0,0.9831718324812966,0.0,0.0,17.48,17.48,lastPrice,0.2578627516993224,0.043
2026-05-15,708.9299926757812,2026-05-22,0.019178082191780823,put,697.0,0.9831718324812966,0.0,0.0,5.61,5.61,lastPrice,0.2762206403825092,0.043
2026-05-15,708.9299926757812,2026-05-22,0.019178082191780823,call,698.0,0.9845824089984864,0.0,0.0,17.28,17.28,lastPrice,0.2714263280570588,0.043
2026-05-15,708.9299926757812,2026-05-22,0.019178082191780823,put,698.0,0.9845824089984864,0.0,0.0,5.95,5.95,lastPrice,0.27638163167162005,0.043
2026-05-15,708.9299926757812,2026-05-22,0.019178082191780823,call,699.0,0.9859929855156762,0.0,0.0,14.49,14.49,lastPrice,0.21059739990788096,0.043
2026-05-15,708.9299926757812,2026-05-22,0.019178082191780823,put,699.0,0.9859929855156762,0.0,0.0,5.95,5.95,lastPrice,0.2666905339686349,0.043
2026-05-15,708.9299926757812,2026-05-22,0.019178082191780823,call,700.0,0.987403562032866,0.0,0.0,13.49,13.49,lastPrice,0.20143210548272109,0.043
2026-05-15,708.9299926757812,2026-05-22,0.019178082191780823,put,700.0,0.987403562032866,0.0,0.0,6.48,6.48,lastPrice,0.2714473995222959,0.043
2026-05-15,708.9299926757812,2026-05-22,0.019178082191780823,call,701.0,0.9888141385500558,0.0,0.0,13.28,13.28,lastPrice,0.21436630687837674,0.043
2026-05-15,708.9299926757812,2026-05-22,0.019178082191780823,put,701.0,0.9888141385500558,0.0,0.0,6.88,6.88,lastPrice,0.2721596784048064,0.043
2026-05-15,708.9299926757812,2026-05-22,0.019178082191780823,call,702.0,0.9902247150672456,0.0,0.0,12.71,12.71,lastPrice,0.21636256135426948,0.043
2026-05-15,708.9299926757812,2026-05-22,0.019178082191780823,put,702.0,0.9902247150672456,0.0,0.0,7.2,7.2,lastPrice,0.27033069996035763,0.043
2026-05-15,708.9299926757812,2026-05-22,0.019178082191780823,call,703.0,0.9916352915844354,0.0,0.0,12.86,12.86,lastPrice,0.23708789350620804,0.043
2026-05-15,708.9299926757812,2026-05-22,0.019178082191780823,put,703.0,0.9916352915844354,0.0,0.0,7.5,7.5,lastPrice,0.26762593180341226,0.043
2026-05-15,708.9299926757812,2026-05-22,0.019178082191780823,call,704.0,0.9930458681016252,0.0,0.0,13.69,13.69,lastPrice,0.2745326407368352,0.043
2026-05-15,708.9299926757812,2026-05-22,0.019178082191780823,put,704.0,0.9930458681016252,0.0,0.0,7.99,7.99,lastPrice,0.2695643086509234,0.043
2026-05-15,708.9299926757812,2026-05-22,0.019178082191780823,call,705.0,0.994456444618815,0.0,0.0,10.89,10.89,lastPrice,0.2162722223580945,0.043
2026-05-15,708.9299926757812,2026-05-22,0.019178082191780823,put,705.0,0.994456444618815,0.0,0.0,8.4,8.4,lastPrice,0.2690021604688497,0.043
2026-05-15,708.9299926757812,2026-05-22,0.019178082191780823,call,706.0,0.9958670211360048,0.0,0.0,10.2,10.2,lastPrice,0.21312578105707464,0.043
2026-05-15,708.9299926757812,2026-05-22,0.019178082191780823,put,706.0,0.9958670211360048,0.0,0.0,8.84,8.84,lastPrice,0.268835489088782,0.043
2026-05-15,708.9299926757812,2026-05-22,0.019178082191780823,call,707.0,0.9972775976531947,0.0,0.0,9.77,9.77,lastPrice,0.216244873431507,0.043
2026-05-15,708.9299926757812,2026-05-22,0.019178082191780823,put,707.0,0.9972775976531947,0.0,0.0,9.25,9.25,lastPrice,0.2675126332775494,0.043
2026-05-15,708.9299926757812,2026-05-22,0.019178082191780823,call,708.0,0.9986881741703845,0.0,0.0,9.14,9.14,lastPrice,0.21371889132051422,0.043
2026-05-15,708.9299926757812,2026-05-22,0.019178082191780823,put,708.0,0.9986881741703845,0.0,0.0,9.75,9.75,lastPrice,0.2681172911592639,0.043
2026-05-15,708.9299926757812,2026-05-22,0.019178082191780823,call,709.0,1.0000987506875743,0.0,0.0,8.19,8.19,lastPrice,0.20255176322423724,0.043
2026-05-15,708.9299926757812,2026-05-22,0.019178082191780823,put,709.0,1.0000987506875743,0.0,0.0,10.15,10.15,lastPrice,0.2657763124261316,0.043
2026-05-15,708.9299926757812,2026-05-22,0.019178082191780823,call,710.0,1.0015093272047642,0.0,0.0,8.14,8.14,lastPrice,0.2138960164507322,0.043
2026-05-15,708.9299926757812,2026-05-22,0.019178082191780823,put,710.0,1.0015093272047642,0.0,0.0,10.59,10.59,lastPrice,0.2640734583885731,0.043
2026-05-15,708.9299926757812,2026-05-22,0.019178082191780823,call,711.0,1.0029199037219538,0.0,0.0,7.55,7.55,lastPrice,0.21095597695484242,0.043
2026-05-15,708.9299926757812,2026-05-22,0.019178082191780823,put,711.0,1.0029199037219538,0.0,0.0,11.04,11.04,lastPrice,0.2622340999968666,0.043
2026-05-15,708.9299926757812,2026-05-22,0.019178082191780823,call,712.0,1.0043304802391437,0.0,0.0,7.18,7.18,lastPrice,0.21315696689173705,0.043
2026-05-15,708.9299926757812,2026-05-22,0.019178082191780823,put,712.0,1.0043304802391437,0.0,0.0,12.01,12.01,lastPrice,0.27331012297346635,0.043
2026-05-15,708.9299926757812,2026-05-22,0.019178082191780823,call,713.0,1.0057410567563334,0.0,0.0,6.5,6.5,lastPrice,0.20688579595532766,0.043
2026-05-15,708.9299926757812,2026-05-22,0.019178082191780823,put,713.0,1.0057410567563334,0.0,0.0,12.2,12.2,lastPrice,0.2640288133190458,0.043
2026-05-15,708.9299926757812,2026-05-22,0.019178082191780823,call,714.0,1.0071516332735233,0.0,0.0,6.26,6.26,lastPrice,0.21148788006759855,0.043
2026-05-15,708.9299926757812,2026-05-22,0.019178082191780823,put,714.0,1.0071516332735233,0.0,0.0,12.06,12.06,lastPrice,0.24572676584565173,0.043
2026-05-15,708.9299926757812,2026-05-22,0.019178082191780823,call,715.0,1.0085622097907132,0.0,0.0,5.85,5.85,lastPrice,0.21121252080078068,0.043
2026-05-15,708.9299926757812,2026-05-22,0.019178082191780823,put,715.0,1.0085622097907132,0.0,0.0,13.2,13.2,lastPrice,0.2601213538256509,0.043
2026-05-15,708.9299926757812,2026-05-22,0.019178082191780823,call,716.0,1.0099727863079029,0.0,0.0,5.44,5.44,lastPrice,0.21044123815731833,0.043
2026-05-15,708.9299926757812,2026-05-22,0.019178082191780823,put,716.0,1.0099727863079029,0.0,0.0,12.76,12.76,lastPrice,0.23276048875528654,0.043
2026-05-15,708.9299926757812,2026-05-22,0.019178082191780823,call,717.0,1.0113833628250928,0.0,0.0,5.06,5.06,lastPrice,0.20996979913816274,0.043
2026-05-15,708.9299926757812,2026-05-22,0.019178082191780823,put,717.0,1.0113833628250928,0.0,0.0,12.45,12.45,lastPrice,0.20755591990747962,0.043
2026-05-15,708.9299926757812,2026-05-22,0.019178082191780823,call,718.0,1.0127939393422825,0.0,0.0,4.43,4.43,lastPrice,0.20206602113840644,0.043
2026-05-15,708.9299926757812,2026-05-22,0.019178082191780823,put,718.0,1.0127939393422825,0.0,0.0,13.86,13.86,lastPrice,0.2282364697109308,0.043
2026-05-15,708.9299926757812,2026-05-22,0.019178082191780823,call,719.0,1.0142045158594724,0.0,0.0,4.34,4.34,lastPrice,0.20860595246448274,0.043
2026-05-15,708.9299926757812,2026-05-22,0.019178082191780823,put,719.0,1.0142045158594724,0.0,0.0,15.43,15.43,lastPrice,0.2532314558879324,0.043
2026-05-15,708.9299926757812,2026-05-22,0.019178082191780823,call,720.0,1.0156150923766623,0.0,0.0,3.97,3.97,lastPrice,0.20684313285741168,0.043
2026-05-15,708.9299926757812,2026-05-22,0.019178082191780823,put,720.0,1.0156150923766623,0.0,0.0,17.0,17.0,lastPrice,0.27819109719985025,0.043
2026-05-15,708.9299926757812,2026-05-22,0.019178082191780823,call,721.0,1.017025668893852,0.0,0.0,3.64,3.64,lastPrice,0.20567734991027312,0.043
2026-05-15,708.9299926757812,2026-05-22,0.019178082191780823,put,721.0,1.017025668893852,0.0,0.0,16.85,16.85,lastPrice,0.25559607647493254,0.043
2026-05-15,708.9299926757812,2026-05-22,0.019178082191780823,call,722.0,1.0184362454110418,0.0,0.0,3.37,3.37,lastPrice,0.2057771600593077,0.043
2026-05-15,708.9299926757812,2026-05-22,0.019178082191780823,put,722.0,1.0184362454110418,0.0,0.0,18.45,18.45,lastPrice,0.2813837180480404,0.043
2026-05-15,708.9299926757812,2026-05-22,0.019178082191780823,call,723.0,1.0198468219282315,0.0,0.0,2.92,2.92,lastPrice,0.19967781542129945,0.043
2026-05-15,708.9299926757812,2026-05-22,0.019178082191780823,put,723.0,1.0198468219282315,0.0,0.0,16.22,16.22,lastPrice,0.1940903970043318,0.043
2026-05-15,708.9299926757812,2026-05-22,0.019178082191780823,call,724.0,1.0212573984454214,0.0,0.0,2.75,2.75,lastPrice,0.20184025773747147,0.043
2026-05-15,708.9299926757812,2026-05-22,0.019178082191780823,put,724.0,1.0212573984454214,0.0,0.0,14.91,14.91,lastPrice,0.10799740530129702,0.043
2026-05-15,708.9299926757812,2026-05-22,0.019178082191780823,call,725.0,1.0226679749626113,0.0,0.0,2.56,2.56,lastPrice,0.2029603397073448,0.043
2026-05-15,708.9299926757812,2026-05-22,0.019178082191780823,put,725.0,1.0226679749626113,0.0,0.0,20.0,20.0,lastPrice,0.2652163718620904,0.043
2026-05-15,708.9299926757812,2026-05-22,0.019178082191780823,call,726.0,1.024078551479801,0.0,0.0,2.48,2.48,lastPrice,0.20750104032134395,0.043
2026-05-15,708.9299926757812,2026-05-22,0.019178082191780823,put,726.0,1.024078551479801,0.0,0.0,19.12,19.12,lastPrice,0.2133027997014957,0.043
2026-05-15,708.9299926757812,2026-05-22,0.019178082191780823,call,727.0,1.0254891279969909,0.0,0.0,2.07,2.07,lastPrice,0.19984776343055818,0.043
2026-05-15,708.9299926757812,2026-05-22,0.019178082191780823,put,727.0,1.0254891279969909,0.0,0.0,20.37,20.37,lastPrice,0.22915164901497156,0.043
2026-05-15,708.9299926757812,2026-05-22,0.019178082191780823,call,728.0,1.0268997045141806,0.0,0.0,1.82,1.82,lastPrice,0.19707863348127327,0.043
2026-05-15,708.9299926757812,2026-05-22,0.019178082191780823,put,728.0,1.0268997045141806,0.0,0.0,20.5,20.5,lastPrice,0.20519111793288844,0.043
2026-05-15,708.9299926757812,2026-05-22,0.019178082191780823,call,729.0,1.0283102810313705,0.0,0.0,1.75,1.75,lastPrice,0.20088330641453933,0.043
2026-05-15,708.9299926757812,2026-05-22,0.019178082191780823,put,729.0,1.0283102810313705,0.0,0.0,20.38,20.38,lastPrice,0.16306763423668574,0.043
2026-05-15,708.9299926757812,2026-05-22,0.019178082191780823,call,730.0,1.0297208575485601,0.0,0.0,1.57,1.57,lastPrice,0.19984229534304693,0.043
2026-05-15,708.9299926757812,2026-05-22,0.019178082191780823,put,730.0,1.0297208575485601,0.0,0.0,22.52,22.52,lastPrice,0.2194654856849367,0.043
2026-05-15,708.9299926757812,2026-05-22,0.019178082191780823,call,731.0,1.03113143406575,0.0,0.0,1.31,1.31,lastPrice,0.19449040887204244,0.043
2026-05-15,708.9299926757812,2026-05-22,0.019178082191780823,put,731.0,1.03113143406575,0.0,0.0,22.33,22.33,lastPrice,0.17199616329236694,0.043
2026-05-15,708.9299926757812,2026-05-22,0.019178082191780823,call,732.0,1.03254201058294,0.0,0.0,1.25,1.25,lastPrice,0.1976873508522132,0.043
2026-05-15,708.9299926757812,2026-05-22,0.019178082191780823,call,733.0,1.0339525871001296,0.0,0.0,1.05,1.05,lastPrice,0.1935098718178059,0.043
2026-05-15,708.9299926757812,2026-05-22,0.019178082191780823,call,734.0,1.0353631636173195,0.0,0.0,1.03,1.03,lastPrice,0.19816890315026017,0.043
2026-05-15,708.9299926757812,2026-05-22,0.019178082191780823,call,735.0,1.0367737401345092,0.0,0.0,0.82,0.82,lastPrice,0.19175108055172174,0.043
2026-05-15,708.9299926757812,2026-05-22,0.019178082191780823,call,736.0,1.038184316651699,0.0,0.0,0.77,0.77,lastPrice,0.1940409507098923,0.043
2026-05-15,708.9299926757812,2026-05-22,0.019178082191780823,call,737.0,1.039594893168889,0.0,0.0,0.78,0.78,lastPrice,0.20001229844793117,0.043
2026-05-15,708.9299926757812,2026-05-22,0.019178082191780823,call,738.0,1.0410054696860787,0.0,0.0,0.58,0.58,lastPrice,0.19132081446062968,0.043
2026-05-15,708.9299926757812,2026-05-22,0.019178082191780823,call,739.0,1.0424160462032686,0.0,0.0,0.61,0.61,lastPrice,0.1986269409211681,0.043
2026-05-15,708.9299926757812,2026-05-22,0.019178082191780823,put,739.0,1.0424160462032686,0.0,0.0,31.69,31.69,lastPrice,0.2845814283661402,0.043
2026-05-15,708.9299926757812,2026-05-22,0.019178082191780823,call,740.0,1.0438266227204582,0.0,0.0,0.45,0.45,lastPrice,0.190541122150726,0.043
2026-05-15,708.9299926757812,2026-05-22,0.019178082191780823,call,741.0,1.0452371992376481,0.0,0.0,0.43,0.43,lastPrice,0.1934978420790496,0.043
2026-05-15,708.9299926757812,2026-05-22,0.019178082191780823,call,742.0,1.046647775754838,0.0,0.0,0.31,0.31,lastPrice,0.18587505480895422,0.043
2026-05-15,708.9299926757812,2026-05-22,0.019178082191780823,call,743.0,1.0480583522720277,0.0,0.0,0.32,0.32,lastPrice,0.19151901071505217,0.043
2026-05-15,708.9299926757812,2026-05-22,0.019178082191780823,call,744.0,1.0494689287892176,0.0,0.0,0.25,0.25,lastPrice,0.1873886864078819,0.043
2026-05-15,708.9299926757812,2026-05-22,0.019178082191780823,call,745.0,1.0508795053064073,0.0,0.0,0.22,0.22,lastPrice,0.18751854834188217,0.043
2026-05-15,708.9299926757812,2026-05-22,0.019178082191780823,call,746.0,1.0522900818235972,0.0,0.0,0.2,0.2,lastPrice,0.18871536230823552,0.043
2026-05-15,708.9299926757812,2026-05-22,0.019178082191780823,call,747.0,1.053700658340787,0.0,0.0,0.17,0.17,lastPrice,0.18786620416559105,0.043
2026-05-15,708.9299926757812,2026-05-22,0.019178082191780823,call,748.0,1.0551112348579768,0.0,0.0,0.12,0.12,lastPrice,0.1819852966743054,0.043
2026-05-15,708.9299926757812,2026-05-22,0.019178082191780823,call,749.0,1.0565218113751667,0.0,0.0,0.14,0.14,lastPrice,0.19020594030941743,0.043
2026-05-15,708.9299926757812,2026-05-22,0.019178082191780823,call,750.0,1.0579323878923563,0.0,0.0,0.1,0.1,lastPrice,0.18487607783432794,0.043
2026-05-15,708.9299926757812,2026-05-22,0.019178082191780823,put,750.0,1.0579323878923563,0.0,0.0,51.05,51.05,lastPrice,0.6449114525335717,0.043
2026-05-15,708.9299926757812,2026-05-22,0.019178082191780823,put,820.0,1.156672744095643,0.0,0.0,174.0,174.0,lastPrice,2.627238856919051,0.043
2026-05-15,708.9299926757812,2026-05-29,0.038356164383561646,call,405.0,0.5712834894618725,0.0,0.0,306.76,306.76,lastPrice,1.567802481763775,0.043
2026-05-15,708.9299926757812,2026-05-29,0.038356164383561646,call,420.0,0.5924421372197196,0.0,0.0,290.34,290.34,lastPrice,1.2406129434421185,0.043
2026-05-15,708.9299926757812,2026-05-29,0.038356164383561646,call,445.0,0.6277065501494649,0.0,0.0,265.62,265.62,lastPrice,1.1663273474841742,0.043
2026-05-15,708.9299926757812,2026-05-29,0.038356164383561646,call,450.0,0.6347594327354138,0.0,0.0,265.09,265.09,lastPrice,1.5825643736224733,0.043
2026-05-15,708.9299926757812,2026-05-29,0.038356164383561646,call,455.0,0.6418123153213628,0.0,0.0,255.58,255.58,lastPrice,1.106859392640801,0.043
2026-05-15,708.9299926757812,2026-05-29,0.038356164383561646,call,460.0,0.6488651979073119,0.0,0.0,258.89,258.89,lastPrice,1.7370909058838109,0.043
2026-05-15,708.9299926757812,2026-05-29,0.038356164383561646,call,480.0,0.6770767282511081,0.0,0.0,234.48,234.48,lastPrice,1.3549644347527672,0.043
2026-05-15,708.9299926757812,2026-05-29,0.038356164383561646,call,485.0,0.6841296108370571,0.0,0.0,227.37,227.37,lastPrice,1.1677107460326854,0.043
2026-05-15,708.9299926757812,2026-05-29,0.038356164383561646,call,490.0,0.6911824934230062,0.0,0.0,226.8,226.8,lastPrice,1.4293678486269212,0.043
2026-05-15,708.9299926757812,2026-05-29,0.038356164383561646,call,505.0,0.7123411411808533,0.0,0.0,209.49,209.49,lastPrice,1.2087784124328933,0.043
2026-05-15,708.9299926757812,2026-05-29,0.038356164383561646,call,520.0,0.7334997889387005,0.0,0.0,193.25,193.25,lastPrice,1.0463078422437513,0.043
2026-05-15,708.9299926757812,2026-05-29,0.038356164383561646,call,525.0,0.7405526715246495,0.0,0.0,190.42,190.42,lastPrice,1.1460445252041078,0.043
2026-05-15,708.9299926757812,2026-05-29,0.038356164383561646,call,540.0,0.7617113192824966,0.0,0.0,170.98,170.98,lastPrice,0.7571482373018044,0.043
2026-05-15,708.9299926757812,2026-05-29,0.038356164383561646,put,541.0,0.7631218957996865,0.0,0.0,0.11,0.11,lastPrice,0.5429759539045445,0.043
2026-05-15,708.9299926757812,2026-05-29,0.038356164383561646,put,542.0,0.7645324723168763,0.0,0.0,0.12,0.12,lastPrice,0.5448971012858551,0.043
2026-05-15,708.9299926757812,2026-05-29,0.038356164383561646,put,544.0,0.7673536253512558,0.0,0.0,0.11,0.11,lastPrice,0.5329810197347863,0.043
2026-05-15,708.9299926757812,2026-05-29,0.038356164383561646,put,545.0,0.7687642018684456,0.0,0.0,0.12,0.12,lastPrice,0.5348344917904458,0.043
2026-05-15,708.9299926757812,2026-05-29,0.038356164383561646,put,546.0,0.7701747783856354,0.0,0.0,0.2,0.2,lastPrice,0.5644623801147677,0.043
2026-05-15,708.9299926757812,2026-05-29,0.038356164383561646,put,548.0,0.7729959314200151,0.0,0.0,0.14,0.14,lastPrice,0.5341530020150903,0.043
2026-05-15,708.9299926757812,2026-05-29,0.038356164383561646,put,549.0,0.7744065079372049,0.0,0.0,0.23,0.23,lastPrice,0.5637216398903048,0.043
2026-05-15,708.9299926757812,2026-05-29,0.038356164383561646,call,550.0,0.7758170844543947,0.0,0.0,170.46,170.46,lastPrice,1.2129397905243415,0.043
2026-05-15,708.9299926757812,2026-05-29,0.038356164383561646,put,550.0,0.7758170844543947,0.0,0.0,0.11,0.11,lastPrice,0.5131158875243461,0.043
2026-05-15,708.9299926757812,2026-05-29,0.038356164383561646,put,551.0,0.7772276609715845,0.0,0.0,0.12,0.12,lastPrice,0.5148337531192535,0.043
2026-05-15,708.9299926757812,2026-05-29,0.038356164383561646,put,552.0,0.7786382374887744,0.0,0.0,0.13,0.13,lastPrice,0.5162124454662113,0.043
2026-05-15,708.9299926757812,2026-05-29,0.038356164383561646,put,553.0,0.7800488140059642,0.0,0.0,0.12,0.12,lastPrice,0.5082028123793145,0.043
2026-05-15,708.9299926757812,2026-05-29,0.038356164383561646,put,554.0,0.7814593905231539,0.0,0.0,0.27,0.27,lastPrice,0.5574818046650524,0.043
2026-05-15,708.9299926757812,2026-05-29,0.038356164383561646,put,555.0,0.7828699670403437,0.0,0.0,0.12,0.12,lastPrice,0.5015894472601142,0.043
2026-05-15,708.9299926757812,2026-05-29,0.038356164383561646,put,556.0,0.7842805435575335,0.0,0.0,0.12,0.12,lastPrice,0.4982892773513718,0.043
2026-05-15,708.9299926757812,2026-05-29,0.038356164383561646,put,557.0,0.7856911200747234,0.0,0.0,0.14,0.14,lastPrice,0.5038887788712657,0.043
2026-05-15,708.9299926757812,2026-05-29,0.038356164383561646,call,558.0,0.7871016965919132,0.0,0.0,153.38,153.38,lastPrice,0.7155327920667938,0.043
2026-05-15,708.9299926757812,2026-05-29,0.038356164383561646,put,558.0,0.7871016965919132,0.0,0.0,0.26,0.26,lastPrice,0.5404733012804811,0.043
2026-05-15,708.9299926757812,2026-05-29,0.038356164383561646,put,559.0,0.788512273109103,0.0,0.0,0.17,0.17,lastPrice,0.5088710803078352,0.043
2026-05-15,708.9299926757812,2026-05-29,0.038356164383561646,call,560.0,0.7899228496262928,0.0,0.0,150.36,150.36,lastPrice,0.5858443557069328,0.043
2026-05-15,708.9299926757812,2026-05-29,0.038356164383561646,put,560.0,0.7899228496262928,0.0,0.0,0.1,0.1,lastPrice,0.47526918009386965,0.043
2026-05-15,708.9299926757812,2026-05-29,0.038356164383561646,put,561.0,0.7913334261434826,0.0,0.0,0.13,0.13,lastPrice,0.48632077651697486,0.043
2026-05-15,708.9299926757812,2026-05-29,0.038356164383561646,put,562.0,0.7927440026606724,0.0,0.0,0.14,0.14,lastPrice,0.4872272632080744,0.043
2026-05-15,708.9299926757812,2026-05-29,0.038356164383561646,call,563.0,0.7941545791778623,0.0,0.0,151.24,151.24,lastPrice,0.875656704885751,0.043
2026-05-15,708.9299926757812,2026-05-29,0.038356164383561646,put,563.0,0.7941545791778623,0.0,0.0,0.14,0.14,lastPrice,0.4839075024176964,0.043
2026-05-15,708.9299926757812,2026-05-29,0.038356164383561646,put,564.0,0.795565155695052,0.0,0.0,0.13,0.13,lastPrice,0.4764328597713205,0.043
2026-05-15,708.9299926757812,2026-05-29,0.038356164383561646,call,565.0,0.7969757322122418,0.0,0.0,145.91,145.91,lastPrice,0.6383488731065668,0.043
2026-05-15,708.9299926757812,2026-05-29,0.038356164383561646,put,565.0,0.7969757322122418,0.0,0.0,0.13,0.13,lastPrice,0.473145052400734,0.043
2026-05-15,708.9299926757812,2026-05-29,0.038356164383561646,call,566.0,0.7983863087294316,0.0,0.0,149.18,149.18,lastPrice,0.9049806208673931,0.043
2026-05-15,708.9299926757812,2026-05-29,0.038356164383561646,put,566.0,0.7983863087294316,0.0,0.0,0.17,0.17,lastPrice,0.4851813352500128,0.043
2026-05-15,708.9299926757812,2026-05-29,0.038356164383561646,call,567.0,0.7997968852466214,0.0,0.0,154.0,154.0,lastPrice,1.1255710609154226,0.043
2026-05-15,708.9299926757812,2026-05-29,0.038356164383561646,put,567.0,0.7997968852466214,0.0,0.0,0.17,0.17,lastPrice,0.4818135017351418,0.043
2026-05-15,708.9299926757812,2026-05-29,0.038356164383561646,call,568.0,0.8012074617638113,0.0,0.0,150.6,150.6,lastPrice,1.033930086852776,0.043
2026-05-15,708.9299926757812,2026-05-29,0.038356164383561646,put,568.0,0.8012074617638113,0.0,0.0,0.17,0.17,lastPrice,0.4784496753907155,0.043
2026-05-15,708.9299926757812,2026-05-29,0.038356164383561646,put,569.0,0.8026180382810011,0.0,0.0,0.17,0.17,lastPrice,0.47508981423796764,0.043
2026-05-15,708.9299926757812,2026-05-29,0.038356164383561646,put,570.0,0.8040286147981909,0.0,0.0,0.15,0.15,lastPrice,0.4646013354826811,0.043
2026-05-15,708.9299926757812,2026-05-29,0.038356164383561646,put,571.0,0.8054391913153807,0.0,0.0,0.17,0.17,lastPrice,0.46838186487902467,0.043
2026-05-15,708.9299926757812,2026-05-29,0.038356164383561646,put,572.0,0.8068497678325705,0.0,0.0,0.2,0.2,lastPrice,0.47459752679793765,0.043
2026-05-15,708.9299926757812,2026-05-29,0.038356164383561646,put,573.0,0.8082603443497604,0.0,0.0,0.2,0.2,lastPrice,0.47119707701531854,0.043
2026-05-15,708.9299926757812,2026-05-29,0.038356164383561646,call,574.0,0.8096709208669501,0.0,0.0,136.94,136.94,lastPrice,0.6025522656250207,0.043
2026-05-15,708.9299926757812,2026-05-29,0.038356164383561646,put,574.0,0.8096709208669501,0.0,0.0,0.22,0.22,lastPrice,0.47357019974173264,0.043
2026-05-15,708.9299926757812,2026-05-29,0.038356164383561646,put,575.0,0.8110814973841399,0.0,0.0,0.16,0.16,lastPrice,0.45162557622039645,0.043
2026-05-15,708.9299926757812,2026-05-29,0.038356164383561646,put,576.0,0.8124920739013297,0.0,0.0,0.17,0.17,lastPrice,0.45167904696929323,0.043
2026-05-15,708.9299926757812,2026-05-29,0.038356164383561646,put,577.0,0.8139026504185195,0.0,0.0,0.22,0.22,lastPrice,0.4633009034864961,0.043
2026-05-15,708.9299926757812,2026-05-29,0.038356164383561646,call,578.0,0.8153132269357093,0.0,0.0,142.9,142.9,lastPrice,1.0538255373597736,0.043
2026-05-15,708.9299926757812,2026-05-29,0.038356164383561646,put,578.0,0.8153132269357093,0.0,0.0,0.18,0.18,lastPrice,0.4482164527186964,0.043
2026-05-15,708.9299926757812,2026-05-29,0.038356164383561646,call,579.0,0.8167238034528992,0.0,0.0,131.13,131.13,lastPrice,0.4632170541156319,0.043
2026-05-15,708.9299926757812,2026-05-29,0.038356164383561646,put,579.0,0.8167238034528992,0.0,0.0,0.22,0.22,lastPrice,0.4564731588938305,0.043
2026-05-15,708.9299926757812,2026-05-29,0.038356164383561646,call,580.0,0.818134379970089,0.0,0.0,133.24,133.24,lastPrice,0.7361971930298289,0.043
2026-05-15,708.9299926757812,2026-05-29,0.038356164383561646,put,580.0,0.818134379970089,0.0,0.0,0.16,0.16,lastPrice,0.43509859807553564,0.043
2026-05-15,708.9299926757812,2026-05-29,0.038356164383561646,call,581.0,0.8195449564872788,0.0,0.0,133.5,133.5,lastPrice,0.7934694287915373,0.043
2026-05-15,708.9299926757812,2026-05-29,0.038356164383561646,put,581.0,0.8195449564872788,0.0,0.0,0.42,0.42,lastPrice,0.492153838703373,0.043
2026-05-15,708.9299926757812,2026-05-29,0.038356164383561646,put,582.0,0.8209555330044686,0.0,0.0,0.22,0.22,lastPrice,0.44625847429118154,0.043
2026-05-15,708.9299926757812,2026-05-29,0.038356164383561646,call,583.0,0.8223661095216583,0.0,0.0,126.95,126.95,lastPrice,0.37977789739948287,0.043
2026-05-15,708.9299926757812,2026-05-29,0.038356164383561646,put,583.0,0.8223661095216583,0.0,0.0,0.25,0.25,lastPrice,0.45045704577703854,0.043
2026-05-15,708.9299926757812,2026-05-29,0.038356164383561646,call,584.0,0.8237766860388482,0.0,0.0,137.85,137.85,lastPrice,1.0471425297058192,0.043
2026-05-15,708.9299926757812,2026-05-29,0.038356164383561646,put,584.0,0.8237766860388482,0.0,0.0,0.2,0.2,lastPrice,0.4340359407828026,0.043
2026-05-15,708.9299926757812,2026-05-29,0.038356164383561646,put,585.0,0.825187262556038,0.0,0.0,0.19,0.19,lastPrice,0.427841582675678,0.043
2026-05-15,708.9299926757812,2026-05-29,0.038356164383561646,call,586.0,0.8265978390732278,0.0,0.0,125.73,125.73,lastPrice,0.6158251228427217,0.043
2026-05-15,708.9299926757812,2026-05-29,0.038356164383561646,put,586.0,0.8265978390732278,0.0,0.0,0.22,0.22,lastPrice,0.43268756993798074,0.043
2026-05-15,708.9299926757812,2026-05-29,0.038356164383561646,call,587.0,0.8280084155904176,0.0,0.0,126.81,126.81,lastPrice,0.7299283802262427,0.043
2026-05-15,708.9299926757812,2026-05-29,0.038356164383561646,put,587.0,0.8280084155904176,0.0,0.0,0.22,0.22,lastPrice,0.42930327776768734,0.043
2026-05-15,708.9299926757812,2026-05-29,0.038356164383561646,put,588.0,0.8294189921076074,0.0,0.0,0.22,0.22,lastPrice,0.42592228047025243,0.043
2026-05-15,708.9299926757812,2026-05-29,0.038356164383561646,put,589.0,0.8308295686247973,0.0,0.0,0.28,0.28,lastPrice,0.43660818181459454,0.043
2026-05-15,708.9299926757812,2026-05-29,0.038356164383561646,call,590.0,0.8322401451419871,0.0,0.0,121.88,121.88,lastPrice,0.6078665938171427,0.043
2026-05-15,708.9299926757812,2026-05-29,0.038356164383561646,put,590.0,0.8322401451419871,0.0,0.0,0.19,0.19,lastPrice,0.411195553072459,0.043
2026-05-15,708.9299926757812,2026-05-29,0.038356164383561646,call,591.0,0.8336507216591769,0.0,0.0,125.06,125.06,lastPrice,0.8057431334989061,0.043
2026-05-15,708.9299926757812,2026-05-29,0.038356164383561646,put,591.0,0.8336507216591769,0.0,0.0,0.36,0.36,lastPrice,0.4454038924421442,0.043
2026-05-15,708.9299926757812,2026-05-29,0.038356164383561646,call,592.0,0.8350612981763667,0.0,0.0,124.66,124.66,lastPrice,0.8231624010427895,0.043
2026-05-15,708.9299926757812,2026-05-29,0.038356164383561646,put,592.0,0.8350612981763667,0.0,0.0,0.32,0.32,lastPrice,0.4343566834070467,0.043
2026-05-15,708.9299926757812,2026-05-29,0.038356164383561646,call,593.0,0.8364718746935564,0.0,0.0,118.57,118.57,lastPrice,0.5728730545442438,0.043
2026-05-15,708.9299926757812,2026-05-29,0.038356164383561646,put,593.0,0.8364718746935564,0.0,0.0,0.29,0.29,lastPrice,0.4248579947853078,0.043
2026-05-15,708.9299926757812,2026-05-29,0.038356164383561646,call,594.0,0.8378824512107462,0.0,0.0,117.03,117.03,lastPrice,0.5256108003148688,0.043
2026-05-15,708.9299926757812,2026-05-29,0.038356164383561646,put,594.0,0.8378824512107462,0.0,0.0,0.34,0.34,lastPrice,0.4311136808192248,0.043
2026-05-15,708.9299926757812,2026-05-29,0.038356164383561646,put,595.0,0.8392930277279361,0.0,0.0,0.22,0.22,lastPrice,0.4023441634286927,0.043
2026-05-15,708.9299926757812,2026-05-29,0.038356164383561646,call,596.0,0.8407036042451259,0.0,0.0,126.19,126.19,lastPrice,0.98242416018854,0.043
2026-05-15,708.9299926757812,2026-05-29,0.038356164383561646,put,596.0,0.8407036042451259,0.0,0.0,0.27,0.27,lastPrice,0.41032776238709384,0.043
2026-05-15,708.9299926757812,2026-05-29,0.038356164383561646,call,597.0,0.8421141807623157,0.0,0.0,114.16,114.16,lastPrice,0.5239200096359258,0.043
2026-05-15,708.9299926757812,2026-05-29,0.038356164383561646,put,597.0,0.8421141807623157,0.0,0.0,0.25,0.25,lastPrice,0.4025756403071548,0.043
2026-05-15,708.9299926757812,2026-05-29,0.038356164383561646,put,598.0,0.8435247572795055,0.0,0.0,0.25,0.25,lastPrice,0.3991784659122597,0.043
2026-05-15,708.9299926757812,2026-05-29,0.038356164383561646,call,599.0,0.8449353337966953,0.0,0.0,119.49,119.49,lastPrice,0.8478222846826433,0.043
2026-05-15,708.9299926757812,2026-05-29,0.038356164383561646,put,599.0,0.8449353337966953,0.0,0.0,0.26,0.26,lastPrice,0.39794389570383437,0.043
2026-05-15,708.9299926757812,2026-05-29,0.038356164383561646,put,600.0,0.8463459103138852,0.0,0.0,0.29,0.29,lastPrice,0.40066203345618,0.043
2026-05-15,708.9299926757812,2026-05-29,0.038356164383561646,call,601.0,0.847756486831075,0.0,0.0,116.8,116.8,lastPrice,0.8130256717792447,0.043
2026-05-15,708.9299926757812,2026-05-29,0.038356164383561646,put,601.0,0.847756486831075,0.0,0.0,0.25,0.25,lastPrice,0.38900371145670115,0.043
2026-05-15,708.9299926757812,2026-05-29,0.038356164383561646,call,602.0,0.8491670633482648,0.0,0.0,111.9,111.9,lastPrice,0.658050504339794,0.043
2026-05-15,708.9299926757812,2026-05-29,0.038356164383561646,put,602.0,0.8491670633482648,0.0,0.0,0.28,0.28,lastPrice,0.39180821711813346,0.043
2026-05-15,708.9299926757812,2026-05-29,0.038356164383561646,call,603.0,0.8505776398654545,0.0,0.0,113.12,113.12,lastPrice,0.7423238827884902,0.043
2026-05-15,708.9299926757812,2026-05-29,0.038356164383561646,put,603.0,0.8505776398654545,0.0,0.0,0.31,0.31,lastPrice,0.39411006102936014,0.043
2026-05-15,708.9299926757812,2026-05-29,0.038356164383561646,call,604.0,0.8519882163826443,0.0,0.0,108.0,108.0,lastPrice,0.55145184852614,0.043
2026-05-15,708.9299926757812,2026-05-29,0.038356164383561646,put,604.0,0.8519882163826443,0.0,0.0,0.39,0.39,lastPrice,0.4042490681313072,0.043
2026-05-15,708.9299926757812,2026-05-29,0.038356164383561646,call,605.0,0.8533987928998342,0.0,0.0,106.37,106.37,lastPrice,0.5055850232139376,0.043
2026-05-15,708.9299926757812,2026-05-29,0.038356164383561646,put,605.0,0.8533987928998342,0.0,0.0,0.31,0.31,lastPrice,0.38718531623351593,0.043
2026-05-15,708.9299926757812,2026-05-29,0.038356164383561646,call,606.0,0.854809369417024,0.0,0.0,111.34,111.34,lastPrice,0.7689215436149937,0.043
2026-05-15,708.9299926757812,2026-05-29,0.038356164383561646,put,606.0,0.854809369417024,0.0,0.0,0.27,0.27,lastPrice,0.37616074573460984,0.043
2026-05-15,708.9299926757812,2026-05-29,0.038356164383561646,call,607.0,0.8562199459342138,0.0,0.0,104.47,104.47,lastPrice,0.5039391679252294,0.043
2026-05-15,708.9299926757812,2026-05-29,0.038356164383561646,put,607.0,0.8562199459342138,0.0,0.0,0.37,0.37,lastPrice,0.3904392449237699,0.043
2026-05-15,708.9299926757812,2026-05-29,0.038356164383561646,call,608.0,0.8576305224514036,0.0,0.0,113.62,113.62,lastPrice,0.8909324063882874,0.043
2026-05-15,708.9299926757812,2026-05-29,0.038356164383561646,put,608.0,0.8576305224514036,0.0,0.0,0.31,0.31,lastPrice,0.37681650378527265,0.043
2026-05-15,708.9299926757812,2026-05-29,0.038356164383561646,put,609.0,0.8590410989685934,0.0,0.0,0.31,0.31,lastPrice,0.3733649065039312,0.043
2026-05-15,708.9299926757812,2026-05-29,0.038356164383561646,call,610.0,0.8604516754857832,0.0,0.0,102.31,102.31,lastPrice,0.5415486237423799,0.043
2026-05-15,708.9299926757812,2026-05-29,0.038356164383561646,put,610.0,0.8604516754857832,0.0,0.0,0.37,0.37,lastPrice,0.3798686106701377,0.043
2026-05-15,708.9299926757812,2026-05-29,0.038356164383561646,call,611.0,0.8618622520029731,0.0,0.0,99.3,99.3,lastPrice,0.3752690281590537,0.043
2026-05-15,708.9299926757812,2026-05-29,0.038356164383561646,put,611.0,0.8618622520029731,0.0,0.0,0.39,0.39,lastPrice,0.3794132583713948,0.043
2026-05-15,708.9299926757812,2026-05-29,0.038356164383561646,call,612.0,0.8632728285201628,0.0,0.0,98.33,98.33,lastPrice,0.3760919349497618,0.043
2026-05-15,708.9299926757812,2026-05-29,0.038356164383561646,put,612.0,0.8632728285201628,0.0,0.0,0.36,0.36,lastPrice,0.3712722016638341,0.043
2026-05-15,708.9299926757812,2026-05-29,0.038356164383561646,put,613.0,0.8646834050373526,0.0,0.0,0.36,0.36,lastPrice,0.3677685392855737,0.043
2026-05-15,708.9299926757812,2026-05-29,0.038356164383561646,call,614.0,0.8660939815545424,0.0,0.0,96.55,96.55,lastPrice,0.39661479446772474,0.043
2026-05-15,708.9299926757812,2026-05-29,0.038356164383561646,put,614.0,0.8660939815545424,0.0,0.0,0.47,0.47,lastPrice,0.37990970469192076,0.043
2026-05-15,708.9299926757812,2026-05-29,0.038356164383561646,call,615.0,0.8675045580717322,0.0,0.0,96.34,96.34,lastPrice,0.46021256795581006,0.043
2026-05-15,708.9299926757812,2026-05-29,0.038356164383561646,put,615.0,0.8675045580717322,0.0,0.0,0.42,0.42,lastPrice,0.3695557662340994,0.043
2026-05-15,708.9299926757812,2026-05-29,0.038356164383561646,call,616.0,0.8689151345889221,0.0,0.0,103.69,103.69,lastPrice,0.7856084548268433,0.043
2026-05-15,708.9299926757812,2026-05-29,0.038356164383561646,put,616.0,0.8689151345889221,0.0,0.0,0.36,0.36,lastPrice,0.357269187070895,0.043
2026-05-15,708.9299926757812,2026-05-29,0.038356164383561646,put,617.0,0.8703257111061119,0.0,0.0,0.39,0.39,lastPrice,0.35820688900946157,0.043
2026-05-15,708.9299926757812,2026-05-29,0.038356164383561646,put,618.0,0.8717362876233017,0.0,0.0,0.49,0.49,lastPrice,0.36797561436122483,0.043
2026-05-15,708.9299926757812,2026-05-29,0.038356164383561646,put,619.0,0.8731468641404915,0.0,0.0,0.44,0.44,lastPrice,0.3579837868168528,0.043
2026-05-15,708.9299926757812,2026-05-29,0.038356164383561646,call,620.0,0.8745574406576813,0.0,0.0,92.65,92.65,lastPrice,0.5121250766610199,0.043
2026-05-15,708.9299926757812,2026-05-29,0.038356164383561646,put,620.0,0.8745574406576813,0.0,0.0,0.42,0.42,lastPrice,0.3517556915821721,0.043
2026-05-15,708.9299926757812,2026-05-29,0.038356164383561646,call,621.0,0.8759680171748712,0.0,0.0,89.35,89.35,lastPrice,0.3450254741651462,0.043
2026-05-15,708.9299926757812,2026-05-29,0.038356164383561646,put,621.0,0.8759680171748712,0.0,0.0,0.51,0.51,lastPrice,0.35949645989178036,0.043
2026-05-15,708.9299926757812,2026-05-29,0.038356164383561646,call,622.0,0.877378593692061,0.0,0.0,90.32,90.32,lastPrice,0.486436754098973,0.043
2026-05-15,708.9299926757812,2026-05-29,0.038356164383561646,put,622.0,0.877378593692061,0.0,0.0,0.55,0.55,lastPrice,0.3604484723846167,0.043
2026-05-15,708.9299926757812,2026-05-29,0.038356164383561646,call,623.0,0.8787891702092507,0.0,0.0,89.05,89.05,lastPrice,0.46778355663584226,0.043
2026-05-15,708.9299926757812,2026-05-29,0.038356164383561646,put,623.0,0.8787891702092507,0.0,0.0,0.48,0.48,lastPrice,0.34865270683620764,0.043
2026-05-15,708.9299926757812,2026-05-29,0.038356164383561646,call,624.0,0.8801997467264405,0.0,0.0,88.25,88.25,lastPrice,0.4736435085686902,0.043
2026-05-15,708.9299926757812,2026-05-29,0.038356164383561646,put,624.0,0.8801997467264405,0.0,0.0,0.49,0.49,lastPrice,0.3462347168535893,0.043
2026-05-15,708.9299926757812,2026-05-29,0.038356164383561646,call,625.0,0.8816103232436303,0.0,0.0,86.85,86.85,lastPrice,0.44786421072513743,0.043
2026-05-15,708.9299926757812,2026-05-29,0.038356164383561646,put,625.0,0.8816103232436303,0.0,0.0,0.58,0.58,lastPrice,0.35266442485566296,0.043
2026-05-15,708.9299926757812,2026-05-29,0.038356164383561646,put,626.0,0.8830208997608201,0.0,0.0,0.51,0.51,lastPrice,0.3413025339964066,0.043
2026-05-15,708.9299926757812,2026-05-29,0.038356164383561646,call,627.0,0.88443147627801,0.0,0.0,89.08,89.08,lastPrice,0.6101420465054022,0.043
2026-05-15,708.9299926757812,2026-05-29,0.038356164383561646,put,627.0,0.88443147627801,0.0,0.0,0.53,0.53,lastPrice,0.3398999980417369,0.043
2026-05-15,708.9299926757812,2026-05-29,0.038356164383561646,call,628.0,0.8858420527951998,0.0,0.0,84.5,84.5,lastPrice,0.4673410248606088,0.043
2026-05-15,708.9299926757812,2026-05-29,0.038356164383561646,put,628.0,0.8858420527951998,0.0,0.0,0.58,0.58,lastPrice,0.3415745111178055,0.043
2026-05-15,708.9299926757812,2026-05-29,0.038356164383561646,call,629.0,0.8872526293123896,0.0,0.0,86.77,86.77,lastPrice,0.5889941397382753,0.043
2026-05-15,708.9299926757812,2026-05-29,0.038356164383561646,put,629.0,0.8872526293123896,0.0,0.0,0.56,0.56,lastPrice,0.3357994361507586,0.043
2026-05-15,708.9299926757812,2026-05-29,0.038356164383561646,call,630.0,0.8886632058295794,0.0,0.0,81.48,81.48,lastPrice,0.4045079073036456,0.043
2026-05-15,708.9299926757812,2026-05-29,0.038356164383561646,put,630.0,0.8886632058295794,0.0,0.0,0.65,0.65,lastPrice,0.3410913562428189,0.043
2026-05-15,708.9299926757812,2026-05-29,0.038356164383561646,call,631.0,0.8900737823467691,0.0,0.0,90.1,90.1,lastPrice,0.7348504077314629,0.043
2026-05-15,708.9299926757812,2026-05-29,0.038356164383561646,put,631.0,0.8900737823467691,0.0,0.0,0.55,0.55,lastPrice,0.3274051196116726,0.043
2026-05-15,708.9299926757812,2026-05-29,0.038356164383561646,call,632.0,0.891484358863959,0.0,0.0,90.16,90.16,lastPrice,0.7567445875787044,0.043
2026-05-15,708.9299926757812,2026-05-29,0.038356164383561646,put,632.0,0.891484358863959,0.0,0.0,0.65,0.65,lastPrice,0.33359078300049244,0.043
2026-05-15,708.9299926757812,2026-05-29,0.038356164383561646,call,633.0,0.8928949353811488,0.0,0.0,77.51,77.51,lastPrice,0.3187082573737363,0.043
2026-05-15,708.9299926757812,2026-05-29,0.038356164383561646,put,633.0,0.8928949353811488,0.0,0.0,0.63,0.63,lastPrice,0.3279609177621559,0.043
2026-05-15,708.9299926757812,2026-05-29,0.038356164383561646,call,634.0,0.8943055118983386,0.0,0.0,77.55,77.55,lastPrice,0.3912263968096724,0.043
2026-05-15,708.9299926757812,2026-05-29,0.038356164383561646,put,634.0,0.8943055118983386,0.0,0.0,0.68,0.68,lastPrice,0.3288259132836539,0.043
2026-05-15,708.9299926757812,2026-05-29,0.038356164383561646,put,635.0,0.8957160884155284,0.0,0.0,0.65,0.65,lastPrice,0.3223409818223997,0.043
2026-05-15,708.9299926757812,2026-05-29,0.038356164383561646,call,636.0,0.8971266649327182,0.0,0.0,83.86,83.86,lastPrice,0.6709719606015242,0.043
2026-05-15,708.9299926757812,2026-05-29,0.038356164383561646,put,636.0,0.8971266649327182,0.0,0.0,0.59,0.59,lastPrice,0.3129885084155689,0.043
2026-05-15,708.9299926757812,2026-05-29,0.038356164383561646,call,637.0,0.8985372414499081,0.0,0.0,75.53,75.53,lastPrice,0.4265675397728234,0.043
2026-05-15,708.9299926757812,2026-05-29,0.038356164383561646,put,637.0,0.8985372414499081,0.0,0.0,0.64,0.64,lastPrice,0.31393620863308225,0.043
2026-05-15,708.9299926757812,2026-05-29,0.038356164383561646,put,638.0,0.8999478179670979,0.0,0.0,0.74,0.74,lastPrice,0.31882560730269177,0.043
2026-05-15,708.9299926757812,2026-05-29,0.038356164383561646,put,639.0,0.9013583944842877,0.0,0.0,0.68,0.68,lastPrice,0.3099585096283355,0.043
2026-05-15,708.9299926757812,2026-05-29,0.038356164383561646,call,640.0,0.9027689710014775,0.0,0.0,74.03,74.03,lastPrice,0.47131343045855073,0.043
2026-05-15,708.9299926757812,2026-05-29,0.038356164383561646,put,640.0,0.9027689710014775,0.0,0.0,0.91,0.91,lastPrice,0.32424068079189355,0.043
2026-05-15,708.9299926757812,2026-05-29,0.038356164383561646,put,641.0,0.9041795475186672,0.0,0.0,1.13,1.13,lastPrice,0.3352282778650369,0.043
2026-05-15,708.9299926757812,2026-05-29,0.038356164383561646,call,642.0,0.905590124035857,0.0,0.0,78.56,78.56,lastPrice,0.6531849662189688,0.043
2026-05-15,708.9299926757812,2026-05-29,0.038356164383561646,put,642.0,0.905590124035857,0.0,0.0,1.16,1.16,lastPrice,0.33306052839378,0.043
2026-05-15,708.9299926757812,2026-05-29,0.038356164383561646,call,643.0,0.9070007005530469,0.0,0.0,70.7,70.7,lastPrice,0.4442516299452454,0.043
2026-05-15,708.9299926757812,2026-05-29,0.038356164383561646,put,643.0,0.9070007005530469,0.0,0.0,1.14,1.14,lastPrice,0.32773093819532223,0.043
2026-05-15,708.9299926757812,2026-05-29,0.038356164383561646,call,644.0,0.9084112770702367,0.0,0.0,66.26,66.26,lastPrice,0.24785032743888127,0.043
2026-05-15,708.9299926757812,2026-05-29,0.038356164383561646,put,644.0,0.9084112770702367,0.0,0.0,0.95,0.95,lastPrice,0.31127011326653864,0.043
2026-05-15,708.9299926757812,2026-05-29,0.038356164383561646,put,645.0,0.9098218535874265,0.0,0.0,1.11,1.11,lastPrice,0.31772295567013153,0.043
2026-05-15,708.9299926757812,2026-05-29,0.038356164383561646,put,646.0,0.9112324301046163,0.0,0.0,0.96,0.96,lastPrice,0.3040103023723927,0.043
2026-05-15,708.9299926757812,2026-05-29,0.038356164383561646,call,647.0,0.9126430066218061,0.0,0.0,65.0,65.0,lastPrice,0.35647982034087616,0.043
2026-05-15,708.9299926757812,2026-05-29,0.038356164383561646,put,647.0,0.9126430066218061,0.0,0.0,1.01,1.01,lastPrice,0.3033066200857995,0.043
2026-05-15,708.9299926757812,2026-05-29,0.038356164383561646,call,648.0,0.914053583138996,0.0,0.0,62.67,62.67,lastPrice,0.2753184525744599,0.043
2026-05-15,708.9299926757812,2026-05-29,0.038356164383561646,put,648.0,0.914053583138996,0.0,0.0,1.23,1.23,lastPrice,0.3126520370409556,0.043
2026-05-15,708.9299926757812,2026-05-29,0.038356164383561646,call,649.0,0.9154641596561858,0.0,0.0,73.65,73.65,lastPrice,0.6615635706943972,0.043
2026-05-15,708.9299926757812,2026-05-29,0.038356164383561646,put,649.0,0.9154641596561858,0.0,0.0,1.22,1.22,lastPrice,0.3079472166519593,0.043
2026-05-15,708.9299926757812,2026-05-29,0.038356164383561646,put,650.0,0.9168747361733756,0.0,0.0,1.35,1.35,lastPrice,0.3110357345679158,0.043
2026-05-15,708.9299926757812,2026-05-29,0.038356164383561646,call,651.0,0.9182853126905653,0.0,0.0,61.95,61.95,lastPrice,0.37703821011169375,0.043
2026-05-15,708.9299926757812,2026-05-29,0.038356164383561646,put,651.0,0.9182853126905653,0.0,0.0,1.08,1.08,lastPrice,0.2915395720616498,0.043
2026-05-15,708.9299926757812,2026-05-29,0.038356164383561646,call,652.0,0.9196958892077551,0.0,0.0,70.84,70.84,lastPrice,0.6468402481155521,0.043
2026-05-15,708.9299926757812,2026-05-29,0.038356164383561646,put,652.0,0.9196958892077551,0.0,0.0,1.18,1.18,lastPrice,0.29329461793143824,0.043
2026-05-15,708.9299926757812,2026-05-29,0.038356164383561646,call,653.0,0.921106465724945,0.0,0.0,66.9,66.9,lastPrice,0.5691108452527442,0.043
2026-05-15,708.9299926757812,2026-05-29,0.038356164383561646,put,653.0,0.921106465724945,0.0,0.0,1.32,1.32,lastPrice,0.2968410269762829,0.043
2026-05-15,708.9299926757812,2026-05-29,0.038356164383561646,call,654.0,0.9225170422421348,0.0,0.0,68.65,68.65,lastPrice,0.6294681498911766,0.043
2026-05-15,708.9299926757812,2026-05-29,0.038356164383561646,put,654.0,0.9225170422421348,0.0,0.0,1.2,1.2,lastPrice,0.2861652596858638,0.043
2026-05-15,708.9299926757812,2026-05-29,0.038356164383561646,put,655.0,0.9239276187593246,0.0,0.0,1.55,1.55,lastPrice,0.3000005406330951,0.043
2026-05-15,708.9299926757812,2026-05-29,0.038356164383561646,call,656.0,0.9253381952765144,0.0,0.0,66.95,66.95,lastPrice,0.6235515953107164,0.043
2026-05-15,708.9299926757812,2026-05-29,0.038356164383561646,put,656.0,0.9253381952765144,0.0,0.0,1.47,1.47,lastPrice,0.29180458242097707,0.043
2026-05-15,708.9299926757812,2026-05-29,0.038356164383561646,call,657.0,0.9267487717937042,0.0,0.0,54.87,54.87,lastPrice,0.30534628379087525,0.043
2026-05-15,708.9299926757812,2026-05-29,0.038356164383561646,put,657.0,0.9267487717937042,0.0,0.0,1.55,1.55,lastPrice,0.2913677415585442,0.043
2026-05-15,708.9299926757812,2026-05-29,0.038356164383561646,call,658.0,0.928159348310894,0.0,0.0,63.93,63.93,lastPrice,0.5868751371115484,0.043
2026-05-15,708.9299926757812,2026-05-29,0.038356164383561646,put,658.0,0.928159348310894,0.0,0.0,1.4,1.4,lastPrice,0.27982198707867956,0.043
2026-05-15,708.9299926757812,2026-05-29,0.038356164383561646,call,659.0,0.9295699248280839,0.0,0.0,54.58,54.58,lastPrice,0.35954979771022577,0.043
2026-05-15,708.9299926757812,2026-05-29,0.038356164383561646,put,659.0,0.9295699248280839,0.0,0.0,1.66,1.66,lastPrice,0.2877531478353075,0.043
2026-05-15,708.9299926757812,2026-05-29,0.038356164383561646,call,660.0,0.9309805013452737,0.0,0.0,51.86,51.86,lastPrice,0.29132208287321965,0.043
2026-05-15,708.9299926757812,2026-05-29,0.038356164383561646,put,660.0,0.9309805013452737,0.0,0.0,1.99,1.99,lastPrice,0.2975094723811781,0.043
2026-05-15,708.9299926757812,2026-05-29,0.038356164383561646,call,661.0,0.9323910778624634,0.0,0.0,51.61,51.61,lastPrice,0.3161317580259602,0.043
2026-05-15,708.9299926757812,2026-05-29,0.038356164383561646,put,661.0,0.9323910778624634,0.0,0.0,1.85,1.85,lastPrice,0.28717423362984257,0.043
2026-05-15,708.9299926757812,2026-05-29,0.038356164383561646,call,662.0,0.9338016543796532,0.0,0.0,48.84,48.84,lastPrice,0.23167794428601332,0.043
2026-05-15,708.9299926757812,2026-05-29,0.038356164383561646,put,662.0,0.9338016543796532,0.0,0.0,2.17,2.17,lastPrice,0.29558648863141035,0.043
2026-05-15,708.9299926757812,2026-05-29,0.038356164383561646,call,663.0,0.935212230896843,0.0,0.0,51.06,51.06,lastPrice,0.3541703770392517,0.043
2026-05-15,708.9299926757812,2026-05-29,0.038356164383561646,put,663.0,0.935212230896843,0.0,0.0,2.22,2.22,lastPrice,0.29289377991589066,0.043
2026-05-15,708.9299926757812,2026-05-29,0.038356164383561646,call,664.0,0.9366228074140329,0.0,0.0,49.61,49.61,lastPrice,0.3350514017283488,0.043
2026-05-15,708.9299926757812,2026-05-29,0.038356164383561646,put,664.0,0.9366228074140329,0.0,0.0,2.02,2.02,lastPrice,0.28053045534700094,0.043
2026-05-15,708.9299926757812,2026-05-29,0.038356164383561646,call,665.0,0.9380333839312227,0.0,0.0,47.18,47.18,lastPrice,0.2811168038839395,0.043
2026-05-15,708.9299926757812,2026-05-29,0.038356164383561646,put,665.0,0.9380333839312227,0.0,0.0,2.11,2.11,lastPrice,0.2794344944150028,0.043
2026-05-15,708.9299926757812,2026-05-29,0.038356164383561646,call,666.0,0.9394439604484125,0.0,0.0,48.31,48.31,lastPrice,0.3458259266858842,0.043
2026-05-15,708.9299926757812,2026-05-29,0.038356164383561646,put,666.0,0.9394439604484125,0.0,0.0,2.45,2.45,lastPrice,0.28731364049031316,0.043
2026-05-15,708.9299926757812,2026-05-29,0.038356164383561646,call,667.0,0.9408545369656023,0.0,0.0,47.67,47.67,lastPrice,0.35079798674622076,0.043
2026-05-15,708.9299926757812,2026-05-29,0.038356164383561646,put,667.0,0.9408545369656023,0.0,0.0,2.6,2.6,lastPrice,0.2878015328589844,0.043
2026-05-15,708.9299926757812,2026-05-29,0.038356164383561646,call,668.0,0.9422651134827921,0.0,0.0,45.47,45.47,lastPrice,0.31018872951640686,0.043
2026-05-15,708.9299926757812,2026-05-29,0.038356164383561646,put,668.0,0.9422651134827921,0.0,0.0,2.09,2.09,lastPrice,0.2648047451167093,0.043
2026-05-15,708.9299926757812,2026-05-29,0.038356164383561646,call,669.0,0.943675689999982,0.0,0.0,47.83,47.83,lastPrice,0.3966176614158157,0.043
2026-05-15,708.9299926757812,2026-05-29,0.038356164383561646,put,669.0,0.943675689999982,0.0,0.0,2.24,2.24,lastPrice,0.265619858314966,0.043
2026-05-15,708.9299926757812,2026-05-29,0.038356164383561646,call,670.0,0.9450862665171718,0.0,0.0,42.98,42.98,lastPrice,0.28464741111446085,0.043
2026-05-15,708.9299926757812,2026-05-29,0.038356164383561646,put,670.0,0.9450862665171718,0.0,0.0,2.96,2.96,lastPrice,0.2850992720553667,0.043
2026-05-15,708.9299926757812,2026-05-29,0.038356164383561646,call,671.0,0.9464968430343615,0.0,0.0,43.73,43.73,lastPrice,0.33068906924682495,0.043
2026-05-15,708.9299926757812,2026-05-29,0.038356164383561646,put,671.0,0.9464968430343615,0.0,0.0,2.93,2.93,lastPrice,0.27917832952693855,0.043
2026-05-15,708.9299926757812,2026-05-29,0.038356164383561646,call,672.0,0.9479074195515513,0.0,0.0,43.25,43.25,lastPrice,0.3390348027343139,0.043
2026-05-15,708.9299926757812,2026-05-29,0.038356164383561646,put,672.0,0.9479074195515513,0.0,0.0,3.25,3.25,lastPrice,0.2840862837699257,0.043
2026-05-15,708.9299926757812,2026-05-29,0.038356164383561646,call,673.0,0.9493179960687411,0.0,0.0,42.0,42.0,lastPrice,0.32687207971459575,0.043
2026-05-15,708.9299926757812,2026-05-29,0.038356164383561646,put,673.0,0.9493179960687411,0.0,0.0,2.92,2.92,lastPrice,0.26890285232510563,0.043
2026-05-15,708.9299926757812,2026-05-29,0.038356164383561646,call,674.0,0.9507285725859309,0.0,0.0,41.44,41.44,lastPrice,0.33266081208600196,0.043
2026-05-15,708.9299926757812,2026-05-29,0.038356164383561646,put,674.0,0.9507285725859309,0.0,0.0,3.26,3.26,lastPrice,0.27419273526989635,0.043
2026-05-15,708.9299926757812,2026-05-29,0.038356164383561646,call,675.0,0.9521391491031208,0.0,0.0,42.38,42.38,lastPrice,0.3742215672257042,0.043
2026-05-15,708.9299926757812,2026-05-29,0.038356164383561646,put,675.0,0.9521391491031208,0.0,0.0,3.58,3.58,lastPrice,0.27834005799868466,0.043
2026-05-15,708.9299926757812,2026-05-29,0.038356164383561646,call,676.0,0.9535497256203106,0.0,0.0,36.02,36.02,lastPrice,0.2233824097631391,0.043
2026-05-15,708.9299926757812,2026-05-29,0.038356164383561646,put,676.0,0.9535497256203106,0.0,0.0,3.26,3.26,lastPrice,0.26392742263310165,0.043
2026-05-15,708.9299926757812,2026-05-29,0.038356164383561646,call,677.0,0.9549603021375004,0.0,0.0,38.32,38.32,lastPrice,0.31252030561013344,0.043
2026-05-15,708.9299926757812,2026-05-29,0.038356164383561646,put,677.0,0.9549603021375004,0.0,0.0,3.47,3.47,lastPrice,0.26475898883029225,0.043
2026-05-15,708.9299926757812,2026-05-29,0.038356164383561646,call,678.0,0.9563708786546902,0.0,0.0,35.5,35.5,lastPrice,0.2590319468913571,0.043
2026-05-15,708.9299926757812,2026-05-29,0.038356164383561646,put,678.0,0.9563708786546902,0.0,0.0,4.11,4.11,lastPrice,0.2769525035114842,0.043
2026-05-15,708.9299926757812,2026-05-29,0.038356164383561646,call,679.0,0.95778145517188,0.0,0.0,32.49,32.49,lastPrice,0.19017074157023198,0.043
2026-05-15,708.9299926757812,2026-05-29,0.038356164383561646,put,679.0,0.95778145517188,0.0,0.0,3.33,3.33,lastPrice,0.25035345061882885,0.043
2026-05-15,708.9299926757812,2026-05-29,0.038356164383561646,call,680.0,0.9591920316890699,0.0,0.0,34.86,34.86,lastPrice,0.2838920754800997,0.043
2026-05-15,708.9299926757812,2026-05-29,0.038356164383561646,put,680.0,0.9591920316890699,0.0,0.0,4.38,4.38,lastPrice,0.27302756698158215,0.043
2026-05-15,708.9299926757812,2026-05-29,0.038356164383561646,call,681.0,0.9606026082062596,0.0,0.0,32.02,32.02,lastPrice,0.2297326054165107,0.043
2026-05-15,708.9299926757812,2026-05-29,0.038356164383561646,put,681.0,0.9606026082062596,0.0,0.0,4.35,4.35,lastPrice,0.266709091172858,0.043
2026-05-15,708.9299926757812,2026-05-29,0.038356164383561646,call,682.0,0.9620131847234494,0.0,0.0,34.1,34.1,lastPrice,0.3020461280655706,0.043
2026-05-15,708.9299926757812,2026-05-29,0.038356164383561646,put,682.0,0.9620131847234494,0.0,0.0,4.85,4.85,lastPrice,0.2735400478771531,0.043
2026-05-15,708.9299926757812,2026-05-29,0.038356164383561646,call,683.0,0.9634237612406392,0.0,0.0,39.4,39.4,lastPrice,0.43139408717225214,0.043
2026-05-15,708.9299926757812,2026-05-29,0.038356164383561646,put,683.0,0.9634237612406392,0.0,0.0,5.0,5.0,lastPrice,0.27143880698438827,0.043
2026-05-15,708.9299926757812,2026-05-29,0.038356164383561646,call,684.0,0.964834337757829,0.0,0.0,29.52,29.52,lastPrice,0.22738088429061878,0.043
2026-05-15,708.9299926757812,2026-05-29,0.038356164383561646,put,684.0,0.964834337757829,0.0,0.0,4.96,4.96,lastPrice,0.2646941004806828,0.043
2026-05-15,708.9299926757812,2026-05-29,0.038356164383561646,call,685.0,0.9662449142750189,0.0,0.0,28.75,28.75,lastPrice,0.22782627800913852,0.043
2026-05-15,708.9299926757812,2026-05-29,0.038356164383561646,put,685.0,0.9662449142750189,0.0,0.0,5.36,5.36,lastPrice,0.2682601751045821,0.043
2026-05-15,708.9299926757812,2026-05-29,0.038356164383561646,call,686.0,0.9676554907922087,0.0,0.0,28.54,28.54,lastPrice,0.24165141539248503,0.043
2026-05-15,708.9299926757812,2026-05-29,0.038356164383561646,put,686.0,0.9676554907922087,0.0,0.0,5.4,5.4,lastPrice,0.26324327734973474,0.043
2026-05-15,708.9299926757812,2026-05-29,0.038356164383561646,call,687.0,0.9690660673093985,0.0,0.0,29.87,29.87,lastPrice,0.2885817287278457,0.043
2026-05-15,708.9299926757812,2026-05-29,0.038356164383561646,put,687.0,0.9690660673093985,0.0,0.0,4.99,4.99,lastPrice,0.24784669858612418,0.043
2026-05-15,708.9299926757812,2026-05-29,0.038356164383561646,call,688.0,0.9704766438265883,0.0,0.0,27.45,27.45,lastPrice,0.25092853891586825,0.043
2026-05-15,708.9299926757812,2026-05-29,0.038356164383561646,put,688.0,0.9704766438265883,0.0,0.0,5.97,5.97,lastPrice,0.26396801836312966,0.043
2026-05-15,708.9299926757812,2026-05-29,0.038356164383561646,call,689.0,0.9718872203437781,0.0,0.0,29.26,29.26,lastPrice,0.3052043080685893,0.043
2026-05-15,708.9299926757812,2026-05-29,0.038356164383561646,put,689.0,0.9718872203437781,0.0,0.0,5.24,5.24,lastPrice,0.241593686237701,0.043
2026-05-15,708.9299926757812,2026-05-29,0.038356164383561646,call,690.0,0.9732977968609678,0.0,0.0,24.87,24.87,lastPrice,0.2257227453264709,0.043
2026-05-15,708.9299926757812,2026-05-29,0.038356164383561646,put,690.0,0.9732977968609678,0.0,0.0,6.45,6.45,lastPrice,0.2619094107563872,0.043
2026-05-15,708.9299926757812,2026-05-29,0.038356164383561646,call,691.0,0.9747083733781577,0.0,0.0,23.4,23.4,lastPrice,0.2090483830137143,0.043
2026-05-15,708.9299926757812,2026-05-29,0.038356164383561646,put,691.0,0.9747083733781577,0.0,0.0,6.75,6.75,lastPrice,0.2618876985629207,0.043
2026-05-15,708.9299926757812,2026-05-29,0.038356164383561646,call,692.0,0.9761189498953475,0.0,0.0,25.5,25.5,lastPrice,0.2695171526825612,0.043
2026-05-15,708.9299926757812,2026-05-29,0.038356164383561646,put,692.0,0.9761189498953475,0.0,0.0,6.75,6.75,lastPrice,0.2554108783730874,0.043
2026-05-15,708.9299926757812,2026-05-29,0.038356164383561646,call,693.0,0.9775295264125373,0.0,0.0,30.8,30.8,lastPrice,0.387118717658713,0.043
2026-05-15,708.9299926757812,2026-05-29,0.038356164383561646,put,693.0,0.9775295264125373,0.0,0.0,7.44,7.44,lastPrice,0.26307803381804673,0.043
2026-05-15,708.9299926757812,2026-05-29,0.038356164383561646,call,694.0,0.9789401029297271,0.0,0.0,23.01,23.01,lastPrice,0.2461103202533388,0.043
2026-05-15,708.9299926757812,2026-05-29,0.038356164383561646,put,694.0,0.9789401029297271,0.0,0.0,7.44,7.44,lastPrice,0.256367384938772,0.043
2026-05-15,708.9299926757812,2026-05-29,0.038356164383561646,call,695.0,0.9803506794469169,0.0,0.0,20.69,20.69,lastPrice,0.21226748332562487,0.043
2026-05-15,708.9299926757812,2026-05-29,0.038356164383561646,put,695.0,0.9803506794469169,0.0,0.0,7.86,7.86,lastPrice,0.25801361003378914,0.043
2026-05-15,708.9299926757812,2026-05-29,0.038356164383561646,call,696.0,0.9817612559641068,0.0,0.0,21.78,21.78,lastPrice,0.2479913392119609,0.043
2026-05-15,708.9299926757812,2026-05-29,0.038356164383561646,put,696.0,0.9817612559641068,0.0,0.0,8.32,8.32,lastPrice,0.26019848804088086,0.043
2026-05-15,708.9299926757812,2026-05-29,0.038356164383561646,call,697.0,0.9831718324812966,0.0,0.0,18.97,18.97,lastPrice,0.2048534297972498,0.043
2026-05-15,708.9299926757812,2026-05-29,0.038356164383561646,put,697.0,0.9831718324812966,0.0,0.0,8.64,8.64,lastPrice,0.2593978976894523,0.043
2026-05-15,708.9299926757812,2026-05-29,0.038356164383561646,call,698.0,0.9845824089984864,0.0,0.0,22.62,22.62,lastPrice,0.28871056399187606,0.043
2026-05-15,708.9299926757812,2026-05-29,0.038356164383561646,put,698.0,0.9845824089984864,0.0,0.0,7.95,7.95,lastPrice,0.23882822020056085,0.043
2026-05-15,708.9299926757812,2026-05-29,0.038356164383561646,call,699.0,0.9859929855156762,0.0,0.0,20.61,20.61,lastPrice,0.2619741991643657,0.043
2026-05-15,708.9299926757812,2026-05-29,0.038356164383561646,put,699.0,0.9859929855156762,0.0,0.0,8.83,8.83,lastPrice,0.24862020859687864,0.043
2026-05-15,708.9299926757812,2026-05-29,0.038356164383561646,call,700.0,0.987403562032866,0.0,0.0,17.35,17.35,lastPrice,0.21128284672049408,0.043
2026-05-15,708.9299926757812,2026-05-29,0.038356164383561646,put,700.0,0.987403562032866,0.0,0.0,9.45,9.45,lastPrice,0.25303552851885347,0.043
2026-05-15,708.9299926757812,2026-05-29,0.038356164383561646,call,701.0,0.9888141385500558,0.0,0.0,18.59,18.59,lastPrice,0.24652628192281784,0.043
2026-05-15,708.9299926757812,2026-05-29,0.038356164383561646,put,701.0,0.9888141385500558,0.0,0.0,9.81,9.81,lastPrice,0.2522706433407143,0.043
2026-05-15,708.9299926757812,2026-05-29,0.038356164383561646,call,702.0,0.9902247150672456,0.0,0.0,19.06,19.06,lastPrice,0.26627618268953546,0.043
2026-05-15,708.9299926757812,2026-05-29,0.038356164383561646,put,702.0,0.9902247150672456,0.0,0.0,10.41,10.41,lastPrice,0.25578653505923155,0.043
2026-05-15,708.9299926757812,2026-05-29,0.038356164383561646,call,703.0,0.9916352915844354,0.0,0.0,17.72,17.72,lastPrice,0.25203420719215813,0.043
2026-05-15,708.9299926757812,2026-05-29,0.038356164383561646,put,703.0,0.9916352915844354,0.0,0.0,10.65,10.65,lastPrice,0.25237711181012956,0.043
2026-05-15,708.9299926757812,2026-05-29,0.038356164383561646,call,704.0,0.9930458681016252,0.0,0.0,16.69,16.69,lastPrice,0.24345491742957961,0.043
2026-05-15,708.9299926757812,2026-05-29,0.038356164383561646,put,704.0,0.9930458681016252,0.0,0.0,11.05,11.05,lastPrice,0.25174973026568,0.043
2026-05-15,708.9299926757812,2026-05-29,0.038356164383561646,call,705.0,0.994456444618815,0.0,0.0,16.02,16.02,lastPrice,0.24135800480064934,0.043
2026-05-15,708.9299926757812,2026-05-29,0.038356164383561646,put,705.0,0.994456444618815,0.0,0.0,11.5,11.5,lastPrice,0.2518376290688186,0.043
2026-05-15,708.9299926757812,2026-05-29,0.038356164383561646,call,706.0,0.9958670211360048,0.0,0.0,13.3,13.3,lastPrice,0.20160187262942583,0.043
2026-05-15,708.9299926757812,2026-05-29,0.038356164383561646,put,706.0,0.9958670211360048,0.0,0.0,11.88,11.88,lastPrice,0.25044068681869897,0.043
2026-05-15,708.9299926757812,2026-05-29,0.038356164383561646,call,707.0,0.9972775976531947,0.0,0.0,12.86,12.86,lastPrice,0.2034681135360741,0.043
2026-05-15,708.9299926757812,2026-05-29,0.038356164383561646,put,707.0,0.9972775976531947,0.0,0.0,12.36,12.36,lastPrice,0.2506641476778937,0.043
2026-05-15,708.9299926757812,2026-05-29,0.038356164383561646,call,708.0,0.9986881741703845,0.0,0.0,12.61,12.61,lastPrice,0.20850694832850394,0.043
2026-05-15,708.9299926757812,2026-05-29,0.038356164383561646,put,708.0,0.9986881741703845,0.0,0.0,12.6,12.6,lastPrice,0.24633000496989912,0.043
2026-05-15,708.9299926757812,2026-05-29,0.038356164383561646,call,709.0,1.0000987506875743,0.0,0.0,12.16,12.16,lastPrice,0.20964709436657955,0.043
2026-05-15,708.9299926757812,2026-05-29,0.038356164383561646,put,709.0,1.0000987506875743,0.0,0.0,13.14,13.14,lastPrice,0.24723126248767602,0.043
2026-05-15,708.9299926757812,2026-05-29,0.038356164383561646,call,710.0,1.0015093272047642,0.0,0.0,11.57,11.57,lastPrice,0.20800739203694912,0.043
2026-05-15,708.9299926757812,2026-05-29,0.038356164383561646,put,710.0,1.0015093272047642,0.0,0.0,13.59,13.59,lastPrice,0.24629461280781645,0.043
2026-05-15,708.9299926757812,2026-05-29,0.038356164383561646,call,711.0,1.0029199037219538,0.0,0.0,11.0,11.0,lastPrice,0.20648292108740332,0.043
2026-05-15,708.9299926757812,2026-05-29,0.038356164383561646,put,711.0,1.0029199037219538,0.0,0.0,12.87,12.87,lastPrice,0.2240263375987693,0.043
2026-05-15,708.9299926757812,2026-05-29,0.038356164383561646,call,712.0,1.0043304802391437,0.0,0.0,10.63,10.63,lastPrice,0.20832181350450335,0.043
2026-05-15,708.9299926757812,2026-05-29,0.038356164383561646,put,712.0,1.0043304802391437,0.0,0.0,14.22,14.22,lastPrice,0.2389166773535886,0.043
2026-05-15,708.9299926757812,2026-05-29,0.038356164383561646,call,713.0,1.0057410567563334,0.0,0.0,10.1,10.1,lastPrice,0.20702124931096816,0.043
2026-05-15,708.9299926757812,2026-05-29,0.038356164383561646,put,713.0,1.0057410567563334,0.0,0.0,15.09,15.09,lastPrice,0.2449375369538301,0.043
2026-05-15,708.9299926757812,2026-05-29,0.038356164383561646,call,714.0,1.0071516332735233,0.0,0.0,9.97,9.97,lastPrice,0.21273280382649465,0.043
2026-05-15,708.9299926757812,2026-05-29,0.038356164383561646,put,714.0,1.0071516332735233,0.0,0.0,13.54,13.54,lastPrice,0.20685755792246754,0.043
2026-05-15,708.9299926757812,2026-05-29,0.038356164383561646,call,715.0,1.0085622097907132,0.0,0.0,8.99,8.99,lastPrice,0.20273207741451008,0.043
2026-05-15,708.9299926757812,2026-05-29,0.038356164383561646,put,715.0,1.0085622097907132,0.0,0.0,16.0,16.0,lastPrice,0.24133617581648517,0.043
2026-05-15,708.9299926757812,2026-05-29,0.038356164383561646,call,716.0,1.0099727863079029,0.0,0.0,8.63,8.63,lastPrice,0.20375925393874408,0.043
2026-05-15,708.9299926757812,2026-05-29,0.038356164383561646,put,716.0,1.0099727863079029,0.0,0.0,16.69,16.69,lastPrice,0.24349061324038768,0.043
2026-05-15,708.9299926757812,2026-05-29,0.038356164383561646,call,717.0,1.0113833628250928,0.0,0.0,8.33,8.33,lastPrice,0.20565838671381806,0.043
2026-05-15,708.9299926757812,2026-05-29,0.038356164383561646,put,717.0,1.0113833628250928,0.0,0.0,16.1,16.1,lastPrice,0.22192969542956928,0.043
2026-05-15,708.9299926757812,2026-05-29,0.038356164383561646,call,718.0,1.0127939393422825,0.0,0.0,8.5,8.5,lastPrice,0.21608347953891066,0.043
2026-05-15,708.9299926757812,2026-05-29,0.038356164383561646,put,718.0,1.0127939393422825,0.0,0.0,15.37,15.37,lastPrice,0.19712744101226906,0.043
2026-05-15,708.9299926757812,2026-05-29,0.038356164383561646,call,719.0,1.0142045158594724,0.0,0.0,7.25,7.25,lastPrice,0.19975654506484777,0.043
2026-05-15,708.9299926757812,2026-05-29,0.038356164383561646,put,719.0,1.0142045158594724,0.0,0.0,17.25,17.25,lastPrice,0.22070256637882565,0.043
2026-05-15,708.9299926757812,2026-05-29,0.038356164383561646,call,720.0,1.0156150923766623,0.0,0.0,7.03,7.03,lastPrice,0.20243564525300126,0.043
2026-05-15,708.9299926757812,2026-05-29,0.038356164383561646,put,720.0,1.0156150923766623,0.0,0.0,18.3,18.3,lastPrice,0.2286793340967741,0.043
2026-05-15,708.9299926757812,2026-05-29,0.038356164383561646,call,721.0,1.017025668893852,0.0,0.0,6.99,6.99,lastPrice,0.20838427881990343,0.043
2026-05-15,708.9299926757812,2026-05-29,0.038356164383561646,put,721.0,1.017025668893852,0.0,0.0,17.1,17.1,lastPrice,0.1934752537663994,0.043
2026-05-15,708.9299926757812,2026-05-29,0.038356164383561646,call,722.0,1.0184362454110418,0.0,0.0,6.66,6.66,lastPrice,0.20858101786209307,0.043
2026-05-15,708.9299926757812,2026-05-29,0.038356164383561646,put,722.0,1.0184362454110418,0.0,0.0,17.99,17.99,lastPrice,0.19783010020186106,0.043
2026-05-15,708.9299926757812,2026-05-29,0.038356164383561646,call,723.0,1.0198468219282315,0.0,0.0,5.79,5.79,lastPrice,0.1978342491213948,0.043
2026-05-15,708.9299926757812,2026-05-29,0.038356164383561646,put,723.0,1.0198468219282315,0.0,0.0,17.37,17.37,lastPrice,0.1715171558954751,0.043
2026-05-15,708.9299926757812,2026-05-29,0.038356164383561646,call,724.0,1.0212573984454214,0.0,0.0,5.73,5.73,lastPrice,0.20283263540741675,0.043
2026-05-15,708.9299926757812,2026-05-29,0.038356164383561646,put,724.0,1.0212573984454214,0.0,0.0,20.2,20.2,lastPrice,0.21470227029083527,0.043
2026-05-15,708.9299926757812,2026-05-29,0.038356164383561646,call,725.0,1.0226679749626113,0.0,0.0,5.21,5.21,lastPrice,0.1982954304986521,0.043
2026-05-15,708.9299926757812,2026-05-29,0.038356164383561646,put,725.0,1.0226679749626113,0.0,0.0,22.25,22.25,lastPrice,0.24179126056600211,0.043
2026-05-15,708.9299926757812,2026-05-29,0.038356164383561646,call,726.0,1.024078551479801,0.0,0.0,5.13,5.13,lastPrice,0.20255125595855727,0.043
2026-05-15,708.9299926757812,2026-05-29,0.038356164383561646,put,726.0,1.024078551479801,0.0,0.0,18.41,18.41,lastPrice,0.1450279208504002,0.043
2026-05-15,708.9299926757812,2026-05-29,0.038356164383561646,call,727.0,1.0254891279969909,0.0,0.0,5.23,5.23,lastPrice,0.2104842188421419,0.043
2026-05-15,708.9299926757812,2026-05-29,0.038356164383561646,put,727.0,1.0254891279969909,0.0,0.0,20.79,20.79,lastPrice,0.18223180451383855,0.043
2026-05-15,708.9299926757812,2026-05-29,0.038356164383561646,call,728.0,1.0268997045141806,0.0,0.0,4.98,4.98,lastPrice,0.2109378318925852,0.043
2026-05-15,708.9299926757812,2026-05-29,0.038356164383561646,put,728.0,1.0268997045141806,0.0,0.0,21.38,21.38,lastPrice,0.17844652177869513,0.043
2026-05-15,708.9299926757812,2026-05-29,0.038356164383561646,call,729.0,1.0283102810313705,0.0,0.0,3.99,3.99,lastPrice,0.1947601053360952,0.043
2026-05-15,708.9299926757812,2026-05-29,0.038356164383561646,put,729.0,1.0283102810313705,0.0,0.0,22.03,22.03,lastPrice,0.1755511938666368,0.043
2026-05-15,708.9299926757812,2026-05-29,0.038356164383561646,call,730.0,1.0297208575485601,0.0,0.0,3.76,3.76,lastPrice,0.1948443101355112,0.043
2026-05-15,708.9299926757812,2026-05-29,0.038356164383561646,put,730.0,1.0297208575485601,0.0,0.0,23.5,23.5,lastPrice,0.19189234435143465,0.043
2026-05-15,708.9299926757812,2026-05-29,0.038356164383561646,call,731.0,1.03113143406575,0.0,0.0,3.57,3.57,lastPrice,0.1956246518792864,0.043
2026-05-15,708.9299926757812,2026-05-29,0.038356164383561646,call,732.0,1.03254201058294,0.0,0.0,3.4,3.4,lastPrice,0.1966754287351287,0.043
2026-05-15,708.9299926757812,2026-05-29,0.038356164383561646,put,732.0,1.03254201058294,0.0,0.0,22.04,22.04,lastPrice,0.08642255505337601,0.043
2026-05-15,708.9299926757812,2026-05-29,0.038356164383561646,call,733.0,1.0339525871001296,0.0,0.0,4.89,4.89,lastPrice,0.23658823652420638,0.043
2026-05-15,708.9299926757812,2026-05-29,0.038356164383561646,call,734.0,1.0353631636173195,0.0,0.0,3.35,3.35,lastPrice,0.20548954644017448,0.043
2026-05-15,708.9299926757812,2026-05-29,0.038356164383561646,call,735.0,1.0367737401345092,0.0,0.0,2.62,2.62,lastPrice,0.19140716528413937,0.043
2026-05-15,708.9299926757812,2026-05-29,0.038356164383561646,call,736.0,1.038184316651699,0.0,0.0,3.49,3.49,lastPrice,0.2188733375810401,0.043
2026-05-15,708.9299926757812,2026-05-29,0.038356164383561646,call,737.0,1.039594893168889,0.0,0.0,2.28,2.28,lastPrice,0.19110046743859962,0.043
2026-05-15,708.9299926757812,2026-05-29,0.038356164383561646,put,737.0,1.039594893168889,0.0,0.0,29.05,29.05,lastPrice,0.18860297042977345,0.043
2026-05-15,708.9299926757812,2026-05-29,0.038356164383561646,call,738.0,1.0410054696860787,0.0,0.0,2.03,2.03,lastPrice,0.18810177709563605,0.043
2026-05-15,708.9299926757812,2026-05-29,0.038356164383561646,call,739.0,1.0424160462032686,0.0,0.0,2.81,2.81,lastPrice,0.21524001751189004,0.043
2026-05-15,708.9299926757812,2026-05-29,0.038356164383561646,put,739.0,1.0424160462032686,0.0,0.0,31.77,31.77,lastPrice,0.21820873080023762,0.043
2026-05-15,708.9299926757812,2026-05-29,0.038356164383561646,call,740.0,1.0438266227204582,0.0,0.0,1.81,1.81,lastPrice,0.1897623099862365,0.043
2026-05-15,708.9299926757812,2026-05-29,0.038356164383561646,put,740.0,1.0438266227204582,0.0,0.0,33.5,33.5,lastPrice,0.24234159479319453,0.043
2026-05-15,708.9299926757812,2026-05-29,0.038356164383561646,call,741.0,1.0452371992376481,0.0,0.0,2.47,2.47,lastPrice,0.21456510202225645,0.043
2026-05-15,708.9299926757812,2026-05-29,0.038356164383561646,call,742.0,1.046647775754838,0.0,0.0,1.91,1.91,lastPrice,0.2014916541477816,0.043
2026-05-15,708.9299926757812,2026-05-29,0.038356164383561646,call,743.0,1.0480583522720277,0.0,0.0,1.72,1.72,lastPrice,0.19925142395316217,0.043
2026-05-15,708.9299926757812,2026-05-29,0.038356164383561646,call,744.0,1.0494689287892176,0.0,0.0,1.49,1.49,lastPrice,0.19505906060754247,0.043
2026-05-15,708.9299926757812,2026-05-29,0.038356164383561646,call,745.0,1.0508795053064073,0.0,0.0,1.15,1.15,lastPrice,0.18553430098146131,0.043
2026-05-15,708.9299926757812,2026-05-29,0.038356164383561646,put,745.0,1.0508795053064073,0.0,0.0,37.94,37.94,lastPrice,0.250600270668656,0.043
2026-05-15,708.9299926757812,2026-05-29,0.038356164383561646,call,746.0,1.0522900818235972,0.0,0.0,1.11,1.11,lastPrice,0.18760449721841133,0.043
2026-05-15,708.9299926757812,2026-05-29,0.038356164383561646,call,747.0,1.053700658340787,0.0,0.0,1.32,1.32,lastPrice,0.20020337868709323,0.043
2026-05-15,708.9299926757812,2026-05-29,0.038356164383561646,call,748.0,1.0551112348579768,0.0,0.0,1.05,1.05,lastPrice,0.19237806046435177,0.043
2026-05-15,708.9299926757812,2026-05-29,0.038356164383561646,call,749.0,1.0565218113751667,0.0,0.0,1.07,1.07,lastPrice,0.19696995163467954,0.043
2026-05-15,708.9299926757812,2026-05-29,0.038356164383561646,call,750.0,1.0579323878923563,0.0,0.0,0.76,0.76,lastPrice,0.18510309979804393,0.043
2026-05-15,708.9299926757812,2026-05-29,0.038356164383561646,call,755.0,1.0649852704783054,0.0,0.0,0.5,0.5,lastPrice,0.18546952863276814,0.043
2026-05-15,708.9299926757812,2026-05-29,0.038356164383561646,put,755.0,1.0649852704783054,0.0,0.0,45.0,45.0,lastPrice,0.15439396121164475,0.043
2026-05-15,708.9299926757812,2026-05-29,0.038356164383561646,call,760.0,1.0720381530642544,0.0,0.0,0.37,0.37,lastPrice,0.19040098989344748,0.043
2026-05-15,708.9299926757812,2026-05-29,0.038356164383561646,call,765.0,1.0790910356502035,0.0,0.0,0.23,0.23,lastPrice,0.189786620324874,0.043
2026-05-15,708.9299926757812,2026-05-29,0.038356164383561646,call,770.0,1.0861439182361525,0.0,0.0,0.15,0.15,lastPrice,0.1911800455593181,0.043
2026-05-15,708.9299926757812,2026-05-29,0.038356164383561646,call,775.0,1.0931968008221016,0.0,0.0,0.12,0.12,lastPrice,0.19805795343593124,0.043
2026-05-15,708.9299926757812,2026-05-29,0.038356164383561646,put,780.0,1.1002496834080506,0.0,0.0,73.0,73.0,lastPrice,0.39792090425027965,0.043
2026-05-15,708.9299926757812,2026-06-12,0.07671232876712329,call,370.0,0.5219133113602291,0.0,0.0,344.66,344.66,lastPrice,1.4570509860280019,0.043
2026-05-15,708.9299926757812,2026-06-12,0.07671232876712329,put,380.0,0.5360190765321272,0.0,0.0,0.1,0.1,lastPrice,0.8186089230907561,0.043
2026-05-15,708.9299926757812,2026-06-12,0.07671232876712329,put,405.0,0.5712834894618725,0.0,0.0,0.14,0.14,lastPrice,0.7666605993683239,0.043
2026-05-15,708.9299926757812,2026-06-12,0.07671232876712329,call,425.0,0.5994950198056687,0.0,0.0,289.85,289.85,lastPrice,1.1889493743049264,0.043
2026-05-15,708.9299926757812,2026-06-12,0.07671232876712329,put,425.0,0.5994950198056687,0.0,0.0,0.14,0.14,lastPrice,0.705820762191586,0.043
2026-05-15,708.9299926757812,2026-06-12,0.07671232876712329,put,440.0,0.6206536675635158,0.0,0.0,0.11,0.11,lastPrice,0.6454314758305163,0.043
2026-05-15,708.9299926757812,2026-06-12,0.07671232876712329,put,445.0,0.6277065501494649,0.0,0.0,0.1,0.1,lastPrice,0.6252987807733728,0.043
2026-05-15,708.9299926757812,2026-06-12,0.07671232876712329,put,450.0,0.6347594327354138,0.0,0.0,0.1,0.1,lastPrice,0.6115405646184705,0.043
2026-05-15,708.9299926757812,2026-06-12,0.07671232876712329,put,455.0,0.6418123153213628,0.0,0.0,0.1,0.1,lastPrice,0.5979207438551413,0.043
2026-05-15,708.9299926757812,2026-06-12,0.07671232876712329,call,460.0,0.6488651979073119,0.0,0.0,253.24,253.24,lastPrice,0.9349009878603801,0.043
2026-05-15,708.9299926757812,2026-06-12,0.07671232876712329,put,460.0,0.6488651979073119,0.0,0.0,0.16,0.16,lastPrice,0.6143402542365377,0.043
2026-05-15,708.9299926757812,2026-06-12,0.07671232876712329,call,465.0,0.655918080493261,0.0,0.0,252.46,252.46,lastPrice,1.1239092427703012,0.043
2026-05-15,708.9299926757812,2026-06-12,0.07671232876712329,put,465.0,0.655918080493261,0.0,0.0,0.12,0.12,lastPrice,0.582017348385618,0.043
2026-05-15,708.9299926757812,2026-06-12,0.07671232876712329,put,470.0,0.66297096307921,0.0,0.0,0.18,0.18,lastPrice,0.5943871532814641,0.043
2026-05-15,708.9299926757812,2026-06-12,0.07671232876712329,put,475.0,0.670023845665159,0.0,0.0,0.28,0.28,lastPrice,0.611657610926209,0.043
2026-05-15,708.9299926757812,2026-06-12,0.07671232876712329,put,480.0,0.6770767282511081,0.0,0.0,0.19,0.19,lastPrice,0.5703641208242114,0.043
2026-05-15,708.9299926757812,2026-06-12,0.07671232876712329,put,485.0,0.6841296108370571,0.0,0.0,0.32,0.32,lastPrice,0.5929615116780833,0.043
2026-05-15,708.9299926757812,2026-06-12,0.07671232876712329,put,490.0,0.6911824934230062,0.0,0.0,0.18,0.18,lastPrice,0.5397896120615501,0.043
2026-05-15,708.9299926757812,2026-06-12,0.07671232876712329,put,495.0,0.6982353760089552,0.0,0.0,0.17,0.17,lastPrice,0.5229983275068948,0.043
2026-05-15,708.9299926757812,2026-06-12,0.07671232876712329,put,500.0,0.7052882585949043,0.0,0.0,0.22,0.22,lastPrice,0.5254870405129102,0.043
2026-05-15,708.9299926757812,2026-06-12,0.07671232876712329,put,505.0,0.7123411411808533,0.0,0.0,0.25,0.25,lastPrice,0.5201359402434514,0.043
2026-05-15,708.9299926757812,2026-06-12,0.07671232876712329,put,510.0,0.7193940237668024,0.0,0.0,0.22,0.22,lastPrice,0.49881874195768006,0.043
2026-05-15,708.9299926757812,2026-06-12,0.07671232876712329,put,515.0,0.7264469063527514,0.0,0.0,0.3,0.3,lastPrice,0.5048388936766623,0.043
2026-05-15,708.9299926757812,2026-06-12,0.07671232876712329,put,520.0,0.7334997889387005,0.0,0.0,0.27,0.27,lastPrice,0.4847623404794861,0.043
2026-05-15,708.9299926757812,2026-06-12,0.07671232876712329,call,525.0,0.7405526715246495,0.0,0.0,197.51,197.51,lastPrice,1.0072108338047978,0.043
2026-05-15,708.9299926757812,2026-06-12,0.07671232876712329,put,525.0,0.7405526715246495,0.0,0.0,0.3,0.3,lastPrice,0.4779435262252199,0.043
2026-05-15,708.9299926757812,2026-06-12,0.07671232876712329,put,530.0,0.7476055541105985,0.0,0.0,0.32,0.32,lastPrice,0.4685989169101093,0.043
2026-05-15,708.9299926757812,2026-06-12,0.07671232876712329,put,535.0,0.7546584366965475,0.0,0.0,0.31,0.31,lastPrice,0.45339574467158045,0.043
2026-05-15,708.9299926757812,2026-06-12,0.07671232876712329,call,540.0,0.7617113192824966,0.0,0.0,182.01,182.01,lastPrice,0.9239937049616878,0.043
2026-05-15,708.9299926757812,2026-06-12,0.07671232876712329,put,540.0,0.7617113192824966,0.0,0.0,0.37,0.37,lastPrice,0.4508787815478335,0.043
2026-05-15,708.9299926757812,2026-06-12,0.07671232876712329,call,545.0,0.7687642018684456,0.0,0.0,167.2,167.2,lastPrice,0.5460360905297882,0.043
2026-05-15,708.9299926757812,2026-06-12,0.07671232876712329,put,545.0,0.7687642018684456,0.0,0.0,0.4,0.4,lastPrice,0.4423285356066851,0.043
2026-05-15,708.9299926757812,2026-06-12,0.07671232876712329,put,550.0,0.7758170844543947,0.0,0.0,0.48,0.48,lastPrice,0.44036115749514676,0.043
2026-05-15,708.9299926757812,2026-06-12,0.07671232876712329,call,555.0,0.7828699670403437,0.0,0.0,166.39,166.39,lastPrice,0.8399446514829321,0.043
2026-05-15,708.9299926757812,2026-06-12,0.07671232876712329,put,555.0,0.7828699670403437,0.0,0.0,0.47,0.47,lastPrice,0.4254947781155972,0.043
2026-05-15,708.9299926757812,2026-06-12,0.07671232876712329,put,560.0,0.7899228496262928,0.0,0.0,0.52,0.52,lastPrice,0.4183215484549132,0.043
2026-05-15,708.9299926757812,2026-06-12,0.07671232876712329,call,565.0,0.7969757322122418,0.0,0.0,150.09,150.09,lastPrice,0.6122730074806869,0.043
2026-05-15,708.9299926757812,2026-06-12,0.07671232876712329,put,565.0,0.7969757322122418,0.0,0.0,0.62,0.62,lastPrice,0.41596469686546567,0.043
2026-05-15,708.9299926757812,2026-06-12,0.07671232876712329,call,570.0,0.8040286147981909,0.0,0.0,141.27,141.27,lastPrice,0.3845516627439751,0.043
2026-05-15,708.9299926757812,2026-06-12,0.07671232876712329,put,570.0,0.8040286147981909,0.0,0.0,0.67,0.67,lastPrice,0.4072573470738565,0.043
2026-05-15,708.9299926757812,2026-06-12,0.07671232876712329,put,575.0,0.8110814973841399,0.0,0.0,0.68,0.68,lastPrice,0.39441764409157204,0.043
2026-05-15,708.9299926757812,2026-06-12,0.07671232876712329,call,580.0,0.818134379970089,0.0,0.0,133.17,133.17,lastPrice,0.4813756119111945,0.043
2026-05-15,708.9299926757812,2026-06-12,0.07671232876712329,put,580.0,0.818134379970089,0.0,0.0,0.74,0.74,lastPrice,0.38605140028161944,0.043
2026-05-15,708.9299926757812,2026-06-12,0.07671232876712329,call,585.0,0.825187262556038,0.0,0.0,130.89,130.89,lastPrice,0.5632474522707253,0.043
2026-05-15,708.9299926757812,2026-06-12,0.07671232876712329,put,585.0,0.825187262556038,0.0,0.0,0.9,0.9,lastPrice,0.385026213439733,0.043
2026-05-15,708.9299926757812,2026-06-12,0.07671232876712329,call,590.0,0.8322401451419871,0.0,0.0,127.26,127.26,lastPrice,0.583697071833737,0.043
2026-05-15,708.9299926757812,2026-06-12,0.07671232876712329,put,590.0,0.8322401451419871,0.0,0.0,0.96,0.96,lastPrice,0.37522190654771287,0.043
2026-05-15,708.9299926757812,2026-06-12,0.07671232876712329,call,595.0,0.8392930277279361,0.0,0.0,127.5,127.5,lastPrice,0.6890240103719955,0.043
2026-05-15,708.9299926757812,2026-06-12,0.07671232876712329,put,595.0,0.8392930277279361,0.0,0.0,0.96,0.96,lastPrice,0.361023431212957,0.043
2026-05-15,708.9299926757812,2026-06-12,0.07671232876712329,call,600.0,0.8463459103138852,0.0,0.0,112.46,112.46,lastPrice,0.38120508190738295,0.043
2026-05-15,708.9299926757812,2026-06-12,0.07671232876712329,put,600.0,0.8463459103138852,0.0,0.0,1.2,1.2,lastPrice,0.3618757735517809,0.043
2026-05-15,708.9299926757812,2026-06-12,0.07671232876712329,call,605.0,0.8533987928998342,0.0,0.0,108.76,108.76,lastPrice,0.41989809459632194,0.043
2026-05-15,708.9299926757812,2026-06-12,0.07671232876712329,put,605.0,0.8533987928998342,0.0,0.0,1.16,1.16,lastPrice,0.34502165652969174,0.043
2026-05-15,708.9299926757812,2026-06-12,0.07671232876712329,call,610.0,0.8604516754857832,0.0,0.0,106.97,106.97,lastPrice,0.4977874847660069,0.043
2026-05-15,708.9299926757812,2026-06-12,0.07671232876712329,put,610.0,0.8604516754857832,0.0,0.0,1.36,1.36,lastPrice,0.3413571925909255,0.043
2026-05-15,708.9299926757812,2026-06-12,0.07671232876712329,call,615.0,0.8675045580717322,0.0,0.0,100.49,100.49,lastPrice,0.4392087288064552,0.043
2026-05-15,708.9299926757812,2026-06-12,0.07671232876712329,put,615.0,0.8675045580717322,0.0,0.0,1.42,1.42,lastPrice,0.32957614141565755,0.043
2026-05-15,708.9299926757812,2026-06-12,0.07671232876712329,call,620.0,0.8745574406576813,0.0,0.0,93.31,93.31,lastPrice,0.35269380275736,0.043
2026-05-15,708.9299926757812,2026-06-12,0.07671232876712329,put,620.0,0.8745574406576813,0.0,0.0,1.59,1.59,lastPrice,0.3225633345606412,0.043
2026-05-15,708.9299926757812,2026-06-12,0.07671232876712329,call,621.0,0.8759680171748712,0.0,0.0,94.6,94.6,lastPrice,0.42010271373543245,0.043
2026-05-15,708.9299926757812,2026-06-12,0.07671232876712329,put,621.0,0.8759680171748712,0.0,0.0,1.65,1.65,lastPrice,0.3221837256231648,0.043
2026-05-15,708.9299926757812,2026-06-12,0.07671232876712329,put,622.0,0.877378593692061,0.0,0.0,1.67,1.67,lastPrice,0.32001485503829336,0.043
2026-05-15,708.9299926757812,2026-06-12,0.07671232876712329,call,623.0,0.8787891702092507,0.0,0.0,93.19,93.19,lastPrice,0.42812024188597286,0.043
2026-05-15,708.9299926757812,2026-06-12,0.07671232876712329,put,623.0,0.8787891702092507,0.0,0.0,1.8,1.8,lastPrice,0.32241814910947564,0.043
2026-05-15,708.9299926757812,2026-06-12,0.07671232876712329,call,624.0,0.8801997467264405,0.0,0.0,92.52,92.52,lastPrice,0.43262843394156963,0.043
2026-05-15,708.9299926757812,2026-06-12,0.07671232876712329,put,624.0,0.8801997467264405,0.0,0.0,1.99,1.99,lastPrice,0.3269028325321614,0.043
2026-05-15,708.9299926757812,2026-06-12,0.07671232876712329,call,625.0,0.8816103232436303,0.0,0.0,90.75,90.75,lastPrice,0.40927542412241585,0.043
2026-05-15,708.9299926757812,2026-06-12,0.07671232876712329,put,625.0,0.8816103232436303,0.0,0.0,2.06,2.06,lastPrice,0.32645836730366473,0.043
2026-05-15,708.9299926757812,2026-06-12,0.07671232876712329,call,626.0,0.8830208997608201,0.0,0.0,90.18,90.18,lastPrice,0.4165576181327378,0.043
2026-05-15,708.9299926757812,2026-06-12,0.07671232876712329,put,626.0,0.8830208997608201,0.0,0.0,1.89,1.89,lastPrice,0.3167844515673408,0.043
2026-05-15,708.9299926757812,2026-06-12,0.07671232876712329,call,627.0,0.88443147627801,0.0,0.0,97.36,97.36,lastPrice,0.5835998923696996,0.043
2026-05-15,708.9299926757812,2026-06-12,0.07671232876712329,put,627.0,0.88443147627801,0.0,0.0,2.0,2.0,lastPrice,0.3179227922565009,0.043
2026-05-15,708.9299926757812,2026-06-12,0.07671232876712329,put,628.0,0.8858420527951998,0.0,0.0,2.02,2.02,lastPrice,0.31555226372322454,0.043
2026-05-15,708.9299926757812,2026-06-12,0.07671232876712329,call,629.0,0.8872526293123896,0.0,0.0,82.62,82.62,lastPrice,0.2444030214768782,0.043
2026-05-15,708.9299926757812,2026-06-12,0.07671232876712329,put,629.0,0.8872526293123896,0.0,0.0,2.09,2.09,lastPrice,0.3150115962584923,0.043
2026-05-15,708.9299926757812,2026-06-12,0.07671232876712329,call,630.0,0.8886632058295794,0.0,0.0,84.01,84.01,lastPrice,0.34236001919915987,0.043
2026-05-15,708.9299926757812,2026-06-12,0.07671232876712329,put,630.0,0.8886632058295794,0.0,0.0,2.26,2.26,lastPrice,0.31794071752689973,0.043
2026-05-15,708.9299926757812,2026-06-12,0.07671232876712329,call,631.0,0.8900737823467691,0.0,0.0,83.49,83.49,lastPrice,0.3531348291207671,0.043
2026-05-15,708.9299926757812,2026-06-12,0.07671232876712329,put,631.0,0.8900737823467691,0.0,0.0,2.4,2.4,lastPrice,0.319564074287743,0.043
2026-05-15,708.9299926757812,2026-06-12,0.07671232876712329,call,632.0,0.891484358863959,0.0,0.0,84.02,84.02,lastPrice,0.3900164076475746,0.043
2026-05-15,708.9299926757812,2026-06-12,0.07671232876712329,put,632.0,0.891484358863959,0.0,0.0,2.13,2.13,lastPrice,0.30700361235131535,0.043
2026-05-15,708.9299926757812,2026-06-12,0.07671232876712329,call,633.0,0.8928949353811488,0.0,0.0,90.19,90.19,lastPrice,0.535046999202593,0.043
2026-05-15,708.9299926757812,2026-06-12,0.07671232876712329,put,633.0,0.8928949353811488,0.0,0.0,2.21,2.21,lastPrice,0.30665046385273537,0.043
2026-05-15,708.9299926757812,2026-06-12,0.07671232876712329,call,634.0,0.8943055118983386,0.0,0.0,89.33,89.33,lastPrice,0.5331724528059649,0.043
2026-05-15,708.9299926757812,2026-06-12,0.07671232876712329,put,634.0,0.8943055118983386,0.0,0.0,1.74,1.74,lastPrice,0.28632912228534474,0.043
2026-05-15,708.9299926757812,2026-06-12,0.07671232876712329,call,635.0,0.8957160884155284,0.0,0.0,78.47,78.47,lastPrice,0.3082849891715362,0.043
2026-05-15,708.9299926757812,2026-06-12,0.07671232876712329,put,635.0,0.8957160884155284,0.0,0.0,2.56,2.56,lastPrice,0.3118814057815577,0.043
2026-05-15,708.9299926757812,2026-06-12,0.07671232876712329,put,636.0,0.8971266649327182,0.0,0.0,2.37,2.37,lastPrice,0.3024732321589458,0.043
2026-05-15,708.9299926757812,2026-06-12,0.07671232876712329,put,637.0,0.8985372414499081,0.0,0.0,2.65,2.65,lastPrice,0.3081849886319743,0.043
2026-05-15,708.9299926757812,2026-06-12,0.07671232876712329,call,638.0,0.8999478179670979,0.0,0.0,73.65,73.65,lastPrice,0.2207564460231061,0.043
2026-05-15,708.9299926757812,2026-06-12,0.07671232876712329,put,638.0,0.8999478179670979,0.0,0.0,2.47,2.47,lastPrice,0.29925575543799254,0.043
2026-05-15,708.9299926757812,2026-06-12,0.07671232876712329,call,639.0,0.9013583944842877,0.0,0.0,78.72,78.72,lastPrice,0.40197961487253125,0.043
2026-05-15,708.9299926757812,2026-06-12,0.07671232876712329,put,639.0,0.9013583944842877,0.0,0.0,2.68,2.68,lastPrice,0.30254117127634017,0.043
2026-05-15,708.9299926757812,2026-06-12,0.07671232876712329,call,640.0,0.9027689710014775,0.0,0.0,71.17,71.17,lastPrice,0.16922159713693932,0.043
2026-05-15,708.9299926757812,2026-06-12,0.07671232876712329,put,640.0,0.9027689710014775,0.0,0.0,3.03,3.03,lastPrice,0.30957966999758724,0.043
2026-05-15,708.9299926757812,2026-06-12,0.07671232876712329,call,641.0,0.9041795475186672,0.0,0.0,71.57,71.57,lastPrice,0.25690827912665753,0.043
2026-05-15,708.9299926757812,2026-06-12,0.07671232876712329,put,641.0,0.9041795475186672,0.0,0.0,2.56,2.56,lastPrice,0.2923099873517868,0.043
2026-05-15,708.9299926757812,2026-06-12,0.07671232876712329,put,642.0,0.905590124035857,0.0,0.0,2.53,2.53,lastPrice,0.28812461896512054,0.043
2026-05-15,708.9299926757812,2026-06-12,0.07671232876712329,call,643.0,0.9070007005530469,0.0,0.0,77.47,77.47,lastPrice,0.44070610844569663,0.043
2026-05-15,708.9299926757812,2026-06-12,0.07671232876712329,put,643.0,0.9070007005530469,0.0,0.0,3.25,3.25,lastPrice,0.3055904247495872,0.043
2026-05-15,708.9299926757812,2026-06-12,0.07671232876712329,put,644.0,0.9084112770702367,0.0,0.0,2.81,2.81,lastPrice,0.2898646716258991,0.043
2026-05-15,708.9299926757812,2026-06-12,0.07671232876712329,call,645.0,0.9098218535874265,0.0,0.0,66.57,66.57,lastPrice,0.19566251088536718,0.043
2026-05-15,708.9299926757812,2026-06-12,0.07671232876712329,put,645.0,0.9098218535874265,0.0,0.0,2.91,2.91,lastPrice,0.28938277533152756,0.043
2026-05-15,708.9299926757812,2026-06-12,0.07671232876712329,call,646.0,0.9112324301046163,0.0,0.0,67.92,67.92,lastPrice,0.28469823335096633,0.043
2026-05-15,708.9299926757812,2026-06-12,0.07671232876712329,put,646.0,0.9112324301046163,0.0,0.0,3.06,3.06,lastPrice,0.29019455809649586,0.043
2026-05-15,708.9299926757812,2026-06-12,0.07671232876712329,call,647.0,0.9126430066218061,0.0,0.0,68.48,68.48,lastPrice,0.3211368959410486,0.043
2026-05-15,708.9299926757812,2026-06-12,0.07671232876712329,put,647.0,0.9126430066218061,0.0,0.0,2.65,2.65,lastPrice,0.2752968705257778,0.043
2026-05-15,708.9299926757812,2026-06-12,0.07671232876712329,call,648.0,0.914053583138996,0.0,0.0,70.19,70.19,lastPrice,0.37568982074104573,0.043
2026-05-15,708.9299926757812,2026-06-12,0.07671232876712329,put,648.0,0.914053583138996,0.0,0.0,3.47,3.47,lastPrice,0.29423862501580295,0.043
2026-05-15,708.9299926757812,2026-06-12,0.07671232876712329,put,649.0,0.9154641596561858,0.0,0.0,3.15,3.15,lastPrice,0.28243917420467163,0.043
2026-05-15,708.9299926757812,2026-06-12,0.07671232876712329,call,650.0,0.9168747361733756,0.0,0.0,66.11,66.11,lastPrice,0.324280352074654,0.043
2026-05-15,708.9299926757812,2026-06-12,0.07671232876712329,put,650.0,0.9168747361733756,0.0,0.0,3.91,3.91,lastPrice,0.2982025941597125,0.043
2026-05-15,708.9299926757812,2026-06-12,0.07671232876712329,call,651.0,0.9182853126905653,0.0,0.0,75.51,75.51,lastPrice,0.5098682518704968,0.043
2026-05-15,708.9299926757812,2026-06-12,0.07671232876712329,put,651.0,0.9182853126905653,0.0,0.0,3.81,3.81,lastPrice,0.2922333368803431,0.043
2026-05-15,708.9299926757812,2026-06-12,0.07671232876712329,call,652.0,0.9196958892077551,0.0,0.0,64.03,64.03,lastPrice,0.3149287293628585,0.043
2026-05-15,708.9299926757812,2026-06-12,0.07671232876712329,put,652.0,0.9196958892077551,0.0,0.0,3.87,3.87,lastPrice,0.2901376561074286,0.043
2026-05-15,708.9299926757812,2026-06-12,0.07671232876712329,put,653.0,0.921106465724945,0.0,0.0,3.95,3.95,lastPrice,0.2884818848298916,0.043
2026-05-15,708.9299926757812,2026-06-12,0.07671232876712329,call,654.0,0.9225170422421348,0.0,0.0,62.38,62.38,lastPrice,0.314832353877463,0.043
2026-05-15,708.9299926757812,2026-06-12,0.07671232876712329,put,654.0,0.9225170422421348,0.0,0.0,3.88,3.88,lastPrice,0.28326253746112146,0.043
2026-05-15,708.9299926757812,2026-06-12,0.07671232876712329,call,655.0,0.9239276187593246,0.0,0.0,61.06,61.06,lastPrice,0.3041769204912184,0.043
2026-05-15,708.9299926757812,2026-06-12,0.07671232876712329,put,655.0,0.9239276187593246,0.0,0.0,4.47,4.47,lastPrice,0.2931751502866862,0.043
2026-05-15,708.9299926757812,2026-06-12,0.07671232876712329,call,656.0,0.9253381952765144,0.0,0.0,57.87,57.87,lastPrice,0.24892502828054183,0.043
2026-05-15,708.9299926757812,2026-06-12,0.07671232876712329,put,656.0,0.9253381952765144,0.0,0.0,4.39,4.39,lastPrice,0.2877331556552949,0.043
2026-05-15,708.9299926757812,2026-06-12,0.07671232876712329,call,657.0,0.9267487717937042,0.0,0.0,58.33,58.33,lastPrice,0.2806563580272263,0.043
2026-05-15,708.9299926757812,2026-06-12,0.07671232876712329,put,657.0,0.9267487717937042,0.0,0.0,3.68,3.68,lastPrice,0.267888705397913,0.043
2026-05-15,708.9299926757812,2026-06-12,0.07671232876712329,call,658.0,0.928159348310894,0.0,0.0,54.31,54.31,lastPrice,0.19430730756782089,0.043
2026-05-15,708.9299926757812,2026-06-12,0.07671232876712329,put,658.0,0.928159348310894,0.0,0.0,3.98,3.98,lastPrice,0.27125584666996155,0.043
2026-05-15,708.9299926757812,2026-06-12,0.07671232876712329,call,659.0,0.9295699248280839,0.0,0.0,66.49,66.49,lastPrice,0.4555478552590327,0.043
2026-05-15,708.9299926757812,2026-06-12,0.07671232876712329,put,659.0,0.9295699248280839,0.0,0.0,4.59,4.59,lastPrice,0.28106386816953877,0.043
2026-05-15,708.9299926757812,2026-06-12,0.07671232876712329,call,660.0,0.9309805013452737,0.0,0.0,58.71,58.71,lastPrice,0.33645357073900434,0.043
2026-05-15,708.9299926757812,2026-06-12,0.07671232876712329,put,660.0,0.9309805013452737,0.0,0.0,4.7,4.7,lastPrice,0.279690077069393,0.043
2026-05-15,708.9299926757812,2026-06-12,0.07671232876712329,put,661.0,0.9323910778624634,0.0,0.0,4.42,4.42,lastPrice,0.2700209795685852,0.043
2026-05-15,708.9299926757812,2026-06-12,0.07671232876712329,call,662.0,0.9338016543796532,0.0,0.0,57.91,57.91,lastPrice,0.3494213567749084,0.043
2026-05-15,708.9299926757812,2026-06-12,0.07671232876712329,put,662.0,0.9338016543796532,0.0,0.0,4.42,4.42,lastPrice,0.26632546915346783,0.043
2026-05-15,708.9299926757812,2026-06-12,0.07671232876712329,put,663.0,0.935212230896843,0.0,0.0,4.56,4.56,lastPrice,0.26556175857276215,0.043
2026-05-15,708.9299926757812,2026-06-12,0.07671232876712329,call,664.0,0.9366228074140329,0.0,0.0,52.05,52.05,lastPrice,0.2694694800214229,0.043
2026-05-15,708.9299926757812,2026-06-12,0.07671232876712329,put,664.0,0.9366228074140329,0.0,0.0,5.13,5.13,lastPrice,0.2734209070621993,0.043
2026-05-15,708.9299926757812,2026-06-12,0.07671232876712329,call,665.0,0.9380333839312227,0.0,0.0,54.16,54.16,lastPrice,0.3234858643817178,0.043
2026-05-15,708.9299926757812,2026-06-12,0.07671232876712329,put,665.0,0.9380333839312227,0.0,0.0,4.92,4.92,lastPrice,0.26540375110273395,0.043
2026-05-15,708.9299926757812,2026-06-12,0.07671232876712329,call,666.0,0.9394439604484125,0.0,0.0,51.83,51.83,lastPrice,0.2955556159042762,0.043
2026-05-15,708.9299926757812,2026-06-12,0.07671232876712329,put,666.0,0.9394439604484125,0.0,0.0,4.68,4.68,lastPrice,0.256778552657607,0.043
2026-05-15,708.9299926757812,2026-06-12,0.07671232876712329,call,667.0,0.9408545369656023,0.0,0.0,51.26,51.26,lastPrice,0.2991658790387953,0.043
2026-05-15,708.9299926757812,2026-06-12,0.07671232876712329,put,667.0,0.9408545369656023,0.0,0.0,5.17,5.17,lastPrice,0.26269274825251054,0.043
2026-05-15,708.9299926757812,2026-06-12,0.07671232876712329,put,668.0,0.9422651134827921,0.0,0.0,5.22,5.22,lastPrice,0.2597978650932882,0.043
2026-05-15,708.9299926757812,2026-06-12,0.07671232876712329,call,669.0,0.943675689999982,0.0,0.0,46.89,46.89,lastPrice,0.24693599277279246,0.043
2026-05-15,708.9299926757812,2026-06-12,0.07671232876712329,put,669.0,0.943675689999982,0.0,0.0,5.4,5.4,lastPrice,0.25934796839188007,0.043
2026-05-15,708.9299926757812,2026-06-12,0.07671232876712329,call,670.0,0.9450862665171718,0.0,0.0,51.18,51.18,lastPrice,0.3355757857770021,0.043
2026-05-15,708.9299926757812,2026-06-12,0.07671232876712329,put,670.0,0.9450862665171718,0.0,0.0,5.96,5.96,lastPrice,0.26582011323211674,0.043
2026-05-15,708.9299926757812,2026-06-12,0.07671232876712329,call,671.0,0.9464968430343615,0.0,0.0,43.29,43.29,lastPrice,0.2062241278563021,0.043
2026-05-15,708.9299926757812,2026-06-12,0.07671232876712329,put,671.0,0.9464968430343615,0.0,0.0,5.38,5.38,lastPrice,0.2511351261275189,0.043
2026-05-15,708.9299926757812,2026-06-12,0.07671232876712329,call,672.0,0.9479074195515513,0.0,0.0,47.1,47.1,lastPrice,0.2924833859536178,0.043
2026-05-15,708.9299926757812,2026-06-12,0.07671232876712329,put,672.0,0.9479074195515513,0.0,0.0,5.98,5.98,lastPrice,0.2581630201489351,0.043
2026-05-15,708.9299926757812,2026-06-12,0.07671232876712329,call,673.0,0.9493179960687411,0.0,0.0,42.5,42.5,lastPrice,0.223822024787172,0.043
2026-05-15,708.9299926757812,2026-06-12,0.07671232876712329,put,673.0,0.9493179960687411,0.0,0.0,6.06,6.06,lastPrice,0.2555614747563971,0.043
2026-05-15,708.9299926757812,2026-06-12,0.07671232876712329,call,674.0,0.9507285725859309,0.0,0.0,45.34,45.34,lastPrice,0.2877923107211867,0.043
2026-05-15,708.9299926757812,2026-06-12,0.07671232876712329,put,674.0,0.9507285725859309,0.0,0.0,6.98,6.98,lastPrice,0.26749228747148474,0.043
2026-05-15,708.9299926757812,2026-06-12,0.07671232876712329,call,675.0,0.9521391491031208,0.0,0.0,46.51,46.51,lastPrice,0.3181094376480785,0.043
2026-05-15,708.9299926757812,2026-06-12,0.07671232876712329,put,675.0,0.9521391491031208,0.0,0.0,7.0,7.0,lastPrice,0.2636475223149373,0.043
2026-05-15,708.9299926757812,2026-06-12,0.07671232876712329,call,676.0,0.9535497256203106,0.0,0.0,40.79,40.79,lastPrice,0.23587008846604463,0.043
2026-05-15,708.9299926757812,2026-06-12,0.07671232876712329,put,676.0,0.9535497256203106,0.0,0.0,7.03,7.03,lastPrice,0.2599513709527353,0.043
2026-05-15,708.9299926757812,2026-06-12,0.07671232876712329,call,677.0,0.9549603021375004,0.0,0.0,39.79,39.79,lastPrice,0.23177569793844804,0.043
2026-05-15,708.9299926757812,2026-06-12,0.07671232876712329,put,677.0,0.9549603021375004,0.0,0.0,7.5,7.5,lastPrice,0.26352258888592345,0.043
2026-05-15,708.9299926757812,2026-06-12,0.07671232876712329,call,678.0,0.9563708786546902,0.0,0.0,44.74,44.74,lastPrice,0.3230069250308816,0.043
2026-05-15,708.9299926757812,2026-06-12,0.07671232876712329,put,678.0,0.9563708786546902,0.0,0.0,6.99,6.99,lastPrice,0.25083257549439925,0.043
2026-05-15,708.9299926757812,2026-06-12,0.07671232876712329,call,679.0,0.95778145517188,0.0,0.0,38.05,38.05,lastPrice,0.2280208989208651,0.043
2026-05-15,708.9299926757812,2026-06-12,0.07671232876712329,put,679.0,0.95778145517188,0.0,0.0,7.21,7.21,lastPrice,0.2501970780953104,0.043
2026-05-15,708.9299926757812,2026-06-12,0.07671232876712329,call,680.0,0.9591920316890699,0.0,0.0,40.08,40.08,lastPrice,0.2729413479071009,0.043
2026-05-15,708.9299926757812,2026-06-12,0.07671232876712329,put,680.0,0.9591920316890699,0.0,0.0,8.29,8.29,lastPrice,0.26320023202941134,0.043
2026-05-15,708.9299926757812,2026-06-12,0.07671232876712329,call,681.0,0.9606026082062596,0.0,0.0,41.74,41.74,lastPrice,0.30869452559083727,0.043
2026-05-15,708.9299926757812,2026-06-12,0.07671232876712329,put,681.0,0.9606026082062596,0.0,0.0,8.39,8.39,lastPrice,0.26033512416866067,0.043
2026-05-15,708.9299926757812,2026-06-12,0.07671232876712329,call,682.0,0.9620131847234494,0.0,0.0,45.99,45.99,lastPrice,0.3795926109186503,0.043
2026-05-15,708.9299926757812,2026-06-12,0.07671232876712329,put,682.0,0.9620131847234494,0.0,0.0,7.59,7.59,lastPrice,0.2433167133986383,0.043
2026-05-15,708.9299926757812,2026-06-12,0.07671232876712329,call,683.0,0.9634237612406392,0.0,0.0,45.89,45.89,lastPrice,0.38704528057258913,0.043
2026-05-15,708.9299926757812,2026-06-12,0.07671232876712329,put,683.0,0.9634237612406392,0.0,0.0,8.42,8.42,lastPrice,0.2518513955757252,0.043
2026-05-15,708.9299926757812,2026-06-12,0.07671232876712329,call,684.0,0.964834337757829,0.0,0.0,44.39,44.39,lastPrice,0.3747952690804975,0.043
2026-05-15,708.9299926757812,2026-06-12,0.07671232876712329,put,684.0,0.964834337757829,0.0,0.0,8.26,8.26,lastPrice,0.2448860454090361,0.043
2026-05-15,708.9299926757812,2026-06-12,0.07671232876712329,call,685.0,0.9662449142750189,0.0,0.0,36.72,36.72,lastPrice,0.2744196218470194,0.043
2026-05-15,708.9299926757812,2026-06-12,0.07671232876712329,put,685.0,0.9662449142750189,0.0,0.0,9.76,9.76,lastPrice,0.2629664808902329,0.043
2026-05-15,708.9299926757812,2026-06-12,0.07671232876712329,call,686.0,0.9676554907922087,0.0,0.0,43.04,43.04,lastPrice,0.3732712050704409,0.043
2026-05-15,708.9299926757812,2026-06-12,0.07671232876712329,put,686.0,0.9676554907922087,0.0,0.0,10.0,10.0,lastPrice,0.2618177880828344,0.043
2026-05-15,708.9299926757812,2026-06-12,0.07671232876712329,call,687.0,0.9690660673093985,0.0,0.0,41.85,41.85,lastPrice,0.36531472063352544,0.043
2026-05-15,708.9299926757812,2026-06-12,0.07671232876712329,put,687.0,0.9690660673093985,0.0,0.0,8.51,8.51,lastPrice,0.23502507613872042,0.043
2026-05-15,708.9299926757812,2026-06-12,0.07671232876712329,call,688.0,0.9704766438265883,0.0,0.0,40.45,40.45,lastPrice,0.35446376541790947,0.043
2026-05-15,708.9299926757812,2026-06-12,0.07671232876712329,put,688.0,0.9704766438265883,0.0,0.0,8.93,8.93,lastPrice,0.23663433786374782,0.043
2026-05-15,708.9299926757812,2026-06-12,0.07671232876712329,call,689.0,0.9718872203437781,0.0,0.0,33.26,33.26,lastPrice,0.2627631411429633,0.043
2026-05-15,708.9299926757812,2026-06-12,0.07671232876712329,put,689.0,0.9718872203437781,0.0,0.0,9.27,9.27,lastPrice,0.23692090900663193,0.043
2026-05-15,708.9299926757812,2026-06-12,0.07671232876712329,call,690.0,0.9732977968609678,0.0,0.0,31.0,31.0,lastPrice,0.2397918979866838,0.043
2026-05-15,708.9299926757812,2026-06-12,0.07671232876712329,put,690.0,0.9732977968609678,0.0,0.0,10.92,10.92,lastPrice,0.25584458767653734,0.043
2026-05-15,708.9299926757812,2026-06-12,0.07671232876712329,call,691.0,0.9747083733781577,0.0,0.0,31.6,31.6,lastPrice,0.2575992493431325,0.043
2026-05-15,708.9299926757812,2026-06-12,0.07671232876712329,put,691.0,0.9747083733781577,0.0,0.0,9.9,9.9,lastPrice,0.23641981043935592,0.043
2026-05-15,708.9299926757812,2026-06-12,0.07671232876712329,call,692.0,0.9761189498953475,0.0,0.0,29.91,29.91,lastPrice,0.24286509916326296,0.043
2026-05-15,708.9299926757812,2026-06-12,0.07671232876712329,put,692.0,0.9761189498953475,0.0,0.0,10.3,10.3,lastPrice,0.23720785792211743,0.043
2026-05-15,708.9299926757812,2026-06-12,0.07671232876712329,call,693.0,0.9775295264125373,0.0,0.0,28.66,28.66,lastPrice,0.23433422718201716,0.043
2026-05-15,708.9299926757812,2026-06-12,0.07671232876712329,put,693.0,0.9775295264125373,0.0,0.0,11.09,11.09,lastPrice,0.24331314139548624,0.043
2026-05-15,708.9299926757812,2026-06-12,0.07671232876712329,call,694.0,0.9789401029297271,0.0,0.0,30.7,30.7,lastPrice,0.2711729064184945,0.043
2026-05-15,708.9299926757812,2026-06-12,0.07671232876712329,put,694.0,0.9789401029297271,0.0,0.0,10.25,10.25,lastPrice,0.22657696571094957,0.043
2026-05-15,708.9299926757812,2026-06-12,0.07671232876712329,call,695.0,0.9803506794469169,0.0,0.0,29.6,29.6,lastPrice,0.2645017203810215,0.043
2026-05-15,708.9299926757812,2026-06-12,0.07671232876712329,put,695.0,0.9803506794469169,0.0,0.0,11.23,11.23,lastPrice,0.23509768612644855,0.043
2026-05-15,708.9299926757812,2026-06-12,0.07671232876712329,call,696.0,0.9817612559641068,0.0,0.0,34.94,34.94,lastPrice,0.34391716266344385,0.043
2026-05-15,708.9299926757812,2026-06-12,0.07671232876712329,put,696.0,0.9817612559641068,0.0,0.0,10.73,10.73,lastPrice,0.22310027834315796,0.043
2026-05-15,708.9299926757812,2026-06-12,0.07671232876712329,call,697.0,0.9831718324812966,0.0,0.0,34.31,34.31,lastPrice,0.3430809667563019,0.043
2026-05-15,708.9299926757812,2026-06-12,0.07671232876712329,put,697.0,0.9831718324812966,0.0,0.0,12.2,12.2,lastPrice,0.2379256120785664,0.043
2026-05-15,708.9299926757812,2026-06-12,0.07671232876712329,call,698.0,0.9845824089984864,0.0,0.0,25.46,25.46,lastPrice,0.23304156546902324,0.043
2026-05-15,708.9299926757812,2026-06-12,0.07671232876712329,put,698.0,0.9845824089984864,0.0,0.0,11.65,11.65,lastPrice,0.22520831538139935,0.043
2026-05-15,708.9299926757812,2026-06-12,0.07671232876712329,call,699.0,0.9859929855156762,0.0,0.0,24.96,24.96,lastPrice,0.23432587821412193,0.043
2026-05-15,708.9299926757812,2026-06-12,0.07671232876712329,put,699.0,0.9859929855156762,0.0,0.0,12.2,12.2,lastPrice,0.22726525753623536,0.043
2026-05-15,708.9299926757812,2026-06-12,0.07671232876712329,call,700.0,0.987403562032866,0.0,0.0,23.09,23.09,lastPrice,0.21725849806247588,0.043
2026-05-15,708.9299926757812,2026-06-12,0.07671232876712329,put,700.0,0.987403562032866,0.0,0.0,14.45,14.45,lastPrice,0.2517043438963751,0.043
2026-05-15,708.9299926757812,2026-06-12,0.07671232876712329,call,701.0,0.9888141385500558,0.0,0.0,23.61,23.61,lastPrice,0.23188917369292297,0.043
2026-05-15,708.9299926757812,2026-06-12,0.07671232876712329,put,701.0,0.9888141385500558,0.0,0.0,14.9,14.9,lastPrice,0.2520254422554074,0.043
2026-05-15,708.9299926757812,2026-06-12,0.07671232876712329,call,702.0,0.9902247150672456,0.0,0.0,29.29,29.29,lastPrice,0.31352027080821815,0.043
2026-05-15,708.9299926757812,2026-06-12,0.07671232876712329,put,702.0,0.9902247150672456,0.0,0.0,13.1,13.1,lastPrice,0.2227267478403523,0.043
2026-05-15,708.9299926757812,2026-06-12,0.07671232876712329,call,703.0,0.9916352915844354,0.0,0.0,23.5,23.5,lastPrice,0.24523989033344684,0.043
2026-05-15,708.9299926757812,2026-06-12,0.07671232876712329,put,703.0,0.9916352915844354,0.0,0.0,12.67,12.67,lastPrice,0.21145488683809818,0.043
2026-05-15,708.9299926757812,2026-06-12,0.07671232876712329,call,704.0,0.9930458681016252,0.0,0.0,23.41,23.41,lastPrice,0.2511997778073927,0.043
2026-05-15,708.9299926757812,2026-06-12,0.07671232876712329,put,704.0,0.9930458681016252,0.0,0.0,14.57,14.57,lastPrice,0.23052106704495504,0.043
2026-05-15,708.9299926757812,2026-06-12,0.07671232876712329,call,705.0,0.994456444618815,0.0,0.0,23.15,23.15,lastPrice,0.25480983546670516,0.043
2026-05-15,708.9299926757812,2026-06-12,0.07671232876712329,put,705.0,0.994456444618815,0.0,0.0,15.62,15.62,lastPrice,0.23827031819573175,0.043
2026-05-15,708.9299926757812,2026-06-12,0.07671232876712329,call,706.0,0.9958670211360048,0.0,0.0,21.64,21.64,lastPrice,0.24217399537263481,0.043
2026-05-15,708.9299926757812,2026-06-12,0.07671232876712329,put,706.0,0.9958670211360048,0.0,0.0,16.05,16.05,lastPrice,0.23785195139955595,0.043
2026-05-15,708.9299926757812,2026-06-12,0.07671232876712329,call,707.0,0.9972775976531947,0.0,0.0,18.82,18.82,lastPrice,0.2126365218690745,0.043
2026-05-15,708.9299926757812,2026-06-12,0.07671232876712329,put,707.0,0.9972775976531947,0.0,0.0,15.81,15.81,lastPrice,0.22870558672297928,0.043
2026-05-15,708.9299926757812,2026-06-12,0.07671232876712329,call,708.0,0.9986881741703845,0.0,0.0,19.53,19.53,lastPrice,0.22845976952877706,0.043
2026-05-15,708.9299926757812,2026-06-12,0.07671232876712329,put,708.0,0.9986881741703845,0.0,0.0,17.6,17.6,lastPrice,0.2455492166384948,0.043
2026-05-15,708.9299926757812,2026-06-12,0.07671232876712329,call,709.0,1.0000987506875743,0.0,0.0,19.75,19.75,lastPrice,0.23781420702918124,0.043
2026-05-15,708.9299926757812,2026-06-12,0.07671232876712329,put,709.0,1.0000987506875743,0.0,0.0,16.69,16.69,lastPrice,0.22762949258365844,0.043
2026-05-15,708.9299926757812,2026-06-12,0.07671232876712329,call,710.0,1.0015093272047642,0.0,0.0,17.37,17.37,lastPrice,0.21377512959857492,0.043
2026-05-15,708.9299926757812,2026-06-12,0.07671232876712329,put,710.0,1.0015093272047642,0.0,0.0,18.15,18.15,lastPrice,0.23996892630674363,0.043
2026-05-15,708.9299926757812,2026-06-12,0.07671232876712329,call,711.0,1.0029199037219538,0.0,0.0,17.74,17.74,lastPrice,0.22481080400809053,0.043
2026-05-15,708.9299926757812,2026-06-12,0.07671232876712329,put,711.0,1.0029199037219538,0.0,0.0,19.02,19.02,lastPrice,0.2446312499529402,0.043
2026-05-15,708.9299926757812,2026-06-12,0.07671232876712329,call,712.0,1.0043304802391437,0.0,0.0,17.59,17.59,lastPrice,0.22907429504466034,0.043
2026-05-15,708.9299926757812,2026-06-12,0.07671232876712329,put,712.0,1.0043304802391437,0.0,0.0,17.37,17.37,lastPrice,0.21700598802044446,0.043
2026-05-15,708.9299926757812,2026-06-12,0.07671232876712329,call,713.0,1.0057410567563334,0.0,0.0,15.21,15.21,lastPrice,0.2047530516027975,0.043
2026-05-15,708.9299926757812,2026-06-12,0.07671232876712329,put,713.0,1.0057410567563334,0.0,0.0,19.59,19.59,lastPrice,0.2386870380447726,0.043
2026-05-15,708.9299926757812,2026-06-12,0.07671232876712329,call,714.0,1.0071516332735233,0.0,0.0,14.72,14.72,lastPrice,0.20443612278077475,0.043
2026-05-15,708.9299926757812,2026-06-12,0.07671232876712329,put,714.0,1.0071516332735233,0.0,0.0,20.47,20.47,lastPrice,0.24315297362681804,0.043
2026-05-15,708.9299926757812,2026-06-12,0.07671232876712329,call,715.0,1.0085622097907132,0.0,0.0,14.18,14.18,lastPrice,0.20335371891313334,0.043
2026-05-15,708.9299926757812,2026-06-12,0.07671232876712329,put,715.0,1.0085622097907132,0.0,0.0,19.35,19.35,lastPrice,0.22195628008064391,0.043
2026-05-15,708.9299926757812,2026-06-12,0.07671232876712329,call,716.0,1.0099727863079029,0.0,0.0,15.88,15.88,lastPrice,0.23083154007216966,0.043
2026-05-15,708.9299926757812,2026-06-12,0.07671232876712329,put,716.0,1.0099727863079029,0.0,0.0,18.9,18.9,lastPrice,0.20916393586052337,0.043
2026-05-15,708.9299926757812,2026-06-12,0.07671232876712329,call,717.0,1.0113833628250928,0.0,0.0,14.62,14.62,lastPrice,0.22031784372333416,0.043
2026-05-15,708.9299926757812,2026-06-12,0.07671232876712329,put,717.0,1.0113833628250928,0.0,0.0,19.32,19.32,lastPrice,0.20736731360185146,0.043
2026-05-15,708.9299926757812,2026-06-12,0.07671232876712329,call,718.0,1.0127939393422825,0.0,0.0,14.71,14.71,lastPrice,0.22700187782142955,0.043
2026-05-15,708.9299926757812,2026-06-12,0.07671232876712329,put,718.0,1.0127939393422825,0.0,0.0,19.49,19.49,lastPrice,0.2022157478255616,0.043
2026-05-15,708.9299926757812,2026-06-12,0.07671232876712329,call,719.0,1.0142045158594724,0.0,0.0,16.6,16.6,lastPrice,0.25676523243617544,0.043
2026-05-15,708.9299926757812,2026-06-12,0.07671232876712329,put,719.0,1.0142045158594724,0.0,0.0,22.5,22.5,lastPrice,0.23357676548092315,0.043
2026-05-15,708.9299926757812,2026-06-12,0.07671232876712329,call,720.0,1.0156150923766623,0.0,0.0,11.95,11.95,lastPrice,0.20205894112183,0.043
2026-05-15,708.9299926757812,2026-06-12,0.07671232876712329,put,720.0,1.0156150923766623,0.0,0.0,23.8,23.8,lastPrice,0.24285823058422448,0.043
2026-05-15,708.9299926757812,2026-06-12,0.07671232876712329,call,721.0,1.017025668893852,0.0,0.0,12.08,12.08,lastPrice,0.20893403729310484,0.043
2026-05-15,708.9299926757812,2026-06-12,0.07671232876712329,put,721.0,1.017025668893852,0.0,0.0,21.39,21.39,lastPrice,0.20390257928452402,0.043
2026-05-15,708.9299926757812,2026-06-12,0.07671232876712329,call,722.0,1.0184362454110418,0.0,0.0,13.57,13.57,lastPrice,0.23349218637124572,0.043
2026-05-15,708.9299926757812,2026-06-12,0.07671232876712329,put,722.0,1.0184362454110418,0.0,0.0,22.94,22.94,lastPrice,0.21623722906255152,0.043
2026-05-15,708.9299926757812,2026-06-12,0.07671232876712329,call,723.0,1.0198468219282315,0.0,0.0,12.08,12.08,lastPrice,0.21908136689489238,0.043
2026-05-15,708.9299926757812,2026-06-12,0.07671232876712329,put,723.0,1.0198468219282315,0.0,0.0,18.1,18.1,lastPrice,0.14318100938117803,0.043
2026-05-15,708.9299926757812,2026-06-12,0.07671232876712329,call,724.0,1.0212573984454214,0.0,0.0,13.35,13.35,lastPrice,0.2407525702010666,0.043
2026-05-15,708.9299926757812,2026-06-12,0.07671232876712329,put,724.0,1.0212573984454214,0.0,0.0,18.32,18.32,lastPrice,0.13683961528319036,0.043
2026-05-15,708.9299926757812,2026-06-12,0.07671232876712329,call,725.0,1.0226679749626113,0.0,0.0,9.85,9.85,lastPrice,0.1992367398057232,0.043
2026-05-15,708.9299926757812,2026-06-12,0.07671232876712329,put,725.0,1.0226679749626113,0.0,0.0,23.08,23.08,lastPrice,0.19314831852655848,0.043
2026-05-15,708.9299926757812,2026-06-12,0.07671232876712329,call,726.0,1.024078551479801,0.0,0.0,12.12,12.12,lastPrice,0.23433598564605362,0.043
2026-05-15,708.9299926757812,2026-06-12,0.07671232876712329,put,726.0,1.024078551479801,0.0,0.0,26.67,26.67,lastPrice,0.2326191553319424,0.043
2026-05-15,708.9299926757812,2026-06-12,0.07671232876712329,call,727.0,1.0254891279969909,0.0,0.0,10.76,10.76,lastPrice,0.2209006092840466,0.043
2026-05-15,708.9299926757812,2026-06-12,0.07671232876712329,put,727.0,1.0254891279969909,0.0,0.0,25.85,25.85,lastPrice,0.2129925772099937,0.043
2026-05-15,708.9299926757812,2026-06-12,0.07671232876712329,call,728.0,1.0268997045141806,0.0,0.0,11.58,11.58,lastPrice,0.23661614498912267,0.043
2026-05-15,708.9299926757812,2026-06-12,0.07671232876712329,put,728.0,1.0268997045141806,0.0,0.0,26.27,26.27,lastPrice,0.20974691283189942,0.043
2026-05-15,708.9299926757812,2026-06-12,0.07671232876712329,call,729.0,1.0283102810313705,0.0,0.0,9.15,9.15,lastPrice,0.20810468176398256,0.043
2026-05-15,708.9299926757812,2026-06-12,0.07671232876712329,put,729.0,1.0283102810313705,0.0,0.0,20.85,20.85,lastPrice,0.12002572545239298,0.043
2026-05-15,708.9299926757812,2026-06-12,0.07671232876712329,call,730.0,1.0297208575485601,0.0,0.0,8.02,8.02,lastPrice,0.19671914157278478,0.043
2026-05-15,708.9299926757812,2026-06-12,0.07671232876712329,put,730.0,1.0297208575485601,0.0,0.0,29.17,29.17,lastPrice,0.231215626714363,0.043
2026-05-15,708.9299926757812,2026-06-12,0.07671232876712329,call,731.0,1.03113143406575,0.0,0.0,8.94,8.94,lastPrice,0.2139996989616405,0.043
2026-05-15,708.9299926757812,2026-06-12,0.07671232876712329,call,732.0,1.03254201058294,0.0,0.0,9.0,9.0,lastPrice,0.21917526913894944,0.043
2026-05-15,708.9299926757812,2026-06-12,0.07671232876712329,put,732.0,1.03254201058294,0.0,0.0,22.37,22.37,lastPrice,0.10349467235153258,0.043
2026-05-15,708.9299926757812,2026-06-12,0.07671232876712329,call,733.0,1.0339525871001296,0.0,0.0,7.86,7.86,lastPrice,0.207174491530081,0.043
2026-05-15,708.9299926757812,2026-06-12,0.07671232876712329,put,733.0,1.0339525871001296,0.0,0.0,32.32,32.32,lastPrice,0.24676596623976918,0.043
2026-05-15,708.9299926757812,2026-06-12,0.07671232876712329,call,734.0,1.0353631636173195,0.0,0.0,8.2,8.2,lastPrice,0.21625004592893451,0.043
2026-05-15,708.9299926757812,2026-06-12,0.07671232876712329,call,735.0,1.0367737401345092,0.0,0.0,7.03,7.03,lastPrice,0.20320006356939274,0.043
2026-05-15,708.9299926757812,2026-06-12,0.07671232876712329,put,735.0,1.0367737401345092,0.0,0.0,31.88,31.88,lastPrice,0.2208356381007627,0.043
2026-05-15,708.9299926757812,2026-06-12,0.07671232876712329,call,736.0,1.038184316651699,0.0,0.0,6.8,6.8,lastPrice,0.20373836505069323,0.043
2026-05-15,708.9299926757812,2026-06-12,0.07671232876712329,put,736.0,1.038184316651699,0.0,0.0,26.76,26.76,lastPrice,0.12463689860992914,0.043
2026-05-15,708.9299926757812,2026-06-12,0.07671232876712329,call,737.0,1.039594893168889,0.0,0.0,7.62,7.62,lastPrice,0.21999388072837983,0.043
2026-05-15,708.9299926757812,2026-06-12,0.07671232876712329,call,738.0,1.0410054696860787,0.0,0.0,6.0,6.0,lastPrice,0.19919830871940084,0.043
2026-05-15,708.9299926757812,2026-06-12,0.07671232876712329,call,739.0,1.0424160462032686,0.0,0.0,5.36,5.36,lastPrice,0.19275123991223958,0.043
2026-05-15,708.9299926757812,2026-06-12,0.07671232876712329,call,740.0,1.0438266227204582,0.0,0.0,5.14,5.14,lastPrice,0.19282014993328664,0.043
2026-05-15,708.9299926757812,2026-06-12,0.07671232876712329,put,740.0,1.0438266227204582,0.0,0.0,36.36,36.36,lastPrice,0.23345365756947542,0.043
2026-05-15,708.9299926757812,2026-06-12,0.07671232876712329,call,741.0,1.0452371992376481,0.0,0.0,6.59,6.59,lastPrice,0.21980399875679754,0.043
2026-05-15,708.9299926757812,2026-06-12,0.07671232876712329,call,742.0,1.046647775754838,0.0,0.0,5.77,5.77,lastPrice,0.21042102835623752,0.043
2026-05-15,708.9299926757812,2026-06-12,0.07671232876712329,call,743.0,1.0480583522720277,0.0,0.0,6.13,6.13,lastPrice,0.2199146904281718,0.043
2026-05-15,708.9299926757812,2026-06-12,0.07671232876712329,call,744.0,1.0494689287892176,0.0,0.0,5.46,5.46,lastPrice,0.212520922047726,0.043
2026-05-15,708.9299926757812,2026-06-12,0.07671232876712329,call,745.0,1.0508795053064073,0.0,0.0,4.24,4.24,lastPrice,0.19484921657278317,0.043
2026-05-15,708.9299926757812,2026-06-12,0.07671232876712329,put,745.0,1.0508795053064073,0.0,0.0,36.14,36.14,lastPrice,0.16147697341047437,0.043
2026-05-15,708.9299926757812,2026-06-12,0.07671232876712329,call,746.0,1.0522900818235972,0.0,0.0,4.55,4.55,lastPrice,0.20379436903257186,0.043
2026-05-15,708.9299926757812,2026-06-12,0.07671232876712329,call,747.0,1.053700658340787,0.0,0.0,5.34,5.34,lastPrice,0.22103780282957122,0.043
2026-05-15,708.9299926757812,2026-06-12,0.07671232876712329,call,748.0,1.0551112348579768,0.0,0.0,4.46,4.46,lastPrice,0.20891287569393474,0.043
2026-05-15,708.9299926757812,2026-06-12,0.07671232876712329,call,749.0,1.0565218113751667,0.0,0.0,4.88,4.88,lastPrice,0.21983393103739113,0.043
2026-05-15,708.9299926757812,2026-06-12,0.07671232876712329,call,750.0,1.0579323878923563,0.0,0.0,3.14,3.14,lastPrice,0.18987893376208456,0.043
2026-05-15,708.9299926757812,2026-06-12,0.07671232876712329,call,755.0,1.0649852704783054,0.0,0.0,2.78,2.78,lastPrice,0.1972350274790197,0.043
2026-05-15,708.9299926757812,2026-06-12,0.07671232876712329,call,760.0,1.0720381530642544,0.0,0.0,2.0,2.0,lastPrice,0.19234413507417306,0.043
2026-05-15,708.9299926757812,2026-06-12,0.07671232876712329,call,765.0,1.0790910356502035,0.0,0.0,1.46,1.46,lastPrice,0.1896854395051038,0.043
2026-05-15,708.9299926757812,2026-06-12,0.07671232876712329,put,765.0,1.0790910356502035,0.0,0.0,55.4,55.4,lastPrice,0.20151964990459154,0.043
2026-05-15,708.9299926757812,2026-06-12,0.07671232876712329,call,770.0,1.0861439182361525,0.0,0.0,1.42,1.42,lastPrice,0.2008606848994973,0.043
2026-05-15,708.9299926757812,2026-06-12,0.07671232876712329,put,770.0,1.0861439182361525,0.0,0.0,60.16,60.16,lastPrice,0.20761385192573487,0.043
2026-05-15,708.9299926757812,2026-06-12,0.07671232876712329,call,775.0,1.0931968008221016,0.0,0.0,1.08,1.08,lastPrice,0.20028511678103725,0.043
2026-05-15,708.9299926757812,2026-06-12,0.07671232876712329,call,780.0,1.1002496834080506,0.0,0.0,0.99,0.99,lastPrice,0.20794839055604114,0.043
2026-05-15,708.9299926757812,2026-06-12,0.07671232876712329,call,785.0,1.1073025659939997,0.0,0.0,0.91,0.91,lastPrice,0.21541648969120988,0.043
2026-05-15,708.9299926757812,2026-06-12,0.07671232876712329,call,790.0,1.1143554485799487,0.0,0.0,0.4,0.4,lastPrice,0.1951780422994244,0.043
2026-05-15,708.9299926757812,2026-06-12,0.07671232876712329,call,795.0,1.1214083311658978,0.0,0.0,0.32,0.32,lastPrice,0.19776922872443775,0.043
2026-05-15,708.9299926757812,2026-06-12,0.07671232876712329,call,800.0,1.1284612137518468,0.0,0.0,0.23,0.23,lastPrice,0.19725439075394122,0.043
2026-05-15,708.9299926757812,2026-06-12,0.07671232876712329,call,805.0,1.1355140963377959,0.0,0.0,0.16,0.16,lastPrice,0.19620001955499203,0.043
2026-05-15,708.9299926757812,2026-06-12,0.07671232876712329,call,810.0,1.142566978923745,0.0,0.0,0.15,0.15,lastPrice,0.20292794238635165,0.043
2026-05-15,708.9299926757812,2026-06-12,0.07671232876712329,call,820.0,1.156672744095643,0.0,0.0,0.14,0.14,lastPrice,0.217496151779645,0.043
2026-05-15,708.9299926757812,2026-06-12,0.07671232876712329,call,840.0,1.1848842744394392,0.0,0.0,0.1,0.1,lastPrice,0.23951131137608908,0.043
2026-05-15,708.9299926757812,2026-06-12,0.07671232876712329,call,860.0,1.2130958047832354,0.0,0.0,0.12,0.12,lastPrice,0.274592665022893,0.043
2026-05-15,708.9299926757812,2026-07-17,0.1726027397260274,put,355.0,0.5007546636023821,0.0,0.0,0.17,0.17,lastPrice,0.637680653787401,0.043
2026-05-15,708.9299926757812,2026-07-17,0.1726027397260274,put,360.0,0.5078075461883311,0.0,0.0,0.18,0.18,lastPrice,0.6295873286808717,0.043
2026-05-15,708.9299926757812,2026-07-17,0.1726027397260274,call,365.0,0.5148604287742801,0.0,0.0,347.09,347.09,lastPrice,0.6889738209522988,0.043
2026-05-15,708.9299926757812,2026-07-17,0.1726027397260274,put,365.0,0.5148604287742801,0.0,0.0,0.18,0.18,lastPrice,0.6177788695206992,0.043
2026-05-15,708.9299926757812,2026-07-17,0.1726027397260274,call,370.0,0.5219133113602291,0.0,0.0,347.48,347.48,lastPrice,1.0312491823731014,0.043
2026-05-15,708.9299926757812,2026-07-17,0.1726027397260274,put,370.0,0.5219133113602291,0.0,0.0,0.19,0.19,lastPrice,0.6096644426413642,0.043
2026-05-15,708.9299926757812,2026-07-17,0.1726027397260274,put,375.0,0.5289661939461782,0.0,0.0,0.2,0.2,lastPrice,0.60145162454171,0.043
2026-05-15,708.9299926757812,2026-07-17,0.1726027397260274,put,380.0,0.5360190765321272,0.0,0.0,0.23,0.23,lastPrice,0.5991914807069181,0.043
2026-05-15,708.9299926757812,2026-07-17,0.1726027397260274,put,385.0,0.5430719591180763,0.0,0.0,0.24,0.24,lastPrice,0.5905385020985158,0.043
2026-05-15,708.9299926757812,2026-07-17,0.1726027397260274,put,390.0,0.5501248417040253,0.0,0.0,0.24,0.24,lastPrice,0.5791511425064966,0.043
2026-05-15,708.9299926757812,2026-07-17,0.1726027397260274,put,395.0,0.5571777242899744,0.0,0.0,0.3,0.3,lastPrice,0.5827915008938128,0.043
2026-05-15,708.9299926757812,2026-07-17,0.1726027397260274,call,400.0,0.5642306068759234,0.0,0.0,313.07,313.07,lastPrice,0.6878366009196681,0.043
2026-05-15,708.9299926757812,2026-07-17,0.1726027397260274,put,400.0,0.5642306068759234,0.0,0.0,0.28,0.28,lastPrice,0.5667963129680643,0.043
2026-05-15,708.9299926757812,2026-07-17,0.1726027397260274,put,405.0,0.5712834894618725,0.0,0.0,0.35,0.35,lastPrice,0.570692029164057,0.043
2026-05-15,708.9299926757812,2026-07-17,0.1726027397260274,put,410.0,0.5783363720478215,0.0,0.0,0.4,0.4,lastPrice,0.5687475678586607,0.043
2026-05-15,708.9299926757812,2026-07-17,0.1726027397260274,call,415.0,0.5853892546337706,0.0,0.0,298.06,298.06,lastPrice,0.6380849704007093,0.043
2026-05-15,708.9299926757812,2026-07-17,0.1726027397260274,put,415.0,0.5853892546337706,0.0,0.0,0.37,0.37,lastPrice,0.5520251703077073,0.043
2026-05-15,708.9299926757812,2026-07-17,0.1726027397260274,call,420.0,0.5924421372197196,0.0,0.0,293.09,293.09,lastPrice,0.6249075092755879,0.043
2026-05-15,708.9299926757812,2026-07-17,0.1726027397260274,put,420.0,0.5924421372197196,0.0,0.0,0.38,0.38,lastPrice,0.5427305619564315,0.043
2026-05-15,708.9299926757812,2026-07-17,0.1726027397260274,call,425.0,0.5994950198056687,0.0,0.0,287.62,287.62,lastPrice,0.557519069468254,0.043
2026-05-15,708.9299926757812,2026-07-17,0.1726027397260274,put,425.0,0.5994950198056687,0.0,0.0,0.44,0.44,lastPrice,0.5417284398043465,0.043
2026-05-15,708.9299926757812,2026-07-17,0.1726027397260274,call,430.0,0.6065479023916177,0.0,0.0,286.06,286.06,lastPrice,0.7606394421177909,0.043
2026-05-15,708.9299926757812,2026-07-17,0.1726027397260274,put,430.0,0.6065479023916177,0.0,0.0,0.43,0.43,lastPrice,0.529094260432188,0.043
2026-05-15,708.9299926757812,2026-07-17,0.1726027397260274,put,435.0,0.6136007849775668,0.0,0.0,0.47,0.47,lastPrice,0.5242135843866462,0.043
2026-05-15,708.9299926757812,2026-07-17,0.1726027397260274,call,440.0,0.6206536675635158,0.0,0.0,273.44,273.44,lastPrice,0.5922670859897831,0.043
2026-05-15,708.9299926757812,2026-07-17,0.1726027397260274,put,440.0,0.6206536675635158,0.0,0.0,0.46,0.46,lastPrice,0.511853769125711,0.043
2026-05-15,708.9299926757812,2026-07-17,0.1726027397260274,put,445.0,0.6277065501494649,0.0,0.0,0.51,0.51,lastPrice,0.5080023557795766,0.043
2026-05-15,708.9299926757812,2026-07-17,0.1726027397260274,call,450.0,0.6347594327354138,0.0,0.0,263.69,263.69,lastPrice,0.5804484196017403,0.043
2026-05-15,708.9299926757812,2026-07-17,0.1726027397260274,put,450.0,0.6347594327354138,0.0,0.0,0.52,0.52,lastPrice,0.4985190286842389,0.043
2026-05-15,708.9299926757812,2026-07-17,0.1726027397260274,put,455.0,0.6418123153213628,0.0,0.0,0.49,0.49,lastPrice,0.48391787110596607,0.043
2026-05-15,708.9299926757812,2026-07-17,0.1726027397260274,call,460.0,0.6488651979073119,0.0,0.0,256.51,256.51,lastPrice,0.6828714352972522,0.043
2026-05-15,708.9299926757812,2026-07-17,0.1726027397260274,put,460.0,0.6488651979073119,0.0,0.0,0.63,0.63,lastPrice,0.49009417847818715,0.043
2026-05-15,708.9299926757812,2026-07-17,0.1726027397260274,put,465.0,0.655918080493261,0.0,0.0,0.6,0.6,lastPrice,0.47606513951185664,0.043
2026-05-15,708.9299926757812,2026-07-17,0.1726027397260274,put,470.0,0.66297096307921,0.0,0.0,0.59,0.59,lastPrice,0.46438913728795295,0.043
2026-05-15,708.9299926757812,2026-07-17,0.1726027397260274,call,475.0,0.670023845665159,0.0,0.0,241.76,241.76,lastPrice,0.6459655465023332,0.043
2026-05-15,708.9299926757812,2026-07-17,0.1726027397260274,put,475.0,0.670023845665159,0.0,0.0,0.63,0.63,lastPrice,0.4581854657459152,0.043
2026-05-15,708.9299926757812,2026-07-17,0.1726027397260274,call,480.0,0.6770767282511081,0.0,0.0,234.27,234.27,lastPrice,0.5296771438944964,0.043
2026-05-15,708.9299926757812,2026-07-17,0.1726027397260274,put,480.0,0.6770767282511081,0.0,0.0,0.68,0.68,lastPrice,0.45272219340912667,0.043
2026-05-15,708.9299926757812,2026-07-17,0.1726027397260274,call,485.0,0.6841296108370571,0.0,0.0,228.27,228.27,lastPrice,0.4490702938436435,0.043
2026-05-15,708.9299926757812,2026-07-17,0.1726027397260274,put,485.0,0.6841296108370571,0.0,0.0,0.81,0.81,lastPrice,0.45397645636314843,0.043
2026-05-15,708.9299926757812,2026-07-17,0.1726027397260274,call,490.0,0.6911824934230062,0.0,0.0,227.2,227.2,lastPrice,0.615500530305766,0.043
2026-05-15,708.9299926757812,2026-07-17,0.1726027397260274,put,490.0,0.6911824934230062,0.0,0.0,0.91,0.91,lastPrice,0.4514478836836413,0.043
2026-05-15,708.9299926757812,2026-07-17,0.1726027397260274,put,495.0,0.6982353760089552,0.0,0.0,0.87,0.87,lastPrice,0.437716350442779,0.043
2026-05-15,708.9299926757812,2026-07-17,0.1726027397260274,call,500.0,0.7052882585949043,0.0,0.0,215.67,215.67,lastPrice,0.5358427152379128,0.043
2026-05-15,708.9299926757812,2026-07-17,0.1726027397260274,put,500.0,0.7052882585949043,0.0,0.0,0.89,0.89,lastPrice,0.4287463251947468,0.043
2026-05-15,708.9299926757812,2026-07-17,0.1726027397260274,call,505.0,0.7123411411808533,0.0,0.0,209.75,209.75,lastPrice,0.4851419003997517,0.043
2026-05-15,708.9299926757812,2026-07-17,0.1726027397260274,put,505.0,0.7123411411808533,0.0,0.0,0.94,0.94,lastPrice,0.4219546372536192,0.043
2026-05-15,708.9299926757812,2026-07-17,0.1726027397260274,call,510.0,0.7193940237668024,0.0,0.0,205.89,205.89,lastPrice,0.5162345733924676,0.043
2026-05-15,708.9299926757812,2026-07-17,0.1726027397260274,put,510.0,0.7193940237668024,0.0,0.0,0.93,0.93,lastPrice,0.4108180103227946,0.043
2026-05-15,708.9299926757812,2026-07-17,0.1726027397260274,put,515.0,0.7264469063527514,0.0,0.0,1.1,1.1,lastPrice,0.41167030761356727,0.043
2026-05-15,708.9299926757812,2026-07-17,0.1726027397260274,put,520.0,0.7334997889387005,0.0,0.0,1.31,1.31,lastPrice,0.41338674326749736,0.043
2026-05-15,708.9299926757812,2026-07-17,0.1726027397260274,put,525.0,0.7405526715246495,0.0,0.0,1.31,1.31,lastPrice,0.40273045165873284,0.043
2026-05-15,708.9299926757812,2026-07-17,0.1726027397260274,put,530.0,0.7476055541105985,0.0,0.0,1.21,1.21,lastPrice,0.3867248996169704,0.043
2026-05-15,708.9299926757812,2026-07-17,0.1726027397260274,call,535.0,0.7546584366965475,0.0,0.0,183.71,183.71,lastPrice,0.5265800241218721,0.043
2026-05-15,708.9299926757812,2026-07-17,0.1726027397260274,put,535.0,0.7546584366965475,0.0,0.0,1.45,1.45,lastPrice,0.38868698909933547,0.043
2026-05-15,708.9299926757812,2026-07-17,0.1726027397260274,call,540.0,0.7617113192824966,0.0,0.0,178.78,178.78,lastPrice,0.5141290653183846,0.043
2026-05-15,708.9299926757812,2026-07-17,0.1726027397260274,put,540.0,0.7617113192824966,0.0,0.0,1.57,1.57,lastPrice,0.38371081587541506,0.043
2026-05-15,708.9299926757812,2026-07-17,0.1726027397260274,call,545.0,0.7687642018684456,0.0,0.0,172.96,172.96,lastPrice,0.4807578689817413,0.043
2026-05-15,708.9299926757812,2026-07-17,0.1726027397260274,put,545.0,0.7687642018684456,0.0,0.0,1.57,1.57,lastPrice,0.3730707849595219,0.043
2026-05-15,708.9299926757812,2026-07-17,0.1726027397260274,call,550.0,0.7758170844543947,0.0,0.0,165.01,165.01,lastPrice,0.3805508071552545,0.043
2026-05-15,708.9299926757812,2026-07-17,0.1726027397260274,put,550.0,0.7758170844543947,0.0,0.0,1.94,1.94,lastPrice,0.3777381683419352,0.043
2026-05-15,708.9299926757812,2026-07-17,0.1726027397260274,put,551.0,0.7772276609715845,0.0,0.0,1.91,1.91,lastPrice,0.3743979463333986,0.043
2026-05-15,708.9299926757812,2026-07-17,0.1726027397260274,put,552.0,0.7786382374887744,0.0,0.0,1.89,1.89,lastPrice,0.371451883990649,0.043
2026-05-15,708.9299926757812,2026-07-17,0.1726027397260274,put,553.0,0.7800488140059642,0.0,0.0,2.4,2.4,lastPrice,0.38786702522274885,0.043
2026-05-15,708.9299926757812,2026-07-17,0.1726027397260274,put,554.0,0.7814593905231539,0.0,0.0,2.1,2.1,lastPrice,0.37504298167707656,0.043
2026-05-15,708.9299926757812,2026-07-17,0.1726027397260274,call,555.0,0.7828699670403437,0.0,0.0,163.31,163.31,lastPrice,0.46182789026615795,0.043
2026-05-15,708.9299926757812,2026-07-17,0.1726027397260274,put,555.0,0.7828699670403437,0.0,0.0,1.94,1.94,lastPrice,0.36689562505338086,0.043
2026-05-15,708.9299926757812,2026-07-17,0.1726027397260274,call,556.0,0.7842805435575335,0.0,0.0,164.79,164.79,lastPrice,0.5111886788564426,0.043
2026-05-15,708.9299926757812,2026-07-17,0.1726027397260274,put,556.0,0.7842805435575335,0.0,0.0,1.95,1.95,lastPrice,0.36511283351199725,0.043
2026-05-15,708.9299926757812,2026-07-17,0.1726027397260274,put,557.0,0.7856911200747234,0.0,0.0,2.04,2.04,lastPrice,0.36629671333391073,0.043
2026-05-15,708.9299926757812,2026-07-17,0.1726027397260274,call,558.0,0.7871016965919132,0.0,0.0,160.42,160.42,lastPrice,0.45618933655676946,0.043
2026-05-15,708.9299926757812,2026-07-17,0.1726027397260274,put,558.0,0.7871016965919132,0.0,0.0,2.0,2.0,lastPrice,0.36265416534761913,0.043
2026-05-15,708.9299926757812,2026-07-17,0.1726027397260274,put,559.0,0.788512273109103,0.0,0.0,1.78,1.78,lastPrice,0.35213929499952634,0.043
2026-05-15,708.9299926757812,2026-07-17,0.1726027397260274,call,560.0,0.7899228496262928,0.0,0.0,157.73,157.73,lastPrice,0.43480367882724225,0.043
2026-05-15,708.9299926757812,2026-07-17,0.1726027397260274,put,560.0,0.7899228496262928,0.0,0.0,2.23,2.23,lastPrice,0.36650317865365484,0.043
2026-05-15,708.9299926757812,2026-07-17,0.1726027397260274,put,561.0,0.7913334261434826,0.0,0.0,2.16,2.16,lastPrice,0.3618807640255402,0.043
2026-05-15,708.9299926757812,2026-07-17,0.1726027397260274,put,562.0,0.7927440026606724,0.0,0.0,2.09,2.09,lastPrice,0.35723954866955465,0.043
2026-05-15,708.9299926757812,2026-07-17,0.1726027397260274,put,563.0,0.7941545791778623,0.0,0.0,1.96,1.96,lastPrice,0.3504037927723809,0.043
2026-05-15,708.9299926757812,2026-07-17,0.1726027397260274,put,564.0,0.795565155695052,0.0,0.0,2.32,2.32,lastPrice,0.36075664975545907,0.043
2026-05-15,708.9299926757812,2026-07-17,0.1726027397260274,call,565.0,0.7969757322122418,0.0,0.0,153.33,153.33,lastPrice,0.43528656953271155,0.043
2026-05-15,708.9299926757812,2026-07-17,0.1726027397260274,put,565.0,0.7969757322122418,0.0,0.0,2.4,2.4,lastPrice,0.36117921252309354,0.043
2026-05-15,708.9299926757812,2026-07-17,0.1726027397260274,put,566.0,0.7983863087294316,0.0,0.0,2.23,2.23,lastPrice,0.35336469630415374,0.043
2026-05-15,708.9299926757812,2026-07-17,0.1726027397260274,put,567.0,0.7997968852466214,0.0,0.0,2.26,2.26,lastPrice,0.35218330507799567,0.043
2026-05-15,708.9299926757812,2026-07-17,0.1726027397260274,put,568.0,0.8012074617638113,0.0,0.0,2.19,2.19,lastPrice,0.3476632541847234,0.043
2026-05-15,708.9299926757812,2026-07-17,0.1726027397260274,put,569.0,0.8026180382810011,0.0,0.0,3.05,3.05,lastPrice,0.3718225112576586,0.043
2026-05-15,708.9299926757812,2026-07-17,0.1726027397260274,call,570.0,0.8040286147981909,0.0,0.0,144.94,144.94,lastPrice,0.3294540915498791,0.043
2026-05-15,708.9299926757812,2026-07-17,0.1726027397260274,put,570.0,0.8040286147981909,0.0,0.0,2.6,2.6,lastPrice,0.35637691088695606,0.043
2026-05-15,708.9299926757812,2026-07-17,0.1726027397260274,put,571.0,0.8054391913153807,0.0,0.0,2.27,2.27,lastPrice,0.343783983131196,0.043
2026-05-15,708.9299926757812,2026-07-17,0.1726027397260274,put,572.0,0.8068497678325705,0.0,0.0,2.41,2.41,lastPrice,0.34607361880615994,0.043
2026-05-15,708.9299926757812,2026-07-17,0.1726027397260274,put,573.0,0.8082603443497604,0.0,0.0,2.1,2.1,lastPrice,0.3338319089924105,0.043
2026-05-15,708.9299926757812,2026-07-17,0.1726027397260274,put,574.0,0.8096709208669501,0.0,0.0,2.65,2.65,lastPrice,0.34897221508722687,0.043
2026-05-15,708.9299926757812,2026-07-17,0.1726027397260274,call,575.0,0.8110814973841399,0.0,0.0,140.89,140.89,lastPrice,0.3484550864745396,0.043
2026-05-15,708.9299926757812,2026-07-17,0.1726027397260274,put,575.0,0.8110814973841399,0.0,0.0,2.63,2.63,lastPrice,0.34615541524053517,0.043
2026-05-15,708.9299926757812,2026-07-17,0.1726027397260274,call,576.0,0.8124920739013297,0.0,0.0,141.47,141.47,lastPrice,0.38679393366399595,0.043
2026-05-15,708.9299926757812,2026-07-17,0.1726027397260274,put,576.0,0.8124920739013297,0.0,0.0,2.12,2.12,lastPrice,0.32805554808220944,0.043
2026-05-15,708.9299926757812,2026-07-17,0.1726027397260274,put,577.0,0.8139026504185195,0.0,0.0,2.71,2.71,lastPrice,0.34404652657737556,0.043
2026-05-15,708.9299926757812,2026-07-17,0.1726027397260274,put,578.0,0.8153132269357093,0.0,0.0,2.5,2.5,lastPrice,0.33565048072940806,0.043
2026-05-15,708.9299926757812,2026-07-17,0.1726027397260274,put,579.0,0.8167238034528992,0.0,0.0,2.72,2.72,lastPrice,0.33987918720589627,0.043
2026-05-15,708.9299926757812,2026-07-17,0.1726027397260274,call,580.0,0.818134379970089,0.0,0.0,136.19,136.19,lastPrice,0.3446471832470911,0.043
2026-05-15,708.9299926757812,2026-07-17,0.1726027397260274,put,580.0,0.818134379970089,0.0,0.0,2.73,2.73,lastPrice,0.3379381919482321,0.043
2026-05-15,708.9299926757812,2026-07-17,0.1726027397260274,put,581.0,0.8195449564872788,0.0,0.0,2.48,2.48,lastPrice,0.32847094095080515,0.043
2026-05-15,708.9299926757812,2026-07-17,0.1726027397260274,call,582.0,0.8209555330044686,0.0,0.0,141.1,141.1,lastPrice,0.47665338705392124,0.043
2026-05-15,708.9299926757812,2026-07-17,0.1726027397260274,put,582.0,0.8209555330044686,0.0,0.0,3.01,3.01,lastPrice,0.3411804322559846,0.043
2026-05-15,708.9299926757812,2026-07-17,0.1726027397260274,put,583.0,0.8223661095216583,0.0,0.0,3.17,3.17,lastPrice,0.34314018068717383,0.043
2026-05-15,708.9299926757812,2026-07-17,0.1726027397260274,put,584.0,0.8237766860388482,0.0,0.0,3.05,3.05,lastPrice,0.33772730126519424,0.043
2026-05-15,708.9299926757812,2026-07-17,0.1726027397260274,call,585.0,0.825187262556038,0.0,0.0,135.49,135.49,lastPrice,0.42380277628682894,0.043
2026-05-15,708.9299926757812,2026-07-17,0.1726027397260274,put,585.0,0.825187262556038,0.0,0.0,2.9,2.9,lastPrice,0.3314783290128956,0.043
2026-05-15,708.9299926757812,2026-07-17,0.1726027397260274,call,586.0,0.8265978390732278,0.0,0.0,133.35,133.35,lastPrice,0.39996024380412604,0.043
2026-05-15,708.9299926757812,2026-07-17,0.1726027397260274,put,586.0,0.8265978390732278,0.0,0.0,2.87,2.87,lastPrice,0.32843353933374525,0.043
2026-05-15,708.9299926757812,2026-07-17,0.1726027397260274,call,587.0,0.8280084155904176,0.0,0.0,129.69,129.69,lastPrice,0.3403085660002519,0.043
2026-05-15,708.9299926757812,2026-07-17,0.1726027397260274,put,587.0,0.8280084155904176,0.0,0.0,3.1,3.1,lastPrice,0.33225257372312,0.043
2026-05-15,708.9299926757812,2026-07-17,0.1726027397260274,put,588.0,0.8294189921076074,0.0,0.0,3.43,3.43,lastPrice,0.3382692504719376,0.043
2026-05-15,708.9299926757812,2026-07-17,0.1726027397260274,put,589.0,0.8308295686247973,0.0,0.0,2.95,2.95,lastPrice,0.3238500161822126,0.043
2026-05-15,708.9299926757812,2026-07-17,0.1726027397260274,call,590.0,0.8322401451419871,0.0,0.0,135.63,135.63,lastPrice,0.49156826529444914,0.043
2026-05-15,708.9299926757812,2026-07-17,0.1726027397260274,put,590.0,0.8322401451419871,0.0,0.0,3.18,3.18,lastPrice,0.3275017671523624,0.043
2026-05-15,708.9299926757812,2026-07-17,0.1726027397260274,call,591.0,0.8336507216591769,0.0,0.0,125.32,125.32,lastPrice,0.3211784440763551,0.043
2026-05-15,708.9299926757812,2026-07-17,0.1726027397260274,put,591.0,0.8336507216591769,0.0,0.0,3.33,3.33,lastPrice,0.32895052440196415,0.043
2026-05-15,708.9299926757812,2026-07-17,0.1726027397260274,call,592.0,0.8350612981763667,0.0,0.0,124.88,124.88,lastPrice,0.3324820860522486,0.043
2026-05-15,708.9299926757812,2026-07-17,0.1726027397260274,put,592.0,0.8350612981763667,0.0,0.0,2.69,2.69,lastPrice,0.3102697400975955,0.043
2026-05-15,708.9299926757812,2026-07-17,0.1726027397260274,put,593.0,0.8364718746935564,0.0,0.0,3.48,3.48,lastPrice,0.3279904034830886,0.043
2026-05-15,708.9299926757812,2026-07-17,0.1726027397260274,call,594.0,0.8378824512107462,0.0,0.0,120.12,120.12,lastPrice,0.2391946566102582,0.043
2026-05-15,708.9299926757812,2026-07-17,0.1726027397260274,put,594.0,0.8378824512107462,0.0,0.0,3.11,3.11,lastPrice,0.31671290783748013,0.043
2026-05-15,708.9299926757812,2026-07-17,0.1726027397260274,call,595.0,0.8392930277279361,0.0,0.0,131.4,131.4,lastPrice,0.4873556155638638,0.043
2026-05-15,708.9299926757812,2026-07-17,0.1726027397260274,put,595.0,0.8392930277279361,0.0,0.0,3.75,3.75,lastPrice,0.32964507525209097,0.043
2026-05-15,708.9299926757812,2026-07-17,0.1726027397260274,call,596.0,0.8407036042451259,0.0,0.0,127.1,127.1,lastPrice,0.43591211334229335,0.043
2026-05-15,708.9299926757812,2026-07-17,0.1726027397260274,put,596.0,0.8407036042451259,0.0,0.0,3.55,3.55,lastPrice,0.32273939975763577,0.043
2026-05-15,708.9299926757812,2026-07-17,0.1726027397260274,put,597.0,0.8421141807623157,0.0,0.0,3.61,3.61,lastPrice,0.3218202201302377,0.043
2026-05-15,708.9299926757812,2026-07-17,0.1726027397260274,put,598.0,0.8435247572795055,0.0,0.0,3.95,3.95,lastPrice,0.32711087833465446,0.043
2026-05-15,708.9299926757812,2026-07-17,0.1726027397260274,call,599.0,0.8449353337966953,0.0,0.0,116.16,116.16,lastPrice,0.2693431084706443,0.043
2026-05-15,708.9299926757812,2026-07-17,0.1726027397260274,put,599.0,0.8449353337966953,0.0,0.0,3.66,3.66,lastPrice,0.31834257161507634,0.043
2026-05-15,708.9299926757812,2026-07-17,0.1726027397260274,call,600.0,0.8463459103138852,0.0,0.0,118.33,118.33,lastPrice,0.3433008778527081,0.043
2026-05-15,708.9299926757812,2026-07-17,0.1726027397260274,put,600.0,0.8463459103138852,0.0,0.0,4.12,4.12,lastPrice,0.32608364990639027,0.043
2026-05-15,708.9299926757812,2026-07-17,0.1726027397260274,put,601.0,0.847756486831075,0.0,0.0,4.1,4.1,lastPrice,0.3233041137820144,0.043
2026-05-15,708.9299926757812,2026-07-17,0.1726027397260274,call,602.0,0.8491670633482648,0.0,0.0,125.0,125.0,lastPrice,0.474167797130131,0.043
2026-05-15,708.9299926757812,2026-07-17,0.1726027397260274,put,602.0,0.8491670633482648,0.0,0.0,3.96,3.96,lastPrice,0.3179711566362068,0.043
2026-05-15,708.9299926757812,2026-07-17,0.1726027397260274,call,603.0,0.8505776398654545,0.0,0.0,122.59,122.59,lastPrice,0.4517151070816773,0.043
2026-05-15,708.9299926757812,2026-07-17,0.1726027397260274,put,603.0,0.8505776398654545,0.0,0.0,3.98,3.98,lastPrice,0.3160606246420424,0.043
2026-05-15,708.9299926757812,2026-07-17,0.1726027397260274,call,604.0,0.8519882163826443,0.0,0.0,112.7,112.7,lastPrice,0.298786464395931,0.043
2026-05-15,708.9299926757812,2026-07-17,0.1726027397260274,put,604.0,0.8519882163826443,0.0,0.0,4.2,4.2,lastPrice,0.31833115328621003,0.043
2026-05-15,708.9299926757812,2026-07-17,0.1726027397260274,call,605.0,0.8533987928998342,0.0,0.0,119.96,119.96,lastPrice,0.4368875128243873,0.043
2026-05-15,708.9299926757812,2026-07-17,0.1726027397260274,put,605.0,0.8533987928998342,0.0,0.0,4.0,4.0,lastPrice,0.3118065409450682,0.043
2026-05-15,708.9299926757812,2026-07-17,0.1726027397260274,call,606.0,0.854809369417024,0.0,0.0,109.63,109.63,lastPrice,0.2671557431277528,0.043
2026-05-15,708.9299926757812,2026-07-17,0.1726027397260274,put,606.0,0.854809369417024,0.0,0.0,4.05,4.05,lastPrice,0.31051251369686056,0.043
2026-05-15,708.9299926757812,2026-07-17,0.1726027397260274,call,607.0,0.8562199459342138,0.0,0.0,108.59,108.59,lastPrice,0.2637261154003606,0.043
2026-05-15,708.9299926757812,2026-07-17,0.1726027397260274,put,607.0,0.8562199459342138,0.0,0.0,4.18,4.18,lastPrice,0.3108460736072007,0.043
2026-05-15,708.9299926757812,2026-07-17,0.1726027397260274,call,608.0,0.8576305224514036,0.0,0.0,107.76,107.76,lastPrice,0.26603464228365203,0.043
2026-05-15,708.9299926757812,2026-07-17,0.1726027397260274,put,608.0,0.8576305224514036,0.0,0.0,4.26,4.26,lastPrice,0.31011184816543713,0.043
2026-05-15,708.9299926757812,2026-07-17,0.1726027397260274,call,609.0,0.8590410989685934,0.0,0.0,111.46,111.46,lastPrice,0.3575482526887511,0.043
2026-05-15,708.9299926757812,2026-07-17,0.1726027397260274,put,609.0,0.8590410989685934,0.0,0.0,4.4,4.4,lastPrice,0.31054117163965894,0.043
2026-05-15,708.9299926757812,2026-07-17,0.1726027397260274,call,610.0,0.8604516754857832,0.0,0.0,108.27,108.27,lastPrice,0.31646134046347985,0.043
2026-05-15,708.9299926757812,2026-07-17,0.1726027397260274,put,610.0,0.8604516754857832,0.0,0.0,4.57,4.57,lastPrice,0.31148890337559865,0.043
2026-05-15,708.9299926757812,2026-07-17,0.1726027397260274,put,611.0,0.8618622520029731,0.0,0.0,4.55,4.55,lastPrice,0.30871119162964844,0.043
2026-05-15,708.9299926757812,2026-07-17,0.1726027397260274,call,612.0,0.8632728285201628,0.0,0.0,113.95,113.95,lastPrice,0.42954176214676815,0.043
2026-05-15,708.9299926757812,2026-07-17,0.1726027397260274,put,612.0,0.8632728285201628,0.0,0.0,4.52,4.52,lastPrice,0.30574426187941595,0.043
2026-05-15,708.9299926757812,2026-07-17,0.1726027397260274,call,613.0,0.8646834050373526,0.0,0.0,104.26,104.26,lastPrice,0.2889702469429922,0.043
2026-05-15,708.9299926757812,2026-07-17,0.1726027397260274,put,613.0,0.8646834050373526,0.0,0.0,4.31,4.31,lastPrice,0.2992868137866764,0.043
2026-05-15,708.9299926757812,2026-07-17,0.1726027397260274,call,614.0,0.8660939815545424,0.0,0.0,103.7,103.7,lastPrice,0.29535323124407825,0.043
2026-05-15,708.9299926757812,2026-07-17,0.1726027397260274,put,614.0,0.8660939815545424,0.0,0.0,4.67,4.67,lastPrice,0.30381931415092533,0.043
2026-05-15,708.9299926757812,2026-07-17,0.1726027397260274,call,615.0,0.8675045580717322,0.0,0.0,104.23,104.23,lastPrice,0.3208550932714864,0.043
2026-05-15,708.9299926757812,2026-07-17,0.1726027397260274,put,615.0,0.8675045580717322,0.0,0.0,5.18,5.18,lastPrice,0.3107797600851414,0.043
2026-05-15,708.9299926757812,2026-07-17,0.1726027397260274,call,616.0,0.8689151345889221,0.0,0.0,101.73,101.73,lastPrice,0.2909363773312548,0.043
2026-05-15,708.9299926757812,2026-07-17,0.1726027397260274,put,616.0,0.8689151345889221,0.0,0.0,5.01,5.01,lastPrice,0.3052735638022394,0.043
2026-05-15,708.9299926757812,2026-07-17,0.1726027397260274,put,617.0,0.8703257111061119,0.0,0.0,4.78,4.78,lastPrice,0.29865548703973616,0.043
2026-05-15,708.9299926757812,2026-07-17,0.1726027397260274,call,618.0,0.8717362876233017,0.0,0.0,100.59,100.59,lastPrice,0.30185038238120626,0.043
2026-05-15,708.9299926757812,2026-07-17,0.1726027397260274,put,618.0,0.8717362876233017,0.0,0.0,5.15,5.15,lastPrice,0.3029137751417112,0.043
2026-05-15,708.9299926757812,2026-07-17,0.1726027397260274,put,619.0,0.8731468641404915,0.0,0.0,5.04,5.04,lastPrice,0.2985205615194044,0.043
2026-05-15,708.9299926757812,2026-07-17,0.1726027397260274,call,620.0,0.8745574406576813,0.0,0.0,98.94,98.94,lastPrice,0.3028223783784578,0.043
2026-05-15,708.9299926757812,2026-07-17,0.1726027397260274,put,620.0,0.8745574406576813,0.0,0.0,5.64,5.64,lastPrice,0.30648942795632617,0.043
2026-05-15,708.9299926757812,2026-07-17,0.1726027397260274,call,625.0,0.8816103232436303,0.0,0.0,93.37,93.37,lastPrice,0.2800670680123133,0.043
2026-05-15,708.9299926757812,2026-07-17,0.1726027397260274,put,625.0,0.8816103232436303,0.0,0.0,6.11,6.11,lastPrice,0.30173028437500227,0.043
2026-05-15,708.9299926757812,2026-07-17,0.1726027397260274,call,630.0,0.8886632058295794,0.0,0.0,86.88,86.88,lastPrice,0.23986676723496794,0.043
2026-05-15,708.9299926757812,2026-07-17,0.1726027397260274,put,630.0,0.8886632058295794,0.0,0.0,6.7,6.7,lastPrice,0.2981989947976944,0.043
2026-05-15,708.9299926757812,2026-07-17,0.1726027397260274,call,635.0,0.8957160884155284,0.0,0.0,85.63,85.63,lastPrice,0.28979872723423566,0.043
2026-05-15,708.9299926757812,2026-07-17,0.1726027397260274,put,635.0,0.8957160884155284,0.0,0.0,6.61,6.61,lastPrice,0.28399674104248307,0.043
2026-05-15,708.9299926757812,2026-07-17,0.1726027397260274,call,640.0,0.9027689710014775,0.0,0.0,78.08,78.08,lastPrice,0.2372180144781372,0.043
2026-05-15,708.9299926757812,2026-07-17,0.1726027397260274,put,640.0,0.9027689710014775,0.0,0.0,7.8,7.8,lastPrice,0.2878820561384871,0.043
2026-05-15,708.9299926757812,2026-07-17,0.1726027397260274,call,645.0,0.9098218535874265,0.0,0.0,73.47,73.47,lastPrice,0.23091619143495667,0.043
2026-05-15,708.9299926757812,2026-07-17,0.1726027397260274,put,645.0,0.9098218535874265,0.0,0.0,8.58,8.58,lastPrice,0.2848235363937563,0.043
2026-05-15,708.9299926757812,2026-07-17,0.1726027397260274,call,650.0,0.9168747361733756,0.0,0.0,72.4,72.4,lastPrice,0.2722209196621609,0.043
2026-05-15,708.9299926757812,2026-07-17,0.1726027397260274,put,650.0,0.9168747361733756,0.0,0.0,9.32,9.32,lastPrice,0.2804346335879638,0.043
2026-05-15,708.9299926757812,2026-07-17,0.1726027397260274,call,655.0,0.9239276187593246,0.0,0.0,65.07,65.07,lastPrice,0.22803087202085062,0.043
2026-05-15,708.9299926757812,2026-07-17,0.1726027397260274,put,655.0,0.9239276187593246,0.0,0.0,10.28,10.28,lastPrice,0.27791496598291265,0.043
2026-05-15,708.9299926757812,2026-07-17,0.1726027397260274,call,660.0,0.9309805013452737,0.0,0.0,62.0,62.0,lastPrice,0.23887309418165495,0.043
2026-05-15,708.9299926757812,2026-07-17,0.1726027397260274,put,660.0,0.9309805013452737,0.0,0.0,11.05,11.05,lastPrice,0.2723346694587182,0.043
2026-05-15,708.9299926757812,2026-07-17,0.1726027397260274,call,665.0,0.9380333839312227,0.0,0.0,60.1,60.1,lastPrice,0.2598648996212154,0.043
2026-05-15,708.9299926757812,2026-07-17,0.1726027397260274,put,665.0,0.9380333839312227,0.0,0.0,12.2,12.2,lastPrice,0.27019081968889663,0.043
2026-05-15,708.9299926757812,2026-07-17,0.1726027397260274,call,670.0,0.9450862665171718,0.0,0.0,55.32,55.32,lastPrice,0.2469140467890323,0.043
2026-05-15,708.9299926757812,2026-07-17,0.1726027397260274,put,670.0,0.9450862665171718,0.0,0.0,13.32,13.32,lastPrice,0.26675582343822174,0.043
2026-05-15,708.9299926757812,2026-07-17,0.1726027397260274,call,675.0,0.9521391491031208,0.0,0.0,50.59,50.59,lastPrice,0.23419124070196937,0.043
2026-05-15,708.9299926757812,2026-07-17,0.1726027397260274,put,675.0,0.9521391491031208,0.0,0.0,13.73,13.73,lastPrice,0.2552774356633865,0.043
2026-05-15,708.9299926757812,2026-07-17,0.1726027397260274,call,680.0,0.9591920316890699,0.0,0.0,46.12,46.12,lastPrice,0.22372193441032237,0.043
2026-05-15,708.9299926757812,2026-07-17,0.1726027397260274,put,680.0,0.9591920316890699,0.0,0.0,15.93,15.93,lastPrice,0.26081003144099085,0.043
2026-05-15,708.9299926757812,2026-07-17,0.1726027397260274,call,685.0,0.9662449142750189,0.0,0.0,47.11,47.11,lastPrice,0.2646502299852891,0.043
2026-05-15,708.9299926757812,2026-07-17,0.1726027397260274,put,685.0,0.9662449142750189,0.0,0.0,17.07,17.07,lastPrice,0.2548501366294919,0.043
2026-05-15,708.9299926757812,2026-07-17,0.1726027397260274,call,690.0,0.9732977968609678,0.0,0.0,39.06,39.06,lastPrice,0.21865215081206582,0.043
2026-05-15,708.9299926757812,2026-07-17,0.1726027397260274,put,690.0,0.9732977968609678,0.0,0.0,18.82,18.82,lastPrice,0.2536335060717978,0.043
2026-05-15,708.9299926757812,2026-07-17,0.1726027397260274,call,695.0,0.9803506794469169,0.0,0.0,36.0,36.0,lastPrice,0.2186162442891776,0.043
2026-05-15,708.9299926757812,2026-07-17,0.1726027397260274,put,695.0,0.9803506794469169,0.0,0.0,18.99,18.99,lastPrice,0.23715560285497944,0.043
2026-05-15,708.9299926757812,2026-07-17,0.1726027397260274,call,700.0,0.987403562032866,0.0,0.0,32.29,32.29,lastPrice,0.21150623748121894,0.043
2026-05-15,708.9299926757812,2026-07-17,0.1726027397260274,put,700.0,0.987403562032866,0.0,0.0,22.14,22.14,lastPrice,0.24632714521547355,0.043
2026-05-15,708.9299926757812,2026-07-17,0.1726027397260274,call,705.0,0.994456444618815,0.0,0.0,29.35,29.35,lastPrice,0.20999819800351105,0.043
2026-05-15,708.9299926757812,2026-07-17,0.1726027397260274,put,705.0,0.994456444618815,0.0,0.0,23.87,23.87,lastPrice,0.24171448688672545,0.043
2026-05-15,708.9299926757812,2026-07-17,0.1726027397260274,call,710.0,1.0015093272047642,0.0,0.0,26.65,26.65,lastPrice,0.20922168994806162,0.043
2026-05-15,708.9299926757812,2026-07-17,0.1726027397260274,put,710.0,1.0015093272047642,0.0,0.0,26.44,26.44,lastPrice,0.24321454463188016,0.043
2026-05-15,708.9299926757812,2026-07-17,0.1726027397260274,call,715.0,1.0085622097907132,0.0,0.0,24.0,24.0,lastPrice,0.20752012915996118,0.043
2026-05-15,708.9299926757812,2026-07-17,0.1726027397260274,put,715.0,1.0085622097907132,0.0,0.0,28.0,28.0,lastPrice,0.23491487898333607,0.043
2026-05-15,708.9299926757812,2026-07-17,0.1726027397260274,call,720.0,1.0156150923766623,0.0,0.0,21.47,21.47,lastPrice,0.20548381740414878,0.043
2026-05-15,708.9299926757812,2026-07-17,0.1726027397260274,put,720.0,1.0156150923766623,0.0,0.0,29.95,29.95,lastPrice,0.22877508781918318,0.043
2026-05-15,708.9299926757812,2026-07-17,0.1726027397260274,call,725.0,1.0226679749626113,0.0,0.0,19.5,19.5,lastPrice,0.20686924721717131,0.043
2026-05-15,708.9299926757812,2026-07-17,0.1726027397260274,put,725.0,1.0226679749626113,0.0,0.0,31.35,31.35,lastPrice,0.2166575869757366,0.043
2026-05-15,708.9299926757812,2026-07-17,0.1726027397260274,call,730.0,1.0297208575485601,0.0,0.0,17.54,17.54,lastPrice,0.20702135157170012,0.043
2026-05-15,708.9299926757812,2026-07-17,0.1726027397260274,put,730.0,1.0297208575485601,0.0,0.0,35.25,35.25,lastPrice,0.22471313543692997,0.043
2026-05-15,708.9299926757812,2026-07-17,0.1726027397260274,call,735.0,1.0367737401345092,0.0,0.0,15.58,15.58,lastPrice,0.20583955508263702,0.043
2026-05-15,708.9299926757812,2026-07-17,0.1726027397260274,put,735.0,1.0367737401345092,0.0,0.0,39.49,39.49,lastPrice,0.23473428737675697,0.043
2026-05-15,708.9299926757812,2026-07-17,0.1726027397260274,call,740.0,1.0438266227204582,0.0,0.0,12.78,12.78,lastPrice,0.19555735087106896,0.043
2026-05-15,708.9299926757812,2026-07-17,0.1726027397260274,put,740.0,1.0438266227204582,0.0,0.0,40.0,40.0,lastPrice,0.21038720111605644,0.043
2026-05-15,708.9299926757812,2026-07-17,0.1726027397260274,call,745.0,1.0508795053064073,0.0,0.0,11.97,11.97,lastPrice,0.20210503876615865,0.043
2026-05-15,708.9299926757812,2026-07-17,0.1726027397260274,put,745.0,1.0508795053064073,0.0,0.0,43.06,43.06,lastPrice,0.2070946543304535,0.043
2026-05-15,708.9299926757812,2026-07-17,0.1726027397260274,call,750.0,1.0579323878923563,0.0,0.0,9.96,9.96,lastPrice,0.19593806716310289,0.043
2026-05-15,708.9299926757812,2026-07-17,0.1726027397260274,put,750.0,1.0579323878923563,0.0,0.0,47.47,47.47,lastPrice,0.21538863465628066,0.043
2026-05-15,708.9299926757812,2026-07-17,0.1726027397260274,call,755.0,1.0649852704783054,0.0,0.0,8.98,8.98,lastPrice,0.19853275404885729,0.043
2026-05-15,708.9299926757812,2026-07-17,0.1726027397260274,put,755.0,1.0649852704783054,0.0,0.0,50.12,50.12,lastPrice,0.20526693030044968,0.043
2026-05-15,708.9299926757812,2026-07-17,0.1726027397260274,call,760.0,1.0720381530642544,0.0,0.0,7.71,7.71,lastPrice,0.19686308519055165,0.043
2026-05-15,708.9299926757812,2026-07-17,0.1726027397260274,put,760.0,1.0720381530642544,0.0,0.0,53.91,53.91,lastPrice,0.20503117688425723,0.043
2026-05-15,708.9299926757812,2026-07-17,0.1726027397260274,call,765.0,1.0790910356502035,0.0,0.0,6.23,6.23,lastPrice,0.1911116790515389,0.043
2026-05-15,708.9299926757812,2026-07-17,0.1726027397260274,put,765.0,1.0790910356502035,0.0,0.0,52.17,52.17,lastPrice,0.1270414070387059,0.043
2026-05-15,708.9299926757812,2026-07-17,0.1726027397260274,call,770.0,1.0861439182361525,0.0,0.0,5.3,5.3,lastPrice,0.1901376062826773,0.043
2026-05-15,708.9299926757812,2026-07-17,0.1726027397260274,put,770.0,1.0861439182361525,0.0,0.0,62.83,62.83,lastPrice,0.2164371483330068,0.043
2026-05-15,708.9299926757812,2026-07-17,0.1726027397260274,call,775.0,1.0931968008221016,0.0,0.0,4.87,4.87,lastPrice,0.1945386460048727,0.043
2026-05-15,708.9299926757812,2026-07-17,0.1726027397260274,call,780.0,1.1002496834080506,0.0,0.0,3.9,3.9,lastPrice,0.1902512374500688,0.043
2026-05-15,708.9299926757812,2026-07-17,0.1726027397260274,put,780.0,1.1002496834080506,0.0,0.0,74.7,74.7,lastPrice,0.2605687595458028,0.043
2026-05-15,708.9299926757812,2026-07-17,0.1726027397260274,call,785.0,1.1073025659939997,0.0,0.0,3.55,3.55,lastPrice,0.19396000438043162,0.043
2026-05-15,708.9299926757812,2026-07-17,0.1726027397260274,put,785.0,1.1073025659939997,0.0,0.0,75.92,75.92,lastPrice,0.22486942309712207,0.043
2026-05-15,708.9299926757812,2026-07-17,0.1726027397260274,call,790.0,1.1143554485799487,0.0,0.0,2.87,2.87,lastPrice,0.19113350405804386,0.043
2026-05-15,708.9299926757812,2026-07-17,0.1726027397260274,put,790.0,1.1143554485799487,0.0,0.0,83.21,83.21,lastPrice,0.26481341625343274,0.043
2026-05-15,708.9299926757812,2026-07-17,0.1726027397260274,call,795.0,1.1214083311658978,0.0,0.0,2.47,2.47,lastPrice,0.1919312434932544,0.043
2026-05-15,708.9299926757812,2026-07-17,0.1726027397260274,call,800.0,1.1284612137518468,0.0,0.0,2.1,2.1,lastPrice,0.19224356414595306,0.043
2026-05-15,708.9299926757812,2026-07-17,0.1726027397260274,put,800.0,1.1284612137518468,0.0,0.0,88.8,88.8,lastPrice,0.22196305590175264,0.043
2026-05-15,708.9299926757812,2026-07-17,0.1726027397260274,call,805.0,1.1355140963377959,0.0,0.0,1.87,1.87,lastPrice,0.1947292593792942,0.043
2026-05-15,708.9299926757812,2026-07-17,0.1726027397260274,call,810.0,1.142566978923745,0.0,0.0,2.16,2.16,lastPrice,0.20917669863609814,0.043
2026-05-15,708.9299926757812,2026-07-17,0.1726027397260274,put,810.0,1.142566978923745,0.0,0.0,142.38,142.38,lastPrice,0.6945700953954262,0.043
2026-05-15,708.9299926757812,2026-07-17,0.1726027397260274,call,815.0,1.149619861509694,0.0,0.0,1.78,1.78,lastPrice,0.20751021552286691,0.043
2026-05-15,708.9299926757812,2026-07-17,0.1726027397260274,put,815.0,1.149619861509694,0.0,0.0,105.94,105.94,lastPrice,0.2839497888777593,0.043
2026-05-15,708.9299926757812,2026-07-17,0.1726027397260274,call,820.0,1.156672744095643,0.0,0.0,1.1,1.1,lastPrice,0.1946183839530654,0.043
2026-05-15,708.9299926757812,2026-07-17,0.1726027397260274,put,820.0,1.156672744095643,0.0,0.0,113.5,113.5,lastPrice,0.3293684262275564,0.043
2026-05-15,708.9299926757812,2026-07-17,0.1726027397260274,call,825.0,1.163725626681592,0.0,0.0,1.22,1.22,lastPrice,0.20547026113436223,0.043
2026-05-15,708.9299926757812,2026-07-17,0.1726027397260274,call,830.0,1.1707785092675411,0.0,0.0,1.06,1.06,lastPrice,0.20663622102109316,0.043
2026-05-15,708.9299926757812,2026-07-17,0.1726027397260274,call,835.0,1.1778313918534902,0.0,0.0,0.76,0.76,lastPrice,0.20091389448468794,0.043
2026-05-15,708.9299926757812,2026-07-17,0.1726027397260274,call,840.0,1.1848842744394392,0.0,0.0,0.87,0.87,lastPrice,0.2120519927862251,0.043
2026-05-15,708.9299926757812,2026-07-17,0.1726027397260274,call,845.0,1.1919371570253883,0.0,0.0,0.75,0.75,lastPrice,0.21284589559117498,0.043
2026-05-15,708.9299926757812,2026-07-17,0.1726027397260274,put,845.0,1.1919371570253883,0.0,0.0,148.66,148.66,lastPrice,0.4996114133725373,0.043
2026-05-15,708.9299926757812,2026-07-17,0.1726027397260274,call,850.0,1.1989900396113373,0.0,0.0,0.49,0.49,lastPrice,0.20457354592454,0.043
2026-05-15,708.9299926757812,2026-07-17,0.1726027397260274,call,855.0,1.2060429221972864,0.0,0.0,0.56,0.56,lastPrice,0.2146632465144286,0.043
2026-05-15,708.9299926757812,2026-07-17,0.1726027397260274,call,860.0,1.2130958047832354,0.0,0.0,0.4,0.4,lastPrice,0.2096492547806478,0.043
2026-05-15,708.9299926757812,2026-07-17,0.1726027397260274,call,865.0,1.2201486873691845,0.0,0.0,0.84,0.84,lastPrice,0.2413031300244972,0.043
2026-05-15,708.9299926757812,2026-07-17,0.1726027397260274,call,870.0,1.2272015699551335,0.0,0.0,0.36,0.36,lastPrice,0.217359688763127,0.043
2026-05-15,708.9299926757812,2026-07-17,0.1726027397260274,call,875.0,1.2342544525410826,0.0,0.0,0.23,0.23,lastPrice,0.20986498599898426,0.043
2026-05-15,708.9299926757812,2026-08-21,0.2684931506849315,put,355.0,0.5007546636023821,0.0,0.0,0.48,0.48,lastPrice,0.5794385045556206,0.043
2026-05-15,708.9299926757812,2026-08-21,0.2684931506849315,put,360.0,0.5078075461883311,0.0,0.0,0.42,0.42,lastPrice,0.559418582368272,0.043
2026-05-15,708.9299926757812,2026-08-21,0.2684931506849315,put,365.0,0.5148604287742801,0.0,0.0,0.45,0.45,lastPrice,0.5538374408563115,0.043
2026-05-15,708.9299926757812,2026-08-21,0.2684931506849315,put,370.0,0.5219133113602291,0.0,0.0,0.53,0.53,lastPrice,0.5550365792008526,0.043
2026-05-15,708.9299926757812,2026-08-21,0.2684931506849315,put,375.0,0.5289661939461782,0.0,0.0,0.55,0.55,lastPrice,0.547360066501459,0.043
2026-05-15,708.9299926757812,2026-08-21,0.2684931506849315,put,380.0,0.5360190765321272,0.0,0.0,0.53,0.53,lastPrice,0.5345486334458409,0.043
2026-05-15,708.9299926757812,2026-08-21,0.2684931506849315,put,385.0,0.5430719591180763,0.0,0.0,0.54,0.54,lastPrice,0.5257803145404614,0.043
2026-05-15,708.9299926757812,2026-08-21,0.2684931506849315,call,390.0,0.5501248417040253,0.0,0.0,329.48,329.48,lastPrice,0.7820818186336724,0.043
2026-05-15,708.9299926757812,2026-08-21,0.2684931506849315,put,390.0,0.5501248417040253,0.0,0.0,0.6,0.6,lastPrice,0.5230858523508639,0.043
2026-05-15,708.9299926757812,2026-08-21,0.2684931506849315,put,395.0,0.5571777242899744,0.0,0.0,0.64,0.64,lastPrice,0.5176329261647196,0.043
2026-05-15,708.9299926757812,2026-08-21,0.2684931506849315,put,400.0,0.5642306068759234,0.0,0.0,0.67,0.67,lastPrice,0.5109265420085144,0.043
2026-05-15,708.9299926757812,2026-08-21,0.2684931506849315,call,405.0,0.5712834894618725,0.0,0.0,308.75,308.75,lastPrice,0.424291231263933,0.043
2026-05-15,708.9299926757812,2026-08-21,0.2684931506849315,put,405.0,0.5712834894618725,0.0,0.0,0.68,0.68,lastPrice,0.502115718417375,0.043
2026-05-15,708.9299926757812,2026-08-21,0.2684931506849315,put,410.0,0.5783363720478215,0.0,0.0,0.77,0.77,lastPrice,0.5010462834800462,0.043
2026-05-15,708.9299926757812,2026-08-21,0.2684931506849315,put,415.0,0.5853892546337706,0.0,0.0,0.78,0.78,lastPrice,0.4921784849604853,0.043
2026-05-15,708.9299926757812,2026-08-21,0.2684931506849315,put,420.0,0.5924421372197196,0.0,0.0,0.84,0.84,lastPrice,0.4876942550813114,0.043
2026-05-15,708.9299926757812,2026-08-21,0.2684931506849315,put,425.0,0.5994950198056687,0.0,0.0,0.92,0.92,lastPrice,0.4844897134123719,0.043
2026-05-15,708.9299926757812,2026-08-21,0.2684931506849315,call,430.0,0.6065479023916177,0.0,0.0,293.67,293.67,lastPrice,0.7614691668986893,0.043
2026-05-15,708.9299926757812,2026-08-21,0.2684931506849315,put,430.0,0.6065479023916177,0.0,0.0,0.97,0.97,lastPrice,0.47861370306508333,0.043
2026-05-15,708.9299926757812,2026-08-21,0.2684931506849315,put,435.0,0.6136007849775668,0.0,0.0,0.98,0.98,lastPrice,0.4697175988639905,0.043
2026-05-15,708.9299926757812,2026-08-21,0.2684931506849315,put,440.0,0.6206536675635158,0.0,0.0,1.1,1.1,lastPrice,0.46845262032592627,0.043
2026-05-15,708.9299926757812,2026-08-21,0.2684931506849315,put,445.0,0.6277065501494649,0.0,0.0,1.11,1.11,lastPrice,0.45952302635254527,0.043
2026-05-15,708.9299926757812,2026-08-21,0.2684931506849315,put,450.0,0.6347594327354138,0.0,0.0,1.07,1.07,lastPrice,0.44744016554781774,0.043
2026-05-15,708.9299926757812,2026-08-21,0.2684931506849315,call,455.0,0.6418123153213628,0.0,0.0,263.99,263.99,lastPrice,0.5816113666495879,0.043
2026-05-15,708.9299926757812,2026-08-21,0.2684931506849315,put,455.0,0.6418123153213628,0.0,0.0,1.26,1.26,lastPrice,0.44967450551809873,0.043
2026-05-15,708.9299926757812,2026-08-21,0.2684931506849315,call,460.0,0.6488651979073119,0.0,0.0,259.02,259.02,lastPrice,0.5692801380521264,0.043
2026-05-15,708.9299926757812,2026-08-21,0.2684931506849315,put,460.0,0.6488651979073119,0.0,0.0,1.36,1.36,lastPrice,0.4457779052479076,0.043
2026-05-15,708.9299926757812,2026-08-21,0.2684931506849315,call,465.0,0.655918080493261,0.0,0.0,259.86,259.86,lastPrice,0.681614517805575,0.043
2026-05-15,708.9299926757812,2026-08-21,0.2684931506849315,put,465.0,0.655918080493261,0.0,0.0,1.39,1.39,lastPrice,0.4378970003715351,0.043
2026-05-15,708.9299926757812,2026-08-21,0.2684931506849315,call,470.0,0.66297096307921,0.0,0.0,246.5,246.5,lastPrice,0.4638697259023614,0.043
2026-05-15,708.9299926757812,2026-08-21,0.2684931506849315,put,470.0,0.66297096307921,0.0,0.0,1.47,1.47,lastPrice,0.43256214089771555,0.043
2026-05-15,708.9299926757812,2026-08-21,0.2684931506849315,put,475.0,0.670023845665159,0.0,0.0,1.57,1.57,lastPrice,0.4279919865492244,0.043
2026-05-15,708.9299926757812,2026-08-21,0.2684931506849315,call,480.0,0.6770767282511081,0.0,0.0,236.5,236.5,lastPrice,0.43959607748529794,0.043
2026-05-15,708.9299926757812,2026-08-21,0.2684931506849315,put,480.0,0.6770767282511081,0.0,0.0,1.66,1.66,lastPrice,0.4227092410763475,0.043
2026-05-15,708.9299926757812,2026-08-21,0.2684931506849315,call,485.0,0.6841296108370571,0.0,0.0,234.76,234.76,lastPrice,0.523841138656734,0.043
2026-05-15,708.9299926757812,2026-08-21,0.2684931506849315,put,485.0,0.6841296108370571,0.0,0.0,1.83,1.83,lastPrice,0.420621121781142,0.043
2026-05-15,708.9299926757812,2026-08-21,0.2684931506849315,call,490.0,0.6911824934230062,0.0,0.0,227.22,227.22,lastPrice,0.4418215540768869,0.043
2026-05-15,708.9299926757812,2026-08-21,0.2684931506849315,put,490.0,0.6911824934230062,0.0,0.0,1.86,1.86,lastPrice,0.41240319709628753,0.043
2026-05-15,708.9299926757812,2026-08-21,0.2684931506849315,call,495.0,0.6982353760089552,0.0,0.0,227.06,227.06,lastPrice,0.5475551146530471,0.043
2026-05-15,708.9299926757812,2026-08-21,0.2684931506849315,put,495.0,0.6982353760089552,0.0,0.0,2.0,2.0,lastPrice,0.4084898552606461,0.043
2026-05-15,708.9299926757812,2026-08-21,0.2684931506849315,call,500.0,0.7052882585949043,0.0,0.0,217.34,217.34,lastPrice,0.42226418128690896,0.043
2026-05-15,708.9299926757812,2026-08-21,0.2684931506849315,put,500.0,0.7052882585949043,0.0,0.0,2.07,2.07,lastPrice,0.40168764674025853,0.043
2026-05-15,708.9299926757812,2026-08-21,0.2684931506849315,call,505.0,0.7123411411808533,0.0,0.0,211.29,211.29,lastPrice,0.3724636013875142,0.043
2026-05-15,708.9299926757812,2026-08-21,0.2684931506849315,put,505.0,0.7123411411808533,0.0,0.0,2.19,2.19,lastPrice,0.3965823373232506,0.043
2026-05-15,708.9299926757812,2026-08-21,0.2684931506849315,call,510.0,0.7193940237668024,0.0,0.0,208.87,208.87,lastPrice,0.441641475131755,0.043
2026-05-15,708.9299926757812,2026-08-21,0.2684931506849315,put,510.0,0.7193940237668024,0.0,0.0,2.34,2.34,lastPrice,0.39226576286923803,0.043
2026-05-15,708.9299926757812,2026-08-21,0.2684931506849315,call,515.0,0.7264469063527514,0.0,0.0,202.16,202.16,lastPrice,0.38215010501025504,0.043
2026-05-15,708.9299926757812,2026-08-21,0.2684931506849315,put,515.0,0.7264469063527514,0.0,0.0,2.51,2.51,lastPrice,0.38828848945774147,0.043
2026-05-15,708.9299926757812,2026-08-21,0.2684931506849315,call,520.0,0.7334997889387005,0.0,0.0,201.42,201.42,lastPrice,0.4726988515394305,0.043
2026-05-15,708.9299926757812,2026-08-21,0.2684931506849315,put,520.0,0.7334997889387005,0.0,0.0,2.57,2.57,lastPrice,0.3806811737600978,0.043
2026-05-15,708.9299926757812,2026-08-21,0.2684931506849315,put,525.0,0.7405526715246495,0.0,0.0,2.74,2.74,lastPrice,0.37625386707313885,0.043
2026-05-15,708.9299926757812,2026-08-21,0.2684931506849315,call,530.0,0.7476055541105985,0.0,0.0,190.46,190.46,lastPrice,0.4300779485106793,0.043
2026-05-15,708.9299926757812,2026-08-21,0.2684931506849315,put,530.0,0.7476055541105985,0.0,0.0,3.04,3.04,lastPrice,0.3750642584032857,0.043
2026-05-15,708.9299926757812,2026-08-21,0.2684931506849315,call,535.0,0.7546584366965475,0.0,0.0,185.48,185.48,lastPrice,0.41881981184120515,0.043
2026-05-15,708.9299926757812,2026-08-21,0.2684931506849315,put,535.0,0.7546584366965475,0.0,0.0,3.08,3.08,lastPrice,0.36657930829450736,0.043
2026-05-15,708.9299926757812,2026-08-21,0.2684931506849315,put,540.0,0.7617113192824966,0.0,0.0,3.18,3.18,lastPrice,0.3596261264243929,0.043
2026-05-15,708.9299926757812,2026-08-21,0.2684931506849315,put,545.0,0.7687642018684456,0.0,0.0,3.61,3.61,lastPrice,0.36041998643375767,0.043
2026-05-15,708.9299926757812,2026-08-21,0.2684931506849315,call,550.0,0.7758170844543947,0.0,0.0,166.3,166.3,lastPrice,0.27416072505395844,0.043
2026-05-15,708.9299926757812,2026-08-21,0.2684931506849315,put,550.0,0.7758170844543947,0.0,0.0,3.57,3.57,lastPrice,0.34988440288409095,0.043
2026-05-15,708.9299926757812,2026-08-21,0.2684931506849315,call,555.0,0.7828699670403437,0.0,0.0,163.03,163.03,lastPrice,0.32023131816351147,0.043
2026-05-15,708.9299926757812,2026-08-21,0.2684931506849315,put,555.0,0.7828699670403437,0.0,0.0,3.92,3.92,lastPrice,0.34799005951815265,0.043
2026-05-15,708.9299926757812,2026-08-21,0.2684931506849315,call,560.0,0.7899228496262928,0.0,0.0,157.82,157.82,lastPrice,0.3042325771387711,0.043
2026-05-15,708.9299926757812,2026-08-21,0.2684931506849315,put,560.0,0.7899228496262928,0.0,0.0,4.32,4.32,lastPrice,0.34653273446355237,0.043
2026-05-15,708.9299926757812,2026-08-21,0.2684931506849315,put,565.0,0.7969757322122418,0.0,0.0,4.62,4.62,lastPrice,0.3425655681004481,0.043
2026-05-15,708.9299926757812,2026-08-21,0.2684931506849315,call,570.0,0.8040286147981909,0.0,0.0,158.58,158.58,lastPrice,0.45655290949845423,0.043
2026-05-15,708.9299926757812,2026-08-21,0.2684931506849315,put,570.0,0.8040286147981909,0.0,0.0,5.07,5.07,lastPrice,0.3409497394074619,0.043
2026-05-15,708.9299926757812,2026-08-21,0.2684931506849315,call,575.0,0.8110814973841399,0.0,0.0,155.72,155.72,lastPrice,0.46926449385448576,0.043
2026-05-15,708.9299926757812,2026-08-21,0.2684931506849315,put,575.0,0.8110814973841399,0.0,0.0,5.25,5.25,lastPrice,0.3341281600542385,0.043
2026-05-15,708.9299926757812,2026-08-21,0.2684931506849315,call,580.0,0.818134379970089,0.0,0.0,140.0,140.0,lastPrice,0.30943314460080446,0.043
2026-05-15,708.9299926757812,2026-08-21,0.2684931506849315,put,580.0,0.818134379970089,0.0,0.0,5.69,5.69,lastPrice,0.3314686748101158,0.043
2026-05-15,708.9299926757812,2026-08-21,0.2684931506849315,call,585.0,0.825187262556038,0.0,0.0,134.35,134.35,lastPrice,0.2866303836302875,0.043
2026-05-15,708.9299926757812,2026-08-21,0.2684931506849315,put,585.0,0.825187262556038,0.0,0.0,5.65,5.65,lastPrice,0.3207410585086887,0.043
2026-05-15,708.9299926757812,2026-08-21,0.2684931506849315,call,590.0,0.8322401451419871,0.0,0.0,141.72,141.72,lastPrice,0.4414537678421052,0.043
2026-05-15,708.9299926757812,2026-08-21,0.2684931506849315,put,590.0,0.8322401451419871,0.0,0.0,6.27,6.27,lastPrice,0.3202487902021236,0.043
2026-05-15,708.9299926757812,2026-08-21,0.2684931506849315,call,595.0,0.8392930277279361,0.0,0.0,135.7,135.7,lastPrice,0.41741335823678166,0.043
2026-05-15,708.9299926757812,2026-08-21,0.2684931506849315,put,595.0,0.8392930277279361,0.0,0.0,6.43,6.43,lastPrice,0.31239442801028844,0.043
2026-05-15,708.9299926757812,2026-08-21,0.2684931506849315,call,600.0,0.8463459103138852,0.0,0.0,122.62,122.62,lastPrice,0.3074442643975547,0.043
2026-05-15,708.9299926757812,2026-08-21,0.2684931506849315,put,600.0,0.8463459103138852,0.0,0.0,7.4,7.4,lastPrice,0.3156754936681428,0.043
2026-05-15,708.9299926757812,2026-08-21,0.2684931506849315,call,605.0,0.8533987928998342,0.0,0.0,128.43,128.43,lastPrice,0.42019478942669697,0.043
2026-05-15,708.9299926757812,2026-08-21,0.2684931506849315,put,605.0,0.8533987928998342,0.0,0.0,7.36,7.36,lastPrice,0.3046565764944025,0.043
2026-05-15,708.9299926757812,2026-08-21,0.2684931506849315,call,610.0,0.8604516754857832,0.0,0.0,117.34,117.34,lastPrice,0.34289274478145126,0.043
2026-05-15,708.9299926757812,2026-08-21,0.2684931506849315,put,610.0,0.8604516754857832,0.0,0.0,7.9,7.9,lastPrice,0.3011471821380433,0.043
2026-05-15,708.9299926757812,2026-08-21,0.2684931506849315,call,615.0,0.8675045580717322,0.0,0.0,109.94,109.94,lastPrice,0.3033405651556025,0.043
2026-05-15,708.9299926757812,2026-08-21,0.2684931506849315,put,615.0,0.8675045580717322,0.0,0.0,8.1,8.1,lastPrice,0.29303086446518617,0.043
2026-05-15,708.9299926757812,2026-08-21,0.2684931506849315,call,620.0,0.8745574406576813,0.0,0.0,113.5,113.5,lastPrice,0.38157069544002326,0.043
2026-05-15,708.9299926757812,2026-08-21,0.2684931506849315,put,620.0,0.8745574406576813,0.0,0.0,9.61,9.61,lastPrice,0.30009394480736457,0.043
2026-05-15,708.9299926757812,2026-08-21,0.2684931506849315,call,625.0,0.8816103232436303,0.0,0.0,103.83,103.83,lastPrice,0.3224108798456331,0.043
2026-05-15,708.9299926757812,2026-08-21,0.2684931506849315,put,625.0,0.8816103232436303,0.0,0.0,10.04,10.04,lastPrice,0.29385026880687254,0.043
2026-05-15,708.9299926757812,2026-08-21,0.2684931506849315,call,630.0,0.8886632058295794,0.0,0.0,95.94,95.94,lastPrice,0.27989106351318205,0.043
2026-05-15,708.9299926757812,2026-08-21,0.2684931506849315,put,630.0,0.8886632058295794,0.0,0.0,10.97,10.97,lastPrice,0.29263444186706605,0.043
2026-05-15,708.9299926757812,2026-08-21,0.2684931506849315,call,635.0,0.8957160884155284,0.0,0.0,93.7,93.7,lastPrice,0.29657809886055275,0.043
2026-05-15,708.9299926757812,2026-08-21,0.2684931506849315,put,635.0,0.8957160884155284,0.0,0.0,11.75,11.75,lastPrice,0.28924709657863906,0.043
2026-05-15,708.9299926757812,2026-08-21,0.2684931506849315,call,640.0,0.9027689710014775,0.0,0.0,88.17,88.17,lastPrice,0.27912934981555426,0.043
2026-05-15,708.9299926757812,2026-08-21,0.2684931506849315,put,640.0,0.9027689710014775,0.0,0.0,11.91,11.91,lastPrice,0.2792915541699611,0.043
2026-05-15,708.9299926757812,2026-08-21,0.2684931506849315,call,645.0,0.9098218535874265,0.0,0.0,92.0,92.0,lastPrice,0.3468415398394706,0.043
2026-05-15,708.9299926757812,2026-08-21,0.2684931506849315,put,645.0,0.9098218535874265,0.0,0.0,12.34,12.34,lastPrice,0.2718228574950952,0.043
2026-05-15,708.9299926757812,2026-08-21,0.2684931506849315,call,650.0,0.9168747361733756,0.0,0.0,77.28,77.28,lastPrice,0.2462775393883594,0.043
2026-05-15,708.9299926757812,2026-08-21,0.2684931506849315,put,650.0,0.9168747361733756,0.0,0.0,14.26,14.26,lastPrice,0.2777835345381316,0.043
2026-05-15,708.9299926757812,2026-08-21,0.2684931506849315,call,655.0,0.9239276187593246,0.0,0.0,74.4,74.4,lastPrice,0.25386581655799795,0.043
2026-05-15,708.9299926757812,2026-08-21,0.2684931506849315,put,655.0,0.9239276187593246,0.0,0.0,15.25,15.25,lastPrice,0.27435972771096223,0.043
2026-05-15,708.9299926757812,2026-08-21,0.2684931506849315,call,660.0,0.9309805013452737,0.0,0.0,73.8,73.8,lastPrice,0.27931527907281406,0.043
2026-05-15,708.9299926757812,2026-08-21,0.2684931506849315,put,660.0,0.9309805013452737,0.0,0.0,16.25,16.25,lastPrice,0.27049042773085646,0.043
2026-05-15,708.9299926757812,2026-08-21,0.2684931506849315,call,665.0,0.9380333839312227,0.0,0.0,70.34,70.34,lastPrice,0.27861923137936295,0.043
2026-05-15,708.9299926757812,2026-08-21,0.2684931506849315,put,665.0,0.9380333839312227,0.0,0.0,17.7,17.7,lastPrice,0.26981046139228293,0.043
2026-05-15,708.9299926757812,2026-08-21,0.2684931506849315,call,670.0,0.9450862665171718,0.0,0.0,65.06,65.06,lastPrice,0.26273265932192086,0.043
2026-05-15,708.9299926757812,2026-08-21,0.2684931506849315,put,670.0,0.9450862665171718,0.0,0.0,18.6,18.6,lastPrice,0.26402101606707595,0.043
2026-05-15,708.9299926757812,2026-08-21,0.2684931506849315,call,675.0,0.9521391491031208,0.0,0.0,57.69,57.69,lastPrice,0.2301987746685404,0.043
2026-05-15,708.9299926757812,2026-08-21,0.2684931506849315,put,675.0,0.9521391491031208,0.0,0.0,18.87,18.87,lastPrice,0.2528514463105762,0.043
2026-05-15,708.9299926757812,2026-08-21,0.2684931506849315,call,680.0,0.9591920316890699,0.0,0.0,59.49,59.49,lastPrice,0.2689720143708963,0.043
2026-05-15,708.9299926757812,2026-08-21,0.2684931506849315,put,680.0,0.9591920316890699,0.0,0.0,20.44,20.44,lastPrice,0.25139831561520243,0.043
2026-05-15,708.9299926757812,2026-08-21,0.2684931506849315,call,685.0,0.9662449142750189,0.0,0.0,51.86,51.86,lastPrice,0.23470306344106717,0.043
2026-05-15,708.9299926757812,2026-08-21,0.2684931506849315,put,685.0,0.9662449142750189,0.0,0.0,23.0,23.0,lastPrice,0.2566029517306396,0.043
2026-05-15,708.9299926757812,2026-08-21,0.2684931506849315,call,690.0,0.9732977968609678,0.0,0.0,51.77,51.77,lastPrice,0.2561553899296164,0.043
2026-05-15,708.9299926757812,2026-08-21,0.2684931506849315,put,690.0,0.9732977968609678,0.0,0.0,24.56,24.56,lastPrice,0.2535386247069032,0.043
2026-05-15,708.9299926757812,2026-08-21,0.2684931506849315,call,695.0,0.9803506794469169,0.0,0.0,45.0,45.0,lastPrice,0.22811705854788242,0.043
2026-05-15,708.9299926757812,2026-08-21,0.2684931506849315,put,695.0,0.9803506794469169,0.0,0.0,26.35,26.35,lastPrice,0.25147778542925137,0.043
2026-05-15,708.9299926757812,2026-08-21,0.2684931506849315,call,700.0,0.987403562032866,0.0,0.0,41.26,41.26,lastPrice,0.2215896209591339,0.043
2026-05-15,708.9299926757812,2026-08-21,0.2684931506849315,put,700.0,0.987403562032866,0.0,0.0,28.31,28.31,lastPrice,0.24992711112197577,0.043
2026-05-15,708.9299926757812,2026-08-21,0.2684931506849315,call,705.0,0.994456444618815,0.0,0.0,38.18,38.18,lastPrice,0.21902580459435594,0.043
2026-05-15,708.9299926757812,2026-08-21,0.2684931506849315,put,705.0,0.994456444618815,0.0,0.0,30.49,30.49,lastPrice,0.24919844337680186,0.043
2026-05-15,708.9299926757812,2026-08-21,0.2684931506849315,call,710.0,1.0015093272047642,0.0,0.0,35.18,35.18,lastPrice,0.21623294913413893,0.043
2026-05-15,708.9299926757812,2026-08-21,0.2684931506849315,put,710.0,1.0015093272047642,0.0,0.0,32.46,32.46,lastPrice,0.2462931352777854,0.043
2026-05-15,708.9299926757812,2026-08-21,0.2684931506849315,call,715.0,1.0085622097907132,0.0,0.0,33.94,33.94,lastPrice,0.2246941561773493,0.043
2026-05-15,708.9299926757812,2026-08-21,0.2684931506849315,put,715.0,1.0085622097907132,0.0,0.0,34.71,34.71,lastPrice,0.24460590889815134,0.043
2026-05-15,708.9299926757812,2026-08-21,0.2684931506849315,call,720.0,1.0156150923766623,0.0,0.0,29.86,29.86,lastPrice,0.21287725604803923,0.043
2026-05-15,708.9299926757812,2026-08-21,0.2684931506849315,put,720.0,1.0156150923766623,0.0,0.0,35.29,35.29,lastPrice,0.2307925139684649,0.043
2026-05-15,708.9299926757812,2026-08-21,0.2684931506849315,call,725.0,1.0226679749626113,0.0,0.0,27.38,27.38,lastPrice,0.2111742524407644,0.043
2026-05-15,708.9299926757812,2026-08-21,0.2684931506849315,put,725.0,1.0226679749626113,0.0,0.0,39.7,39.7,lastPrice,0.24239161336790896,0.043
2026-05-15,708.9299926757812,2026-08-21,0.2684931506849315,call,730.0,1.0297208575485601,0.0,0.0,25.2,25.2,lastPrice,0.2106780211365485,0.043
2026-05-15,708.9299926757812,2026-08-21,0.2684931506849315,put,730.0,1.0297208575485601,0.0,0.0,42.44,42.44,lastPrice,0.24185811566778728,0.043
2026-05-15,708.9299926757812,2026-08-21,0.2684931506849315,call,735.0,1.0367737401345092,0.0,0.0,26.02,26.02,lastPrice,0.23007068719105947,0.043
2026-05-15,708.9299926757812,2026-08-21,0.2684931506849315,put,735.0,1.0367737401345092,0.0,0.0,44.15,44.15,lastPrice,0.23349712818083135,0.043
2026-05-15,708.9299926757812,2026-08-21,0.2684931506849315,call,740.0,1.0438266227204582,0.0,0.0,21.0,21.0,lastPrice,0.20825796606284078,0.043
2026-05-15,708.9299926757812,2026-08-21,0.2684931506849315,put,740.0,1.0438266227204582,0.0,0.0,45.55,45.55,lastPrice,0.22207735128622044,0.043
2026-05-15,708.9299926757812,2026-08-21,0.2684931506849315,call,745.0,1.0508795053064073,0.0,0.0,19.46,19.46,lastPrice,0.20973927262349795,0.043
2026-05-15,708.9299926757812,2026-08-21,0.2684931506849315,put,745.0,1.0508795053064073,0.0,0.0,50.0,50.0,lastPrice,0.2311633426082299,0.043
2026-05-15,708.9299926757812,2026-08-21,0.2684931506849315,call,750.0,1.0579323878923563,0.0,0.0,18.05,18.05,lastPrice,0.21140390089346478,0.043
2026-05-15,708.9299926757812,2026-08-21,0.2684931506849315,put,750.0,1.0579323878923563,0.0,0.0,50.5,50.5,lastPrice,0.21132474258411124,0.043
2026-05-15,708.9299926757812,2026-08-21,0.2684931506849315,call,755.0,1.0649852704783054,0.0,0.0,15.86,15.86,lastPrice,0.20652695369420984,0.043
2026-05-15,708.9299926757812,2026-08-21,0.2684931506849315,put,755.0,1.0649852704783054,0.0,0.0,51.79,51.79,lastPrice,0.1954413228071872,0.043
2026-05-15,708.9299926757812,2026-08-21,0.2684931506849315,call,760.0,1.0720381530642544,0.0,0.0,13.69,13.69,lastPrice,0.20069097332239738,0.043
2026-05-15,708.9299926757812,2026-08-21,0.2684931506849315,put,760.0,1.0720381530642544,0.0,0.0,57.5,57.5,lastPrice,0.21195112145292871,0.043
2026-05-15,708.9299926757812,2026-08-21,0.2684931506849315,call,765.0,1.0790910356502035,0.0,0.0,13.68,13.68,lastPrice,0.2108517793061858,0.043
2026-05-15,708.9299926757812,2026-08-21,0.2684931506849315,put,765.0,1.0790910356502035,0.0,0.0,62.9,62.9,lastPrice,0.2258947591789562,0.043
2026-05-15,708.9299926757812,2026-08-21,0.2684931506849315,call,770.0,1.0861439182361525,0.0,0.0,10.86,10.86,lastPrice,0.19774647116925187,0.043
2026-05-15,708.9299926757812,2026-08-21,0.2684931506849315,put,770.0,1.0861439182361525,0.0,0.0,69.0,69.0,lastPrice,0.24506240777768062,0.043
2026-05-15,708.9299926757812,2026-08-21,0.2684931506849315,call,775.0,1.0931968008221016,0.0,0.0,10.71,10.71,lastPrice,0.2058057189487172,0.043
2026-05-15,708.9299926757812,2026-08-21,0.2684931506849315,put,775.0,1.0931968008221016,0.0,0.0,64.0,64.0,lastPrice,0.17071528987550275,0.043
2026-05-15,708.9299926757812,2026-08-21,0.2684931506849315,call,780.0,1.1002496834080506,0.0,0.0,8.72,8.72,lastPrice,0.1971277913223645,0.043
2026-05-15,708.9299926757812,2026-08-21,0.2684931506849315,put,780.0,1.1002496834080506,0.0,0.0,71.56,71.56,lastPrice,0.20370232154577297,0.043
2026-05-15,708.9299926757812,2026-08-21,0.2684931506849315,call,785.0,1.1073025659939997,0.0,0.0,8.58,8.58,lastPrice,0.2044040935325239,0.043
2026-05-15,708.9299926757812,2026-08-21,0.2684931506849315,put,785.0,1.1073025659939997,0.0,0.0,82.51,82.51,lastPrice,0.2638776910835302,0.043
2026-05-15,708.9299926757812,2026-08-21,0.2684931506849315,call,790.0,1.1143554485799487,0.0,0.0,7.04,7.04,lastPrice,0.19761905311559727,0.043
2026-05-15,708.9299926757812,2026-08-21,0.2684931506849315,put,790.0,1.1143554485799487,0.0,0.0,84.8,84.8,lastPrice,0.2508532375939656,0.043
2026-05-15,708.9299926757812,2026-08-21,0.2684931506849315,call,795.0,1.1214083311658978,0.0,0.0,7.57,7.57,lastPrice,0.21099435129880326,0.043
2026-05-15,708.9299926757812,2026-08-21,0.2684931506849315,put,795.0,1.1214083311658978,0.0,0.0,90.14,90.14,lastPrice,0.2630994949341266,0.043
2026-05-15,708.9299926757812,2026-08-21,0.2684931506849315,call,800.0,1.1284612137518468,0.0,0.0,5.49,5.49,lastPrice,0.19631594649740253,0.043
2026-05-15,708.9299926757812,2026-08-21,0.2684931506849315,put,800.0,1.1284612137518468,0.0,0.0,82.88,82.88,lastPrice,0.12708412337333597,0.043
2026-05-15,708.9299926757812,2026-08-21,0.2684931506849315,call,805.0,1.1355140963377959,0.0,0.0,5.0,5.0,lastPrice,0.1978105696522734,0.043
2026-05-15,708.9299926757812,2026-08-21,0.2684931506849315,put,805.0,1.1355140963377959,0.0,0.0,196.4,196.4,lastPrice,0.969054924366518,0.043
2026-05-15,708.9299926757812,2026-08-21,0.2684931506849315,call,810.0,1.142566978923745,0.0,0.0,4.31,4.31,lastPrice,0.19611596111615517,0.043
2026-05-15,708.9299926757812,2026-08-21,0.2684931506849315,put,810.0,1.142566978923745,0.0,0.0,104.1,104.1,lastPrice,0.2807990127852238,0.043
2026-05-15,708.9299926757812,2026-08-21,0.2684931506849315,call,815.0,1.149619861509694,0.0,0.0,4.1,4.1,lastPrice,0.20010762468959364,0.043
2026-05-15,708.9299926757812,2026-08-21,0.2684931506849315,call,820.0,1.156672744095643,0.0,0.0,3.83,3.83,lastPrice,0.2029643373626609,0.043
2026-05-15,708.9299926757812,2026-08-21,0.2684931506849315,call,825.0,1.163725626681592,0.0,0.0,2.98,2.98,lastPrice,0.1963206166590802,0.043
2026-05-15,708.9299926757812,2026-08-21,0.2684931506849315,call,830.0,1.1707785092675411,0.0,0.0,2.68,2.68,lastPrice,0.19735460437766794,0.043
2026-05-15,708.9299926757812,2026-08-21,0.2684931506849315,call,835.0,1.1778313918534902,0.0,0.0,2.66,2.66,lastPrice,0.2030046224256954,0.043
2026-05-15,708.9299926757812,2026-08-21,0.2684931506849315,call,840.0,1.1848842744394392,0.0,0.0,2.72,2.72,lastPrice,0.21002468842046518,0.043
2026-05-15,708.9299926757812,2026-08-21,0.2684931506849315,call,845.0,1.1919371570253883,0.0,0.0,3.39,3.39,lastPrice,0.2275863535559211,0.043
2026-05-15,708.9299926757812,2026-08-21,0.2684931506849315,call,850.0,1.1989900396113373,0.0,0.0,1.68,1.68,lastPrice,0.19976322664717425,0.043
2026-05-15,708.9299926757812,2026-08-21,0.2684931506849315,call,855.0,1.2060429221972864,0.0,0.0,2.45,2.45,lastPrice,0.22214026871809212,0.043
2026-05-15,708.9299926757812,2026-08-21,0.2684931506849315,call,860.0,1.2130958047832354,0.0,0.0,1.32,1.32,lastPrice,0.20082272944136823,0.043
2026-05-15,708.9299926757812,2026-08-21,0.2684931506849315,call,865.0,1.2201486873691845,0.0,0.0,1.35,1.35,lastPrice,0.2067743452752196,0.043
2026-05-15,708.9299926757812,2026-08-21,0.2684931506849315,call,870.0,1.2272015699551335,0.0,0.0,1.86,1.86,lastPrice,0.2253723017500813,0.043
2026-05-15,708.9299926757812,2026-08-21,0.2684931506849315,call,875.0,1.2342544525410826,0.0,0.0,1.12,1.12,lastPrice,0.20961256633973105,0.043
2026-05-15,708.9299926757812,2026-08-21,0.2684931506849315,call,880.0,1.2413073351270316,0.0,0.0,1.13,1.13,lastPrice,0.21477643333320978,0.043
2026-05-15,708.9299926757812,2026-08-21,0.2684931506849315,call,885.0,1.2483602177129807,0.0,0.0,0.95,0.95,lastPrice,0.21312984723240283,0.043
2026-05-15,708.9299926757812,2026-08-21,0.2684931506849315,call,890.0,1.2554131002989297,0.0,0.0,0.78,0.78,lastPrice,0.21086891167725977,0.043
2026-05-15,708.9299926757812,2026-08-21,0.2684931506849315,call,895.0,1.2624659828848785,0.0,0.0,0.84,0.84,lastPrice,0.21793655595587752,0.043
2026-05-15,708.9299926757812,2026-08-21,0.2684931506849315,call,900.0,1.2695188654708276,0.0,0.0,0.55,0.55,lastPrice,0.2084277819045242,0.043
2026-05-15,708.9299926757812,2026-10-16,0.42191780821917807,put,355.0,0.5007546636023821,0.0,0.0,1.36,1.36,lastPrice,0.5392093639873864,0.043
2026-05-15,708.9299926757812,2026-10-16,0.42191780821917807,put,360.0,0.5078075461883311,0.0,0.0,1.05,1.05,lastPrice,0.5092910890559657,0.043
2026-05-15,708.9299926757812,2026-10-16,0.42191780821917807,put,365.0,0.5148604287742801,0.0,0.0,1.49,1.49,lastPrice,0.5276530923270494,0.043
2026-05-15,708.9299926757812,2026-10-16,0.42191780821917807,put,370.0,0.5219133113602291,0.0,0.0,1.18,1.18,lastPrice,0.4997464032059714,0.043
2026-05-15,708.9299926757812,2026-10-16,0.42191780821917807,call,375.0,0.5289661939461782,0.0,0.0,352.39,352.39,lastPrice,0.7801984265404147,0.043
2026-05-15,708.9299926757812,2026-10-16,0.42191780821917807,put,375.0,0.5289661939461782,0.0,0.0,1.19,1.19,lastPrice,0.4913192479515854,0.043
2026-05-15,708.9299926757812,2026-10-16,0.42191780821917807,put,380.0,0.5360190765321272,0.0,0.0,1.33,1.33,lastPrice,0.49072532288133414,0.043
2026-05-15,708.9299926757812,2026-10-16,0.42191780821917807,call,385.0,0.5430719591180763,0.0,0.0,334.69,334.69,lastPrice,0.5812287085457284,0.043
2026-05-15,708.9299926757812,2026-10-16,0.42191780821917807,put,385.0,0.5430719591180763,0.0,0.0,1.3,1.3,lastPrice,0.4800412587723577,0.043
2026-05-15,708.9299926757812,2026-10-16,0.42191780821917807,call,390.0,0.5501248417040253,0.0,0.0,334.27,334.27,lastPrice,0.6784741720338866,0.043
2026-05-15,708.9299926757812,2026-10-16,0.42191780821917807,put,390.0,0.5501248417040253,0.0,0.0,1.4,1.4,lastPrice,0.47674745148279507,0.043
2026-05-15,708.9299926757812,2026-10-16,0.42191780821917807,put,395.0,0.5571777242899744,0.0,0.0,1.59,1.59,lastPrice,0.4776612317105295,0.043
2026-05-15,708.9299926757812,2026-10-16,0.42191780821917807,put,400.0,0.5642306068759234,0.0,0.0,1.57,1.57,lastPrice,0.467831092697095,0.043
2026-05-15,708.9299926757812,2026-10-16,0.42191780821917807,put,405.0,0.5712834894618725,0.0,0.0,1.58,1.58,lastPrice,0.4595731071306877,0.043
2026-05-15,708.9299926757812,2026-10-16,0.42191780821917807,put,410.0,0.5783363720478215,0.0,0.0,1.77,1.77,lastPrice,0.4595781515027389,0.043
2026-05-15,708.9299926757812,2026-10-16,0.42191780821917807,put,415.0,0.5853892546337706,0.0,0.0,1.79,1.79,lastPrice,0.4517590572945494,0.043
2026-05-15,708.9299926757812,2026-10-16,0.42191780821917807,put,420.0,0.5924421372197196,0.0,0.0,2.01,2.01,lastPrice,0.4521537602889684,0.043
2026-05-15,708.9299926757812,2026-10-16,0.42191780821917807,call,425.0,0.5994950198056687,0.0,0.0,293.97,293.97,lastPrice,0.45785370078621834,0.043
2026-05-15,708.9299926757812,2026-10-16,0.42191780821917807,put,425.0,0.5994950198056687,0.0,0.0,1.89,1.89,lastPrice,0.43875430978437735,0.043
2026-05-15,708.9299926757812,2026-10-16,0.42191780821917807,call,430.0,0.6065479023916177,0.0,0.0,292.38,292.38,lastPrice,0.5369984703083731,0.043
2026-05-15,708.9299926757812,2026-10-16,0.42191780821917807,put,430.0,0.6065479023916177,0.0,0.0,2.15,2.15,lastPrice,0.44020645843685235,0.043
2026-05-15,708.9299926757812,2026-10-16,0.42191780821917807,put,435.0,0.6136007849775668,0.0,0.0,2.08,2.08,lastPrice,0.42910011435445744,0.043
2026-05-15,708.9299926757812,2026-10-16,0.42191780821917807,put,440.0,0.6206536675635158,0.0,0.0,2.41,2.41,lastPrice,0.4321619687875483,0.043
2026-05-15,708.9299926757812,2026-10-16,0.42191780821917807,put,445.0,0.6277065501494649,0.0,0.0,2.76,2.76,lastPrice,0.4346962506148572,0.043
2026-05-15,708.9299926757812,2026-10-16,0.42191780821917807,put,450.0,0.6347594327354138,0.0,0.0,2.65,2.65,lastPrice,0.422762983103752,0.043
2026-05-15,708.9299926757812,2026-10-16,0.42191780821917807,put,455.0,0.6418123153213628,0.0,0.0,2.58,2.58,lastPrice,0.4121704659302649,0.043
2026-05-15,708.9299926757812,2026-10-16,0.42191780821917807,call,460.0,0.6488651979073119,0.0,0.0,259.75,259.75,lastPrice,0.4029035625029294,0.043
2026-05-15,708.9299926757812,2026-10-16,0.42191780821917807,put,460.0,0.6488651979073119,0.0,0.0,2.62,2.62,lastPrice,0.4050164339442184,0.043
2026-05-15,708.9299926757812,2026-10-16,0.42191780821917807,put,465.0,0.655918080493261,0.0,0.0,4.28,4.28,lastPrice,0.43898958661508664,0.043
2026-05-15,708.9299926757812,2026-10-16,0.42191780821917807,put,470.0,0.66297096307921,0.0,0.0,3.15,3.15,lastPrice,0.4030315085303475,0.043
2026-05-15,708.9299926757812,2026-10-16,0.42191780821917807,put,475.0,0.670023845665159,0.0,0.0,3.27,3.27,lastPrice,0.3977008585208051,0.043
2026-05-15,708.9299926757812,2026-10-16,0.42191780821917807,put,480.0,0.6770767282511081,0.0,0.0,3.51,3.51,lastPrice,0.395171801027437,0.043
2026-05-15,708.9299926757812,2026-10-16,0.42191780821917807,call,485.0,0.6841296108370571,0.0,0.0,234.99,234.99,lastPrice,0.3563628227848292,0.043
2026-05-15,708.9299926757812,2026-10-16,0.42191780821917807,put,485.0,0.6841296108370571,0.0,0.0,3.44,3.44,lastPrice,0.38514496034685924,0.043
2026-05-15,708.9299926757812,2026-10-16,0.42191780821917807,put,490.0,0.6911824934230062,0.0,0.0,3.48,3.48,lastPrice,0.3777941444168298,0.043
2026-05-15,708.9299926757812,2026-10-16,0.42191780821917807,put,495.0,0.6982353760089552,0.0,0.0,3.71,3.71,lastPrice,0.3747175767600649,0.043
2026-05-15,708.9299926757812,2026-10-16,0.42191780821917807,call,500.0,0.7052882585949043,0.0,0.0,221.25,221.25,lastPrice,0.3580202178117911,0.043
2026-05-15,708.9299926757812,2026-10-16,0.42191780821917807,put,500.0,0.7052882585949043,0.0,0.0,4.14,4.14,lastPrice,0.3755220399730461,0.043
2026-05-15,708.9299926757812,2026-10-16,0.42191780821917807,put,505.0,0.7123411411808533,0.0,0.0,4.45,4.45,lastPrice,0.37331827700086734,0.043
2026-05-15,708.9299926757812,2026-10-16,0.42191780821917807,put,510.0,0.7193940237668024,0.0,0.0,4.81,4.81,lastPrice,0.37169037501972424,0.043
2026-05-15,708.9299926757812,2026-10-16,0.42191780821917807,call,515.0,0.7264469063527514,0.0,0.0,207.89,207.89,lastPrice,0.36128608404644397,0.043
2026-05-15,708.9299926757812,2026-10-16,0.42191780821917807,put,515.0,0.7264469063527514,0.0,0.0,5.04,5.04,lastPrice,0.36737959812661247,0.043
2026-05-15,708.9299926757812,2026-10-16,0.42191780821917807,call,520.0,0.7334997889387005,0.0,0.0,203.55,203.55,lastPrice,0.36292161492410663,0.043
2026-05-15,708.9299926757812,2026-10-16,0.42191780821917807,put,520.0,0.7334997889387005,0.0,0.0,4.88,4.88,lastPrice,0.3561486716959002,0.043
2026-05-15,708.9299926757812,2026-10-16,0.42191780821917807,call,525.0,0.7405526715246495,0.0,0.0,194.18,194.18,lastPrice,0.24496451068614086,0.043
2026-05-15,708.9299926757812,2026-10-16,0.42191780821917807,put,525.0,0.7405526715246495,0.0,0.0,5.3,5.3,lastPrice,0.35496947031744774,0.043
2026-05-15,708.9299926757812,2026-10-16,0.42191780821917807,put,530.0,0.7476055541105985,0.0,0.0,5.74,5.74,lastPrice,0.3536637249298412,0.043
2026-05-15,708.9299926757812,2026-10-16,0.42191780821917807,call,535.0,0.7546584366965475,0.0,0.0,198.05,198.05,lastPrice,0.4546440167387956,0.043
2026-05-15,708.9299926757812,2026-10-16,0.42191780821917807,put,535.0,0.7546584366965475,0.0,0.0,6.04,6.04,lastPrice,0.3498174826626077,0.043
2026-05-15,708.9299926757812,2026-10-16,0.42191780821917807,call,540.0,0.7617113192824966,0.0,0.0,184.15,184.15,lastPrice,0.3332859580863927,0.043
2026-05-15,708.9299926757812,2026-10-16,0.42191780821917807,put,540.0,0.7617113192824966,0.0,0.0,6.4,6.4,lastPrice,0.3466422232875833,0.043
2026-05-15,708.9299926757812,2026-10-16,0.42191780821917807,put,545.0,0.7687642018684456,0.0,0.0,6.65,6.65,lastPrice,0.34166869318513177,0.043
2026-05-15,708.9299926757812,2026-10-16,0.42191780821917807,call,550.0,0.7758170844543947,0.0,0.0,183.16,183.16,lastPrice,0.4228697691877056,0.043
2026-05-15,708.9299926757812,2026-10-16,0.42191780821917807,put,550.0,0.7758170844543947,0.0,0.0,7.35,7.35,lastPrice,0.3426055248272474,0.043
2026-05-15,708.9299926757812,2026-10-16,0.42191780821917807,put,555.0,0.7828699670403437,0.0,0.0,7.48,7.48,lastPrice,0.33564722332590047,0.043
2026-05-15,708.9299926757812,2026-10-16,0.42191780821917807,call,560.0,0.7899228496262928,0.0,0.0,165.85,165.85,lastPrice,0.31889520006177524,0.043
2026-05-15,708.9299926757812,2026-10-16,0.42191780821917807,put,560.0,0.7899228496262928,0.0,0.0,8.24,8.24,lastPrice,0.3364813963193792,0.043
2026-05-15,708.9299926757812,2026-10-16,0.42191780821917807,put,565.0,0.7969757322122418,0.0,0.0,8.18,8.18,lastPrice,0.32701212953308323,0.043
2026-05-15,708.9299926757812,2026-10-16,0.42191780821917807,call,570.0,0.8040286147981909,0.0,0.0,165.01,165.01,lastPrice,0.3977261528762632,0.043
2026-05-15,708.9299926757812,2026-10-16,0.42191780821917807,put,570.0,0.8040286147981909,0.0,0.0,8.78,8.78,lastPrice,0.32531769653428355,0.043
2026-05-15,708.9299926757812,2026-10-16,0.42191780821917807,call,575.0,0.8110814973841399,0.0,0.0,153.89,153.89,lastPrice,0.3258995667099263,0.043
2026-05-15,708.9299926757812,2026-10-16,0.42191780821917807,put,575.0,0.8110814973841399,0.0,0.0,9.4,9.4,lastPrice,0.32346123976207447,0.043
2026-05-15,708.9299926757812,2026-10-16,0.42191780821917807,call,580.0,0.818134379970089,0.0,0.0,152.76,152.76,lastPrice,0.35520850743735155,0.043
2026-05-15,708.9299926757812,2026-10-16,0.42191780821917807,put,580.0,0.818134379970089,0.0,0.0,9.46,9.46,lastPrice,0.3152473249101926,0.043
2026-05-15,708.9299926757812,2026-10-16,0.42191780821917807,call,585.0,0.825187262556038,0.0,0.0,142.02,142.02,lastPrice,0.2855385541273943,0.043
2026-05-15,708.9299926757812,2026-10-16,0.42191780821917807,put,585.0,0.825187262556038,0.0,0.0,9.7,9.7,lastPrice,0.3089429133718069,0.043
2026-05-15,708.9299926757812,2026-10-16,0.42191780821917807,call,590.0,0.8322401451419871,0.0,0.0,142.8,142.8,lastPrice,0.334923357789968,0.043
2026-05-15,708.9299926757812,2026-10-16,0.42191780821917807,put,590.0,0.8322401451419871,0.0,0.0,10.43,10.43,lastPrice,0.3075366361273463,0.043
2026-05-15,708.9299926757812,2026-10-16,0.42191780821917807,call,595.0,0.8392930277279361,0.0,0.0,141.58,141.58,lastPrice,0.3580461153651674,0.043
2026-05-15,708.9299926757812,2026-10-16,0.42191780821917807,put,595.0,0.8392930277279361,0.0,0.0,11.39,11.39,lastPrice,0.3079386641550436,0.043
2026-05-15,708.9299926757812,2026-10-16,0.42191780821917807,call,600.0,0.8463459103138852,0.0,0.0,131.2,131.2,lastPrice,0.2997094933942479,0.043
2026-05-15,708.9299926757812,2026-10-16,0.42191780821917807,put,600.0,0.8463459103138852,0.0,0.0,12.37,12.37,lastPrice,0.3079698293011636,0.043
2026-05-15,708.9299926757812,2026-10-16,0.42191780821917807,call,605.0,0.8533987928998342,0.0,0.0,126.78,126.78,lastPrice,0.2951168558447591,0.043
2026-05-15,708.9299926757812,2026-10-16,0.42191780821917807,put,605.0,0.8533987928998342,0.0,0.0,12.45,12.45,lastPrice,0.2994494688416126,0.043
2026-05-15,708.9299926757812,2026-10-16,0.42191780821917807,call,610.0,0.8604516754857832,0.0,0.0,119.63,119.63,lastPrice,0.2652106722955139,0.043
2026-05-15,708.9299926757812,2026-10-16,0.42191780821917807,put,610.0,0.8604516754857832,0.0,0.0,13.21,13.21,lastPrice,0.29688930464780977,0.043
2026-05-15,708.9299926757812,2026-10-16,0.42191780821917807,call,615.0,0.8675045580717322,0.0,0.0,126.86,126.86,lastPrice,0.3566279671909487,0.043
2026-05-15,708.9299926757812,2026-10-16,0.42191780821917807,put,615.0,0.8675045580717322,0.0,0.0,13.42,13.42,lastPrice,0.28933830730528465,0.043
2026-05-15,708.9299926757812,2026-10-16,0.42191780821917807,call,620.0,0.8745574406576813,0.0,0.0,111.19,111.19,lastPrice,0.26014506383691466,0.043
2026-05-15,708.9299926757812,2026-10-16,0.42191780821917807,put,620.0,0.8745574406576813,0.0,0.0,15.37,15.37,lastPrice,0.29598992556771586,0.043
2026-05-15,708.9299926757812,2026-10-16,0.42191780821917807,call,625.0,0.8816103232436303,0.0,0.0,111.33,111.33,lastPrice,0.29259728973436294,0.043
2026-05-15,708.9299926757812,2026-10-16,0.42191780821917807,put,625.0,0.8816103232436303,0.0,0.0,15.1,15.1,lastPrice,0.28419699507416674,0.043
2026-05-15,708.9299926757812,2026-10-16,0.42191780821917807,call,630.0,0.8886632058295794,0.0,0.0,107.6,107.6,lastPrice,0.29185482380407074,0.043
2026-05-15,708.9299926757812,2026-10-16,0.42191780821917807,put,630.0,0.8886632058295794,0.0,0.0,16.26,16.26,lastPrice,0.2835866969617023,0.043
2026-05-15,708.9299926757812,2026-10-16,0.42191780821917807,call,635.0,0.8957160884155284,0.0,0.0,101.23,101.23,lastPrice,0.27095680776867537,0.043
2026-05-15,708.9299926757812,2026-10-16,0.42191780821917807,put,635.0,0.8957160884155284,0.0,0.0,17.79,17.79,lastPrice,0.2852558695436267,0.043
2026-05-15,708.9299926757812,2026-10-16,0.42191780821917807,call,640.0,0.9027689710014775,0.0,0.0,98.38,98.38,lastPrice,0.27638577786198243,0.043
2026-05-15,708.9299926757812,2026-10-16,0.42191780821917807,put,640.0,0.9027689710014775,0.0,0.0,17.43,17.43,lastPrice,0.27264149594584713,0.043
2026-05-15,708.9299926757812,2026-10-16,0.42191780821917807,call,645.0,0.9098218535874265,0.0,0.0,94.9,94.9,lastPrice,0.2764992986167849,0.043
2026-05-15,708.9299926757812,2026-10-16,0.42191780821917807,put,645.0,0.9098218535874265,0.0,0.0,18.43,18.43,lastPrice,0.2698253630153633,0.043
2026-05-15,708.9299926757812,2026-10-16,0.42191780821917807,call,650.0,0.9168747361733756,0.0,0.0,90.85,90.85,lastPrice,0.2722008084676502,0.043
2026-05-15,708.9299926757812,2026-10-16,0.42191780821917807,put,650.0,0.9168747361733756,0.0,0.0,19.98,19.98,lastPrice,0.2704562289664364,0.043
2026-05-15,708.9299926757812,2026-10-16,0.42191780821917807,call,655.0,0.9239276187593246,0.0,0.0,85.85,85.85,lastPrice,0.26122852607635166,0.043
2026-05-15,708.9299926757812,2026-10-16,0.42191780821917807,put,655.0,0.9239276187593246,0.0,0.0,20.74,20.74,lastPrice,0.26524838796648903,0.043
2026-05-15,708.9299926757812,2026-10-16,0.42191780821917807,call,660.0,0.9309805013452737,0.0,0.0,81.5,81.5,lastPrice,0.2545412678254567,0.043
2026-05-15,708.9299926757812,2026-10-16,0.42191780821917807,put,660.0,0.9309805013452737,0.0,0.0,22.8,22.8,lastPrice,0.2683097419527154,0.043
2026-05-15,708.9299926757812,2026-10-16,0.42191780821917807,call,665.0,0.9380333839312227,0.0,0.0,79.48,79.48,lastPrice,0.262649327445186,0.043
2026-05-15,708.9299926757812,2026-10-16,0.42191780821917807,put,665.0,0.9380333839312227,0.0,0.0,24.55,24.55,lastPrice,0.26874352099582816,0.043
2026-05-15,708.9299926757812,2026-10-16,0.42191780821917807,call,670.0,0.9450862665171718,0.0,0.0,76.11,76.11,lastPrice,0.26140645075928387,0.043
2026-05-15,708.9299926757812,2026-10-16,0.42191780821917807,put,670.0,0.9450862665171718,0.0,0.0,25.13,25.13,lastPrice,0.26138049093860016,0.043
2026-05-15,708.9299926757812,2026-10-16,0.42191780821917807,call,675.0,0.9521391491031208,0.0,0.0,70.59,70.59,lastPrice,0.24652188375500744,0.043
2026-05-15,708.9299926757812,2026-10-16,0.42191780821917807,put,675.0,0.9521391491031208,0.0,0.0,26.38,26.38,lastPrice,0.2579236743368281,0.043
2026-05-15,708.9299926757812,2026-10-16,0.42191780821917807,call,680.0,0.9591920316890699,0.0,0.0,68.98,68.98,lastPrice,0.2552781176123049,0.043
2026-05-15,708.9299926757812,2026-10-16,0.42191780821917807,put,680.0,0.9591920316890699,0.0,0.0,28.0,28.0,lastPrice,0.256332735724994,0.043
2026-05-15,708.9299926757812,2026-10-16,0.42191780821917807,call,685.0,0.9662449142750189,0.0,0.0,65.95,65.95,lastPrice,0.2548087841162165,0.043
2026-05-15,708.9299926757812,2026-10-16,0.42191780821917807,put,685.0,0.9662449142750189,0.0,0.0,29.18,29.18,lastPrice,0.25171448988488565,0.043
2026-05-15,708.9299926757812,2026-10-16,0.42191780821917807,call,690.0,0.9732977968609678,0.0,0.0,60.4,60.4,lastPrice,0.23921940187942975,0.043
2026-05-15,708.9299926757812,2026-10-16,0.42191780821917807,put,690.0,0.9732977968609678,0.0,0.0,32.28,32.28,lastPrice,0.2579000360354641,0.043
2026-05-15,708.9299926757812,2026-10-16,0.42191780821917807,call,695.0,0.9803506794469169,0.0,0.0,57.63,57.63,lastPrice,0.23953440915471674,0.043
2026-05-15,708.9299926757812,2026-10-16,0.42191780821917807,put,695.0,0.9803506794469169,0.0,0.0,32.96,32.96,lastPrice,0.24958680283197177,0.043
2026-05-15,708.9299926757812,2026-10-16,0.42191780821917807,call,700.0,0.987403562032866,0.0,0.0,55.53,55.53,lastPrice,0.24312280645239068,0.043
2026-05-15,708.9299926757812,2026-10-16,0.42191780821917807,put,700.0,0.987403562032866,0.0,0.0,36.0,36.0,lastPrice,0.25433509036533597,0.043
2026-05-15,708.9299926757812,2026-10-16,0.42191780821917807,call,705.0,0.994456444618815,0.0,0.0,51.7,51.7,lastPrice,0.23646124517074107,0.043
2026-05-15,708.9299926757812,2026-10-16,0.42191780821917807,put,705.0,0.994456444618815,0.0,0.0,36.17,36.17,lastPrice,0.24247057660428464,0.043
2026-05-15,708.9299926757812,2026-10-16,0.42191780821917807,call,710.0,1.0015093272047642,0.0,0.0,47.87,47.87,lastPrice,0.2294374779656073,0.043
2026-05-15,708.9299926757812,2026-10-16,0.42191780821917807,put,710.0,1.0015093272047642,0.0,0.0,40.1,40.1,lastPrice,0.25117044322227694,0.043
2026-05-15,708.9299926757812,2026-10-16,0.42191780821917807,call,715.0,1.0085622097907132,0.0,0.0,47.41,47.41,lastPrice,0.24054898165463665,0.043
2026-05-15,708.9299926757812,2026-10-16,0.42191780821917807,put,715.0,1.0085622097907132,0.0,0.0,42.3,42.3,lastPrice,0.24975595758181915,0.043
2026-05-15,708.9299926757812,2026-10-16,0.42191780821917807,call,720.0,1.0156150923766623,0.0,0.0,41.0,41.0,lastPrice,0.21851208545278514,0.043
2026-05-15,708.9299926757812,2026-10-16,0.42191780821917807,put,720.0,1.0156150923766623,0.0,0.0,43.8,43.8,lastPrice,0.24406872554535197,0.043
2026-05-15,708.9299926757812,2026-10-16,0.42191780821917807,call,725.0,1.0226679749626113,0.0,0.0,40.44,40.44,lastPrice,0.2280193360456084,0.043
2026-05-15,708.9299926757812,2026-10-16,0.42191780821917807,put,725.0,1.0226679749626113,0.0,0.0,46.85,46.85,lastPrice,0.2464115705326331,0.043
2026-05-15,708.9299926757812,2026-10-16,0.42191780821917807,call,730.0,1.0297208575485601,0.0,0.0,37.57,37.57,lastPrice,0.22441936240287053,0.043
2026-05-15,708.9299926757812,2026-10-16,0.42191780821917807,put,730.0,1.0297208575485601,0.0,0.0,47.35,47.35,lastPrice,0.2344057696380527,0.043
2026-05-15,708.9299926757812,2026-10-16,0.42191780821917807,call,735.0,1.0367737401345092,0.0,0.0,37.75,37.75,lastPrice,0.2369427805516542,0.043
2026-05-15,708.9299926757812,2026-10-16,0.42191780821917807,put,735.0,1.0367737401345092,0.0,0.0,46.01,46.01,lastPrice,0.21189488790908179,0.043
2026-05-15,708.9299926757812,2026-10-16,0.42191780821917807,call,740.0,1.0438266227204582,0.0,0.0,32.71,32.71,lastPrice,0.22051884959122767,0.043
2026-05-15,708.9299926757812,2026-10-16,0.42191780821917807,put,740.0,1.0438266227204582,0.0,0.0,51.34,51.34,lastPrice,0.22524688590918282,0.043
2026-05-15,708.9299926757812,2026-10-16,0.42191780821917807,call,745.0,1.0508795053064073,0.0,0.0,29.65,29.65,lastPrice,0.21433145820160418,0.043
2026-05-15,708.9299926757812,2026-10-16,0.42191780821917807,put,745.0,1.0508795053064073,0.0,0.0,51.66,51.66,lastPrice,0.21066138738930884,0.043
2026-05-15,708.9299926757812,2026-10-16,0.42191780821917807,call,750.0,1.0579323878923563,0.0,0.0,28.73,28.73,lastPrice,0.21943649680633692,0.043
2026-05-15,708.9299926757812,2026-10-16,0.42191780821917807,put,750.0,1.0579323878923563,0.0,0.0,60.4,60.4,lastPrice,0.2420322392606054,0.043
2026-05-15,708.9299926757812,2026-10-16,0.42191780821917807,call,755.0,1.0649852704783054,0.0,0.0,27.86,27.86,lastPrice,0.224423695578781,0.043
2026-05-15,708.9299926757812,2026-10-16,0.42191780821917807,put,755.0,1.0649852704783054,0.0,0.0,59.6,59.6,lastPrice,0.22019031783352866,0.043
2026-05-15,708.9299926757812,2026-10-16,0.42191780821917807,call,760.0,1.0720381530642544,0.0,0.0,23.57,23.57,lastPrice,0.2096238062242883,0.043
2026-05-15,708.9299926757812,2026-10-16,0.42191780821917807,put,760.0,1.0720381530642544,0.0,0.0,67.27,67.27,lastPrice,0.2452101653733477,0.043
2026-05-15,708.9299926757812,2026-10-16,0.42191780821917807,call,765.0,1.0790910356502035,0.0,0.0,23.28,23.28,lastPrice,0.21701550521183996,0.043
2026-05-15,708.9299926757812,2026-10-16,0.42191780821917807,put,765.0,1.0790910356502035,0.0,0.0,65.74,65.74,lastPrice,0.21784503204958197,0.043
2026-05-15,708.9299926757812,2026-10-16,0.42191780821917807,call,770.0,1.0861439182361525,0.0,0.0,20.66,20.66,lastPrice,0.21046240513423242,0.043
2026-05-15,708.9299926757812,2026-10-16,0.42191780821917807,put,770.0,1.0861439182361525,0.0,0.0,72.5,72.5,lastPrice,0.23737207623769432,0.043
2026-05-15,708.9299926757812,2026-10-16,0.42191780821917807,call,775.0,1.0931968008221016,0.0,0.0,19.41,19.41,lastPrice,0.21140519407669295,0.043
2026-05-15,708.9299926757812,2026-10-16,0.42191780821917807,put,775.0,1.0931968008221016,0.0,0.0,72.64,72.64,lastPrice,0.2179611251937922,0.043
2026-05-15,708.9299926757812,2026-10-16,0.42191780821917807,call,780.0,1.1002496834080506,0.0,0.0,17.07,17.07,lastPrice,0.20517497859295034,0.043
2026-05-15,708.9299926757812,2026-10-16,0.42191780821917807,put,780.0,1.1002496834080506,0.0,0.0,75.95,75.95,lastPrice,0.2164671419192234,0.043
2026-05-15,708.9299926757812,2026-10-16,0.42191780821917807,call,785.0,1.1073025659939997,0.0,0.0,16.99,16.99,lastPrice,0.2124728449020692,0.043
2026-05-15,708.9299926757812,2026-10-16,0.42191780821917807,put,785.0,1.1073025659939997,0.0,0.0,79.69,79.69,lastPrice,0.21713168314456718,0.043
2026-05-15,708.9299926757812,2026-10-16,0.42191780821917807,call,790.0,1.1143554485799487,0.0,0.0,16.09,16.09,lastPrice,0.21433851724666683,0.043
2026-05-15,708.9299926757812,2026-10-16,0.42191780821917807,put,790.0,1.1143554485799487,0.0,0.0,83.8,83.8,lastPrice,0.2197353818354673,0.043
2026-05-15,708.9299926757812,2026-10-16,0.42191780821917807,call,795.0,1.1214083311658978,0.0,0.0,14.47,14.47,lastPrice,0.21107561211821985,0.043
2026-05-15,708.9299926757812,2026-10-16,0.42191780821917807,put,795.0,1.1214083311658978,0.0,0.0,87.66,87.66,lastPrice,0.22038882462893186,0.043
2026-05-15,708.9299926757812,2026-10-16,0.42191780821917807,call,800.0,1.1284612137518468,0.0,0.0,11.76,11.76,lastPrice,0.19948278195763133,0.043
2026-05-15,708.9299926757812,2026-10-16,0.42191780821917807,put,800.0,1.1284612137518468,0.0,0.0,92.56,92.56,lastPrice,0.2275566993260031,0.043
2026-05-15,708.9299926757812,2026-10-16,0.42191780821917807,call,805.0,1.1355140963377959,0.0,0.0,10.76,10.76,lastPrice,0.19895398327775302,0.043
2026-05-15,708.9299926757812,2026-10-16,0.42191780821917807,put,805.0,1.1355140963377959,0.0,0.0,95.29,95.29,lastPrice,0.2198521836741102,0.043
2026-05-15,708.9299926757812,2026-10-16,0.42191780821917807,call,810.0,1.142566978923745,0.0,0.0,10.35,10.35,lastPrice,0.20240119107819288,0.043
2026-05-15,708.9299926757812,2026-10-16,0.42191780821917807,put,810.0,1.142566978923745,0.0,0.0,106.1,106.1,lastPrice,0.266104422048366,0.043
2026-05-15,708.9299926757812,2026-10-16,0.42191780821917807,call,815.0,1.149619861509694,0.0,0.0,10.77,10.77,lastPrice,0.21197151495600236,0.043
2026-05-15,708.9299926757812,2026-10-16,0.42191780821917807,put,815.0,1.149619861509694,0.0,0.0,109.9,109.9,lastPrice,0.26592589312349996,0.043
2026-05-15,708.9299926757812,2026-10-16,0.42191780821917807,call,820.0,1.156672744095643,0.0,0.0,9.02,9.02,lastPrice,0.20449481547674633,0.043
2026-05-15,708.9299926757812,2026-10-16,0.42191780821917807,put,820.0,1.156672744095643,0.0,0.0,116.22,116.22,lastPrice,0.2821026890634585,0.043
2026-05-15,708.9299926757812,2026-10-16,0.42191780821917807,call,825.0,1.163725626681592,0.0,0.0,8.52,8.52,lastPrice,0.2063710498533571,0.043
2026-05-15,708.9299926757812,2026-10-16,0.42191780821917807,put,825.0,1.163725626681592,0.0,0.0,108.46,108.46,lastPrice,0.19518982077674332,0.043
2026-05-15,708.9299926757812,2026-10-16,0.42191780821917807,call,830.0,1.1707785092675411,0.0,0.0,7.8,7.8,lastPrice,0.2060384718241465,0.043
2026-05-15,708.9299926757812,2026-10-16,0.42191780821917807,put,830.0,1.1707785092675411,122.63,125.93,197.02,124.28,mid,0.2838985012685456,0.043
2026-05-15,708.9299926757812,2026-10-16,0.42191780821917807,call,835.0,1.1778313918534902,0.0,0.0,9.33,9.33,lastPrice,0.2248928764071597,0.043
2026-05-15,708.9299926757812,2026-10-16,0.42191780821917807,call,840.0,1.1848842744394392,0.0,0.0,6.8,6.8,lastPrice,0.20813995565246957,0.043
2026-05-15,708.9299926757812,2026-10-16,0.42191780821917807,call,845.0,1.1919371570253883,0.0,0.0,6.14,6.14,lastPrice,0.20709786365574734,0.043
2026-05-15,708.9299926757812,2026-10-16,0.42191780821917807,put,845.0,1.1919371570253883,0.0,0.0,126.5,126.5,lastPrice,0.2018252027840078,0.043
2026-05-15,708.9299926757812,2026-10-16,0.42191780821917807,call,850.0,1.1989900396113373,0.0,0.0,5.21,5.21,lastPrice,0.20261558605425586,0.043
2026-05-15,708.9299926757812,2026-10-16,0.42191780821917807,call,855.0,1.2060429221972864,0.0,0.0,5.18,5.18,lastPrice,0.20735118896655497,0.043
2026-05-15,708.9299926757812,2026-10-16,0.42191780821917807,call,860.0,1.2130958047832354,0.0,0.0,4.66,4.66,lastPrice,0.20639834764802287,0.043
2026-05-15,708.9299926757812,2026-10-16,0.42191780821917807,put,860.0,1.2130958047832354,0.0,0.0,147.0,147.0,lastPrice,0.2705826027287248,0.043
2026-05-15,708.9299926757812,2026-10-16,0.42191780821917807,call,865.0,1.2201486873691845,0.0,0.0,4.34,4.34,lastPrice,0.20739475308417527,0.043
2026-05-15,708.9299926757812,2026-10-16,0.42191780821917807,call,870.0,1.2272015699551335,0.0,0.0,3.94,3.94,lastPrice,0.2070600014477186,0.043
2026-05-15,708.9299926757812,2026-10-16,0.42191780821917807,put,870.0,1.2272015699551335,0.0,0.0,176.98,176.98,lastPrice,0.42344504030593916,0.043
2026-05-15,708.9299926757812,2026-10-16,0.42191780821917807,call,875.0,1.2342544525410826,0.0,0.0,3.62,3.62,lastPrice,0.20738584318344175,0.043
2026-05-15,708.9299926757812,2026-10-16,0.42191780821917807,call,880.0,1.2413073351270316,0.0,0.0,3.13,3.13,lastPrice,0.2048467533807645,0.043
2026-05-15,708.9299926757812,2026-10-16,0.42191780821917807,call,885.0,1.2483602177129807,0.0,0.0,3.09,3.09,lastPrice,0.20862084945730475,0.043
2026-05-15,708.9299926757812,2026-10-16,0.42191780821917807,call,890.0,1.2554131002989297,0.0,0.0,3.7,3.7,lastPrice,0.22193992735189644,0.043
2026-05-15,708.9299926757812,2026-10-16,0.42191780821917807,call,900.0,1.2695188654708276,0.0,0.0,2.53,2.53,lastPrice,0.2121452499195428,0.043
2026-05-15,708.9299926757812,2026-10-16,0.42191780821917807,call,905.0,1.2765717480567766,0.0,0.0,2.18,2.18,lastPrice,0.20975014219484378,0.043
2026-05-15,708.9299926757812,2026-10-16,0.42191780821917807,call,910.0,1.2836246306427257,0.0,0.0,2.06,2.06,lastPrice,0.21133610945740394,0.043
2026-05-15,708.9299926757812,2026-10-16,0.42191780821917807,call,920.0,1.2977303958146238,0.0,0.0,1.87,1.87,lastPrice,0.21507218033541345,0.043
2026-05-15,708.9299926757812,2026-10-16,0.42191780821917807,call,925.0,1.3047832784005728,0.0,0.0,1.56,1.56,lastPrice,0.21165941367294747,0.043
2026-05-15,708.9299926757812,2027-01-15,0.6712328767123288,put,355.0,0.5007546636023821,0.0,0.0,2.17,2.17,lastPrice,0.46758852888418206,0.043
2026-05-15,708.9299926757812,2027-01-15,0.6712328767123288,put,360.0,0.5078075461883311,0.0,0.0,2.1,2.1,lastPrice,0.4568893787445425,0.043
2026-05-15,708.9299926757812,2027-01-15,0.6712328767123288,put,365.0,0.5148604287742801,0.0,0.0,2.14,2.14,lastPrice,0.45036612757086986,0.043
2026-05-15,708.9299926757812,2027-01-15,0.6712328767123288,call,370.0,0.5219133113602291,0.0,0.0,352.73,352.73,lastPrice,0.4778807721164175,0.043
2026-05-15,708.9299926757812,2027-01-15,0.6712328767123288,put,370.0,0.5219133113602291,0.0,0.0,2.24,2.24,lastPrice,0.44598647828414434,0.043
2026-05-15,708.9299926757812,2027-01-15,0.6712328767123288,put,375.0,0.5289661939461782,0.0,0.0,2.48,2.48,lastPrice,0.4460937715971008,0.043
2026-05-15,708.9299926757812,2027-01-15,0.6712328767123288,call,380.0,0.5360190765321272,0.0,0.0,346.6,346.6,lastPrice,0.5392112205382039,0.043
2026-05-15,708.9299926757812,2027-01-15,0.6712328767123288,put,380.0,0.5360190765321272,0.0,0.0,2.58,2.58,lastPrice,0.4413657595252814,0.043
2026-05-15,708.9299926757812,2027-01-15,0.6712328767123288,call,385.0,0.5430719591180763,0.0,0.0,338.94,338.94,lastPrice,0.47287142766839096,0.043
2026-05-15,708.9299926757812,2027-01-15,0.6712328767123288,put,385.0,0.5430719591180763,0.0,0.0,2.6,2.6,lastPrice,0.43416787012586205,0.043
2026-05-15,708.9299926757812,2027-01-15,0.6712328767123288,call,390.0,0.5501248417040253,0.0,0.0,341.83,341.83,lastPrice,0.5974019923628006,0.043
2026-05-15,708.9299926757812,2027-01-15,0.6712328767123288,put,390.0,0.5501248417040253,0.0,0.0,3.02,3.02,lastPrice,0.4384726657884753,0.043
2026-05-15,708.9299926757812,2027-01-15,0.6712328767123288,put,395.0,0.5571777242899744,0.0,0.0,3.1,3.1,lastPrice,0.43281820836902796,0.043
2026-05-15,708.9299926757812,2027-01-15,0.6712328767123288,call,400.0,0.5642306068759234,0.0,0.0,324.43,324.43,lastPrice,0.449748359179167,0.043
2026-05-15,708.9299926757812,2027-01-15,0.6712328767123288,put,400.0,0.5642306068759234,0.0,0.0,3.27,3.27,lastPrice,0.42947443910506133,0.043
2026-05-15,708.9299926757812,2027-01-15,0.6712328767123288,put,405.0,0.5712834894618725,0.0,0.0,3.54,3.54,lastPrice,0.4283894543130342,0.043
2026-05-15,708.9299926757812,2027-01-15,0.6712328767123288,call,410.0,0.5783363720478215,0.0,0.0,315.36,315.36,lastPrice,0.44734591030588805,0.043
2026-05-15,708.9299926757812,2027-01-15,0.6712328767123288,put,410.0,0.5783363720478215,0.0,0.0,3.27,3.27,lastPrice,0.41413709411010086,0.043
2026-05-15,708.9299926757812,2027-01-15,0.6712328767123288,put,415.0,0.5853892546337706,0.0,0.0,3.5,3.5,lastPrice,0.4120989017041865,0.043
2026-05-15,708.9299926757812,2027-01-15,0.6712328767123288,call,420.0,0.5924421372197196,0.0,0.0,315.1,315.1,lastPrice,0.568698292074868,0.043
2026-05-15,708.9299926757812,2027-01-15,0.6712328767123288,put,420.0,0.5924421372197196,0.0,0.0,3.91,3.91,lastPrice,0.4137578027692463,0.043
2026-05-15,708.9299926757812,2027-01-15,0.6712328767123288,put,425.0,0.5994950198056687,0.0,0.0,4.05,4.05,lastPrice,0.40914486743663697,0.043
2026-05-15,708.9299926757812,2027-01-15,0.6712328767123288,call,430.0,0.6065479023916177,0.0,0.0,305.72,305.72,lastPrice,0.5532140843397307,0.043
2026-05-15,708.9299926757812,2027-01-15,0.6712328767123288,put,430.0,0.6065479023916177,0.0,0.0,4.3,4.3,lastPrice,0.406697242506843,0.043
2026-05-15,708.9299926757812,2027-01-15,0.6712328767123288,put,435.0,0.6136007849775668,0.0,0.0,4.1,4.1,lastPrice,0.3951447600381795,0.043
2026-05-15,708.9299926757812,2027-01-15,0.6712328767123288,call,440.0,0.6206536675635158,0.0,0.0,286.09,286.09,lastPrice,0.3982190021017513,0.043
2026-05-15,708.9299926757812,2027-01-15,0.6712328767123288,put,440.0,0.6206536675635158,0.0,0.0,4.75,4.75,lastPrice,0.40023398862909837,0.043
2026-05-15,708.9299926757812,2027-01-15,0.6712328767123288,put,445.0,0.6277065501494649,0.0,0.0,5.04,5.04,lastPrice,0.39792807793903523,0.043
2026-05-15,708.9299926757812,2027-01-15,0.6712328767123288,call,450.0,0.6347594327354138,0.0,0.0,283.0,283.0,lastPrice,0.4782256100137371,0.043
2026-05-15,708.9299926757812,2027-01-15,0.6712328767123288,put,450.0,0.6347594327354138,0.0,0.0,5.05,5.05,lastPrice,0.3905853641343747,0.043
2026-05-15,708.9299926757812,2027-01-15,0.6712328767123288,put,455.0,0.6418123153213628,0.0,0.0,4.85,4.85,lastPrice,0.3796716410259567,0.043
2026-05-15,708.9299926757812,2027-01-15,0.6712328767123288,call,460.0,0.6488651979073119,0.0,0.0,268.59,268.59,lastPrice,0.39983344757247624,0.043
2026-05-15,708.9299926757812,2027-01-15,0.6712328767123288,put,460.0,0.6488651979073119,0.0,0.0,5.5,5.5,lastPrice,0.3832114215335204,0.043
2026-05-15,708.9299926757812,2027-01-15,0.6712328767123288,call,465.0,0.655918080493261,0.0,0.0,261.0,261.0,lastPrice,0.34690144184833177,0.043
2026-05-15,708.9299926757812,2027-01-15,0.6712328767123288,put,465.0,0.655918080493261,0.0,0.0,5.64,5.64,lastPrice,0.378017352650261,0.043
2026-05-15,708.9299926757812,2027-01-15,0.6712328767123288,call,470.0,0.66297096307921,0.0,0.0,265.0,265.0,lastPrice,0.4598707888918302,0.043
2026-05-15,708.9299926757812,2027-01-15,0.6712328767123288,put,470.0,0.66297096307921,0.0,0.0,5.59,5.59,lastPrice,0.3698595407784849,0.043
2026-05-15,708.9299926757812,2027-01-15,0.6712328767123288,call,475.0,0.670023845665159,0.0,0.0,253.73,253.73,lastPrice,0.37295088404651155,0.043
2026-05-15,708.9299926757812,2027-01-15,0.6712328767123288,put,475.0,0.670023845665159,0.0,0.0,6.12,6.12,lastPrice,0.37052436384108434,0.043
2026-05-15,708.9299926757812,2027-01-15,0.6712328767123288,call,480.0,0.6770767282511081,0.0,0.0,251.67,251.67,lastPrice,0.4021761626797988,0.043
2026-05-15,708.9299926757812,2027-01-15,0.6712328767123288,put,480.0,0.6770767282511081,0.0,0.0,6.6,6.6,lastPrice,0.3699994609130867,0.043
2026-05-15,708.9299926757812,2027-01-15,0.6712328767123288,call,485.0,0.6841296108370571,0.0,0.0,240.16,240.16,lastPrice,0.29111707858456964,0.043
2026-05-15,708.9299926757812,2027-01-15,0.6712328767123288,put,485.0,0.6841296108370571,0.0,0.0,6.43,6.43,lastPrice,0.36025046574650105,0.043
2026-05-15,708.9299926757812,2027-01-15,0.6712328767123288,put,490.0,0.6911824934230062,0.0,0.0,7.36,7.36,lastPrice,0.3653280497921856,0.043
2026-05-15,708.9299926757812,2027-01-15,0.6712328767123288,put,495.0,0.6982353760089552,0.0,0.0,7.42,7.42,lastPrice,0.3586699552004746,0.043
2026-05-15,708.9299926757812,2027-01-15,0.6712328767123288,call,500.0,0.7052882585949043,0.0,0.0,228.08,228.08,lastPrice,0.3172221937361785,0.043
2026-05-15,708.9299926757812,2027-01-15,0.6712328767123288,put,500.0,0.7052882585949043,0.0,0.0,8.1,8.1,lastPrice,0.3596189340473399,0.043
2026-05-15,708.9299926757812,2027-01-15,0.6712328767123288,put,505.0,0.7123411411808533,0.0,0.0,8.22,8.22,lastPrice,0.35359659179933467,0.043
2026-05-15,708.9299926757812,2027-01-15,0.6712328767123288,call,510.0,0.7193940237668024,0.0,0.0,230.88,230.88,lastPrice,0.43662468161852486,0.043
2026-05-15,708.9299926757812,2027-01-15,0.6712328767123288,put,510.0,0.7193940237668024,0.0,0.0,8.54,8.54,lastPrice,0.34986926414128333,0.043
2026-05-15,708.9299926757812,2027-01-15,0.6712328767123288,call,515.0,0.7264469063527514,0.0,0.0,217.5,217.5,lastPrice,0.3466700359236912,0.043
2026-05-15,708.9299926757812,2027-01-15,0.6712328767123288,put,515.0,0.7264469063527514,0.0,0.0,8.34,8.34,lastPrice,0.340213676317991,0.043
2026-05-15,708.9299926757812,2027-01-15,0.6712328767123288,call,520.0,0.7334997889387005,0.0,0.0,212.33,212.33,lastPrice,0.33584688663912815,0.043
2026-05-15,708.9299926757812,2027-01-15,0.6712328767123288,put,520.0,0.7334997889387005,0.0,0.0,9.4,9.4,lastPrice,0.34443210419804876,0.043
2026-05-15,708.9299926757812,2027-01-15,0.6712328767123288,call,525.0,0.7405526715246495,0.0,0.0,210.16,210.16,lastPrice,0.3560648661030597,0.043
2026-05-15,708.9299926757812,2027-01-15,0.6712328767123288,put,525.0,0.7405526715246495,0.0,0.0,9.74,9.74,lastPrice,0.34052665257433873,0.043
2026-05-15,708.9299926757812,2027-01-15,0.6712328767123288,call,530.0,0.7476055541105985,0.0,0.0,212.2,212.2,lastPrice,0.40868289836214705,0.043
2026-05-15,708.9299926757812,2027-01-15,0.6712328767123288,put,530.0,0.7476055541105985,0.0,0.0,10.17,10.17,lastPrice,0.3374175251724713,0.043
2026-05-15,708.9299926757812,2027-01-15,0.6712328767123288,call,535.0,0.7546584366965475,0.0,0.0,195.36,195.36,lastPrice,0.28712642558377777,0.043
2026-05-15,708.9299926757812,2027-01-15,0.6712328767123288,put,535.0,0.7546584366965475,0.0,0.0,10.03,10.03,lastPrice,0.328584128587929,0.043
2026-05-15,708.9299926757812,2027-01-15,0.6712328767123288,call,540.0,0.7617113192824966,0.0,0.0,193.7,193.7,lastPrice,0.3150545216621532,0.043
2026-05-15,708.9299926757812,2027-01-15,0.6712328767123288,put,540.0,0.7617113192824966,0.0,0.0,11.11,11.11,lastPrice,0.3315042390625587,0.043
2026-05-15,708.9299926757812,2027-01-15,0.6712328767123288,call,545.0,0.7687642018684456,0.0,0.0,192.48,192.48,lastPrice,0.341311280978516,0.043
2026-05-15,708.9299926757812,2027-01-15,0.6712328767123288,put,545.0,0.7687642018684456,0.0,0.0,11.53,11.53,lastPrice,0.32785406632901243,0.043
2026-05-15,708.9299926757812,2027-01-15,0.6712328767123288,call,550.0,0.7758170844543947,0.0,0.0,185.29,185.29,lastPrice,0.31292164201876227,0.043
2026-05-15,708.9299926757812,2027-01-15,0.6712328767123288,put,550.0,0.7758170844543947,0.0,0.0,12.21,12.21,lastPrice,0.3263713687989125,0.043
2026-05-15,708.9299926757812,2027-01-15,0.6712328767123288,call,555.0,0.7828699670403437,0.0,0.0,181.06,181.06,lastPrice,0.3111977704572044,0.043
2026-05-15,708.9299926757812,2027-01-15,0.6712328767123288,put,555.0,0.7828699670403437,0.0,0.0,11.92,11.92,lastPrice,0.3162980843913414,0.043
2026-05-15,708.9299926757812,2027-01-15,0.6712328767123288,call,560.0,0.7899228496262928,0.0,0.0,185.0,185.0,lastPrice,0.3730508519202194,0.043
2026-05-15,708.9299926757812,2027-01-15,0.6712328767123288,put,560.0,0.7899228496262928,0.0,0.0,13.2,13.2,lastPrice,0.3196077261426299,0.043
2026-05-15,708.9299926757812,2027-01-15,0.6712328767123288,call,565.0,0.7969757322122418,0.0,0.0,172.34,172.34,lastPrice,0.30487080848528614,0.043
2026-05-15,708.9299926757812,2027-01-15,0.6712328767123288,put,565.0,0.7969757322122418,0.0,0.0,13.88,13.88,lastPrice,0.3175052437743916,0.043
2026-05-15,708.9299926757812,2027-01-15,0.6712328767123288,call,570.0,0.8040286147981909,0.0,0.0,178.02,178.02,lastPrice,0.37534764511942,0.043
2026-05-15,708.9299926757812,2027-01-15,0.6712328767123288,put,570.0,0.8040286147981909,0.0,0.0,14.59,14.59,lastPrice,0.31542137632246214,0.043
2026-05-15,708.9299926757812,2027-01-15,0.6712328767123288,call,575.0,0.8110814973841399,0.0,0.0,164.5,164.5,lastPrice,0.3048102628752408,0.043
2026-05-15,708.9299926757812,2027-01-15,0.6712328767123288,put,575.0,0.8110814973841399,0.0,0.0,15.0,15.0,lastPrice,0.31085137449114053,0.043
2026-05-15,708.9299926757812,2027-01-15,0.6712328767123288,call,580.0,0.818134379970089,0.0,0.0,159.5,159.5,lastPrice,0.29610735634083807,0.043
2026-05-15,708.9299926757812,2027-01-15,0.6712328767123288,put,580.0,0.818134379970089,0.0,0.0,16.0,16.0,lastPrice,0.31054566162216424,0.043
2026-05-15,708.9299926757812,2027-01-15,0.6712328767123288,call,585.0,0.825187262556038,0.0,0.0,155.34,155.34,lastPrice,0.2937385688672381,0.043
2026-05-15,708.9299926757812,2027-01-15,0.6712328767123288,put,585.0,0.825187262556038,0.0,0.0,16.55,16.55,lastPrice,0.30670952101857923,0.043
2026-05-15,708.9299926757812,2027-01-15,0.6712328767123288,call,590.0,0.8322401451419871,0.0,0.0,154.63,154.63,lastPrice,0.3152334118410926,0.043
2026-05-15,708.9299926757812,2027-01-15,0.6712328767123288,put,590.0,0.8322401451419871,0.0,0.0,17.72,17.72,lastPrice,0.30705395771744964,0.043
2026-05-15,708.9299926757812,2027-01-15,0.6712328767123288,call,595.0,0.8392930277279361,0.0,0.0,148.34,148.34,lastPrice,0.29751644468422905,0.043
2026-05-15,708.9299926757812,2027-01-15,0.6712328767123288,put,595.0,0.8392930277279361,0.0,0.0,18.43,18.43,lastPrice,0.3039496901391958,0.043
2026-05-15,708.9299926757812,2027-01-15,0.6712328767123288,call,600.0,0.8463459103138852,0.0,0.0,139.95,139.95,lastPrice,0.2651240507408036,0.043
2026-05-15,708.9299926757812,2027-01-15,0.6712328767123288,put,600.0,0.8463459103138852,0.0,0.0,19.28,19.28,lastPrice,0.3015999521866589,0.043
2026-05-15,708.9299926757812,2027-01-15,0.6712328767123288,call,605.0,0.8533987928998342,0.0,0.0,140.34,140.34,lastPrice,0.29304539150679926,0.043
2026-05-15,708.9299926757812,2027-01-15,0.6712328767123288,put,605.0,0.8533987928998342,0.0,0.0,19.14,19.14,lastPrice,0.29267312918559285,0.043
2026-05-15,708.9299926757812,2027-01-15,0.6712328767123288,call,610.0,0.8604516754857832,0.0,0.0,132.5,132.5,lastPrice,0.2656261356494311,0.043
2026-05-15,708.9299926757812,2027-01-15,0.6712328767123288,put,610.0,0.8604516754857832,0.0,0.0,21.12,21.12,lastPrice,0.2971711726627893,0.043
2026-05-15,708.9299926757812,2027-01-15,0.6712328767123288,call,615.0,0.8675045580717322,0.0,0.0,130.43,130.43,lastPrice,0.2758497864973269,0.043
2026-05-15,708.9299926757812,2027-01-15,0.6712328767123288,put,615.0,0.8675045580717322,0.0,0.0,22.4,22.4,lastPrice,0.2968280654144201,0.043
2026-05-15,708.9299926757812,2027-01-15,0.6712328767123288,call,620.0,0.8745574406576813,0.0,0.0,127.9,127.9,lastPrice,0.2821478884053826,0.043
2026-05-15,708.9299926757812,2027-01-15,0.6712328767123288,put,620.0,0.8745574406576813,0.0,0.0,22.95,22.95,lastPrice,0.29185283711213295,0.043
2026-05-15,708.9299926757812,2027-01-15,0.6712328767123288,call,625.0,0.8816103232436303,0.0,0.0,122.64,122.64,lastPrice,0.27159649493683496,0.043
2026-05-15,708.9299926757812,2027-01-15,0.6712328767123288,put,625.0,0.8816103232436303,0.0,0.0,23.5,23.5,lastPrice,0.28677811162753736,0.043
2026-05-15,708.9299926757812,2027-01-15,0.6712328767123288,call,630.0,0.8886632058295794,0.0,0.0,119.65,119.65,lastPrice,0.2743867660116033,0.043
2026-05-15,708.9299926757812,2027-01-15,0.6712328767123288,put,630.0,0.8886632058295794,0.0,0.0,24.23,24.23,lastPrice,0.2826333728590112,0.043
2026-05-15,708.9299926757812,2027-01-15,0.6712328767123288,call,635.0,0.8957160884155284,0.0,0.0,123.99,123.99,lastPrice,0.3169394359377397,0.043
2026-05-15,708.9299926757812,2027-01-15,0.6712328767123288,put,635.0,0.8957160884155284,0.0,0.0,25.3,25.3,lastPrice,0.2802528814656288,0.043
2026-05-15,708.9299926757812,2027-01-15,0.6712328767123288,call,640.0,0.9027689710014775,0.0,0.0,112.3,112.3,lastPrice,0.2710144677062028,0.043
2026-05-15,708.9299926757812,2027-01-15,0.6712328767123288,put,640.0,0.9027689710014775,0.0,0.0,27.09,27.09,lastPrice,0.28159224545588496,0.043
2026-05-15,708.9299926757812,2027-01-15,0.6712328767123288,call,645.0,0.9098218535874265,0.0,0.0,108.51,108.51,lastPrice,0.2683345594072102,0.043
2026-05-15,708.9299926757812,2027-01-15,0.6712328767123288,put,645.0,0.9098218535874265,0.0,0.0,28.46,28.46,lastPrice,0.2803143196279401,0.043
2026-05-15,708.9299926757812,2027-01-15,0.6712328767123288,call,650.0,0.9168747361733756,0.0,0.0,105.05,105.05,lastPrice,0.2671909010833524,0.043
2026-05-15,708.9299926757812,2027-01-15,0.6712328767123288,put,650.0,0.9168747361733756,0.0,0.0,30.15,30.15,lastPrice,0.2804499771303648,0.043
2026-05-15,708.9299926757812,2027-01-15,0.6712328767123288,call,655.0,0.9239276187593246,0.0,0.0,101.98,101.98,lastPrice,0.26779209421503863,0.043
2026-05-15,708.9299926757812,2027-01-15,0.6712328767123288,put,655.0,0.9239276187593246,0.0,0.0,30.87,30.87,lastPrice,0.27529499687148246,0.043
2026-05-15,708.9299926757812,2027-01-15,0.6712328767123288,call,660.0,0.9309805013452737,0.0,0.0,96.08,96.08,lastPrice,0.25362769691179277,0.043
2026-05-15,708.9299926757812,2027-01-15,0.6712328767123288,put,660.0,0.9309805013452737,0.0,0.0,32.6,32.6,lastPrice,0.2751143514127229,0.043
2026-05-15,708.9299926757812,2027-01-15,0.6712328767123288,call,665.0,0.9380333839312227,0.0,0.0,93.61,93.61,lastPrice,0.2568557809659831,0.043
2026-05-15,708.9299926757812,2027-01-15,0.6712328767123288,put,665.0,0.9380333839312227,0.0,0.0,34.0,34.0,lastPrice,0.2729996458272664,0.043
2026-05-15,708.9299926757812,2027-01-15,0.6712328767123288,call,670.0,0.9450862665171718,0.0,0.0,91.3,91.3,lastPrice,0.2604171916335307,0.043
2026-05-15,708.9299926757812,2027-01-15,0.6712328767123288,put,670.0,0.9450862665171718,0.0,0.0,35.08,35.08,lastPrice,0.2690902712630644,0.043
2026-05-15,708.9299926757812,2027-01-15,0.6712328767123288,call,675.0,0.9521391491031208,0.0,0.0,88.26,88.26,lastPrice,0.26001569099296995,0.043
2026-05-15,708.9299926757812,2027-01-15,0.6712328767123288,put,675.0,0.9521391491031208,0.0,0.0,35.87,35.87,lastPrice,0.2636025531033856,0.043
2026-05-15,708.9299926757812,2027-01-15,0.6712328767123288,call,680.0,0.9591920316890699,0.0,0.0,83.74,83.74,lastPrice,0.25227702376673583,0.043
2026-05-15,708.9299926757812,2027-01-15,0.6712328767123288,put,680.0,0.9591920316890699,0.0,0.0,37.51,37.51,lastPrice,0.2620064801160231,0.043
2026-05-15,708.9299926757812,2027-01-15,0.6712328767123288,call,685.0,0.9662449142750189,0.0,0.0,78.21,78.21,lastPrice,0.23968336652192734,0.043
2026-05-15,708.9299926757812,2027-01-15,0.6712328767123288,put,685.0,0.9662449142750189,0.0,0.0,39.57,39.57,lastPrice,0.2621187175138892,0.043
2026-05-15,708.9299926757812,2027-01-15,0.6712328767123288,call,690.0,0.9732977968609678,0.0,0.0,76.08,76.08,lastPrice,0.24290299290620618,0.043
2026-05-15,708.9299926757812,2027-01-15,0.6712328767123288,put,690.0,0.9732977968609678,0.0,0.0,41.24,41.24,lastPrice,0.2601277197131371,0.043
2026-05-15,708.9299926757812,2027-01-15,0.6712328767123288,call,695.0,0.9803506794469169,0.0,0.0,73.01,73.01,lastPrice,0.24141022204915596,0.043
2026-05-15,708.9299926757812,2027-01-15,0.6712328767123288,put,695.0,0.9803506794469169,0.0,0.0,41.7,41.7,lastPrice,0.2523598575833004,0.043
2026-05-15,708.9299926757812,2027-01-15,0.6712328767123288,call,700.0,0.987403562032866,0.0,0.0,68.0,68.0,lastPrice,0.23084853083414467,0.043
2026-05-15,708.9299926757812,2027-01-15,0.6712328767123288,put,700.0,0.987403562032866,0.0,0.0,45.56,45.56,lastPrice,0.25982947482727214,0.043
2026-05-15,708.9299926757812,2027-01-15,0.6712328767123288,call,705.0,0.994456444618815,0.0,0.0,67.3,67.3,lastPrice,0.2395182701294188,0.043
2026-05-15,708.9299926757812,2027-01-15,0.6712328767123288,put,705.0,0.994456444618815,0.0,0.0,48.06,48.06,lastPrice,0.26077095640796427,0.043
2026-05-15,708.9299926757812,2027-01-15,0.6712328767123288,call,710.0,1.0015093272047642,0.0,0.0,62.5,62.5,lastPrice,0.22949976193816626,0.043
2026-05-15,708.9299926757812,2027-01-15,0.6712328767123288,put,710.0,1.0015093272047642,0.0,0.0,50.0,50.0,lastPrice,0.25892642765175305,0.043
2026-05-15,708.9299926757812,2027-01-15,0.6712328767123288,call,715.0,1.0085622097907132,0.0,0.0,62.71,62.71,lastPrice,0.24140262725605444,0.043
2026-05-15,708.9299926757812,2027-01-15,0.6712328767123288,put,715.0,1.0085622097907132,0.0,0.0,50.39,50.39,lastPrice,0.2500002489012391,0.043
2026-05-15,708.9299926757812,2027-01-15,0.6712328767123288,call,720.0,1.0156150923766623,0.0,0.0,58.48,58.48,lastPrice,0.23340555674447008,0.043
2026-05-15,708.9299926757812,2027-01-15,0.6712328767123288,put,720.0,1.0156150923766623,0.0,0.0,52.42,52.42,lastPrice,0.24808361500423978,0.043
2026-05-15,708.9299926757812,2027-01-15,0.6712328767123288,call,725.0,1.0226679749626113,0.0,0.0,54.06,54.06,lastPrice,0.22437225183560694,0.043
2026-05-15,708.9299926757812,2027-01-15,0.6712328767123288,put,725.0,1.0226679749626113,0.0,0.0,54.63,54.63,lastPrice,0.2466844957498669,0.043
2026-05-15,708.9299926757812,2027-01-15,0.6712328767123288,call,730.0,1.0297208575485601,0.0,0.0,52.25,52.25,lastPrice,0.22642015963025128,0.043
2026-05-15,708.9299926757812,2027-01-15,0.6712328767123288,put,730.0,1.0297208575485601,0.0,0.0,56.99,56.99,lastPrice,0.24566251286748678,0.043
2026-05-15,708.9299926757812,2027-01-15,0.6712328767123288,call,735.0,1.0367737401345092,0.0,0.0,50.36,50.36,lastPrice,0.22780092916486894,0.043
2026-05-15,708.9299926757812,2027-01-15,0.6712328767123288,put,735.0,1.0367737401345092,0.0,0.0,59.9,59.9,lastPrice,0.24674230658113136,0.043
2026-05-15,708.9299926757812,2027-01-15,0.6712328767123288,call,740.0,1.0438266227204582,0.0,0.0,47.1,47.1,lastPrice,0.2229607126661715,0.043
2026-05-15,708.9299926757812,2027-01-15,0.6712328767123288,put,740.0,1.0438266227204582,0.0,0.0,63.4,63.4,lastPrice,0.2500861058398857,0.043
2026-05-15,708.9299926757812,2027-01-15,0.6712328767123288,call,745.0,1.0508795053064073,0.0,0.0,45.47,45.47,lastPrice,0.22485732070351205,0.043
2026-05-15,708.9299926757812,2027-01-15,0.6712328767123288,put,745.0,1.0508795053064073,0.0,0.0,60.53,60.53,lastPrice,0.22565839925607947,0.043
2026-05-15,708.9299926757812,2027-01-15,0.6712328767123288,call,750.0,1.0579323878923563,0.0,0.0,43.19,43.19,lastPrice,0.22364816595471768,0.043
2026-05-15,708.9299926757812,2027-01-15,0.6712328767123288,put,750.0,1.0579323878923563,0.0,0.0,67.23,67.23,lastPrice,0.242261588050611,0.043
2026-05-15,708.9299926757812,2027-01-15,0.6712328767123288,call,755.0,1.0649852704783054,0.0,0.0,42.17,42.17,lastPrice,0.2275982150845444,0.043
2026-05-15,708.9299926757812,2027-01-15,0.6712328767123288,put,755.0,1.0649852704783054,0.0,0.0,70.0,70.0,lastPrice,0.2416279053241019,0.043
2026-05-15,708.9299926757812,2027-01-15,0.6712328767123288,call,760.0,1.0720381530642544,0.0,0.0,39.0,39.0,lastPrice,0.22193047286087217,0.043
2026-05-15,708.9299926757812,2027-01-15,0.6712328767123288,put,760.0,1.0720381530642544,0.0,0.0,68.59,68.59,lastPrice,0.22255017807931976,0.043
2026-05-15,708.9299926757812,2027-01-15,0.6712328767123288,call,765.0,1.0790910356502035,0.0,0.0,35.0,35.0,lastPrice,0.21226732159041906,0.043
2026-05-15,708.9299926757812,2027-01-15,0.6712328767123288,put,765.0,1.0790910356502035,0.0,0.0,77.0,77.0,lastPrice,0.24589750615434072,0.043
2026-05-15,708.9299926757812,2027-01-15,0.6712328767123288,call,770.0,1.0861439182361525,0.0,0.0,34.4,34.4,lastPrice,0.21719233631024892,0.043
2026-05-15,708.9299926757812,2027-01-15,0.6712328767123288,put,770.0,1.0861439182361525,0.0,0.0,74.13,74.13,lastPrice,0.219693708161017,0.043
2026-05-15,708.9299926757812,2027-01-15,0.6712328767123288,call,775.0,1.0931968008221016,0.0,0.0,32.51,32.51,lastPrice,0.21615562039128622,0.043
2026-05-15,708.9299926757812,2027-01-15,0.6712328767123288,put,775.0,1.0931968008221016,0.0,0.0,80.47,80.47,lastPrice,0.23363219871714294,0.043
2026-05-15,708.9299926757812,2027-01-15,0.6712328767123288,call,780.0,1.1002496834080506,0.0,0.0,30.36,30.36,lastPrice,0.21363827476256736,0.043
2026-05-15,708.9299926757812,2027-01-15,0.6712328767123288,put,780.0,1.1002496834080506,0.0,0.0,85.29,85.29,lastPrice,0.24069468591938556,0.043
2026-05-15,708.9299926757812,2027-01-15,0.6712328767123288,call,785.0,1.1073025659939997,0.0,0.0,28.79,28.79,lastPrice,0.21341787023802355,0.043
2026-05-15,708.9299926757812,2027-01-15,0.6712328767123288,put,785.0,1.1073025659939997,0.0,0.0,89.5,89.5,lastPrice,0.24486617875393185,0.043
2026-05-15,708.9299926757812,2027-01-15,0.6712328767123288,call,790.0,1.1143554485799487,0.0,0.0,27.15,27.15,lastPrice,0.21258184570981498,0.043
2026-05-15,708.9299926757812,2027-01-15,0.6712328767123288,put,790.0,1.1143554485799487,261.0,266.0,280.57,263.5,mid,0.9930042220505453,0.043
2026-05-15,708.9299926757812,2027-01-15,0.6712328767123288,call,795.0,1.1214083311658978,0.0,0.0,26.1,26.1,lastPrice,0.214200711723873,0.043
2026-05-15,708.9299926757812,2027-01-15,0.6712328767123288,put,795.0,1.1214083311658978,0.0,0.0,96.4,96.4,lastPrice,0.24575668300658593,0.043
2026-05-15,708.9299926757812,2027-01-15,0.6712328767123288,call,800.0,1.1284612137518468,0.0,0.0,23.0,23.0,lastPrice,0.20580942244914072,0.043
2026-05-15,708.9299926757812,2027-01-15,0.6712328767123288,put,800.0,1.1284612137518468,0.0,0.0,93.01,93.01,lastPrice,0.21392645600018592,0.043
2026-05-15,708.9299926757812,2027-01-15,0.6712328767123288,call,805.0,1.1355140963377959,0.0,0.0,22.56,22.56,lastPrice,0.20977978736024563,0.043
2026-05-15,708.9299926757812,2027-01-15,0.6712328767123288,put,805.0,1.1355140963377959,104.99,106.6,197.27,105.79499999999999,mid,0.25725046793648076,0.043
2026-05-15,708.9299926757812,2027-01-15,0.6712328767123288,call,810.0,1.142566978923745,0.0,0.0,22.5,22.5,lastPrice,0.21545372415654088,0.043
2026-05-15,708.9299926757812,2027-01-15,0.6712328767123288,call,815.0,1.149619861509694,0.0,0.0,19.87,19.87,lastPrice,0.20817052937972358,0.043
2026-05-15,708.9299926757812,2027-01-15,0.6712328767123288,call,820.0,1.156672744095643,0.0,0.0,18.6,18.6,lastPrice,0.20728533388725176,0.043
2026-05-15,708.9299926757812,2027-01-15,0.6712328767123288,put,820.0,1.156672744095643,0.0,0.0,114.3,114.3,lastPrice,0.24695298902218527,0.043
2026-05-15,708.9299926757812,2027-01-15,0.6712328767123288,call,825.0,1.163725626681592,0.0,0.0,17.43,17.43,lastPrice,0.20661539633101936,0.043
2026-05-15,708.9299926757812,2027-01-15,0.6712328767123288,put,825.0,1.163725626681592,127.81,130.63,248.29,129.22,mid,0.30039549368140883,0.043
2026-05-15,708.9299926757812,2027-01-15,0.6712328767123288,call,830.0,1.1707785092675411,0.0,0.0,17.01,17.01,lastPrice,0.20969775093404922,0.043
2026-05-15,708.9299926757812,2027-01-15,0.6712328767123288,put,830.0,1.1707785092675411,0.0,0.0,123.0,123.0,lastPrice,0.2534536441514225,0.043
2026-05-15,708.9299926757812,2027-01-15,0.6712328767123288,call,835.0,1.1778313918534902,0.0,0.0,15.24,15.24,lastPrice,0.20518340483833972,0.043
2026-05-15,708.9299926757812,2027-01-15,0.6712328767123288,call,840.0,1.1848842744394392,0.0,0.0,14.38,14.38,lastPrice,0.2053513042945605,0.043
2026-05-15,708.9299926757812,2027-01-15,0.6712328767123288,put,840.0,1.1848842744394392,0.0,0.0,133.0,133.0,lastPrice,0.26593096290223117,0.043
2026-05-15,708.9299926757812,2027-01-15,0.6712328767123288,call,845.0,1.1919371570253883,0.0,0.0,13.57,13.57,lastPrice,0.20555845656394778,0.043
2026-05-15,708.9299926757812,2027-01-15,0.6712328767123288,call,850.0,1.1989900396113373,0.0,0.0,12.28,12.28,lastPrice,0.20259457127063593,0.043
2026-05-15,708.9299926757812,2027-01-15,0.6712328767123288,put,850.0,1.1989900396113373,0.0,0.0,141.42,141.42,lastPrice,0.2700960576887113,0.043
2026-05-15,708.9299926757812,2027-01-15,0.6712328767123288,call,855.0,1.2060429221972864,0.0,0.0,15.08,15.08,lastPrice,0.22402828993455132,0.043
2026-05-15,708.9299926757812,2027-01-15,0.6712328767123288,put,855.0,1.2060429221972864,156.06,159.97,278.11,158.015,mid,0.33312810696487916,0.043
2026-05-15,708.9299926757812,2027-01-15,0.6712328767123288,call,860.0,1.2130958047832354,0.0,0.0,11.58,11.58,lastPrice,0.2074534872017371,0.043
2026-05-15,708.9299926757812,2027-01-15,0.6712328767123288,put,860.0,1.2130958047832354,0.0,0.0,153.0,153.0,lastPrice,0.2900026474015937,0.043
2026-05-15,708.9299926757812,2027-01-15,0.6712328767123288,call,865.0,1.2201486873691845,0.0,0.0,13.31,13.31,lastPrice,0.22281853337904498,0.043
2026-05-15,708.9299926757812,2027-01-15,0.6712328767123288,call,870.0,1.2272015699551335,0.0,0.0,10.22,10.22,lastPrice,0.20737752548643593,0.043
2026-05-15,708.9299926757812,2027-01-15,0.6712328767123288,put,870.0,1.2272015699551335,0.0,0.0,151.58,151.58,lastPrice,0.23919660136979232,0.043
2026-05-15,708.9299926757812,2027-01-15,0.6712328767123288,call,875.0,1.2342544525410826,0.0,0.0,8.9,8.9,lastPrice,0.202412280983401,0.043
2026-05-15,708.9299926757812,2027-01-15,0.6712328767123288,call,880.0,1.2413073351270316,0.0,0.0,9.1,9.1,lastPrice,0.20801357427723544,0.043
2026-05-15,708.9299926757812,2027-01-15,0.6712328767123288,call,885.0,1.2483602177129807,0.0,0.0,8.67,8.67,lastPrice,0.20896793890842888,0.043
2026-05-15,708.9299926757812,2027-01-15,0.6712328767123288,call,890.0,1.2554131002989297,0.0,0.0,7.93,7.93,lastPrice,0.20736069794915749,0.043
2026-05-15,708.9299926757812,2027-01-15,0.6712328767123288,put,890.0,1.2554131002989297,0.0,0.0,181.01,181.01,lastPrice,0.31375369509522694,0.043
2026-05-15,708.9299926757812,2027-01-15,0.6712328767123288,call,895.0,1.2624659828848785,0.0,0.0,7.03,7.03,lastPrice,0.2040636712043752,0.043
2026-05-15,708.9299926757812,2027-01-15,0.6712328767123288,call,900.0,1.2695188654708276,0.0,0.0,6.0,6.0,lastPrice,0.1990165036952212,0.043
2026-05-15,708.9299926757812,2027-01-15,0.6712328767123288,put,900.0,1.2695188654708276,0.0,0.0,190.45,190.45,lastPrice,0.32164047122236805,0.043
2026-05-15,708.9299926757812,2027-01-15,0.6712328767123288,call,905.0,1.2765717480567766,0.0,0.0,6.3,6.3,lastPrice,0.2053816141126981,0.043
2026-05-15,708.9299926757812,2027-01-15,0.6712328767123288,call,910.0,1.2836246306427257,0.0,0.0,6.02,6.02,lastPrice,0.2065412586843722,0.043
2026-05-15,708.9299926757812,2027-01-15,0.6712328767123288,call,915.0,1.2906775132286747,0.0,0.0,5.59,5.59,lastPrice,0.2061446457010464,0.043
2026-05-15,708.9299926757812,2027-01-15,0.6712328767123288,call,920.0,1.2977303958146238,0.0,0.0,5.18,5.18,lastPrice,0.20568570869584937,0.043
2026-05-15,708.9299926757812,2027-01-15,0.6712328767123288,call,925.0,1.3047832784005728,0.0,0.0,6.4,6.4,lastPrice,0.22077984868165051,0.043
2026-05-15,708.9299926757812,2027-01-15,0.6712328767123288,call,930.0,1.311836160986522,0.0,0.0,4.81,4.81,lastPrice,0.20877256867303576,0.043
2026-05-15,708.9299926757812,2027-01-15,0.6712328767123288,call,935.0,1.318889043572471,0.0,0.0,4.58,4.58,lastPrice,0.20967190635913513,0.043
2026-05-15,708.9299926757812,2027-01-15,0.6712328767123288,call,940.0,1.32594192615842,0.0,0.0,3.95,3.95,lastPrice,0.20583179095995882,0.043
2026-05-15,708.9299926757812,2027-01-15,0.6712328767123288,call,945.0,1.332994808744369,0.0,0.0,5.29,5.29,lastPrice,0.22382065028470313,0.043
2026-05-15,708.9299926757812,2027-01-15,0.6712328767123288,put,945.0,1.332994808744369,0.0,0.0,230.8,230.8,lastPrice,0.3418680673070256,0.043
2026-05-15,708.9299926757812,2027-01-15,0.6712328767123288,call,950.0,1.340047691330318,0.0,0.0,3.48,3.48,lastPrice,0.20639799547103602,0.043
2026-05-15,708.9299926757812,2027-01-15,0.6712328767123288,put,950.0,1.340047691330318,0.0,0.0,287.44,287.44,lastPrice,0.6014217192184633,0.043
2026-05-15,708.9299926757812,2027-01-15,0.6712328767123288,call,960.0,1.3541534565022162,0.0,0.0,3.35,3.35,lastPrice,0.21085721971295482,0.043
2026-05-15,708.9299926757812,2027-01-15,0.6712328767123288,call,965.0,1.3612063390881652,0.0,0.0,2.9,2.9,lastPrice,0.20760427050684618,0.043
2026-05-15,708.9299926757812,2027-01-15,0.6712328767123288,call,970.0,1.3682592216741143,0.0,0.0,2.7,2.7,lastPrice,0.20756366094133785,0.043
2026-05-15,708.9299926757812,2027-01-15,0.6712328767123288,call,975.0,1.3753121042600633,0.0,0.0,2.4,2.4,lastPrice,0.20569326466250182,0.043
2026-05-15,708.9299926757812,2027-01-15,0.6712328767123288,call,980.0,1.3823649868460124,0.0,0.0,2.46,2.46,lastPrice,0.20951393389956363,0.043
2026-05-15,708.9299926757812,2027-01-15,0.6712328767123288,call,990.0,1.3964707520179105,0.0,0.0,2.16,2.16,lastPrice,0.20994982754628388,0.043
2026-05-15,708.9299926757812,2027-01-15,0.6712328767123288,call,1000.0,1.4105765171898086,0.0,0.0,1.92,1.92,lastPrice,0.21086097666797718,0.043
2026-05-15,708.9299926757812,2027-01-15,0.6712328767123288,call,1005.0,1.4176293997757576,0.0,0.0,1.8,1.8,lastPrice,0.21110172936730667,0.043
2026-05-15,708.9299926757812,2027-06-17,1.0904109589041096,put,355.0,0.5007546636023821,0.0,0.0,4.05,4.05,lastPrice,0.4207401361854091,0.043
2026-05-15,708.9299926757812,2027-06-17,1.0904109589041096,call,360.0,0.5078075461883311,0.0,0.0,367.44,367.44,lastPrice,0.3642452437864702,0.043
2026-05-15,708.9299926757812,2027-06-17,1.0904109589041096,put,360.0,0.5078075461883311,0.0,0.0,4.02,4.02,lastPrice,0.4131011604231625,0.043
2026-05-15,708.9299926757812,2027-06-17,1.0904109589041096,put,365.0,0.5148604287742801,0.0,0.0,4.3,4.3,lastPrice,0.4117068363738343,0.043
2026-05-15,708.9299926757812,2027-06-17,1.0904109589041096,put,370.0,0.5219133113602291,0.0,0.0,4.89,4.89,lastPrice,0.4156877623267531,0.043
2026-05-15,708.9299926757812,2027-06-17,1.0904109589041096,put,375.0,0.5289661939461782,0.0,0.0,4.92,4.92,lastPrice,0.40924610944127,0.043
2026-05-15,708.9299926757812,2027-06-17,1.0904109589041096,call,380.0,0.5360190765321272,0.0,0.0,349.9,349.9,lastPrice,0.3768718634076947,0.043
2026-05-15,708.9299926757812,2027-06-17,1.0904109589041096,put,380.0,0.5360190765321272,0.0,0.0,5.13,5.13,lastPrice,0.40595211519183605,0.043
2026-05-15,708.9299926757812,2027-06-17,1.0904109589041096,call,385.0,0.5430719591180763,0.0,0.0,350.37,350.37,lastPrice,0.45208754062338,0.043
2026-05-15,708.9299926757812,2027-06-17,1.0904109589041096,put,385.0,0.5430719591180763,0.0,0.0,6.2,6.2,lastPrice,0.41607858473495857,0.043
2026-05-15,708.9299926757812,2027-06-17,1.0904109589041096,put,390.0,0.5501248417040253,0.0,0.0,5.6,5.6,lastPrice,0.39989890309373294,0.043
2026-05-15,708.9299926757812,2027-06-17,1.0904109589041096,call,395.0,0.5571777242899744,330.5,335.0,235.83,332.75,mid,0.2753920475179061,0.043
2026-05-15,708.9299926757812,2027-06-17,1.0904109589041096,put,395.0,0.5571777242899744,0.0,0.0,6.14,6.14,lastPrice,0.40129043196378517,0.043
2026-05-15,708.9299926757812,2027-06-17,1.0904109589041096,call,400.0,0.5642306068759234,0.0,0.0,333.5,333.5,lastPrice,0.39604473064027385,0.043
2026-05-15,708.9299926757812,2027-06-17,1.0904109589041096,put,400.0,0.5642306068759234,0.0,0.0,5.7,5.7,lastPrice,0.38793927818936175,0.043
2026-05-15,708.9299926757812,2027-06-17,1.0904109589041096,call,405.0,0.5712834894618725,321.0,326.0,257.0,323.5,mid,0.2787090042191108,0.043
2026-05-15,708.9299926757812,2027-06-17,1.0904109589041096,put,405.0,0.5712834894618725,0.0,0.0,5.92,5.92,lastPrice,0.3845537477443718,0.043
2026-05-15,708.9299926757812,2027-06-17,1.0904109589041096,put,410.0,0.5783363720478215,0.0,0.0,6.6,6.6,lastPrice,0.3875063100711568,0.043
2026-05-15,708.9299926757812,2027-06-17,1.0904109589041096,put,415.0,0.5853892546337706,0.0,0.0,6.56,6.56,lastPrice,0.3803027581553687,0.043
2026-05-15,708.9299926757812,2027-06-17,1.0904109589041096,put,420.0,0.5924421372197196,0.0,0.0,7.12,7.12,lastPrice,0.3810529271238714,0.043
2026-05-15,708.9299926757812,2027-06-17,1.0904109589041096,put,425.0,0.5994950198056687,0.0,0.0,7.58,7.58,lastPrice,0.38018179860826107,0.043
2026-05-15,708.9299926757812,2027-06-17,1.0904109589041096,put,430.0,0.6065479023916177,0.0,0.0,7.49,7.49,lastPrice,0.3724755068343967,0.043
2026-05-15,708.9299926757812,2027-06-17,1.0904109589041096,put,435.0,0.6136007849775668,0.0,0.0,7.77,7.77,lastPrice,0.3692857509106393,0.043
2026-05-15,708.9299926757812,2027-06-17,1.0904109589041096,call,440.0,0.6206536675635158,0.0,0.0,301.0,301.0,lastPrice,0.40641702480950853,0.043
2026-05-15,708.9299926757812,2027-06-17,1.0904109589041096,put,440.0,0.6206536675635158,0.0,0.0,8.42,8.42,lastPrice,0.3702162847191336,0.043
2026-05-15,708.9299926757812,2027-06-17,1.0904109589041096,call,445.0,0.6277065501494649,0.0,0.0,301.48,301.48,lastPrice,0.4456783427005811,0.043
2026-05-15,708.9299926757812,2027-06-17,1.0904109589041096,put,445.0,0.6277065501494649,0.0,0.0,8.1,8.1,lastPrice,0.3601035183114735,0.043
2026-05-15,708.9299926757812,2027-06-17,1.0904109589041096,call,450.0,0.6347594327354138,0.0,0.0,296.51,296.51,lastPrice,0.43652132096591484,0.043
2026-05-15,708.9299926757812,2027-06-17,1.0904109589041096,put,450.0,0.6347594327354138,0.0,0.0,8.6,8.6,lastPrice,0.3591665098316051,0.043
2026-05-15,708.9299926757812,2027-06-17,1.0904109589041096,put,455.0,0.6418123153213628,0.0,0.0,9.09,9.09,lastPrice,0.35789963281206033,0.043
2026-05-15,708.9299926757812,2027-06-17,1.0904109589041096,call,460.0,0.6488651979073119,0.0,0.0,287.9,287.9,lastPrice,0.42908193591930427,0.043
2026-05-15,708.9299926757812,2027-06-17,1.0904109589041096,put,460.0,0.6488651979073119,0.0,0.0,9.5,9.5,lastPrice,0.3556305247440248,0.043
2026-05-15,708.9299926757812,2027-06-17,1.0904109589041096,put,465.0,0.655918080493261,0.0,0.0,10.1,10.1,lastPrice,0.35507964836364764,0.043
2026-05-15,708.9299926757812,2027-06-17,1.0904109589041096,call,470.0,0.66297096307921,0.0,0.0,271.99,271.99,lastPrice,0.3619091567255525,0.043
2026-05-15,708.9299926757812,2027-06-17,1.0904109589041096,put,470.0,0.66297096307921,0.0,0.0,10.38,10.38,lastPrice,0.3512844631108098,0.043
2026-05-15,708.9299926757812,2027-06-17,1.0904109589041096,call,475.0,0.670023845665159,0.0,0.0,264.79,264.79,lastPrice,0.3326277588953483,0.043
2026-05-15,708.9299926757812,2027-06-17,1.0904109589041096,put,475.0,0.670023845665159,0.0,0.0,10.65,10.65,lastPrice,0.34735544064463064,0.043
2026-05-15,708.9299926757812,2027-06-17,1.0904109589041096,call,480.0,0.6770767282511081,0.0,0.0,261.75,261.75,lastPrice,0.342611259766299,0.043
2026-05-15,708.9299926757812,2027-06-17,1.0904109589041096,put,480.0,0.6770767282511081,0.0,0.0,10.78,10.78,lastPrice,0.34212898810888087,0.043
2026-05-15,708.9299926757812,2027-06-17,1.0904109589041096,call,485.0,0.6841296108370571,0.0,0.0,250.68,250.68,lastPrice,0.26960081872471525,0.043
2026-05-15,708.9299926757812,2027-06-17,1.0904109589041096,put,485.0,0.6841296108370571,0.0,0.0,11.4,11.4,lastPrice,0.3412306112284472,0.043
2026-05-15,708.9299926757812,2027-06-17,1.0904109589041096,call,490.0,0.6911824934230062,0.0,0.0,250.19,250.19,lastPrice,0.3114440163823834,0.043
2026-05-15,708.9299926757812,2027-06-17,1.0904109589041096,put,490.0,0.6911824934230062,0.0,0.0,11.95,11.95,lastPrice,0.3395323966252973,0.043
2026-05-15,708.9299926757812,2027-06-17,1.0904109589041096,put,495.0,0.6982353760089552,0.0,0.0,13.03,13.03,lastPrice,0.3419775002052077,0.043
2026-05-15,708.9299926757812,2027-06-17,1.0904109589041096,call,500.0,0.7052882585949043,0.0,0.0,243.5,243.5,lastPrice,0.32446999083970496,0.043
2026-05-15,708.9299926757812,2027-06-17,1.0904109589041096,put,500.0,0.7052882585949043,0.0,0.0,13.16,13.16,lastPrice,0.336551424732668,0.043
2026-05-15,708.9299926757812,2027-06-17,1.0904109589041096,call,505.0,0.7123411411808533,0.0,0.0,249.48,249.48,lastPrice,0.3953981102354521,0.043
2026-05-15,708.9299926757812,2027-06-17,1.0904109589041096,put,505.0,0.7123411411808533,0.0,0.0,13.23,13.23,lastPrice,0.33067941046706223,0.043
2026-05-15,708.9299926757812,2027-06-17,1.0904109589041096,call,510.0,0.7193940237668024,0.0,0.0,243.32,243.32,lastPrice,0.37920102901592767,0.043
2026-05-15,708.9299926757812,2027-06-17,1.0904109589041096,put,510.0,0.7193940237668024,0.0,0.0,13.77,13.77,lastPrice,0.3284235465399272,0.043
2026-05-15,708.9299926757812,2027-06-17,1.0904109589041096,call,515.0,0.7264469063527514,0.0,0.0,221.62,221.62,lastPrice,0.23265934926681298,0.043
2026-05-15,708.9299926757812,2027-06-17,1.0904109589041096,put,515.0,0.7264469063527514,0.0,0.0,14.23,14.23,lastPrice,0.3254582861988496,0.043
2026-05-15,708.9299926757812,2027-06-17,1.0904109589041096,call,520.0,0.7334997889387005,0.0,0.0,223.38,223.38,lastPrice,0.2914578055001145,0.043
2026-05-15,708.9299926757812,2027-06-17,1.0904109589041096,put,520.0,0.7334997889387005,0.0,0.0,15.2,15.2,lastPrice,0.32605912232506473,0.043
2026-05-15,708.9299926757812,2027-06-17,1.0904109589041096,call,525.0,0.7405526715246495,0.0,0.0,222.77,222.77,lastPrice,0.316759008195132,0.043
2026-05-15,708.9299926757812,2027-06-17,1.0904109589041096,put,525.0,0.7405526715246495,0.0,0.0,15.1,15.1,lastPrice,0.3189321642669544,0.043
2026-05-15,708.9299926757812,2027-06-17,1.0904109589041096,call,530.0,0.7476055541105985,0.0,0.0,227.0,227.0,lastPrice,0.36829139126912236,0.043
2026-05-15,708.9299926757812,2027-06-17,1.0904109589041096,put,530.0,0.7476055541105985,0.0,0.0,16.59,16.59,lastPrice,0.3227346031581045,0.043
2026-05-15,708.9299926757812,2027-06-17,1.0904109589041096,call,535.0,0.7546584366965475,0.0,0.0,212.78,212.78,lastPrice,0.3010147712389225,0.043
2026-05-15,708.9299926757812,2027-06-17,1.0904109589041096,put,535.0,0.7546584366965475,0.0,0.0,16.5,16.5,lastPrice,0.3156769328466081,0.043
2026-05-15,708.9299926757812,2027-06-17,1.0904109589041096,call,540.0,0.7617113192824966,0.0,0.0,218.2,218.2,lastPrice,0.3586001002392575,0.043
2026-05-15,708.9299926757812,2027-06-17,1.0904109589041096,put,540.0,0.7617113192824966,0.0,0.0,17.88,17.88,lastPrice,0.31819455660108076,0.043
2026-05-15,708.9299926757812,2027-06-17,1.0904109589041096,call,545.0,0.7687642018684456,0.0,0.0,205.9,205.9,lastPrice,0.3061571339428669,0.043
2026-05-15,708.9299926757812,2027-06-17,1.0904109589041096,put,545.0,0.7687642018684456,0.0,0.0,19.0,19.0,lastPrice,0.3187002593346711,0.043
2026-05-15,708.9299926757812,2027-06-17,1.0904109589041096,call,550.0,0.7758170844543947,0.0,0.0,198.9,198.9,lastPrice,0.2853762595351849,0.043
2026-05-15,708.9299926757812,2027-06-17,1.0904109589041096,put,550.0,0.7758170844543947,0.0,0.0,19.0,19.0,lastPrice,0.31216451075772234,0.043
2026-05-15,708.9299926757812,2027-06-17,1.0904109589041096,call,555.0,0.7828699670403437,0.0,0.0,202.59,202.59,lastPrice,0.33043438868283015,0.043
2026-05-15,708.9299926757812,2027-06-17,1.0904109589041096,put,555.0,0.7828699670403437,0.0,0.0,20.53,20.53,lastPrice,0.314777713151486,0.043
2026-05-15,708.9299926757812,2027-06-17,1.0904109589041096,call,560.0,0.7899228496262928,0.0,0.0,193.0,193.0,lastPrice,0.2957395906440184,0.043
2026-05-15,708.9299926757812,2027-06-17,1.0904109589041096,put,560.0,0.7899228496262928,0.0,0.0,20.49,20.49,lastPrice,0.30796872764715877,0.043
2026-05-15,708.9299926757812,2027-06-17,1.0904109589041096,call,565.0,0.7969757322122418,0.0,0.0,194.07,194.07,lastPrice,0.322556211702391,0.043
2026-05-15,708.9299926757812,2027-06-17,1.0904109589041096,put,565.0,0.7969757322122418,0.0,0.0,21.43,21.43,lastPrice,0.30679268606255305,0.043
2026-05-15,708.9299926757812,2027-06-17,1.0904109589041096,call,570.0,0.8040286147981909,0.0,0.0,181.99,181.99,lastPrice,0.2743375724470908,0.043
2026-05-15,708.9299926757812,2027-06-17,1.0904109589041096,put,570.0,0.8040286147981909,0.0,0.0,22.34,22.34,lastPrice,0.3052835996622508,0.043
2026-05-15,708.9299926757812,2027-06-17,1.0904109589041096,call,575.0,0.8110814973841399,0.0,0.0,181.92,181.92,lastPrice,0.29490839243242223,0.043
2026-05-15,708.9299926757812,2027-06-17,1.0904109589041096,put,575.0,0.8110814973841399,0.0,0.0,23.7,23.7,lastPrice,0.30604975719390726,0.043
2026-05-15,708.9299926757812,2027-06-17,1.0904109589041096,call,580.0,0.818134379970089,0.0,0.0,179.21,179.21,lastPrice,0.2994542618597358,0.043
2026-05-15,708.9299926757812,2027-06-17,1.0904109589041096,put,580.0,0.818134379970089,0.0,0.0,24.19,24.19,lastPrice,0.3019805510857686,0.043
2026-05-15,708.9299926757812,2027-06-17,1.0904109589041096,call,585.0,0.825187262556038,0.0,0.0,173.76,173.76,lastPrice,0.2892492944045483,0.043
2026-05-15,708.9299926757812,2027-06-17,1.0904109589041096,put,585.0,0.825187262556038,0.0,0.0,24.64,24.64,lastPrice,0.2976562206115195,0.043
2026-05-15,708.9299926757812,2027-06-17,1.0904109589041096,call,590.0,0.8322401451419871,0.0,0.0,168.0,168.0,lastPrice,0.2775087528390691,0.043
2026-05-15,708.9299926757812,2027-06-17,1.0904109589041096,put,590.0,0.8322401451419871,0.0,0.0,24.8,24.8,lastPrice,0.29180967120954115,0.043
2026-05-15,708.9299926757812,2027-06-17,1.0904109589041096,call,595.0,0.8392930277279361,0.0,0.0,165.01,165.01,lastPrice,0.28021515118272505,0.043
2026-05-15,708.9299926757812,2027-06-17,1.0904109589041096,put,595.0,0.8392930277279361,0.0,0.0,25.14,25.14,lastPrice,0.2868759070887769,0.043
2026-05-15,708.9299926757812,2027-06-17,1.0904109589041096,call,600.0,0.8463459103138852,0.0,0.0,161.34,161.34,lastPrice,0.27916924139975124,0.043
2026-05-15,708.9299926757812,2027-06-17,1.0904109589041096,put,600.0,0.8463459103138852,0.0,0.0,27.7,27.7,lastPrice,0.29282094190133945,0.043
2026-05-15,708.9299926757812,2027-06-17,1.0904109589041096,call,605.0,0.8533987928998342,0.0,0.0,156.83,156.83,lastPrice,0.27384313978358515,0.043
2026-05-15,708.9299926757812,2027-06-17,1.0904109589041096,put,605.0,0.8533987928998342,0.0,0.0,28.7,28.7,lastPrice,0.2908295301285396,0.043
2026-05-15,708.9299926757812,2027-06-17,1.0904109589041096,call,610.0,0.8604516754857832,0.0,0.0,154.43,154.43,lastPrice,0.2786117007243314,0.043
2026-05-15,708.9299926757812,2027-06-17,1.0904109589041096,put,610.0,0.8604516754857832,0.0,0.0,30.28,30.28,lastPrice,0.29141896167323783,0.043
2026-05-15,708.9299926757812,2027-06-17,1.0904109589041096,call,615.0,0.8675045580717322,0.0,0.0,151.5,151.5,lastPrice,0.28046466323171293,0.043
2026-05-15,708.9299926757812,2027-06-17,1.0904109589041096,put,615.0,0.8675045580717322,0.0,0.0,30.91,30.91,lastPrice,0.2874284205965408,0.043
2026-05-15,708.9299926757812,2027-06-17,1.0904109589041096,call,620.0,0.8745574406576813,0.0,0.0,147.6,147.6,lastPrice,0.2776203715379178,0.043
2026-05-15,708.9299926757812,2027-06-17,1.0904109589041096,put,620.0,0.8745574406576813,0.0,0.0,31.89,31.89,lastPrice,0.28495544799899925,0.043
2026-05-15,708.9299926757812,2027-06-17,1.0904109589041096,call,625.0,0.8816103232436303,0.0,0.0,145.03,145.03,lastPrice,0.280601631619353,0.043
2026-05-15,708.9299926757812,2027-06-17,1.0904109589041096,put,625.0,0.8816103232436303,0.0,0.0,31.77,31.77,lastPrice,0.27747989069688966,0.043
2026-05-15,708.9299926757812,2027-06-17,1.0904109589041096,call,630.0,0.8886632058295794,0.0,0.0,137.89,137.89,lastPrice,0.26318356995759346,0.043
2026-05-15,708.9299926757812,2027-06-17,1.0904109589041096,put,630.0,0.8886632058295794,0.0,0.0,33.86,33.86,lastPrice,0.2797157186614152,0.043
2026-05-15,708.9299926757812,2027-06-17,1.0904109589041096,call,635.0,0.8957160884155284,0.0,0.0,138.68,138.68,lastPrice,0.28043589874143326,0.043
2026-05-15,708.9299926757812,2027-06-17,1.0904109589041096,put,635.0,0.8957160884155284,0.0,0.0,36.0,36.0,lastPrice,0.28187299096889934,0.043
2026-05-15,708.9299926757812,2027-06-17,1.0904109589041096,call,640.0,0.9027689710014775,0.0,0.0,131.31,131.31,lastPrice,0.2622969940886045,0.043
2026-05-15,708.9299926757812,2027-06-17,1.0904109589041096,put,640.0,0.9027689710014775,0.0,0.0,37.04,37.04,lastPrice,0.2791367245230106,0.043
2026-05-15,708.9299926757812,2027-06-17,1.0904109589041096,call,645.0,0.9098218535874265,0.0,0.0,130.8,130.8,lastPrice,0.27316354438767215,0.043
2026-05-15,708.9299926757812,2027-06-17,1.0904109589041096,put,645.0,0.9098218535874265,0.0,0.0,38.15,38.15,lastPrice,0.2765813704842976,0.043
2026-05-15,708.9299926757812,2027-06-17,1.0904109589041096,call,650.0,0.9168747361733756,0.0,0.0,126.8,126.8,lastPrice,0.26915559487283525,0.043
2026-05-15,708.9299926757812,2027-06-17,1.0904109589041096,put,650.0,0.9168747361733756,0.0,0.0,41.0,41.0,lastPrice,0.2809906435396546,0.043
2026-05-15,708.9299926757812,2027-06-17,1.0904109589041096,call,655.0,0.9239276187593246,0.0,0.0,122.16,122.16,lastPrice,0.26248290648713113,0.043
2026-05-15,708.9299926757812,2027-06-17,1.0904109589041096,put,655.0,0.9239276187593246,0.0,0.0,40.95,40.95,lastPrice,0.273456097737129,0.043
2026-05-15,708.9299926757812,2027-06-17,1.0904109589041096,call,660.0,0.9309805013452737,0.0,0.0,116.0,116.0,lastPrice,0.24970420775068253,0.043
2026-05-15,708.9299926757812,2027-06-17,1.0904109589041096,put,660.0,0.9309805013452737,0.0,0.0,42.68,42.68,lastPrice,0.2729814969475664,0.043
2026-05-15,708.9299926757812,2027-06-17,1.0904109589041096,call,665.0,0.9380333839312227,0.0,0.0,117.98,117.98,lastPrice,0.2691270472828098,0.043
2026-05-15,708.9299926757812,2027-06-17,1.0904109589041096,put,665.0,0.9380333839312227,0.0,0.0,43.23,43.23,lastPrice,0.267722380573624,0.043
2026-05-15,708.9299926757812,2027-06-17,1.0904109589041096,call,670.0,0.9450862665171718,0.0,0.0,111.0,111.0,lastPrice,0.253112710471939,0.043
2026-05-15,708.9299926757812,2027-06-17,1.0904109589041096,put,670.0,0.9450862665171718,0.0,0.0,46.31,46.31,lastPrice,0.272163909163562,0.043
2026-05-15,708.9299926757812,2027-06-17,1.0904109589041096,call,675.0,0.9521391491031208,0.0,0.0,107.9,107.9,lastPrice,0.25214370142356857,0.043
2026-05-15,708.9299926757812,2027-06-17,1.0904109589041096,put,675.0,0.9521391491031208,0.0,0.0,47.94,47.94,lastPrice,0.2707903701705427,0.043
2026-05-15,708.9299926757812,2027-06-17,1.0904109589041096,call,680.0,0.9591920316890699,0.0,0.0,106.3,106.3,lastPrice,0.2566672243650968,0.043
2026-05-15,708.9299926757812,2027-06-17,1.0904109589041096,put,680.0,0.9591920316890699,0.0,0.0,48.66,48.66,lastPrice,0.2658468098333377,0.043
2026-05-15,708.9299926757812,2027-06-17,1.0904109589041096,call,685.0,0.9662449142750189,0.0,0.0,100.95,100.95,lastPrice,0.24689704539354332,0.043
2026-05-15,708.9299926757812,2027-06-17,1.0904109589041096,put,685.0,0.9662449142750189,0.0,0.0,51.13,51.13,lastPrice,0.2673361429925932,0.043
2026-05-15,708.9299926757812,2027-06-17,1.0904109589041096,call,690.0,0.9732977968609678,0.0,0.0,96.5,96.5,lastPrice,0.24047256769449443,0.043
2026-05-15,708.9299926757812,2027-06-17,1.0904109589041096,put,690.0,0.9732977968609678,0.0,0.0,52.45,52.45,lastPrice,0.26438446896606377,0.043
2026-05-15,708.9299926757812,2027-06-17,1.0904109589041096,call,695.0,0.9803506794469169,0.0,0.0,95.0,95.0,lastPrice,0.2447784052077349,0.043
2026-05-15,708.9299926757812,2027-06-17,1.0904109589041096,put,695.0,0.9803506794469169,0.0,0.0,54.15,54.15,lastPrice,0.2626963804561299,0.043
2026-05-15,708.9299926757812,2027-06-17,1.0904109589041096,call,700.0,0.987403562032866,0.0,0.0,90.0,90.0,lastPrice,0.23614213291263747,0.043
2026-05-15,708.9299926757812,2027-06-17,1.0904109589041096,put,700.0,0.987403562032866,0.0,0.0,56.98,56.98,lastPrice,0.2649362100563745,0.043
2026-05-15,708.9299926757812,2027-06-17,1.0904109589041096,call,705.0,0.994456444618815,0.0,0.0,88.8,88.8,lastPrice,0.24109441485283842,0.043
2026-05-15,708.9299926757812,2027-06-17,1.0904109589041096,put,705.0,0.994456444618815,0.0,0.0,59.0,59.0,lastPrice,0.2640658779586593,0.043
2026-05-15,708.9299926757812,2027-06-17,1.0904109589041096,call,710.0,1.0015093272047642,0.0,0.0,84.89,84.89,lastPrice,0.23614537120613754,0.043
2026-05-15,708.9299926757812,2027-06-17,1.0904109589041096,put,710.0,1.0015093272047642,0.0,0.0,60.43,60.43,lastPrice,0.26094539569916736,0.043
2026-05-15,708.9299926757812,2027-06-17,1.0904109589041096,call,715.0,1.0085622097907132,0.0,0.0,82.0,82.0,lastPrice,0.23468065731040982,0.043
2026-05-15,708.9299926757812,2027-06-17,1.0904109589041096,put,715.0,1.0085622097907132,0.0,0.0,62.4,62.4,lastPrice,0.2596000455554889,0.043
2026-05-15,708.9299926757812,2027-06-17,1.0904109589041096,call,720.0,1.0156150923766623,0.0,0.0,80.0,80.0,lastPrice,0.2361590762539939,0.043
2026-05-15,708.9299926757812,2027-06-17,1.0904109589041096,put,720.0,1.0156150923766623,0.0,0.0,64.49,64.49,lastPrice,0.2585215598177881,0.043
2026-05-15,708.9299926757812,2027-06-17,1.0904109589041096,call,725.0,1.0226679749626113,0.0,0.0,78.01,78.01,lastPrice,0.23746542824058334,0.043
2026-05-15,708.9299926757812,2027-06-17,1.0904109589041096,put,725.0,1.0226679749626113,0.0,0.0,66.01,66.01,lastPrice,0.2553072984909131,0.043
2026-05-15,708.9299926757812,2027-06-17,1.0904109589041096,call,730.0,1.0297208575485601,0.0,0.0,76.0,76.0,lastPrice,0.23850407825331946,0.043
2026-05-15,708.9299926757812,2027-06-17,1.0904109589041096,put,730.0,1.0297208575485601,0.0,0.0,68.27,68.27,lastPrice,0.2545163938929845,0.043
2026-05-15,708.9299926757812,2027-06-17,1.0904109589041096,call,735.0,1.0367737401345092,0.0,0.0,73.33,73.33,lastPrice,0.2370857550199919,0.043
2026-05-15,708.9299926757812,2027-06-17,1.0904109589041096,put,735.0,1.0367737401345092,0.0,0.0,70.6,70.6,lastPrice,0.25380598367353774,0.043
2026-05-15,708.9299926757812,2027-06-17,1.0904109589041096,call,740.0,1.0438266227204582,0.0,0.0,68.8,68.8,lastPrice,0.22914421894646556,0.043
2026-05-15,708.9299926757812,2027-06-17,1.0904109589041096,put,740.0,1.0438266227204582,0.0,0.0,73.67,73.67,lastPrice,0.2554685532166157,0.043
2026-05-15,708.9299926757812,2027-06-17,1.0904109589041096,call,745.0,1.0508795053064073,0.0,0.0,67.85,67.85,lastPrice,0.23327695703198695,0.043
2026-05-15,708.9299926757812,2027-06-17,1.0904109589041096,put,745.0,1.0508795053064073,0.0,0.0,74.54,74.54,lastPrice,0.24945073025169398,0.043
2026-05-15,708.9299926757812,2027-06-17,1.0904109589041096,call,750.0,1.0579323878923563,0.0,0.0,63.0,63.0,lastPrice,0.22395973398296143,0.043
2026-05-15,708.9299926757812,2027-06-17,1.0904109589041096,put,750.0,1.0579323878923563,0.0,0.0,74.54,74.54,lastPrice,0.24034967689689252,0.043
2026-05-15,708.9299926757812,2027-06-17,1.0904109589041096,call,755.0,1.0649852704783054,0.0,0.0,63.47,63.47,lastPrice,0.23254033424199275,0.043
2026-05-15,708.9299926757812,2027-06-17,1.0904109589041096,put,755.0,1.0649852704783054,0.0,0.0,77.34,77.34,lastPrice,0.2406233675183249,0.043
2026-05-15,708.9299926757812,2027-06-17,1.0904109589041096,call,760.0,1.0720381530642544,0.0,0.0,60.0,60.0,lastPrice,0.2275784556736815,0.043
2026-05-15,708.9299926757812,2027-06-17,1.0904109589041096,put,760.0,1.0720381530642544,0.0,0.0,79.9,79.9,lastPrice,0.23991608634944592,0.043
2026-05-15,708.9299926757812,2027-06-17,1.0904109589041096,call,765.0,1.0790910356502035,0.0,0.0,58.43,58.43,lastPrice,0.22888271323739762,0.043
2026-05-15,708.9299926757812,2027-06-17,1.0904109589041096,put,765.0,1.0790910356502035,0.0,0.0,86.61,86.61,lastPrice,0.2530984390525789,0.043
2026-05-15,708.9299926757812,2027-06-17,1.0904109589041096,call,770.0,1.0861439182361525,0.0,0.0,57.16,57.16,lastPrice,0.23103213675804748,0.043
2026-05-15,708.9299926757812,2027-06-17,1.0904109589041096,put,770.0,1.0861439182361525,0.0,0.0,106.54,106.54,lastPrice,0.31090451194790497,0.043
2026-05-15,708.9299926757812,2027-06-17,1.0904109589041096,call,775.0,1.0931968008221016,0.0,0.0,53.59,53.59,lastPrice,0.22521653777103856,0.043
2026-05-15,708.9299926757812,2027-06-17,1.0904109589041096,put,775.0,1.0931968008221016,0.0,0.0,88.37,88.37,lastPrice,0.23948906265521275,0.043
2026-05-15,708.9299926757812,2027-06-17,1.0904109589041096,call,780.0,1.1002496834080506,0.0,0.0,52.13,52.13,lastPrice,0.22638366654351327,0.043
2026-05-15,708.9299926757812,2027-06-17,1.0904109589041096,put,780.0,1.1002496834080506,0.0,0.0,102.27,102.27,lastPrice,0.27657404727655627,0.043
2026-05-15,708.9299926757812,2027-06-17,1.0904109589041096,call,785.0,1.1073025659939997,0.0,0.0,49.34,49.34,lastPrice,0.22285513796604892,0.043
2026-05-15,708.9299926757812,2027-06-17,1.0904109589041096,put,785.0,1.1073025659939997,0.0,0.0,122.68,122.68,lastPrice,0.33556909213829933,0.043
2026-05-15,708.9299926757812,2027-06-17,1.0904109589041096,call,790.0,1.1143554485799487,0.0,0.0,48.0,48.0,lastPrice,0.22409817315185132,0.043
2026-05-15,708.9299926757812,2027-06-17,1.0904109589041096,put,790.0,1.1143554485799487,0.0,0.0,109.61,109.61,lastPrice,0.28104468687601125,0.043
2026-05-15,708.9299926757812,2027-06-17,1.0904109589041096,call,795.0,1.1214083311658978,0.0,0.0,46.26,46.26,lastPrice,0.22381156006299835,0.043
2026-05-15,708.9299926757812,2027-06-17,1.0904109589041096,put,795.0,1.1214083311658978,0.0,0.0,128.13,128.13,lastPrice,0.3334426673245628,0.043
2026-05-15,708.9299926757812,2027-06-17,1.0904109589041096,call,800.0,1.1284612137518468,0.0,0.0,44.12,44.12,lastPrice,0.22197703957823997,0.043
2026-05-15,708.9299926757812,2027-06-17,1.0904109589041096,put,800.0,1.1284612137518468,0.0,0.0,109.2,109.2,lastPrice,0.25858365998671856,0.043
2026-05-15,708.9299926757812,2027-06-17,1.0904109589041096,call,805.0,1.1355140963377959,0.0,0.0,41.01,41.01,lastPrice,0.21657971821010946,0.043
2026-05-15,708.9299926757812,2027-06-17,1.0904109589041096,put,805.0,1.1355140963377959,0.0,0.0,108.0,108.0,lastPrice,0.2435829023121385,0.043
2026-05-15,708.9299926757812,2027-06-17,1.0904109589041096,call,810.0,1.142566978923745,0.0,0.0,39.17,39.17,lastPrice,0.2153977595226037,0.043
2026-05-15,708.9299926757812,2027-06-17,1.0904109589041096,put,810.0,1.142566978923745,0.0,0.0,127.75,127.75,lastPrice,0.3003191737532608,0.043
2026-05-15,708.9299926757812,2027-06-17,1.0904109589041096,call,815.0,1.149619861509694,0.0,0.0,38.24,38.24,lastPrice,0.21725506869974276,0.043
2026-05-15,708.9299926757812,2027-06-17,1.0904109589041096,call,820.0,1.156672744095643,0.0,0.0,36.86,36.86,lastPrice,0.21737639716404908,0.043
2026-05-15,708.9299926757812,2027-06-17,1.0904109589041096,put,820.0,1.156672744095643,0.0,0.0,124.0,124.0,lastPrice,0.26522218104784323,0.043
2026-05-15,708.9299926757812,2027-06-17,1.0904109589041096,call,825.0,1.163725626681592,0.0,0.0,37.18,37.18,lastPrice,0.22344054403448338,0.043
2026-05-15,708.9299926757812,2027-06-17,1.0904109589041096,call,830.0,1.1707785092675411,0.0,0.0,33.45,33.45,lastPrice,0.21478522830351926,0.043
2026-05-15,708.9299926757812,2027-06-17,1.0904109589041096,call,835.0,1.1778313918534902,0.0,0.0,32.01,32.01,lastPrice,0.21418762849655887,0.043
2026-05-15,708.9299926757812,2027-06-17,1.0904109589041096,call,840.0,1.1848842744394392,0.0,0.0,30.59,30.59,lastPrice,0.2134954695734573,0.043
2026-05-15,708.9299926757812,2027-06-17,1.0904109589041096,call,845.0,1.1919371570253883,0.0,0.0,33.77,33.77,lastPrice,0.22980666757639212,0.043
2026-05-15,708.9299926757812,2027-06-17,1.0904109589041096,put,845.0,1.1919371570253883,0.0,0.0,180.91,180.91,lastPrice,0.40370231838060133,0.043
2026-05-15,708.9299926757812,2027-06-17,1.0904109589041096,call,850.0,1.1989900396113373,0.0,0.0,27.0,27.0,lastPrice,0.20870938630683125,0.043
2026-05-15,708.9299926757812,2027-06-17,1.0904109589041096,put,850.0,1.1989900396113373,0.0,0.0,137.36,137.36,lastPrice,0.23965839736420239,0.043
2026-05-15,708.9299926757812,2027-06-17,1.0904109589041096,call,855.0,1.2060429221972864,0.0,0.0,26.36,26.36,lastPrice,0.2104871897420597,0.043
2026-05-15,708.9299926757812,2027-06-17,1.0904109589041096,call,860.0,1.2130958047832354,0.0,0.0,25.97,25.97,lastPrice,0.21314245417490058,0.043
2026-05-15,708.9299926757812,2027-06-17,1.0904109589041096,call,865.0,1.2201486873691845,0.0,0.0,24.62,24.62,lastPrice,0.21189023820525393,0.043
2026-05-15,708.9299926757812,2027-06-17,1.0904109589041096,call,870.0,1.2272015699551335,0.0,0.0,23.54,23.54,lastPrice,0.2115474739529634,0.043
2026-05-15,708.9299926757812,2027-06-17,1.0904109589041096,call,875.0,1.2342544525410826,0.0,0.0,22.61,22.61,lastPrice,0.21166752993341487,0.043
2026-05-15,708.9299926757812,2027-06-17,1.0904109589041096,call,880.0,1.2413073351270316,0.0,0.0,21.72,21.72,lastPrice,0.21181555695662382,0.043
2026-05-15,708.9299926757812,2027-06-17,1.0904109589041096,call,885.0,1.2483602177129807,0.0,0.0,23.8,23.8,lastPrice,0.2242870447401341,0.043
2026-05-15,708.9299926757812,2027-06-17,1.0904109589041096,call,890.0,1.2554131002989297,0.0,0.0,20.34,20.34,lastPrice,0.21343054150272267,0.043
2026-05-15,708.9299926757812,2027-06-17,1.0904109589041096,put,890.0,1.2554131002989297,238.5,243.5,281.7,241.0,mid,0.503869355797339,0.043
2026-05-15,708.9299926757812,2027-06-17,1.0904109589041096,call,895.0,1.2624659828848785,0.0,0.0,18.62,18.62,lastPrice,0.20951277215143338,0.043
2026-05-15,708.9299926757812,2027-06-17,1.0904109589041096,call,900.0,1.2695188654708276,0.0,0.0,16.9,16.9,lastPrice,0.20524606017112484,0.043
2026-05-15,708.9299926757812,2027-06-17,1.0904109589041096,put,900.0,1.2695188654708276,0.0,0.0,199.51,199.51,lastPrice,0.3350717417744442,0.043
2026-05-15,708.9299926757812,2027-06-17,1.0904109589041096,call,905.0,1.2765717480567766,0.0,0.0,19.77,19.77,lastPrice,0.22173962687871615,0.043
2026-05-15,708.9299926757812,2027-06-17,1.0904109589041096,call,910.0,1.2836246306427257,0.0,0.0,15.83,15.83,lastPrice,0.2070740222279156,0.043
2026-05-15,708.9299926757812,2027-06-17,1.0904109589041096,call,915.0,1.2906775132286747,0.0,0.0,18.16,18.16,lastPrice,0.2213875635621878,0.043
2026-05-15,708.9299926757812,2027-06-17,1.0904109589041096,put,915.0,1.2906775132286747,0.0,0.0,202.0,202.0,lastPrice,0.3028384942736213,0.043
2026-05-15,708.9299926757812,2027-06-17,1.0904109589041096,call,920.0,1.2977303958146238,0.0,0.0,17.86,17.86,lastPrice,0.22337486545392682,0.043
2026-05-15,708.9299926757812,2027-06-17,1.0904109589041096,call,925.0,1.3047832784005728,0.0,0.0,14.68,14.68,lastPrice,0.2113318111593619,0.043
2026-05-15,708.9299926757812,2027-06-17,1.0904109589041096,call,930.0,1.311836160986522,0.0,0.0,16.38,16.38,lastPrice,0.22292944094006212,0.043
2026-05-15,708.9299926757812,2027-06-17,1.0904109589041096,call,935.0,1.318889043572471,0.0,0.0,15.63,15.63,lastPrice,0.22245944489164535,0.043
2026-05-15,708.9299926757812,2027-06-17,1.0904109589041096,call,940.0,1.32594192615842,0.0,0.0,12.25,12.25,lastPrice,0.20804562557660428,0.043
2026-05-15,708.9299926757812,2027-06-17,1.0904109589041096,call,945.0,1.332994808744369,0.0,0.0,11.66,11.66,lastPrice,0.20779820979951688,0.043
2026-05-15,708.9299926757812,2027-06-17,1.0904109589041096,call,950.0,1.340047691330318,0.0,0.0,11.14,11.14,lastPrice,0.2078121561445229,0.043
2026-05-15,708.9299926757812,2027-06-17,1.0904109589041096,call,955.0,1.3471005739162671,0.0,0.0,13.1,13.1,lastPrice,0.22166157115221596,0.043
2026-05-15,708.9299926757812,2027-06-17,1.0904109589041096,call,960.0,1.3541534565022162,0.0,0.0,12.08,12.08,lastPrice,0.218974861255199,0.043
2026-05-15,708.9299926757812,2027-06-17,1.0904109589041096,call,965.0,1.3612063390881652,0.0,0.0,11.91,11.91,lastPrice,0.22090249830335973,0.043
2026-05-15,708.9299926757812,2027-06-17,1.0904109589041096,call,970.0,1.3682592216741143,0.0,0.0,11.75,11.75,lastPrice,0.2228424617276765,0.043
2026-05-15,708.9299926757812,2027-06-17,1.0904109589041096,call,975.0,1.3753121042600633,0.0,0.0,10.11,10.11,lastPrice,0.21588890133062724,0.043
2026-05-15,708.9299926757812,2027-06-17,1.0904109589041096,call,980.0,1.3823649868460124,0.0,0.0,9.65,9.65,lastPrice,0.215750287402619,0.043
2026-05-15,708.9299926757812,2027-06-17,1.0904109589041096,call,985.0,1.3894178694319614,0.0,0.0,9.8,9.8,lastPrice,0.2193948966414905,0.043
2026-05-15,708.9299926757812,2027-06-17,1.0904109589041096,call,990.0,1.3964707520179105,0.0,0.0,7.85,7.85,lastPrice,0.20908767313080645,0.043
2026-05-15,708.9299926757812,2027-06-17,1.0904109589041096,call,995.0,1.4035236346038595,0.0,0.0,9.24,9.24,lastPrice,0.2210984074990217,0.043
2026-05-15,708.9299926757812,2027-06-17,1.0904109589041096,call,1000.0,1.4105765171898086,0.0,0.0,6.92,6.92,lastPrice,0.20741372756540102,0.043
2026-05-15,708.9299926757812,2027-06-17,1.0904109589041096,call,1005.0,1.4176293997757576,0.0,0.0,8.2,8.2,lastPrice,0.21920433840353823,0.043
2026-05-15,708.9299926757812,2027-06-17,1.0904109589041096,call,1010.0,1.4246822823617067,0.0,0.0,7.86,7.86,lastPrice,0.21930568850505988,0.043
2026-05-15,708.9299926757812,2027-06-17,1.0904109589041096,call,1015.0,1.4317351649476557,0.0,0.0,6.49,6.49,lastPrice,0.21144624607270326,0.043
2026-05-15,708.9299926757812,2027-06-17,1.0904109589041096,call,1020.0,1.4387880475336048,0.0,0.0,5.91,5.91,lastPrice,0.20912265663839671,0.043
2026-05-15,708.9299926757812,2027-06-17,1.0904109589041096,call,1040.0,1.466999577877401,0.0,0.0,4.7,4.7,lastPrice,0.20746934653032753,0.043
2026-05-15,708.9299926757812,2027-06-17,1.0904109589041096,call,1045.0,1.47405246046335,0.0,0.0,5.84,5.84,lastPrice,0.22008248090926302,0.043
2026-05-15,708.9299926757812,2027-06-17,1.0904109589041096,call,1050.0,1.481105343049299,0.0,0.0,5.4,5.4,lastPrice,0.2184345273787624,0.043
2026-05-15,708.9299926757812,2027-06-17,1.0904109589041096,call,1055.0,1.488158225635248,0.0,0.0,4.55,4.55,lastPrice,0.21256570377669146,0.043
2026-05-15,708.9299926757812,2027-06-17,1.0904109589041096,call,1075.0,1.516369755979044,0.0,0.0,3.68,3.68,lastPrice,0.21169505614591594,0.043
