contractSymbol,lastTradeDate,strike,lastPrice,bid,ask,change,percentChange,volume,openInterest,impliedVolatility,inTheMoney,contractSize,currency,type,expiry,ticker,mid_price
QQQ260515C00305000,2026-05-08 14:06:40+00:00,305.0,399.93,403.23,406.63,0.0,0.0,10.0,5.0,1.0000000000000003e-05,True,REGULAR,USD,call,2026-05-15,QQQ,404.93
QQQ260515C00310000,2026-05-15 14:53:52+00:00,310.0,399.95,398.26,401.68,103.99002,35.136513,34.0,2.0,1.0000000000000003e-05,True,REGULAR,USD,call,2026-05-15,QQQ,399.97
QQQ260515C00315000,2026-05-15 14:53:52+00:00,315.0,395.0,393.67,397.25,45.570007,13.041242,34.0,1.0,6.605470493164063,True,REGULAR,USD,call,2026-05-15,QQQ,395.46000000000004
QQQ260515C00320000,2026-05-13 18:24:32+00:00,320.0,396.52,388.23,391.68,0.0,0.0,8.0,8.0,1.0000000000000003e-05,True,REGULAR,USD,call,2026-05-15,QQQ,389.95500000000004
QQQ260515C00330000,2026-05-05 19:04:48+00:00,330.0,352.82,378.23,381.85,0.0,0.0,1.0,2.0,5.242190947265625,True,REGULAR,USD,call,2026-05-15,QQQ,380.04
QQQ260515C00335000,2026-05-11 16:10:10+00:00,335.0,379.8,373.67,377.34,0.0,0.0,2.0,1.0,6.2734396582031255,True,REGULAR,USD,call,2026-05-15,QQQ,375.505
QQQ260515C00345000,2026-04-29 18:03:33+00:00,345.0,314.01,363.23,366.75,0.0,0.0,20.0,12.0,0.500005,True,REGULAR,USD,call,2026-05-15,QQQ,364.99
QQQ260515C00350000,2026-04-30 17:22:26+00:00,350.0,314.97,358.47,361.88,0.0,0.0,2.0,6.0,4.992191259765624,True,REGULAR,USD,call,2026-05-15,QQQ,360.175
QQQ260515C00355000,2026-04-17 17:19:24+00:00,355.0,353.12,353.67,357.43,58.369995,19.80322,1.0,3.0,5.939455700683594,True,REGULAR,USD,call,2026-05-15,QQQ,355.55
QQQ260515C00360000,2026-04-17 16:49:25+00:00,360.0,348.08,348.68,352.53,57.539978,19.804495,1.0,4.0,5.941408823242188,True,REGULAR,USD,call,2026-05-15,QQQ,350.605
QQQ260515C00365000,2026-05-13 19:17:41+00:00,365.0,351.12,343.23,346.75,0.0,0.0,1.0,6.0,0.500005,True,REGULAR,USD,call,2026-05-15,QQQ,344.99
QQQ260515C00370000,2026-05-14 16:09:15+00:00,370.0,351.68,338.23,341.83,0.0,0.0,1.0,48.0,4.406254492187499,True,REGULAR,USD,call,2026-05-15,QQQ,340.03
QQQ260515C00375000,2026-05-14 19:45:03+00:00,375.0,345.63,333.23,336.75,0.0,0.0,1.0,6.0,0.500005,True,REGULAR,USD,call,2026-05-15,QQQ,334.99
QQQ260515C00380000,2026-05-14 19:40:38+00:00,380.0,340.47,328.71,332.43,0.0,0.0,1.0,4.0,5.408206364746093,True,REGULAR,USD,call,2026-05-15,QQQ,330.57
QQQ260515C00390000,2026-05-15 13:44:12+00:00,390.0,318.05,318.67,322.24,-7.6900024,-2.3607793,2.0,7.0,4.982425646972655,True,REGULAR,USD,call,2026-05-15,QQQ,320.45500000000004
QQQ260515C00395000,2026-05-01 18:57:27+00:00,395.0,279.19,313.39,316.76,0.0,0.0,1.0,8.0,3.3750015624999996,True,REGULAR,USD,call,2026-05-15,QQQ,315.075
QQQ260515C00400000,2026-05-13 15:16:28+00:00,400.0,311.25,308.23,311.97,0.0,0.0,3.0,176.0,4.3515670605468735,True,REGULAR,USD,call,2026-05-15,QQQ,310.1
QQQ260515C00405000,2026-05-14 15:49:17+00:00,405.0,316.12,303.23,306.68,0.0,0.0,3.0,5.0,1.0000000000000003e-05,True,REGULAR,USD,call,2026-05-15,QQQ,304.95500000000004
QQQ260515C00410000,2026-05-14 16:02:43+00:00,410.0,311.71,298.67,302.38,0.0,0.0,1.0,9.0,4.7617227978515615,True,REGULAR,USD,call,2026-05-15,QQQ,300.525
QQQ260515C00415000,2026-05-14 13:48:43+00:00,415.0,303.97,293.67,297.33,0.0,0.0,1.0,6.0,4.615238605957031,True,REGULAR,USD,call,2026-05-15,QQQ,295.5
QQQ260515C00420000,2026-05-15 13:44:23+00:00,420.0,289.8,288.67,292.13,-11.920013,-3.9506872,2.0,8.0,4.2812546484375,True,REGULAR,USD,call,2026-05-15,QQQ,290.4
QQQ260515C00425000,2026-05-12 15:24:18+00:00,425.0,276.13,283.23,286.68,0.0,0.0,2.0,7.0,1.0000000000000003e-05,True,REGULAR,USD,call,2026-05-15,QQQ,284.95500000000004
QQQ260515C00430000,2026-05-07 13:56:01+00:00,430.0,268.07,278.65,281.68,0.0,0.0,1.0,3.0,1.0000000000000003e-05,True,REGULAR,USD,call,2026-05-15,QQQ,280.16499999999996
QQQ260515C00435000,2026-05-12 15:47:17+00:00,435.0,266.3,273.23,276.75,0.0,0.0,1.0,19.0,0.500005,True,REGULAR,USD,call,2026-05-15,QQQ,274.99
QQQ260515C00440000,2026-05-15 14:00:49+00:00,440.0,267.14,268.23,271.54,9.460022,3.6712286,1.0,21.0,1.0000000000000003e-05,True,REGULAR,USD,call,2026-05-15,QQQ,269.885
QQQ260515C00445000,2026-05-12 17:03:17+00:00,445.0,252.72,263.23,266.54,0.0,0.0,3.0,9.0,1.0000000000000003e-05,True,REGULAR,USD,call,2026-05-15,QQQ,264.885
QQQ260515C00450000,2026-05-14 14:29:49+00:00,450.0,268.2,258.67,262.43,0.0,0.0,3.0,68.0,4.077153341064454,True,REGULAR,USD,call,2026-05-15,QQQ,260.55
QQQ260515C00455000,2026-05-14 16:41:08+00:00,455.0,265.86,253.36,256.68,0.0,0.0,1.0,11.0,1.0000000000000003e-05,True,REGULAR,USD,call,2026-05-15,QQQ,255.02
QQQ260515C00460000,2026-05-15 14:39:00+00:00,460.0,251.77,248.23,251.81,-8.839981,-3.3920348,4.0,14.0,2.94531513671875,True,REGULAR,USD,call,2026-05-15,QQQ,250.01999999999998
QQQ260515C00465000,2026-05-14 18:48:25+00:00,465.0,254.84,243.67,247.24,0.0,0.0,1.0,50.0,3.6464852587890633,True,REGULAR,USD,call,2026-05-15,QQQ,245.45499999999998
QQQ260515C00470000,2026-05-15 13:43:38+00:00,470.0,237.94,238.23,241.81,-11.880005,-4.755426,5.0,67.0,2.81250296875,True,REGULAR,USD,call,2026-05-15,QQQ,240.01999999999998
QQQ260515C00475000,2026-05-15 15:02:31+00:00,475.0,235.45,233.23,236.9,-9.110001,-3.7250576,1.0,75.0,3.0117212207031248,True,REGULAR,USD,call,2026-05-15,QQQ,235.065
QQQ260515C00480000,2026-05-12 16:38:22+00:00,480.0,218.91,228.22,231.54,0.0,0.0,2.0,24.0,1.0000000000000003e-05,True,REGULAR,USD,call,2026-05-15,QQQ,229.88
QQQ260515C00485000,2026-05-15 14:38:48+00:00,485.0,226.67,223.23,226.81,-3.5200043,-1.5291734,11.0,25.0,2.6093784765625,True,REGULAR,USD,call,2026-05-15,QQQ,225.01999999999998
QQQ260515C00490000,2026-05-13 19:39:11+00:00,490.0,225.71,218.67,222.33,0.0,0.0,1.0,52.0,3.3203141992187497,True,REGULAR,USD,call,2026-05-15,QQQ,220.5
QQQ260515C00495000,2026-05-13 14:37:45+00:00,495.0,214.65,213.22,216.83,0.0,0.0,5.0,26.0,2.5546911132812498,True,REGULAR,USD,call,2026-05-15,QQQ,215.025
QQQ260515C00500000,2026-05-15 13:43:29+00:00,500.0,208.3,208.28,211.97,-11.789993,-5.3568964,173.0,366.0,2.7851592871093755,True,REGULAR,USD,call,2026-05-15,QQQ,210.125
QQQ260515C00505000,2026-05-13 19:42:54+00:00,505.0,209.33,203.22,206.88,0.0,0.0,58.0,37.0,2.5546911132812498,True,REGULAR,USD,call,2026-05-15,QQQ,205.05
QQQ260515C00510000,2026-05-12 15:59:37+00:00,510.0,189.5,198.67,201.85,0.0,0.0,41.0,188.0,2.4179727050781246,True,REGULAR,USD,call,2026-05-15,QQQ,200.26
QQQ260515C00515000,2026-05-12 15:48:29+00:00,515.0,186.5,193.23,196.62,0.0,0.0,7.0,23.0,1.0000000000000003e-05,True,REGULAR,USD,call,2026-05-15,QQQ,194.925
QQQ260515C00520000,2026-05-15 15:01:26+00:00,520.0,190.65,188.22,191.68,-10.070007,-5.0169425,118.0,213.0,1.0000000000000003e-05,True,REGULAR,USD,call,2026-05-15,QQQ,189.95
QQQ260515C00525000,2026-05-15 14:13:44+00:00,525.0,185.41,183.67,187.35,-10.289993,-5.2580442,20.0,78.0,2.788088967285157,True,REGULAR,USD,call,2026-05-15,QQQ,185.51
QQQ260515C00530000,2026-05-15 13:40:33+00:00,530.0,178.31,178.67,182.43,-6.300003,-3.4126012,9.0,218.0,2.7636749658203126,True,REGULAR,USD,call,2026-05-15,QQQ,180.55
QQQ260515C00531000,2026-05-15 13:40:33+00:00,531.0,177.37,177.24,180.75,108.67999,158.21806,9.0,0.0,0.500005,True,REGULAR,USD,call,2026-05-15,QQQ,178.995
QQQ260515C00533000,2026-05-01 17:38:24+00:00,533.0,142.86,175.67,179.4,0.0,0.0,2.0,6.0,2.699222001953125,True,REGULAR,USD,call,2026-05-15,QQQ,177.535
QQQ260515C00534000,2026-05-06 19:02:48+00:00,534.0,160.35,174.67,178.34,0.0,0.0,2.0,3.0,2.6445346386718755,True,REGULAR,USD,call,2026-05-15,QQQ,176.505
QQQ260515C00535000,2026-05-12 18:52:39+00:00,535.0,167.8,173.67,177.24,0.0,0.0,1.0,13.0,2.5585973535156246,True,REGULAR,USD,call,2026-05-15,QQQ,175.45499999999998
QQQ260515C00536000,2026-05-15 13:49:14+00:00,536.0,172.18,172.3,175.52,96.17999,126.55262,9.0,3.0,1.0000000000000003e-05,True,REGULAR,USD,call,2026-05-15,QQQ,173.91000000000003
QQQ260515C00537000,2026-05-15 13:49:14+00:00,537.0,171.24,171.29,174.62,-1.9199982,-1.1088,9.0,4.0,1.0000000000000003e-05,True,REGULAR,USD,call,2026-05-15,QQQ,172.95499999999998
QQQ260515C00540000,2026-05-15 14:22:56+00:00,540.0,172.15,168.8,172.34,-7.930008,-4.4036026,5.0,729.0,2.5546911132812498,True,REGULAR,USD,call,2026-05-15,QQQ,170.57
QQQ260515C00542000,2026-05-15 13:51:26+00:00,542.0,165.73,166.26,169.54,97.899994,144.3314,8.0,2.0,1.0000000000000003e-05,True,REGULAR,USD,call,2026-05-15,QQQ,167.89999999999998
QQQ260515C00543000,2026-05-15 13:51:26+00:00,543.0,164.79,165.26,168.52,14.179993,9.415041,8.0,2.0,1.0000000000000003e-05,True,REGULAR,USD,call,2026-05-15,QQQ,166.89
QQQ260515C00545000,2026-05-15 14:06:32+00:00,545.0,162.51,163.33,167.06,-13.4900055,-7.6647754,2.0,172.0,2.263676215820312,True,REGULAR,USD,call,2026-05-15,QQQ,165.195
QQQ260515C00547000,2026-04-08 13:59:16+00:00,547.0,64.52,161.24,164.71,0.0,0.0,2.0,2.0,1.0000000000000003e-05,True,REGULAR,USD,call,2026-05-15,QQQ,162.97500000000002
QQQ260515C00548000,2026-05-15 13:53:42+00:00,548.0,160.57,160.24,163.52,-2.0599976,-1.2666774,7.0,11.0,1.0000000000000003e-05,True,REGULAR,USD,call,2026-05-15,QQQ,161.88
QQQ260515C00549000,2026-05-15 13:53:42+00:00,549.0,159.63,159.67,163.35,121.01001,313.3351,7.0,0.0,2.4277383056640627,True,REGULAR,USD,call,2026-05-15,QQQ,161.51
QQQ260515C00550000,2026-05-15 13:57:35+00:00,550.0,158.89,158.23,161.61,-10.720001,-6.3203826,33.0,4444.0,1.0000000000000003e-05,True,REGULAR,USD,call,2026-05-15,QQQ,159.92000000000002
QQQ260515C00551000,2026-04-07 14:55:27+00:00,551.0,41.97,157.24,160.59,0.0,0.0,4.0,5.0,1.0000000000000003e-05,True,REGULAR,USD,call,2026-05-15,QQQ,158.91500000000002
QQQ260515C00552000,2026-04-17 15:13:49+00:00,552.0,99.14,156.26,159.8,0.0,0.0,1.0,51.0,1.7578137109375,True,REGULAR,USD,call,2026-05-15,QQQ,158.03
QQQ260515C00553000,2026-04-14 17:24:10+00:00,553.0,77.62,155.24,158.56,0.0,0.0,5.0,35.0,1.0000000000000003e-05,True,REGULAR,USD,call,2026-05-15,QQQ,156.9
QQQ260515C00554000,2026-05-15 13:57:22+00:00,554.0,154.97,154.27,157.88,8.0,5.443288,13.0,49.0,1.9218753906250001,True,REGULAR,USD,call,2026-05-15,QQQ,156.075
QQQ260515C00555000,2026-05-15 14:31:42+00:00,555.0,155.93,153.22,156.62,-8.380005,-5.1001186,18.0,261.0,1.0000000000000003e-05,True,REGULAR,USD,call,2026-05-15,QQQ,154.92000000000002
QQQ260515C00556000,2026-04-16 15:15:14+00:00,556.0,87.2,152.26,155.71,0.0,0.0,1.0,21.0,1.0000000000000003e-05,True,REGULAR,USD,call,2026-05-15,QQQ,153.985
QQQ260515C00557000,2026-04-17 15:13:49+00:00,557.0,94.16,151.67,155.25,0.0,0.0,1.0,24.0,2.248051254882812,True,REGULAR,USD,call,2026-05-15,QQQ,153.45999999999998
QQQ260515C00558000,2026-04-22 19:39:43+00:00,558.0,98.28,150.26,153.71,0.0,0.0,1.0,69.0,1.0000000000000003e-05,True,REGULAR,USD,call,2026-05-15,QQQ,151.985
QQQ260515C00559000,2026-04-07 14:31:32+00:00,559.0,36.37,149.67,153.38,0.0,0.0,2.0,132.0,2.2988323779296875,True,REGULAR,USD,call,2026-05-15,QQQ,151.52499999999998
QQQ260515C00560000,2026-05-15 14:03:34+00:00,560.0,147.25,148.68,152.34,-13.380005,-8.329704,15.0,1619.0,2.2607465356445307,True,REGULAR,USD,call,2026-05-15,QQQ,150.51
QQQ260515C00561000,2026-05-15 13:59:18+00:00,561.0,146.55,147.26,150.52,48.020004,48.73643,1.0,166.0,1.0000000000000003e-05,True,REGULAR,USD,call,2026-05-15,QQQ,148.89
QQQ260515C00562000,2026-05-15 14:30:56+00:00,562.0,148.78,146.67,150.43,12.770004,9.389019,6.0,161.0,2.2822308569335936,True,REGULAR,USD,call,2026-05-15,QQQ,148.55
QQQ260515C00563000,2026-05-15 14:21:41+00:00,563.0,149.28,145.26,148.71,43.78,41.49763,8.0,821.0,1.0000000000000003e-05,True,REGULAR,USD,call,2026-05-15,QQQ,146.985
QQQ260515C00564000,2026-05-15 13:32:52+00:00,564.0,145.5,144.27,147.9,-1.6600037,-1.1280264,4.0,295.0,1.8281258593749998,True,REGULAR,USD,call,2026-05-15,QQQ,146.085
QQQ260515C00565000,2026-05-15 13:32:24+00:00,565.0,144.92,143.68,147.38,-10.369995,-6.677826,18.0,686.0,2.2109419726562494,True,REGULAR,USD,call,2026-05-15,QQQ,145.53
QQQ260515C00566000,2026-05-15 14:24:24+00:00,566.0,146.16,142.26,145.62,-8.789993,-5.6727934,7.0,248.0,1.0000000000000003e-05,True,REGULAR,USD,call,2026-05-15,QQQ,143.94
QQQ260515C00567000,2026-05-15 14:24:24+00:00,567.0,145.22,141.26,144.52,1.9900055,1.3893776,7.0,212.0,1.0000000000000003e-05,True,REGULAR,USD,call,2026-05-15,QQQ,142.89
QQQ260515C00568000,2026-05-12 16:56:38+00:00,568.0,141.73,140.26,143.52,12.300003,9.503209,100.0,458.0,1.0000000000000003e-05,True,REGULAR,USD,call,2026-05-15,QQQ,141.89
QQQ260515C00569000,2026-05-13 14:32:46+00:00,569.0,139.92,139.27,142.9,0.0,0.0,2.0,251.0,1.765626171875,True,REGULAR,USD,call,2026-05-15,QQQ,141.085
QQQ260515C00570000,2026-05-15 14:36:08+00:00,570.0,141.27,138.23,141.71,-8.75,-5.8325553,23.0,3037.0,1.0000000000000003e-05,True,REGULAR,USD,call,2026-05-15,QQQ,139.97
QQQ260515C00571000,2026-05-15 14:31:18+00:00,571.0,139.88,137.27,140.88,-10.149994,-6.76531,3.0,603.0,1.7109389453125,True,REGULAR,USD,call,2026-05-15,QQQ,139.075
QQQ260515C00572000,2026-05-15 14:37:29+00:00,572.0,139.12,136.27,139.85,-1.9300079,-1.3683147,8.0,347.0,1.6484392578125,True,REGULAR,USD,call,2026-05-15,QQQ,138.06
QQQ260515C00573000,2026-05-15 14:37:29+00:00,573.0,138.18,135.67,139.34,-1.9700012,-1.4056377,9.0,112.0,2.0732470043945312,True,REGULAR,USD,call,2026-05-15,QQQ,137.505
QQQ260515C00574000,2026-05-14 13:52:21+00:00,574.0,134.16,134.66,138.33,-10.550003,-7.2904444,2.0,286.0,2.052739243164062,True,REGULAR,USD,call,2026-05-15,QQQ,136.495
QQQ260515C00575000,2026-05-15 14:15:09+00:00,575.0,135.84,133.67,137.13,-8.940002,-6.1748877,60.0,1610.0,1.9130863720703126,True,REGULAR,USD,call,2026-05-15,QQQ,135.39999999999998
QQQ260515C00576000,2026-05-13 19:38:02+00:00,576.0,135.93,132.26,135.52,-3.9400024,-2.8169034,2.0,241.0,1.0000000000000003e-05,True,REGULAR,USD,call,2026-05-15,QQQ,133.89
QQQ260515C00577000,2026-05-14 13:30:11+00:00,577.0,137.58,131.67,135.38,0.0,0.0,1.0,159.0,2.037114282226563,True,REGULAR,USD,call,2026-05-15,QQQ,133.52499999999998
QQQ260515C00578000,2026-05-14 13:30:11+00:00,578.0,131.03,130.7,134.67,-5.529999,-4.0495014,2.0,204.0,2.155278049316406,True,REGULAR,USD,call,2026-05-15,QQQ,132.685
QQQ260515C00579000,2026-05-14 19:04:48+00:00,579.0,129.0,129.67,133.4,-12.580002,-8.885437,1.0,801.0,2.0185596411132813,True,REGULAR,USD,call,2026-05-15,QQQ,131.535
QQQ260515C00580000,2026-05-15 14:53:29+00:00,580.0,130.15,128.22,131.52,-10.270004,-7.3137765,3.0,4132.0,1.0000000000000003e-05,True,REGULAR,USD,call,2026-05-15,QQQ,129.87
QQQ260515C00581000,2026-05-13 18:36:22+00:00,581.0,135.3,127.26,130.52,0.0,0.0,1.0,554.0,1.0000000000000003e-05,True,REGULAR,USD,call,2026-05-15,QQQ,128.89000000000001
QQQ260515C00582000,2026-05-13 17:20:17+00:00,582.0,132.92,126.26,129.71,0.0,0.0,1.0,1170.0,1.0000000000000003e-05,True,REGULAR,USD,call,2026-05-15,QQQ,127.98500000000001
QQQ260515C00583000,2026-05-14 18:02:44+00:00,583.0,136.6,125.67,129.32,0.0,0.0,8.0,879.0,1.919922275390625,True,REGULAR,USD,call,2026-05-15,QQQ,127.495
QQQ260515C00584000,2026-05-13 19:46:15+00:00,584.0,134.02,124.26,127.52,0.0,0.0,4.0,296.0,1.0000000000000003e-05,True,REGULAR,USD,call,2026-05-15,QQQ,125.89
QQQ260515C00585000,2026-05-15 14:53:29+00:00,585.0,125.13,123.31,126.56,-10.989998,-8.073757,28.0,4304.0,1.0000000000000003e-05,True,REGULAR,USD,call,2026-05-15,QQQ,124.935
QQQ260515C00586000,2026-05-15 14:18:33+00:00,586.0,125.53,122.26,125.75,-9.130005,-6.780042,26.0,549.0,0.500005,True,REGULAR,USD,call,2026-05-15,QQQ,124.005
QQQ260515C00587000,2026-05-14 16:07:11+00:00,587.0,134.86,121.22,124.8,0.0,0.0,8.0,511.0,1.3671906640625,True,REGULAR,USD,call,2026-05-15,QQQ,123.00999999999999
QQQ260515C00588000,2026-05-15 13:32:41+00:00,588.0,121.07,120.26,123.52,-11.019997,-8.342794,16.0,1751.0,1.0000000000000003e-05,True,REGULAR,USD,call,2026-05-15,QQQ,121.89
QQQ260515C00589000,2026-05-14 16:01:38+00:00,589.0,133.46,119.26,122.64,0.0,0.0,5.0,1374.0,1.0000000000000003e-05,True,REGULAR,USD,call,2026-05-15,QQQ,120.95
QQQ260515C00590000,2026-05-15 14:59:09+00:00,590.0,120.55,118.67,122.13,-9.649994,-7.4116697,6.0,7149.0,1.7109389453125,True,REGULAR,USD,call,2026-05-15,QQQ,120.4
QQQ260515C00591000,2026-05-14 19:59:05+00:00,591.0,129.09,117.67,121.43,0.0,0.0,2.0,1583.0,1.859375703125,True,REGULAR,USD,call,2026-05-15,QQQ,119.55000000000001
QQQ260515C00592000,2026-05-14 19:41:01+00:00,592.0,119.36,116.67,120.32,-9.369995,-7.278797,1.0,630.0,1.79296978515625,True,REGULAR,USD,call,2026-05-15,QQQ,118.495
QQQ260515C00593000,2026-05-14 16:01:38+00:00,593.0,117.15,115.67,119.33,-12.269997,-9.480758,1.0,554.0,1.783204208984375,True,REGULAR,USD,call,2026-05-15,QQQ,117.5
QQQ260515C00594000,2026-05-14 18:15:38+00:00,594.0,126.0,114.67,118.33,0.0,0.0,10.0,1154.0,1.7695324023437498,True,REGULAR,USD,call,2026-05-15,QQQ,116.5
QQQ260515C00595000,2026-05-15 14:41:29+00:00,595.0,116.9,113.23,116.71,-8.510002,-6.7857447,30.0,7511.0,1.0000000000000003e-05,True,REGULAR,USD,call,2026-05-15,QQQ,114.97
QQQ260515C00596000,2026-05-15 14:53:21+00:00,596.0,114.25,112.26,115.87,-9.919998,-7.989046,50.0,684.0,1.3984405078125,True,REGULAR,USD,call,2026-05-15,QQQ,114.065
QQQ260515C00597000,2026-05-15 14:24:06+00:00,597.0,114.34,111.65,115.43,-9.390007,-7.589111,3.0,1355.0,1.7734386328124998,True,REGULAR,USD,call,2026-05-15,QQQ,113.54
QQQ260515C00598000,2026-05-15 13:32:41+00:00,598.0,113.6,110.67,114.33,-8.470001,-6.938643,37.0,1356.0,1.7138686181640623,True,REGULAR,USD,call,2026-05-15,QQQ,112.5
QQQ260515C00599000,2026-05-15 14:40:54+00:00,599.0,112.6,109.48,112.52,-8.980003,-7.386086,4.0,892.0,1.0000000000000003e-05,True,REGULAR,USD,call,2026-05-15,QQQ,111.0
QQQ260515C00600000,2026-05-15 14:42:14+00:00,600.0,110.6,108.31,111.8,-10.270004,-8.496736,580.0,32863.0,1.2265663671875,True,REGULAR,USD,call,2026-05-15,QQQ,110.055
QQQ260515C00601000,2026-05-15 14:31:53+00:00,601.0,109.65,107.67,111.43,-9.949997,-8.319396,11.0,1095.0,1.716798291015625,True,REGULAR,USD,call,2026-05-15,QQQ,109.55000000000001
QQQ260515C00602000,2026-05-15 14:34:23+00:00,602.0,108.76,106.67,110.13,10.5,10.685935,27.0,917.0,1.5507834960937497,True,REGULAR,USD,call,2026-05-15,QQQ,108.4
QQQ260515C00603000,2026-05-15 14:34:23+00:00,603.0,107.81,105.67,109.43,1.5699997,1.477786,26.0,1692.0,1.6884781201171877,True,REGULAR,USD,call,2026-05-15,QQQ,107.55000000000001
QQQ260515C00604000,2026-05-15 14:59:19+00:00,604.0,106.69,104.27,107.9,-10.809998,-9.199998,19.0,1853.0,1.3398470507812497,True,REGULAR,USD,call,2026-05-15,QQQ,106.08500000000001
QQQ260515C00605000,2026-05-15 14:59:19+00:00,605.0,105.74,103.31,106.71,-9.970001,-8.616369,50.0,10946.0,1.0000000000000003e-05,True,REGULAR,USD,call,2026-05-15,QQQ,105.00999999999999
QQQ260515C00606000,2026-05-15 14:59:55+00:00,606.0,104.33,102.27,105.9,-11.07,-9.592721,23.0,1290.0,1.3164096679687498,True,REGULAR,USD,call,2026-05-15,QQQ,104.08500000000001
QQQ260515C00607000,2026-05-15 14:59:55+00:00,607.0,103.38,101.67,105.25,-7.8899994,-7.09086,24.0,1109.0,1.5498069384765623,True,REGULAR,USD,call,2026-05-15,QQQ,103.46000000000001
QQQ260515C00608000,2026-05-15 15:00:40+00:00,608.0,102.49,100.63,103.88,-9.860001,-8.776147,8.0,1872.0,1.2695349023437497,True,REGULAR,USD,call,2026-05-15,QQQ,102.255
QQQ260515C00609000,2026-05-15 15:00:40+00:00,609.0,101.54,99.24,102.52,-10.099998,-9.046935,10.0,816.0,1.0000000000000003e-05,True,REGULAR,USD,call,2026-05-15,QQQ,100.88
QQQ260515C00610000,2026-05-15 15:02:04+00:00,610.0,100.55,98.23,101.52,-10.589996,-9.52852,44.0,30192.0,1.0000000000000003e-05,True,REGULAR,USD,call,2026-05-15,QQQ,99.875
QQQ260515C00611000,2026-05-15 15:01:18+00:00,611.0,99.51,97.24,100.9,-10.619995,-9.643145,11.0,3149.0,1.2578162109375,True,REGULAR,USD,call,2026-05-15,QQQ,99.07
QQQ260515C00612000,2026-05-15 15:02:04+00:00,612.0,98.55,96.67,100.33,-9.619995,-8.893404,10.0,5212.0,1.5185570947265623,True,REGULAR,USD,call,2026-05-15,QQQ,98.5
QQQ260515C00613000,2026-05-15 15:02:03+00:00,613.0,97.59,95.24,98.71,-3.7700043,-3.7194202,8.0,1236.0,1.0000000000000003e-05,True,REGULAR,USD,call,2026-05-15,QQQ,96.975
QQQ260515C00614000,2026-05-15 15:01:02+00:00,614.0,96.7,94.65,98.33,-8.889999,-8.419357,17.0,893.0,1.4907252026367184,True,REGULAR,USD,call,2026-05-15,QQQ,96.49000000000001
QQQ260515C00615000,2026-05-15 15:02:40+00:00,615.0,95.32,94.17,96.89,-11.129997,-10.487137,73.0,8278.0,1.19922275390625,True,REGULAR,USD,call,2026-05-15,QQQ,95.53
QQQ260515C00616000,2026-05-15 14:56:48+00:00,616.0,94.85,92.27,95.9,-8.68,-8.384044,20.0,1638.0,1.197269638671875,True,REGULAR,USD,call,2026-05-15,QQQ,94.08500000000001
QQQ260515C00617000,2026-05-15 14:57:09+00:00,617.0,94.03,91.27,94.52,-8.550003,-8.334961,67.0,1392.0,1.0000000000000003e-05,True,REGULAR,USD,call,2026-05-15,QQQ,92.895
QQQ260515C00618000,2026-05-15 15:00:59+00:00,618.0,92.46,90.27,93.72,-10.840004,-10.4937105,20.0,1303.0,1.0000000000000003e-05,True,REGULAR,USD,call,2026-05-15,QQQ,91.995
QQQ260515C00619000,2026-05-15 13:42:51+00:00,619.0,88.85,89.7,93.68,-12.849998,-12.6352005,1.0,1081.0,1.548342102050781,True,REGULAR,USD,call,2026-05-15,QQQ,91.69
QQQ260515C00620000,2026-05-15 15:02:16+00:00,620.0,90.35,88.22,91.87,-10.340004,-10.269146,77.0,6820.0,1.1171919140625,True,REGULAR,USD,call,2026-05-15,QQQ,90.045
QQQ260515C00621000,2026-05-14 19:43:20+00:00,621.0,89.04,87.24,90.59,-11.059998,-11.048949,10.0,1145.0,1.0000000000000003e-05,True,REGULAR,USD,call,2026-05-15,QQQ,88.91499999999999
QQQ260515C00622000,2026-05-15 14:57:09+00:00,622.0,88.95,86.24,89.71,-9.050003,-9.234697,6.0,1671.0,1.0000000000000003e-05,True,REGULAR,USD,call,2026-05-15,QQQ,87.975
QQQ260515C00623000,2026-05-15 14:25:43+00:00,623.0,88.39,85.24,88.52,-9.090004,-9.324993,3.0,1445.0,1.0000000000000003e-05,True,REGULAR,USD,call,2026-05-15,QQQ,86.88
QQQ260515C00624000,2026-05-15 14:10:28+00:00,624.0,84.83,84.23,87.91,-11.799995,-12.211524,7.0,1019.0,1.11328568359375,True,REGULAR,USD,call,2026-05-15,QQQ,86.07
QQQ260515C00625000,2026-05-15 14:58:26+00:00,625.0,86.05,83.58,86.59,-9.949997,-10.36458,65.0,15470.0,1.0000000000000003e-05,True,REGULAR,USD,call,2026-05-15,QQQ,85.08500000000001
QQQ260515C00626000,2026-05-14 19:35:33+00:00,626.0,81.58,82.26,85.52,-12.900002,-13.653684,2.0,3336.0,1.0000000000000003e-05,True,REGULAR,USD,call,2026-05-15,QQQ,83.89
QQQ260515C00627000,2026-05-15 14:50:46+00:00,627.0,83.06,81.27,84.59,-9.889999,-10.640129,12.0,1959.0,1.0000000000000003e-05,True,REGULAR,USD,call,2026-05-15,QQQ,82.93
QQQ260515C00628000,2026-05-14 19:42:36+00:00,628.0,83.73,80.59,84.33,-9.399994,-10.093411,1.0,3321.0,1.2968785156249998,True,REGULAR,USD,call,2026-05-15,QQQ,82.46000000000001
QQQ260515C00629000,2026-05-15 13:54:11+00:00,629.0,80.21,79.27,82.71,-10.690002,-11.760179,4.0,1123.0,1.0000000000000003e-05,True,REGULAR,USD,call,2026-05-15,QQQ,80.99
QQQ260515C00630000,2026-05-15 15:02:53+00:00,630.0,81.03,78.23,81.52,-9.989998,-10.975608,77.0,29728.0,1.0000000000000003e-05,True,REGULAR,USD,call,2026-05-15,QQQ,79.875
QQQ260515C00631000,2026-05-14 19:55:23+00:00,631.0,76.06,77.65,81.43,-12.420006,-14.037077,13.0,2030.0,1.2924840063476561,True,REGULAR,USD,call,2026-05-15,QQQ,79.54
QQQ260515C00632000,2026-05-14 15:44:00+00:00,632.0,89.43,76.69,80.54,0.0,0.0,94.0,6411.0,1.3144565527343748,True,REGULAR,USD,call,2026-05-15,QQQ,78.61500000000001
QQQ260515C00633000,2026-05-14 17:51:54+00:00,633.0,76.5,75.24,78.72,-11.199997,-12.770807,3.0,1424.0,1.0000000000000003e-05,True,REGULAR,USD,call,2026-05-15,QQQ,76.97999999999999
QQQ260515C00634000,2026-05-15 14:50:19+00:00,634.0,76.07,74.24,77.88,-11.300003,-12.933503,7.0,2337.0,0.96679720703125,True,REGULAR,USD,call,2026-05-15,QQQ,76.06
QQQ260515C00635000,2026-05-15 14:58:13+00:00,635.0,77.92,74.18,76.91,-7.6900024,-8.982598,125.0,14986.0,0.98242205078125,True,REGULAR,USD,call,2026-05-15,QQQ,75.545
QQQ260515C00636000,2026-05-15 14:42:38+00:00,636.0,75.4,72.67,76.35,-9.379997,-11.063928,9.0,1155.0,1.1943399658203124,True,REGULAR,USD,call,2026-05-15,QQQ,74.50999999999999
QQQ260515C00637000,2026-05-15 14:44:10+00:00,637.0,74.8,71.25,74.52,-8.939995,-10.675896,6.0,1613.0,1.0000000000000003e-05,True,REGULAR,USD,call,2026-05-15,QQQ,72.88499999999999
QQQ260515C00638000,2026-05-15 13:37:37+00:00,638.0,73.06,70.67,74.34,-9.110001,-11.086772,6.0,1950.0,1.1630901220703125,True,REGULAR,USD,call,2026-05-15,QQQ,72.505
QQQ260515C00639000,2026-05-15 14:35:55+00:00,639.0,70.98,69.67,73.43,-11.389999,-13.827849,23.0,1339.0,1.1796916015624999,True,REGULAR,USD,call,2026-05-15,QQQ,71.55000000000001
QQQ260515C00640000,2026-05-15 14:51:08+00:00,640.0,70.08,69.03,71.59,-10.479996,-13.008932,124.0,9752.0,1.0000000000000003e-05,True,REGULAR,USD,call,2026-05-15,QQQ,70.31
QQQ260515C00641000,2026-05-15 14:32:47+00:00,641.0,70.45,67.67,71.13,-6.7700043,-8.767164,1.0,146.0,1.0390673046875003,True,REGULAR,USD,call,2026-05-15,QQQ,69.4
QQQ260515C00642000,2026-05-14 15:26:48+00:00,642.0,79.56,66.66,70.39,0.0,0.0,3.0,159.0,1.1245160961914062,True,REGULAR,USD,call,2026-05-15,QQQ,68.525
QQQ260515C00643000,2026-05-15 13:53:57+00:00,643.0,65.62,65.27,68.52,-12.049995,-15.51435,2.0,206.0,1.0000000000000003e-05,True,REGULAR,USD,call,2026-05-15,QQQ,66.895
QQQ260515C00644000,2026-05-14 20:04:07+00:00,644.0,76.55,64.67,68.13,0.0,0.0,6.0,518.0,0.9995117236328125,True,REGULAR,USD,call,2026-05-15,QQQ,66.4
QQQ260515C00645000,2026-05-15 15:01:22+00:00,645.0,65.51,63.23,66.71,-9.909996,-13.139747,20.0,10500.0,1.0000000000000003e-05,True,REGULAR,USD,call,2026-05-15,QQQ,64.97
QQQ260515C00646000,2026-05-15 15:00:04+00:00,646.0,64.53,62.66,66.33,-9.910004,-13.312739,8.0,326.0,1.0488328808593752,True,REGULAR,USD,call,2026-05-15,QQQ,64.495
QQQ260515C00647000,2026-05-15 13:53:24+00:00,647.0,62.51,61.22,64.71,-11.079998,-15.056391,1.0,1483.0,1.0000000000000003e-05,True,REGULAR,USD,call,2026-05-15,QQQ,62.964999999999996
QQQ260515C00648000,2026-05-15 14:17:00+00:00,648.0,62.25,60.22,63.71,-9.519997,-13.264591,13.0,471.0,1.0000000000000003e-05,True,REGULAR,USD,call,2026-05-15,QQQ,61.965
QQQ260515C00649000,2026-05-14 15:39:02+00:00,649.0,59.52,59.24,62.72,-12.460003,-17.310366,12.0,209.0,1.0000000000000003e-05,True,REGULAR,USD,call,2026-05-15,QQQ,60.980000000000004
QQQ260515C00650000,2026-05-15 14:56:23+00:00,650.0,61.01,58.24,61.71,-9.640003,-13.6447315,111.0,30019.0,1.0000000000000003e-05,True,REGULAR,USD,call,2026-05-15,QQQ,59.975
QQQ260515C00651000,2026-05-14 19:13:14+00:00,651.0,69.61,57.31,60.52,0.0,0.0,19.0,714.0,1.0000000000000003e-05,True,REGULAR,USD,call,2026-05-15,QQQ,58.915000000000006
QQQ260515C00652000,2026-05-15 14:56:01+00:00,652.0,58.79,56.31,59.61,-10.75,-15.458729,7.0,783.0,1.0000000000000003e-05,True,REGULAR,USD,call,2026-05-15,QQQ,57.96
QQQ260515C00653000,2026-05-15 14:26:23+00:00,653.0,58.39,55.7,59.55,-10.510002,-15.253995,4.0,433.0,1.0151416430664062,True,REGULAR,USD,call,2026-05-15,QQQ,57.625
QQQ260515C00654000,2026-05-15 14:25:00+00:00,654.0,57.6,54.66,58.33,-9.010002,-13.526501,6.0,1261.0,0.938477177734375,True,REGULAR,USD,call,2026-05-15,QQQ,56.495
QQQ260515C00655000,2026-05-15 14:49:07+00:00,655.0,55.55,53.23,56.58,-9.869999,-15.087128,59.0,17806.0,1.0000000000000003e-05,True,REGULAR,USD,call,2026-05-15,QQQ,54.905
QQQ260515C00656000,2026-05-14 20:13:23+00:00,656.0,64.56,52.67,56.33,0.0,0.0,44.0,567.0,0.9106454248046875,True,REGULAR,USD,call,2026-05-15,QQQ,54.5
QQQ260515C00657000,2026-05-14 19:42:29+00:00,657.0,63.74,51.25,54.52,0.0,0.0,40.0,2627.0,1.0000000000000003e-05,True,REGULAR,USD,call,2026-05-15,QQQ,52.885000000000005
QQQ260515C00658000,2026-05-15 14:00:54+00:00,658.0,48.95,50.36,54.15,-13.619999,-21.767618,1.0,1306.0,0.8242205078124999,True,REGULAR,USD,call,2026-05-15,QQQ,52.254999999999995
QQQ260515C00659000,2026-05-15 15:00:47+00:00,659.0,51.53,49.67,53.43,-7.8199997,-13.176074,3.0,771.0,0.8969736865234373,True,REGULAR,USD,call,2026-05-15,QQQ,51.55
QQQ260515C00660000,2026-05-15 15:01:36+00:00,660.0,50.59,48.29,51.71,-10.32,-16.943031,191.0,31916.0,1.0000000000000003e-05,True,REGULAR,USD,call,2026-05-15,QQQ,50.0
QQQ260515C00661000,2026-05-15 15:01:36+00:00,661.0,49.63,47.35,50.87,-9.950001,-16.700235,31.0,867.0,0.648441015625,True,REGULAR,USD,call,2026-05-15,QQQ,49.11
QQQ260515C00662000,2026-05-15 13:55:42+00:00,662.0,48.0,46.27,49.72,-10.389999,-17.794144,3.0,1159.0,1.0000000000000003e-05,True,REGULAR,USD,call,2026-05-15,QQQ,47.995000000000005
QQQ260515C00663000,2026-05-15 14:27:17+00:00,663.0,48.06,45.66,49.39,-9.66,-16.735966,3.0,1395.0,0.8295915478515624,True,REGULAR,USD,call,2026-05-15,QQQ,47.525
QQQ260515C00664000,2026-05-15 13:56:45+00:00,664.0,44.98,44.91,47.89,-10.850002,-19.434,12.0,948.0,0.6269568554687501,True,REGULAR,USD,call,2026-05-15,QQQ,46.4
QQQ260515C00665000,2026-05-15 15:01:22+00:00,665.0,45.51,43.9,47.15,-10.210003,-18.323767,183.0,16564.0,0.7314479980468749,True,REGULAR,USD,call,2026-05-15,QQQ,45.525
QQQ260515C00666000,2026-05-14 20:03:53+00:00,666.0,54.56,42.62,45.89,0.0,0.0,25.0,1596.0,0.6035195898437502,True,REGULAR,USD,call,2026-05-15,QQQ,44.254999999999995
QQQ260515C00667000,2026-05-15 14:56:02+00:00,667.0,43.76,41.78,45.13,1.3899994,3.2806218,55.0,852.0,0.6977569287109376,True,REGULAR,USD,call,2026-05-15,QQQ,43.455
QQQ260515C00668000,2026-05-15 14:56:02+00:00,668.0,43.03,40.67,43.89,-9.52,-18.116081,5.0,1429.0,0.5800823242187501,True,REGULAR,USD,call,2026-05-15,QQQ,42.28
QQQ260515C00669000,2026-05-15 14:51:27+00:00,669.0,40.77,39.89,43.3,-11.970001,-22.696247,61.0,842.0,0.7211941943359376,True,REGULAR,USD,call,2026-05-15,QQQ,41.595
QQQ260515C00670000,2026-05-15 15:02:03+00:00,670.0,40.54,38.97,41.53,-8.599998,-17.501015,76.0,16044.0,1.0000000000000003e-05,True,REGULAR,USD,call,2026-05-15,QQQ,40.25
QQQ260515C00671000,2026-05-15 14:56:58+00:00,671.0,39.86,38.06,41.14,-8.759998,-18.017273,3.0,1270.0,0.6479527392578125,True,REGULAR,USD,call,2026-05-15,QQQ,39.6
QQQ260515C00672000,2026-05-15 14:56:58+00:00,672.0,38.97,36.88,40.36,-9.029999,-18.812498,10.0,2978.0,0.694338994140625,True,REGULAR,USD,call,2026-05-15,QQQ,38.620000000000005
QQQ260515C00673000,2026-05-15 14:57:24+00:00,673.0,38.25,35.62,37.57,-9.330002,-19.609083,37.0,1467.0,1.0000000000000003e-05,True,REGULAR,USD,call,2026-05-15,QQQ,36.595
QQQ260515C00674000,2026-05-15 14:55:18+00:00,674.0,36.67,34.89,36.91,-10.080002,-21.5615,14.0,1042.0,1.0000000000000003e-05,True,REGULAR,USD,call,2026-05-15,QQQ,35.9
QQQ260515C00675000,2026-05-15 15:01:03+00:00,675.0,35.4,34.07,35.92,-8.59,-19.527164,97.0,22054.0,1.0000000000000003e-05,True,REGULAR,USD,call,2026-05-15,QQQ,34.995000000000005
QQQ260515C00676000,2026-05-15 14:29:24+00:00,676.0,34.3,32.35,35.88,-10.59,-23.591,7.0,3734.0,0.4804739453125,True,REGULAR,USD,call,2026-05-15,QQQ,34.115
QQQ260515C00677000,2026-05-15 14:24:46+00:00,677.0,34.82,31.89,34.03,-7.5999985,-17.916075,9.0,1519.0,1.0000000000000003e-05,True,REGULAR,USD,call,2026-05-15,QQQ,32.96
QQQ260515C00678000,2026-05-15 14:34:49+00:00,678.0,32.59,31.12,32.72,-10.099998,-23.658934,22.0,1957.0,1.0000000000000003e-05,True,REGULAR,USD,call,2026-05-15,QQQ,31.92
QQQ260515C00679000,2026-05-15 14:57:45+00:00,679.0,31.93,29.4,32.87,-9.23,-22.424683,10.0,1758.0,0.43945873046875,True,REGULAR,USD,call,2026-05-15,QQQ,31.134999999999998
QQQ260515C00680000,2026-05-15 14:57:45+00:00,680.0,31.03,29.22,31.88,-9.659998,-23.740473,496.0,16512.0,0.4335994140625,True,REGULAR,USD,call,2026-05-15,QQQ,30.549999999999997
QQQ260515C00681000,2026-05-15 14:27:57+00:00,681.0,30.06,27.87,31.04,-8.469999,-21.98287,42.0,3821.0,0.48389187988281257,True,REGULAR,USD,call,2026-05-15,QQQ,29.455
QQQ260515C00682000,2026-05-15 14:53:48+00:00,682.0,28.06,26.35,29.71,-10.500002,-27.230295,6.0,3874.0,1.0000000000000003e-05,True,REGULAR,USD,call,2026-05-15,QQQ,28.03
QQQ260515C00683000,2026-05-15 14:53:48+00:00,683.0,27.16,25.87,29.15,-10.68,-28.224102,45.0,1210.0,0.48779809082031256,True,REGULAR,USD,call,2026-05-15,QQQ,27.509999999999998
QQQ260515C00684000,2026-05-15 14:54:51+00:00,684.0,26.5,24.6,27.88,-10.299999,-27.989128,24.0,1348.0,0.3857483300781249,True,REGULAR,USD,call,2026-05-15,QQQ,26.240000000000002
QQQ260515C00685000,2026-05-15 14:58:27+00:00,685.0,25.68,24.53,26.88,-9.82,-27.661972,194.0,11840.0,0.37402969726562496,True,REGULAR,USD,call,2026-05-15,QQQ,25.705
QQQ260515C00686000,2026-05-15 14:54:53+00:00,686.0,24.51,23.69,23.97,-10.320002,-29.629631,10.0,536.0,1.0000000000000003e-05,True,REGULAR,USD,call,2026-05-15,QQQ,23.83
QQQ260515C00687000,2026-05-15 14:28:59+00:00,687.0,24.02,22.92,23.25,-9.849998,-29.081781,11.0,730.0,1.0000000000000003e-05,True,REGULAR,USD,call,2026-05-15,QQQ,23.085
QQQ260515C00688000,2026-05-14 17:46:22+00:00,688.0,21.31,22.09,22.4,-11.530001,-35.109627,1.0,3069.0,1.0000000000000003e-05,True,REGULAR,USD,call,2026-05-15,QQQ,22.244999999999997
QQQ260515C00689000,2026-05-14 19:40:19+00:00,689.0,19.96,20.94,21.26,-12.0,-37.546936,5.0,2085.0,1.0000000000000003e-05,True,REGULAR,USD,call,2026-05-15,QQQ,21.1
QQQ260515C00690000,2026-05-15 15:00:22+00:00,690.0,20.17,19.44,19.9,-10.59,-34.42783,485.0,11004.0,1.0000000000000003e-05,True,REGULAR,USD,call,2026-05-15,QQQ,19.67
QQQ260515C00691000,2026-05-15 14:49:57+00:00,691.0,19.4,18.87,19.22,-10.33,-34.746048,31.0,4326.0,1.0000000000000003e-05,True,REGULAR,USD,call,2026-05-15,QQQ,19.045
QQQ260515C00692000,2026-05-15 14:38:04+00:00,692.0,19.55,18.0,18.26,-7.9000015,-28.779602,251.0,1418.0,1.0000000000000003e-05,True,REGULAR,USD,call,2026-05-15,QQQ,18.130000000000003
QQQ260515C00693000,2026-05-15 15:02:30+00:00,693.0,17.18,16.73,17.08,-10.619999,-38.201435,28.0,562.0,1.0000000000000003e-05,True,REGULAR,USD,call,2026-05-15,QQQ,16.905
QQQ260515C00694000,2026-05-15 14:41:02+00:00,694.0,18.02,15.9,16.2,-8.719999,-32.61032,28.0,1430.0,1.0000000000000003e-05,True,REGULAR,USD,call,2026-05-15,QQQ,16.05
QQQ260515C00695000,2026-05-15 15:00:41+00:00,695.0,15.47,14.54,14.84,-9.61,-38.317383,1060.0,7495.0,1.0000000000000003e-05,True,REGULAR,USD,call,2026-05-15,QQQ,14.69
QQQ260515C00696000,2026-05-15 14:08:03+00:00,696.0,16.5,13.59,13.91,-8.299999,-33.46774,90.0,1857.0,1.0000000000000003e-05,True,REGULAR,USD,call,2026-05-15,QQQ,13.75
QQQ260515C00697000,2026-05-15 14:50:10+00:00,697.0,13.24,12.57,12.9,-10.66,-44.602512,197.0,1230.0,1.0000000000000003e-05,True,REGULAR,USD,call,2026-05-15,QQQ,12.735
QQQ260515C00698000,2026-05-15 14:51:11+00:00,698.0,12.31,11.89,12.18,-10.5199995,-46.07972,368.0,1063.0,1.0000000000000003e-05,True,REGULAR,USD,call,2026-05-15,QQQ,12.035
QQQ260515C00699000,2026-05-15 15:02:34+00:00,699.0,11.04,11.09,11.37,-10.44,-48.60335,314.0,1417.0,1.0000000000000003e-05,True,REGULAR,USD,call,2026-05-15,QQQ,11.23
QQQ260515C00700000,2026-05-15 15:02:37+00:00,700.0,10.0,10.21,10.27,-10.51,-51.243294,1903.0,23631.0,1.0000000000000003e-05,True,REGULAR,USD,call,2026-05-15,QQQ,10.24
QQQ260515C00701000,2026-05-15 15:02:06+00:00,701.0,9.67,9.05,9.1,-10.360001,-51.722416,824.0,2347.0,1.0000000000000003e-05,True,REGULAR,USD,call,2026-05-15,QQQ,9.075
QQQ260515C00702000,2026-05-15 15:00:19+00:00,702.0,8.41,8.19,8.25,-10.43,-55.360935,592.0,1528.0,1.0000000000000003e-05,True,REGULAR,USD,call,2026-05-15,QQQ,8.219999999999999
QQQ260515C00703000,2026-05-15 15:01:42+00:00,703.0,8.02,7.43,7.48,-9.879999,-55.19553,1103.0,1997.0,1.0000000000000003e-05,True,REGULAR,USD,call,2026-05-15,QQQ,7.455
QQQ260515C00704000,2026-05-15 15:03:04+00:00,704.0,6.26,6.26,6.3,-10.449999,-61.981018,1931.0,2298.0,1.0000000000000003e-05,True,REGULAR,USD,call,2026-05-15,QQQ,6.279999999999999
QQQ260515C00705000,2026-05-15 15:02:18+00:00,705.0,5.95,5.77,5.82,-9.820001,-62.270134,3727.0,6032.0,1.0000000000000003e-05,True,REGULAR,USD,call,2026-05-15,QQQ,5.795
QQQ260515C00706000,2026-05-15 15:03:10+00:00,706.0,4.57,4.57,4.61,-9.9,-68.37016,8138.0,2629.0,1.0000000000000003e-05,True,REGULAR,USD,call,2026-05-15,QQQ,4.59
QQQ260515C00707000,2026-05-15 15:03:06+00:00,707.0,3.93,3.86,3.9,-9.87,-71.521736,23436.0,6640.0,1.0000000000000003e-05,True,REGULAR,USD,call,2026-05-15,QQQ,3.88
QQQ260515C00708000,2026-05-15 15:03:04+00:00,708.0,3.25,3.25,3.28,-9.92,-74.47448,38973.0,1972.0,1.0000000000000003e-05,True,REGULAR,USD,call,2026-05-15,QQQ,3.2649999999999997
QQQ260515C00709000,2026-05-15 15:03:10+00:00,709.0,2.63,2.61,2.62,-9.5199995,-78.353905,52661.0,3027.0,1.0000000000000003e-05,True,REGULAR,USD,call,2026-05-15,QQQ,2.615
QQQ260515C00710000,2026-05-15 15:03:26+00:00,710.0,2.1,2.18,2.19,-9.1,-81.25,104246.0,14284.0,0.07410593872070315,True,REGULAR,USD,call,2026-05-15,QQQ,2.185
QQQ260515C00711000,2026-05-15 15:03:27+00:00,711.0,1.71,1.68,1.69,-8.6,-83.41416,79111.0,2331.0,0.08619077880859377,True,REGULAR,USD,call,2026-05-15,QQQ,1.685
QQQ260515C00712000,2026-05-15 15:03:25+00:00,712.0,1.31,1.3,1.31,-8.139999,-86.13757,100002.0,4653.0,0.09632251342773437,False,REGULAR,USD,call,2026-05-15,QQQ,1.3050000000000002
QQQ260515C00713000,2026-05-15 15:03:26+00:00,713.0,1.0,1.0,1.01,-7.46,-88.07556,57980.0,2390.0,0.10462321166992186,False,REGULAR,USD,call,2026-05-15,QQQ,1.005
QQQ260515C00714000,2026-05-15 15:03:23+00:00,714.0,0.76,0.76,0.77,-7.04,-90.02558,51142.0,1651.0,0.11133701171874999,False,REGULAR,USD,call,2026-05-15,QQQ,0.765
QQQ260515C00715000,2026-05-15 15:03:29+00:00,715.0,0.57,0.57,0.58,-6.3199997,-91.72714,84121.0,8765.0,0.11707425903320312,False,REGULAR,USD,call,2026-05-15,QQQ,0.575
QQQ260515C00716000,2026-05-15 15:03:24+00:00,716.0,0.42,0.4,0.41,-5.75,-93.19287,34089.0,3963.0,0.11975977905273436,False,REGULAR,USD,call,2026-05-15,QQQ,0.405
QQQ260515C00720000,2026-05-15 15:03:19+00:00,720.0,0.11,0.11,0.12,-3.41,-96.875,49998.0,15435.0,0.13770393554687502,False,REGULAR,USD,call,2026-05-15,QQQ,0.11499999999999999
QQQ260515C00725000,2026-05-15 15:02:15+00:00,725.0,0.04,0.03,0.04,-1.4000001,-97.90211,8621.0,11272.0,0.16700051757812504,False,REGULAR,USD,call,2026-05-15,QQQ,0.035
QQQ260515C00730000,2026-05-15 15:03:09+00:00,730.0,0.02,0.01,0.02,-0.39,-97.50001,6407.0,11516.0,0.20117986328124998,False,REGULAR,USD,call,2026-05-15,QQQ,0.015
QQQ260515P00663000,2026-05-15 14:06:28+00:00,663.0,0.02,0.01,0.02,-0.01,-33.333336,1414.0,3240.0,0.5039112109375,False,REGULAR,USD,put,2026-05-15,QQQ,0.015
QQQ260515P00665000,2026-05-15 14:59:06+00:00,665.0,0.02,0.01,0.02,0.0,0.0,1788.0,7172.0,0.48438015625,False,REGULAR,USD,put,2026-05-15,QQQ,0.015
QQQ260515P00666000,2026-05-15 14:52:23+00:00,666.0,0.01,0.01,0.02,-0.02,-66.66667,1874.0,1597.0,0.476567734375,False,REGULAR,USD,put,2026-05-15,QQQ,0.015
QQQ260515P00667000,2026-05-15 14:03:42+00:00,667.0,0.02,0.01,0.02,-0.01,-33.333336,834.0,2878.0,0.46484910156250003,False,REGULAR,USD,put,2026-05-15,QQQ,0.015
QQQ260515P00668000,2026-05-15 15:01:25+00:00,668.0,0.01,0.01,0.01,-0.02,-66.66667,730.0,1113.0,0.42188078125,False,REGULAR,USD,put,2026-05-15,QQQ,0.01
QQQ260515P00669000,2026-05-15 15:02:06+00:00,669.0,0.01,0.01,0.02,-0.02,-66.66667,758.0,1411.0,0.445318046875,False,REGULAR,USD,put,2026-05-15,QQQ,0.015
QQQ260515P00670000,2026-05-15 14:54:00+00:00,670.0,0.01,0.01,0.02,-0.02,-66.66667,1274.0,8973.0,0.437505625,False,REGULAR,USD,put,2026-05-15,QQQ,0.015
QQQ260515P00671000,2026-05-15 14:01:51+00:00,671.0,0.02,0.01,0.02,-0.02,-50.0,235.0,1176.0,0.42578699218750005,False,REGULAR,USD,put,2026-05-15,QQQ,0.015
QQQ260515P00672000,2026-05-15 14:24:38+00:00,672.0,0.01,0.01,0.02,-0.04,-80.00001,431.0,1645.0,0.41797457031249996,False,REGULAR,USD,put,2026-05-15,QQQ,0.015
QQQ260515P00674000,2026-05-15 14:51:57+00:00,674.0,0.02,0.01,0.02,-0.02,-50.0,495.0,4420.0,0.398443515625,False,REGULAR,USD,put,2026-05-15,QQQ,0.015
QQQ260515P00675000,2026-05-15 15:00:53+00:00,675.0,0.01,0.01,0.02,-0.02,-50.0,1695.0,28794.0,0.38672488281249995,False,REGULAR,USD,put,2026-05-15,QQQ,0.015
QQQ260515P00676000,2026-05-15 15:00:27+00:00,676.0,0.02,0.01,0.02,-0.02,-50.0,4936.0,2493.0,0.3789124609375,False,REGULAR,USD,put,2026-05-15,QQQ,0.015
QQQ260515P00677000,2026-05-15 14:59:37+00:00,677.0,0.02,0.01,0.02,-0.030000001,-75.0,4677.0,3720.0,0.367193828125,False,REGULAR,USD,put,2026-05-15,QQQ,0.015
QQQ260515P00678000,2026-05-15 15:00:02+00:00,678.0,0.01,0.01,0.02,-0.03,-60.000004,4879.0,4213.0,0.35938140625,False,REGULAR,USD,put,2026-05-15,QQQ,0.015
QQQ260515P00679000,2026-05-15 15:02:45+00:00,679.0,0.01,0.01,0.02,-0.03,-60.000004,5653.0,1888.0,0.34766277343749996,False,REGULAR,USD,put,2026-05-15,QQQ,0.015
QQQ260515P00680000,2026-05-15 15:03:27+00:00,680.0,0.02,0.02,0.03,-0.02,-50.0,2840.0,15962.0,0.35547519531249994,False,REGULAR,USD,put,2026-05-15,QQQ,0.025
QQQ260515P00681000,2026-05-15 14:19:34+00:00,681.0,0.02,0.02,0.03,-0.030000001,-49.999996,892.0,2036.0,0.34570966796874997,False,REGULAR,USD,put,2026-05-15,QQQ,0.025
QQQ260515P00682000,2026-05-15 14:32:32+00:00,682.0,0.03,0.02,0.03,-0.020000001,-40.000004,746.0,2701.0,0.335944140625,False,REGULAR,USD,put,2026-05-15,QQQ,0.025
QQQ260515P00683000,2026-05-15 15:01:04+00:00,683.0,0.03,0.02,0.03,-0.01,-25.0,598.0,3935.0,0.3242255078124999,False,REGULAR,USD,put,2026-05-15,QQQ,0.025
QQQ260515P00684000,2026-05-15 15:01:13+00:00,684.0,0.02,0.02,0.03,-0.030000001,-60.0,2140.0,2218.0,0.31445998046874996,False,REGULAR,USD,put,2026-05-15,QQQ,0.025
QQQ260515P00685000,2026-05-15 15:03:20+00:00,685.0,0.03,0.02,0.03,-0.020000001,-50.000008,4684.0,11456.0,0.304694453125,False,REGULAR,USD,put,2026-05-15,QQQ,0.025
QQQ260515P00686000,2026-05-15 15:02:20+00:00,686.0,0.03,0.02,0.03,-0.04,-57.142857,1000.0,3133.0,0.29492892578124996,False,REGULAR,USD,put,2026-05-15,QQQ,0.025
QQQ260515P00687000,2026-05-15 15:02:45+00:00,687.0,0.03,0.03,0.04,-0.020000001,-40.000004,3769.0,4121.0,0.29492892578124996,False,REGULAR,USD,put,2026-05-15,QQQ,0.035
QQQ260515P00688000,2026-05-15 15:01:20+00:00,688.0,0.04,0.03,0.04,-0.02,-40.000004,3319.0,3546.0,0.28321029296874994,False,REGULAR,USD,put,2026-05-15,QQQ,0.035
QQQ260515P00689000,2026-05-15 14:49:18+00:00,689.0,0.04,0.03,0.04,-0.02,-33.333336,1799.0,2058.0,0.273444765625,False,REGULAR,USD,put,2026-05-15,QQQ,0.035
QQQ260515P00690000,2026-05-15 14:56:45+00:00,690.0,0.04,0.03,0.04,-0.02,-33.333336,5317.0,24687.0,0.26270268554687504,False,REGULAR,USD,put,2026-05-15,QQQ,0.035
QQQ260515P00691000,2026-05-15 15:02:17+00:00,691.0,0.04,0.03,0.04,-0.030000001,-42.857143,1344.0,2939.0,0.25196060546875,False,REGULAR,USD,put,2026-05-15,QQQ,0.035
QQQ260515P00692000,2026-05-15 14:48:48+00:00,692.0,0.06,0.04,0.05,-0.010000002,-14.285716,2838.0,3574.0,0.249030947265625,False,REGULAR,USD,put,2026-05-15,QQQ,0.045
QQQ260515P00693000,2026-05-15 15:00:49+00:00,693.0,0.05,0.05,0.06,-0.040000003,-44.444447,5614.0,2403.0,0.24414818359375,False,REGULAR,USD,put,2026-05-15,QQQ,0.055
QQQ260515P00694000,2026-05-15 15:02:17+00:00,694.0,0.05,0.04,0.05,-0.040000003,-50.000008,3967.0,3299.0,0.22657023437499998,False,REGULAR,USD,put,2026-05-15,QQQ,0.045
QQQ260515P00695000,2026-05-15 15:03:17+00:00,695.0,0.06,0.06,0.07,-0.040000003,-40.000004,11676.0,11700.0,0.22657023437499998,False,REGULAR,USD,put,2026-05-15,QQQ,0.065
QQQ260515P00696000,2026-05-15 15:01:54+00:00,696.0,0.07,0.07,0.08,-0.04,-36.363636,8167.0,3725.0,0.21973436523437498,False,REGULAR,USD,put,2026-05-15,QQQ,0.07500000000000001
QQQ260515P00697000,2026-05-15 15:03:31+00:00,697.0,0.1,0.1,0.11,-0.009999998,-12.499997,12168.0,2850.0,0.21973436523437498,False,REGULAR,USD,put,2026-05-15,QQQ,0.10500000000000001
QQQ260515P00698000,2026-05-15 15:00:21+00:00,698.0,0.11,0.09,0.1,-0.019999996,-15.384612,21599.0,3957.0,0.20410952148437497,False,REGULAR,USD,put,2026-05-15,QQQ,0.095
QQQ260515P00699000,2026-05-15 15:03:03+00:00,699.0,0.15,0.15,0.16,0.010000005,7.1428604,20309.0,2585.0,0.20948056152343747,False,REGULAR,USD,put,2026-05-15,QQQ,0.155
QQQ260515P00700000,2026-05-15 15:03:22+00:00,700.0,0.2,0.19,0.21,0.040000007,25.000004,70704.0,40594.0,0.20801573242187496,False,REGULAR,USD,put,2026-05-15,QQQ,0.2
QQQ260515P00701000,2026-05-15 15:03:32+00:00,701.0,0.26,0.26,0.27,0.07999998,44.44443,23774.0,7103.0,0.20557435058593748,False,REGULAR,USD,put,2026-05-15,QQQ,0.265
QQQ260515P00702000,2026-05-15 15:03:24+00:00,702.0,0.34,0.33,0.34,0.15,78.94737,40249.0,5396.0,0.2024005541992187,False,REGULAR,USD,put,2026-05-15,QQQ,0.335
QQQ260515P00703000,2026-05-15 15:03:20+00:00,703.0,0.45,0.45,0.46,0.22999999,109.523796,31362.0,4746.0,0.20386538330078124,False,REGULAR,USD,put,2026-05-15,QQQ,0.455
QQQ260515P00704000,2026-05-15 15:03:24+00:00,704.0,0.58,0.59,0.6,0.32999998,132.0,27819.0,4005.0,0.20410952148437497,False,REGULAR,USD,put,2026-05-15,QQQ,0.595
QQQ260515P00705000,2026-05-15 15:03:27+00:00,705.0,0.78,0.76,0.77,0.48999998,168.96552,76594.0,10570.0,0.2039874523925781,False,REGULAR,USD,put,2026-05-15,QQQ,0.765
QQQ260515P00706000,2026-05-15 15:03:27+00:00,706.0,0.98,0.98,0.99,0.65,180.55554,52017.0,4137.0,0.20520814331054685,False,REGULAR,USD,put,2026-05-15,QQQ,0.985
QQQ260515P00707000,2026-05-15 15:03:25+00:00,707.0,1.28,1.28,1.3,0.89,228.20514,74829.0,8195.0,0.21033504516601562,False,REGULAR,USD,put,2026-05-15,QQQ,1.29
QQQ260515P00708000,2026-05-15 15:03:26+00:00,708.0,1.61,1.59,1.61,1.1800001,274.41867,71819.0,2872.0,0.21143366699218746,False,REGULAR,USD,put,2026-05-15,QQQ,1.6
QQQ260515P00709000,2026-05-15 15:03:25+00:00,709.0,2.02,1.99,2.01,1.5,288.46155,52408.0,6954.0,0.21558401611328126,False,REGULAR,USD,put,2026-05-15,QQQ,2.0
QQQ260515P00710000,2026-05-15 15:03:26+00:00,710.0,2.5,2.5,2.52,1.89,309.83606,79448.0,24089.0,0.22376264526367184,False,REGULAR,USD,put,2026-05-15,QQQ,2.51
QQQ260515P00711000,2026-05-15 15:03:19+00:00,711.0,3.04,3.03,3.06,2.33,319.17807,36392.0,2890.0,0.23035437622070312,False,REGULAR,USD,put,2026-05-15,QQQ,3.045
QQQ260515P00712000,2026-05-15 15:03:15+00:00,712.0,3.61,3.61,3.64,2.78,302.1739,21255.0,4092.0,0.23633576171874998,True,REGULAR,USD,put,2026-05-15,QQQ,3.625
QQQ260515P00713000,2026-05-15 15:02:36+00:00,713.0,4.13,4.15,4.19,3.16,325.7732,7898.0,3126.0,0.23731231445312498,True,REGULAR,USD,put,2026-05-15,QQQ,4.17
QQQ260515P00714000,2026-05-15 15:02:55+00:00,714.0,4.76,4.96,5.01,3.6200004,317.5439,6484.0,4744.0,0.25391371093750004,True,REGULAR,USD,put,2026-05-15,QQQ,4.984999999999999
QQQ260515P00715000,2026-05-15 15:03:02+00:00,715.0,5.82,5.74,5.82,4.46,332.8358,10098.0,15441.0,0.26758544921875,True,REGULAR,USD,put,2026-05-15,QQQ,5.78
QQQ260515P00716000,2026-05-15 15:03:13+00:00,716.0,6.8,6.72,6.78,5.19,322.36023,3772.0,6258.0,0.2902903002929687,True,REGULAR,USD,put,2026-05-15,QQQ,6.75
QQQ260515P00720000,2026-05-15 15:03:13+00:00,720.0,10.51,10.3,10.54,7.42,240.12944,4166.0,12118.0,0.36463037719726565,True,REGULAR,USD,put,2026-05-15,QQQ,10.42
QQQ260515P00725000,2026-05-15 14:20:05+00:00,725.0,15.0,15.26,15.55,8.969999,148.7562,2169.0,4595.0,0.4682670361328125,True,REGULAR,USD,put,2026-05-15,QQQ,15.405000000000001
QQQ260515P00730000,2026-05-15 14:59:12+00:00,730.0,19.36,19.92,20.25,9.490001,96.149956,175.0,969.0,0.5170946728515625,True,REGULAR,USD,put,2026-05-15,QQQ,20.085
QQQ260515P00735000,2026-05-15 13:32:44+00:00,735.0,26.0,24.42,24.75,11.74,82.328186,5.0,22.0,0.5441940112304688,True,REGULAR,USD,put,2026-05-15,QQQ,24.585
QQQ260515P00740000,2026-05-15 14:33:39+00:00,740.0,29.26,27.65,31.15,9.76,50.05128,5.0,6.0,0.5959513061523438,True,REGULAR,USD,put,2026-05-15,QQQ,29.4
QQQ260515P00750000,2026-05-14 17:33:27+00:00,750.0,31.0,37.54,41.33,0.0,0.0,5.0,2.0,0.745119736328125,True,REGULAR,USD,put,2026-05-15,QQQ,39.435
QQQ260515P00760000,2026-05-11 14:23:50+00:00,760.0,47.39,48.45,51.74,0.0,0.0,6.0,,0.9870606762695313,True,REGULAR,USD,put,2026-05-15,QQQ,50.095
QQQ260515P00780000,2026-05-15 14:19:49+00:00,780.0,68.06,68.4,71.74,-92.740005,-57.674133,2.0,0.0,1.2553748168945313,True,REGULAR,USD,put,2026-05-15,QQQ,70.07
QQQ260515P00800000,2026-05-14 14:11:58+00:00,800.0,83.28,88.36,91.69,0.0,0.0,5.0,5.0,1.4990259423828123,True,REGULAR,USD,put,2026-05-15,QQQ,90.025
QQQ260515P00805000,2026-05-14 14:11:58+00:00,805.0,88.3,92.66,96.33,0.0,0.0,5.0,0.0,1.4448269946289063,True,REGULAR,USD,put,2026-05-15,QQQ,94.495
QQQ260515P00810000,2025-11-11 16:08:22+00:00,810.0,191.32,184.71,188.13,0.0,0.0,1.0,0.0,8.353886614761354,True,REGULAR,USD,put,2026-05-15,QQQ,186.42000000000002
QQQ260518C00500000,2026-05-15 13:46:54+00:00,500.0,205.95,208.38,211.98,10.470001,5.3560476,5.0,1.0,1.40234673828125,True,REGULAR,USD,call,2026-05-18,QQQ,210.18
QQQ260518C00575000,2026-05-08 14:06:31+00:00,575.0,131.33,133.94,137.59,0.0,0.0,1.0,0.0,1.083988955078125,True,REGULAR,USD,call,2026-05-18,QQQ,135.765
QQQ260518C00585000,2026-05-08 19:28:18+00:00,585.0,125.33,123.74,126.97,0.0,0.0,,2.0,0.8261736132812498,True,REGULAR,USD,call,2026-05-18,QQQ,125.35499999999999
QQQ260518C00600000,2026-05-14 19:59:07+00:00,600.0,105.67,108.4,111.76,-14.639999,-12.168565,1.0,47.0,0.5468795312500001,True,REGULAR,USD,call,2026-05-18,QQQ,110.08000000000001
QQQ260518C00605000,2026-05-14 15:18:46+00:00,605.0,116.5,103.57,106.94,0.0,0.0,2.0,2.0,0.6865265722656251,True,REGULAR,USD,call,2026-05-18,QQQ,105.255
QQQ260518C00610000,2026-05-13 16:10:19+00:00,610.0,102.25,98.5,102.01,0.0,0.0,1.0,1.0,0.684573466796875,True,REGULAR,USD,call,2026-05-18,QQQ,100.255
QQQ260518C00615000,2026-05-14 19:29:03+00:00,615.0,95.89,93.93,97.2,-8.610001,-8.239235,1.0,17.0,0.7094755615234375,True,REGULAR,USD,call,2026-05-18,QQQ,95.565
QQQ260518C00620000,2026-05-13 17:05:49+00:00,620.0,94.77,88.95,92.23,0.0,0.0,10.0,11.0,0.6826203613281252,True,REGULAR,USD,call,2026-05-18,QQQ,90.59
QQQ260518C00630000,2026-05-15 14:28:40+00:00,630.0,81.12,78.95,82.41,-9.409996,-10.3943405,1.0,22.0,0.65039412109375,True,REGULAR,USD,call,2026-05-18,QQQ,80.68
QQQ260518C00635000,2026-05-15 14:42:10+00:00,635.0,76.91,73.95,77.03,-9.029999,-10.507329,1.0,45.0,0.5336960693359375,True,REGULAR,USD,call,2026-05-18,QQQ,75.49000000000001
QQQ260518C00640000,2026-05-13 18:48:11+00:00,640.0,76.03,68.96,72.21,0.0,0.0,13.0,33.0,0.543949873046875,True,REGULAR,USD,call,2026-05-18,QQQ,70.585
QQQ260518C00645000,2026-05-12 19:33:49+00:00,645.0,60.41,63.8,67.23,0.0,0.0,2.0,37.0,0.5144091528320311,True,REGULAR,USD,call,2026-05-18,QQQ,65.515
QQQ260518C00648000,2026-05-15 14:42:10+00:00,648.0,63.75,60.45,63.62,-2.4400024,-3.686361,2.0,1.0,1.0000000000000003e-05,True,REGULAR,USD,call,2026-05-18,QQQ,62.035
QQQ260518C00649000,2026-05-13 18:45:24+00:00,649.0,67.18,59.78,63.0,0.0,0.0,37.0,17.0,0.437505625,True,REGULAR,USD,call,2026-05-18,QQQ,61.39
QQQ260518C00650000,2026-05-15 14:54:22+00:00,650.0,60.18,58.95,61.81,-10.5,-14.855687,13.0,52.0,0.35742830078125,True,REGULAR,USD,call,2026-05-18,QQQ,60.38
QQQ260518C00651000,2026-05-15 14:09:51+00:00,651.0,57.65,57.95,61.05,-4.299999,-6.9410806,4.0,1.0,0.437505625,True,REGULAR,USD,call,2026-05-18,QQQ,59.5
QQQ260518C00653000,2026-05-15 14:26:23+00:00,653.0,58.49,55.77,59.01,-4.369999,-6.951955,4.0,1.0,0.415044912109375,True,REGULAR,USD,call,2026-05-18,QQQ,57.39
QQQ260518C00655000,2026-05-14 18:01:10+00:00,655.0,53.35,53.79,57.34,-11.900002,-18.237549,5.0,31.0,0.4643608251953125,True,REGULAR,USD,call,2026-05-18,QQQ,55.565
QQQ260518C00656000,2026-05-07 14:27:40+00:00,656.0,45.48,52.79,56.06,0.0,0.0,4.0,4.0,0.40772076660156253,True,REGULAR,USD,call,2026-05-18,QQQ,54.425
QQQ260518C00660000,2026-05-14 13:56:35+00:00,660.0,58.02,48.95,52.1,0.0,0.0,1.0,20.0,0.39014281738281253,True,REGULAR,USD,call,2026-05-18,QQQ,50.525000000000006
QQQ260518C00662000,2026-05-14 19:53:47+00:00,662.0,45.06,46.8,50.12,-13.539997,-23.105799,2.0,216.0,0.38086556640624997,True,REGULAR,USD,call,2026-05-18,QQQ,48.459999999999994
QQQ260518C00664000,2026-05-13 17:28:41+00:00,664.0,43.12,44.46,47.69,-8.16,-15.912637,1.0,48.0,1.0000000000000003e-05,True,REGULAR,USD,call,2026-05-18,QQQ,46.075
QQQ260518C00665000,2026-05-14 19:59:37+00:00,665.0,55.33,43.98,47.37,0.0,0.0,27.0,147.0,0.3986876538085938,True,REGULAR,USD,call,2026-05-18,QQQ,45.675
QQQ260518C00666000,2026-05-14 14:44:58+00:00,666.0,53.73,42.48,45.85,0.0,0.0,9.0,3.0,0.28955788574218744,True,REGULAR,USD,call,2026-05-18,QQQ,44.165
QQQ260518C00667000,2026-05-13 19:04:44+00:00,667.0,48.34,41.81,45.39,0.0,0.0,6.0,20.0,0.3869690209960937,True,REGULAR,USD,call,2026-05-18,QQQ,43.6
QQQ260518C00668000,2026-05-14 15:05:01+00:00,668.0,52.16,40.99,44.38,0.0,0.0,1.0,11.0,0.3786683227539062,True,REGULAR,USD,call,2026-05-18,QQQ,42.685
QQQ260518C00669000,2026-05-14 17:45:54+00:00,669.0,51.48,40.0,43.37,0.0,0.0,2.0,2.0,0.370123486328125,True,REGULAR,USD,call,2026-05-18,QQQ,41.685
QQQ260518C00670000,2026-05-14 19:27:13+00:00,670.0,48.87,38.83,42.04,0.0,0.0,4.0,146.0,0.3139717041015625,True,REGULAR,USD,call,2026-05-18,QQQ,40.435
QQQ260518C00672000,2026-05-15 14:27:23+00:00,672.0,39.3,37.01,40.5,-4.880001,-11.045725,3.0,11.0,0.3635317553710938,True,REGULAR,USD,call,2026-05-18,QQQ,38.754999999999995
QQQ260518C00673000,2026-05-13 13:51:17+00:00,673.0,34.4,35.84,39.42,0.0,0.0,1.0,8.0,0.3474186352539062,True,REGULAR,USD,call,2026-05-18,QQQ,37.63
QQQ260518C00675000,2026-05-14 16:16:19+00:00,675.0,47.36,34.54,37.37,0.0,0.0,2.0,193.0,0.327155166015625,True,REGULAR,USD,call,2026-05-18,QQQ,35.955
QQQ260518C00677000,2026-05-14 19:34:29+00:00,677.0,43.8,32.25,33.8,0.0,0.0,2.0,16.0,1.0000000000000003e-05,True,REGULAR,USD,call,2026-05-18,QQQ,33.025
QQQ260518C00678000,2026-05-14 14:29:03+00:00,678.0,42.38,32.0,33.17,0.0,0.0,11.0,14.0,1.0000000000000003e-05,True,REGULAR,USD,call,2026-05-18,QQQ,32.585
QQQ260518C00679000,2026-05-15 13:47:24+00:00,679.0,27.52,30.72,31.71,-13.75,-33.31718,4.0,25.0,1.0000000000000003e-05,True,REGULAR,USD,call,2026-05-18,QQQ,31.215
QQQ260518C00680000,2026-05-15 14:58:20+00:00,680.0,30.86,30.03,31.2,-10.259998,-24.951359,239.0,419.0,1.0000000000000003e-05,True,REGULAR,USD,call,2026-05-18,QQQ,30.615000000000002
QQQ260518C00681000,2026-05-15 14:53:03+00:00,681.0,29.46,29.12,30.21,-1.5300007,-4.9370785,1.0,28.0,1.0000000000000003e-05,True,REGULAR,USD,call,2026-05-18,QQQ,29.665
QQQ260518C00683000,2026-05-15 14:02:00+00:00,683.0,25.48,26.22,27.77,-12.07,-32.14381,17.0,80.0,1.0000000000000003e-05,True,REGULAR,USD,call,2026-05-18,QQQ,26.994999999999997
QQQ260518C00684000,2026-05-15 14:08:02+00:00,684.0,24.43,26.12,27.28,-5.08,-17.214504,23.0,111.0,1.0000000000000003e-05,True,REGULAR,USD,call,2026-05-18,QQQ,26.700000000000003
QQQ260518C00685000,2026-05-15 14:29:49+00:00,685.0,25.25,24.67,25.65,-9.98,-28.328129,27.0,505.0,1.0000000000000003e-05,True,REGULAR,USD,call,2026-05-18,QQQ,25.16
QQQ260518C00686000,2026-05-15 14:54:53+00:00,686.0,24.83,23.47,24.85,-2.8099995,-10.166424,6.0,38.0,1.0000000000000003e-05,True,REGULAR,USD,call,2026-05-18,QQQ,24.16
QQQ260518C00687000,2026-05-15 15:02:24+00:00,687.0,23.68,23.72,23.79,-11.099998,-31.91489,26.0,15.0,1.0000000000000003e-05,True,REGULAR,USD,call,2026-05-18,QQQ,23.755
QQQ260518C00688000,2026-05-15 14:54:24+00:00,688.0,22.99,22.0,22.4,-3.8000011,-14.1844015,35.0,55.0,1.0000000000000003e-05,True,REGULAR,USD,call,2026-05-18,QQQ,22.2
QQQ260518C00689000,2026-05-15 14:54:57+00:00,689.0,22.26,21.62,21.69,-2.2700005,-9.253976,44.0,67.0,1.0000000000000003e-05,True,REGULAR,USD,call,2026-05-18,QQQ,21.655
QQQ260518C00690000,2026-05-15 15:01:31+00:00,690.0,21.38,20.62,20.69,-9.660002,-31.12114,62.0,1707.0,1.0000000000000003e-05,True,REGULAR,USD,call,2026-05-18,QQQ,20.655
QQQ260518C00691000,2026-05-15 14:54:24+00:00,691.0,20.17,19.69,19.75,-10.959999,-35.20719,34.0,85.0,1.0000000000000003e-05,True,REGULAR,USD,call,2026-05-18,QQQ,19.72
QQQ260518C00692000,2026-05-15 14:52:47+00:00,692.0,18.53,18.41,18.44,-7.6399994,-29.193731,41.0,62.0,1.0000000000000003e-05,True,REGULAR,USD,call,2026-05-18,QQQ,18.425
QQQ260518C00693000,2026-05-15 15:00:56+00:00,693.0,18.17,17.76,17.83,-9.84,-35.13031,33.0,306.0,1.0000000000000003e-05,True,REGULAR,USD,call,2026-05-18,QQQ,17.795
QQQ260518C00694000,2026-05-15 15:03:19+00:00,694.0,16.66,16.66,16.73,-9.360001,-35.972332,57.0,131.0,1.0000000000000003e-05,True,REGULAR,USD,call,2026-05-18,QQQ,16.695
QQQ260518C00695000,2026-05-15 15:01:00+00:00,695.0,16.3,15.82,15.88,-9.950001,-37.904766,81.0,871.0,1.0000000000000003e-05,True,REGULAR,USD,call,2026-05-18,QQQ,15.850000000000001
QQQ260518C00696000,2026-05-15 14:52:47+00:00,696.0,14.94,14.85,14.92,-9.86,-39.758064,27.0,792.0,1.0000000000000003e-05,True,REGULAR,USD,call,2026-05-18,QQQ,14.885
QQQ260518C00697000,2026-05-15 14:56:08+00:00,697.0,15.13,14.09,14.15,-9.070001,-37.47934,67.0,196.0,1.0000000000000003e-05,True,REGULAR,USD,call,2026-05-18,QQQ,14.120000000000001
QQQ260518C00698000,2026-05-15 14:43:10+00:00,698.0,14.79,13.46,13.54,-7.63,-34.032116,30.0,240.0,1.0000000000000003e-05,True,REGULAR,USD,call,2026-05-18,QQQ,13.5
QQQ260518C00699000,2026-05-15 14:45:34+00:00,699.0,13.51,12.25,12.33,-8.68,-39.11672,62.0,344.0,1.0000000000000003e-05,True,REGULAR,USD,call,2026-05-18,QQQ,12.29
QQQ260518C00700000,2026-05-15 15:01:24+00:00,700.0,12.35,11.53,11.59,-9.08,-42.370506,322.0,1570.0,1.0000000000000003e-05,True,REGULAR,USD,call,2026-05-18,QQQ,11.559999999999999
QQQ260518C00701000,2026-05-15 15:02:13+00:00,701.0,11.27,10.94,11.01,-9.5,-45.739044,210.0,204.0,0.10230389892578123,True,REGULAR,USD,call,2026-05-18,QQQ,10.975
QQQ260518C00702000,2026-05-15 15:02:24+00:00,702.0,10.33,9.88,9.94,-9.540001,-48.01208,337.0,373.0,0.08814388427734376,True,REGULAR,USD,call,2026-05-18,QQQ,9.91
QQQ260518C00703000,2026-05-15 15:02:56+00:00,703.0,9.44,9.1,9.16,-8.760001,-48.131874,363.0,188.0,0.09876389526367188,True,REGULAR,USD,call,2026-05-18,QQQ,9.129999999999999
QQQ260518C00704000,2026-05-15 15:02:34+00:00,704.0,8.56,8.35,8.41,-8.929999,-51.057743,669.0,326.0,0.10559976440429686,True,REGULAR,USD,call,2026-05-18,QQQ,8.379999999999999
QQQ260518C00705000,2026-05-15 15:01:18+00:00,705.0,8.32,7.76,7.8,-7.91,-48.736908,1902.0,1756.0,0.11560942993164064,True,REGULAR,USD,call,2026-05-18,QQQ,7.779999999999999
QQQ260518C00706000,2026-05-15 15:02:56+00:00,706.0,7.29,7.03,7.07,-8.56,-54.006313,1757.0,493.0,0.11707425903320312,True,REGULAR,USD,call,2026-05-18,QQQ,7.050000000000001
QQQ260518C00707000,2026-05-15 15:03:17+00:00,707.0,6.35,6.32,6.35,-8.77,-57.926025,3845.0,513.0,0.11725736267089844,True,REGULAR,USD,call,2026-05-18,QQQ,6.335
QQQ260518C00708000,2026-05-15 15:03:17+00:00,708.0,5.73,5.71,5.73,-8.459999,-59.493664,9156.0,724.0,0.11963770996093749,True,REGULAR,USD,call,2026-05-18,QQQ,5.720000000000001
QQQ260518C00709000,2026-05-15 15:02:31+00:00,709.0,5.4,5.23,5.26,-7.47,-58.041958,10186.0,1497.0,0.1256190954589844,True,REGULAR,USD,call,2026-05-18,QQQ,5.245
QQQ260518C00710000,2026-05-15 15:03:25+00:00,710.0,4.58,4.58,4.61,-7.3500004,-61.40351,12042.0,1837.0,0.12366598999023437,True,REGULAR,USD,call,2026-05-18,QQQ,4.595000000000001
QQQ260518C00711000,2026-05-15 15:03:07+00:00,711.0,4.14,4.06,4.1,-7.06,-63.035717,9092.0,1202.0,0.12506978454589845,True,REGULAR,USD,call,2026-05-18,QQQ,4.08
QQQ260518C00712000,2026-05-15 15:02:56+00:00,712.0,3.79,3.64,3.65,-6.6899996,-63.835876,9404.0,877.0,0.12702289001464845,False,REGULAR,USD,call,2026-05-18,QQQ,3.645
QQQ260518C00713000,2026-05-15 15:02:57+00:00,713.0,3.33,3.33,3.34,-6.7200003,-66.7992,4708.0,826.0,0.13227186096191407,False,REGULAR,USD,call,2026-05-18,QQQ,3.335
QQQ260518C00714000,2026-05-15 15:02:35+00:00,714.0,2.88,2.86,2.88,-6.4700003,-69.19786,3852.0,702.0,0.13111220458984374,False,REGULAR,USD,call,2026-05-18,QQQ,2.87
QQQ260518C00715000,2026-05-15 15:03:00+00:00,715.0,2.45,2.4,2.41,-6.05,-71.17647,6746.0,3764.0,0.12818254638671872,False,REGULAR,USD,call,2026-05-18,QQQ,2.4050000000000002
QQQ260518C00720000,2026-05-15 15:02:33+00:00,720.0,1.15,1.14,1.15,-4.24,-78.66419,7627.0,2853.0,0.1334925518798828,False,REGULAR,USD,call,2026-05-18,QQQ,1.145
QQQ260518C00725000,2026-05-15 15:02:53+00:00,725.0,0.46,0.44,0.45,-2.54,-84.666664,2017.0,1588.0,0.13453013916015627,False,REGULAR,USD,call,2026-05-18,QQQ,0.445
QQQ260518C00730000,2026-05-15 15:00:17+00:00,730.0,0.16,0.17,0.18,-1.25,-88.65248,1989.0,1639.0,0.13990117919921874,False,REGULAR,USD,call,2026-05-18,QQQ,0.175
QQQ260518C00735000,2026-05-15 14:54:26+00:00,735.0,0.06,0.06,0.07,-0.5,-89.28571,2088.0,1343.0,0.145516357421875,False,REGULAR,USD,call,2026-05-18,QQQ,0.065
QQQ260518C00740000,2026-05-15 14:52:23+00:00,740.0,0.02,0.02,0.03,-0.17,-89.47369,2667.0,2411.0,0.15430533203125002,False,REGULAR,USD,call,2026-05-18,QQQ,0.025
QQQ260518C00745000,2026-05-15 14:39:02+00:00,745.0,0.02,0.01,0.02,-0.05,-71.42857,228.0,1061.0,0.16895362304687503,False,REGULAR,USD,call,2026-05-18,QQQ,0.015
QQQ260518C00750000,2026-05-15 15:01:22+00:00,750.0,0.02,0.01,0.02,0.0,0.0,69.0,1706.0,0.1914143359375,False,REGULAR,USD,call,2026-05-18,QQQ,0.015
QQQ260518P00530000,2026-05-15 13:45:11+00:00,530.0,0.01,0.01,0.02,-0.02,-66.66667,2024.0,3310.0,0.9062509375,False,REGULAR,USD,put,2026-05-18,QQQ,0.015
QQQ260518P00565000,2026-05-12 18:05:52+00:00,565.0,0.04,0.01,0.02,0.0,0.0,55.0,419.0,0.7187528125,False,REGULAR,USD,put,2026-05-18,QQQ,0.015
QQQ260518P00570000,2026-05-13 14:32:56+00:00,570.0,0.03,0.01,0.02,0.0,0.0,2.0,8.0,0.6953155468750001,False,REGULAR,USD,put,2026-05-18,QQQ,0.015
QQQ260518P00575000,2026-05-13 20:06:24+00:00,575.0,0.03,0.01,0.02,0.0,0.0,2.0,31.0,0.6718782812500002,False,REGULAR,USD,put,2026-05-18,QQQ,0.015
QQQ260518P00580000,2026-05-15 13:34:34+00:00,580.0,0.02,0.01,0.02,-0.030000001,-60.0,27.0,6.0,0.648441015625,False,REGULAR,USD,put,2026-05-18,QQQ,0.015
QQQ260518P00585000,2026-05-15 13:35:57+00:00,585.0,0.02,0.01,0.02,-0.02,-50.0,118.0,51.0,0.6171913281250001,False,REGULAR,USD,put,2026-05-18,QQQ,0.015
QQQ260518P00590000,2026-05-15 14:01:39+00:00,590.0,0.02,0.01,0.02,-0.01,-33.333336,4.0,36.0,0.5937540625000001,False,REGULAR,USD,put,2026-05-18,QQQ,0.015
QQQ260518P00600000,2026-05-15 14:56:13+00:00,600.0,0.02,0.01,0.03,-0.01,-33.333336,2449.0,216.0,0.5625043750000001,False,REGULAR,USD,put,2026-05-18,QQQ,0.02
QQQ260518P00605000,2026-05-15 14:48:17+00:00,605.0,0.02,0.01,0.03,-0.030000001,-60.0,71.0,187.0,0.5351608984375,False,REGULAR,USD,put,2026-05-18,QQQ,0.02
QQQ260518P00610000,2026-05-15 13:54:19+00:00,610.0,0.01,0.02,0.03,-0.03,-75.0,22.0,409.0,0.5195360546875,False,REGULAR,USD,put,2026-05-18,QQQ,0.025
QQQ260518P00615000,2026-05-15 13:54:27+00:00,615.0,0.03,0.02,0.03,0.0,0.0,12.0,226.0,0.5039112109375,False,REGULAR,USD,put,2026-05-18,QQQ,0.025
QQQ260518P00620000,2026-05-15 14:11:39+00:00,620.0,0.03,0.02,0.04,-0.01,-25.0,10.0,814.0,0.49414568359375005,False,REGULAR,USD,put,2026-05-18,QQQ,0.03
QQQ260518P00625000,2026-05-15 13:39:16+00:00,625.0,0.04,0.02,0.04,0.01,33.333336,76.0,354.0,0.4687553125,False,REGULAR,USD,put,2026-05-18,QQQ,0.03
QQQ260518P00630000,2026-05-15 13:48:23+00:00,630.0,0.04,0.03,0.04,-0.010000002,-20.000002,441.0,523.0,0.4414118359375,False,REGULAR,USD,put,2026-05-18,QQQ,0.035
QQQ260518P00635000,2026-05-15 14:09:54+00:00,635.0,0.05,0.03,0.05,0.0,0.0,76.0,599.0,0.42578699218750005,False,REGULAR,USD,put,2026-05-18,QQQ,0.04
QQQ260518P00640000,2026-05-15 14:25:02+00:00,640.0,0.05,0.04,0.05,0.0,0.0,205.0,1253.0,0.40039662109375,False,REGULAR,USD,put,2026-05-18,QQQ,0.045
QQQ260518P00643000,2026-05-15 14:23:20+00:00,643.0,0.05,0.04,0.05,-0.040000003,-44.444447,6.0,201.0,0.383795224609375,False,REGULAR,USD,put,2026-05-18,QQQ,0.045
QQQ260518P00644000,2026-05-15 14:52:31+00:00,644.0,0.05,0.04,0.05,-0.06999999,-58.333332,15.0,44.0,0.3789124609375,False,REGULAR,USD,put,2026-05-18,QQQ,0.045
QQQ260518P00645000,2026-05-15 14:47:33+00:00,645.0,0.05,0.04,0.05,-0.009999998,-16.666662,82.0,1217.0,0.37305314453125,False,REGULAR,USD,put,2026-05-18,QQQ,0.045
QQQ260518P00646000,2026-05-15 14:42:38+00:00,646.0,0.05,0.05,0.06,-0.18,-78.26087,68.0,22.0,0.375982802734375,False,REGULAR,USD,put,2026-05-18,QQQ,0.055
QQQ260518P00647000,2026-05-15 13:50:06+00:00,647.0,0.08,0.05,0.06,-0.2,-71.42857,4.0,80.0,0.3711000390625,False,REGULAR,USD,put,2026-05-18,QQQ,0.055
QQQ260518P00648000,2026-05-15 14:06:54+00:00,648.0,0.07,0.05,0.06,-0.009999998,-12.499997,8.0,12.0,0.36524072265625,False,REGULAR,USD,put,2026-05-18,QQQ,0.055
QQQ260518P00649000,2026-05-15 14:27:05+00:00,649.0,0.07,0.05,0.06,-0.020000003,-22.222223,33.0,518.0,0.35938140625,False,REGULAR,USD,put,2026-05-18,QQQ,0.055
QQQ260518P00650000,2026-05-15 14:12:20+00:00,650.0,0.07,0.05,0.06,0.0,0.0,547.0,2141.0,0.3544986425781249,False,REGULAR,USD,put,2026-05-18,QQQ,0.055
QQQ260518P00651000,2026-05-15 14:11:24+00:00,651.0,0.07,0.05,0.07,-0.030000001,-30.0,17.0,447.0,0.35547519531249994,False,REGULAR,USD,put,2026-05-18,QQQ,0.060000000000000005
QQQ260518P00652000,2026-05-15 13:51:48+00:00,652.0,0.09,0.06,0.07,-0.060000002,-40.0,59.0,43.0,0.3505924316406249,False,REGULAR,USD,put,2026-05-18,QQQ,0.065
QQQ260518P00653000,2026-05-15 14:11:40+00:00,653.0,0.09,0.06,0.07,-0.06999999,-43.749996,9.0,97.0,0.344733115234375,False,REGULAR,USD,put,2026-05-18,QQQ,0.065
QQQ260518P00654000,2026-05-15 13:36:05+00:00,654.0,0.1,0.06,0.07,0.0,0.0,56.0,223.0,0.3398503515625,False,REGULAR,USD,put,2026-05-18,QQQ,0.065
QQQ260518P00655000,2026-05-15 14:11:53+00:00,655.0,0.08,0.06,0.07,-0.020000003,-20.000002,34.0,598.0,0.33399103515625,False,REGULAR,USD,put,2026-05-18,QQQ,0.065
QQQ260518P00656000,2026-05-15 13:37:45+00:00,656.0,0.1,0.06,0.07,-0.009999998,-9.090907,13.0,346.0,0.32910827148437494,False,REGULAR,USD,put,2026-05-18,QQQ,0.065
QQQ260518P00657000,2026-05-15 14:18:17+00:00,657.0,0.08,0.06,0.07,-0.15,-65.21739,9.0,61.0,0.3232489550781249,False,REGULAR,USD,put,2026-05-18,QQQ,0.065
QQQ260518P00658000,2026-05-15 14:35:26+00:00,658.0,0.08,0.06,0.07,-0.030000001,-27.272728,39.0,84.0,0.31836619140624994,False,REGULAR,USD,put,2026-05-18,QQQ,0.065
QQQ260518P00659000,2026-05-15 14:04:39+00:00,659.0,0.1,0.06,0.07,-0.04,-28.571428,18.0,235.0,0.31250687499999996,False,REGULAR,USD,put,2026-05-18,QQQ,0.065
QQQ260518P00660000,2026-05-15 14:42:23+00:00,660.0,0.07,0.07,0.08,-0.009999998,-12.499997,412.0,975.0,0.31250687499999996,False,REGULAR,USD,put,2026-05-18,QQQ,0.07500000000000001
QQQ260518P00661000,2026-05-15 14:54:24+00:00,661.0,0.08,0.07,0.08,-0.14,-63.636364,41.0,221.0,0.30664755859375,False,REGULAR,USD,put,2026-05-18,QQQ,0.07500000000000001
QQQ260518P00662000,2026-05-15 14:10:30+00:00,662.0,0.08,0.07,0.08,-0.020000003,-16.666668,37.0,334.0,0.301764794921875,False,REGULAR,USD,put,2026-05-18,QQQ,0.07500000000000001
QQQ260518P00663000,2026-05-15 14:59:42+00:00,663.0,0.08,0.08,0.09,0.0,0.0,106.0,1264.0,0.3007882421875,False,REGULAR,USD,put,2026-05-18,QQQ,0.08499999999999999
QQQ260518P00664000,2026-05-15 14:13:50+00:00,664.0,0.09,0.07,0.09,-0.049999997,-35.714283,25.0,281.0,0.29492892578124996,False,REGULAR,USD,put,2026-05-18,QQQ,0.08
QQQ260518P00665000,2026-05-15 14:44:53+00:00,665.0,0.09,0.08,0.09,-0.03999999,-30.769224,229.0,661.0,0.2890696093749999,False,REGULAR,USD,put,2026-05-18,QQQ,0.08499999999999999
QQQ260518P00666000,2026-05-15 14:42:19+00:00,666.0,0.1,0.09,0.1,-0.089999996,-47.368423,236.0,295.0,0.2880930566406249,False,REGULAR,USD,put,2026-05-18,QQQ,0.095
QQQ260518P00667000,2026-05-15 14:59:51+00:00,667.0,0.09,0.08,0.09,-0.049999997,-35.714283,100.0,291.0,0.278327529296875,False,REGULAR,USD,put,2026-05-18,QQQ,0.08499999999999999
QQQ260518P00668000,2026-05-15 15:02:55+00:00,668.0,0.1,0.09,0.1,0.0,0.0,212.0,130.0,0.27637442382812494,False,REGULAR,USD,put,2026-05-18,QQQ,0.095
QQQ260518P00669000,2026-05-15 14:37:02+00:00,669.0,0.12,0.1,0.11,0.009999998,9.090907,2286.0,179.0,0.274421318359375,False,REGULAR,USD,put,2026-05-18,QQQ,0.10500000000000001
QQQ260518P00670000,2026-05-15 15:00:53+00:00,670.0,0.1,0.1,0.11,0.0,0.0,539.0,10329.0,0.26856200195312496,False,REGULAR,USD,put,2026-05-18,QQQ,0.10500000000000001
QQQ260518P00671000,2026-05-15 14:59:28+00:00,671.0,0.11,0.11,0.12,0.009999998,9.999997,114.0,207.0,0.266608896484375,False,REGULAR,USD,put,2026-05-18,QQQ,0.11499999999999999
QQQ260518P00672000,2026-05-15 14:50:06+00:00,672.0,0.13,0.11,0.12,0.019999996,18.181814,77.0,524.0,0.260749580078125,False,REGULAR,USD,put,2026-05-18,QQQ,0.11499999999999999
QQQ260518P00673000,2026-05-15 14:38:40+00:00,673.0,0.13,0.12,0.13,0.009999998,8.333331,45.0,93.0,0.257819921875,False,REGULAR,USD,put,2026-05-18,QQQ,0.125
QQQ260518P00674000,2026-05-15 15:03:18+00:00,674.0,0.14,0.13,0.14,-0.010000005,-7.1428604,118.0,154.0,0.25489026367187506,False,REGULAR,USD,put,2026-05-18,QQQ,0.135
QQQ260518P00675000,2026-05-15 14:59:42+00:00,675.0,0.14,0.13,0.15,0.030000001,27.272728,782.0,726.0,0.2514723291015625,False,REGULAR,USD,put,2026-05-18,QQQ,0.14
QQQ260518P00676000,2026-05-15 14:55:44+00:00,676.0,0.15,0.14,0.15,0.02000001,15.384624,513.0,169.0,0.2456130126953125,False,REGULAR,USD,put,2026-05-18,QQQ,0.14500000000000002
QQQ260518P00677000,2026-05-15 14:41:43+00:00,677.0,0.17,0.16,0.17,0.019999996,13.333329,783.0,443.0,0.24463645996093752,False,REGULAR,USD,put,2026-05-18,QQQ,0.165
QQQ260518P00678000,2026-05-15 15:00:11+00:00,678.0,0.17,0.17,0.18,0.030000001,21.428572,944.0,917.0,0.24073024902343748,False,REGULAR,USD,put,2026-05-18,QQQ,0.175
QQQ260518P00679000,2026-05-15 14:54:12+00:00,679.0,0.19,0.18,0.19,0.03999999,26.666658,270.0,411.0,0.2368240380859375,False,REGULAR,USD,put,2026-05-18,QQQ,0.185
QQQ260518P00680000,2026-05-15 15:01:41+00:00,680.0,0.2,0.2,0.21,0.07000001,53.846165,1911.0,1675.0,0.23438265625,False,REGULAR,USD,put,2026-05-18,QQQ,0.20500000000000002
QQQ260518P00681000,2026-05-15 15:00:36+00:00,681.0,0.22,0.21,0.22,0.049999997,29.411762,300.0,387.0,0.2299881689453125,False,REGULAR,USD,put,2026-05-18,QQQ,0.215
QQQ260518P00682000,2026-05-15 15:02:39+00:00,682.0,0.26,0.24,0.25,0.099999994,62.499996,1453.0,358.0,0.22901161621093752,False,REGULAR,USD,put,2026-05-18,QQQ,0.245
QQQ260518P00683000,2026-05-15 15:01:22+00:00,683.0,0.24,0.28,0.29,0.03999999,19.999994,725.0,237.0,0.22876747802734376,False,REGULAR,USD,put,2026-05-18,QQQ,0.28500000000000003
QQQ260518P00684000,2026-05-15 15:02:56+00:00,684.0,0.3,0.3,0.31,0.09000002,50.00001,769.0,476.0,0.22510540527343748,False,REGULAR,USD,put,2026-05-18,QQQ,0.305
QQQ260518P00685000,2026-05-15 15:02:48+00:00,685.0,0.34,0.34,0.35,0.15,78.94737,956.0,1235.0,0.2238847143554687,False,REGULAR,USD,put,2026-05-18,QQQ,0.345
QQQ260518P00686000,2026-05-15 14:59:25+00:00,686.0,0.35,0.38,0.39,0.16,84.210526,1356.0,508.0,0.2219316088867187,False,REGULAR,USD,put,2026-05-18,QQQ,0.385
QQQ260518P00687000,2026-05-15 15:00:03+00:00,687.0,0.4,0.4,0.41,0.17,73.91304,881.0,286.0,0.2172929833984375,False,REGULAR,USD,put,2026-05-18,QQQ,0.405
QQQ260518P00688000,2026-05-15 15:02:41+00:00,688.0,0.47,0.47,0.48,0.24,104.347824,1094.0,1206.0,0.21778125976562498,False,REGULAR,USD,put,2026-05-18,QQQ,0.475
QQQ260518P00689000,2026-05-15 15:01:05+00:00,689.0,0.49,0.51,0.52,0.24000001,96.0,839.0,470.0,0.21448539428710936,False,REGULAR,USD,put,2026-05-18,QQQ,0.515
QQQ260518P00690000,2026-05-15 15:03:03+00:00,690.0,0.59,0.58,0.59,0.31999996,139.13039,3924.0,6306.0,0.21363091064453127,False,REGULAR,USD,put,2026-05-18,QQQ,0.585
QQQ260518P00691000,2026-05-15 15:01:19+00:00,691.0,0.56,0.62,0.63,0.28,100.0,865.0,817.0,0.20948056152343747,False,REGULAR,USD,put,2026-05-18,QQQ,0.625
QQQ260518P00692000,2026-05-15 14:58:10+00:00,692.0,0.63,0.7,0.71,0.32,103.22581,1586.0,559.0,0.2082598706054687,False,REGULAR,USD,put,2026-05-18,QQQ,0.705
QQQ260518P00693000,2026-05-15 14:58:41+00:00,693.0,0.71,0.8,0.81,0.37999997,115.1515,4953.0,1348.0,0.20777159423828123,False,REGULAR,USD,put,2026-05-18,QQQ,0.805
QQQ260518P00694000,2026-05-15 15:00:57+00:00,694.0,0.83,0.85,0.86,0.45,118.42105,708.0,453.0,0.20313296874999998,False,REGULAR,USD,put,2026-05-18,QQQ,0.855
QQQ260518P00695000,2026-05-15 15:00:30+00:00,695.0,0.95,0.91,0.92,0.56,143.58975,3259.0,3776.0,0.19873848144531248,False,REGULAR,USD,put,2026-05-18,QQQ,0.915
QQQ260518P00696000,2026-05-15 15:02:33+00:00,696.0,1.11,1.09,1.1,0.66,146.66667,1890.0,870.0,0.20142400146484374,False,REGULAR,USD,put,2026-05-18,QQQ,1.0950000000000002
QQQ260518P00697000,2026-05-15 15:00:36+00:00,697.0,1.13,1.24,1.26,0.64,130.61224,1062.0,531.0,0.20179020874023437,False,REGULAR,USD,put,2026-05-18,QQQ,1.25
QQQ260518P00698000,2026-05-15 15:00:32+00:00,698.0,1.32,1.34,1.35,0.78000003,144.44444,1239.0,912.0,0.19739572143554687,False,REGULAR,USD,put,2026-05-18,QQQ,1.3450000000000002
QQQ260518P00699000,2026-05-15 15:02:46+00:00,699.0,1.53,1.58,1.59,0.95,163.7931,1385.0,453.0,0.20020331054687499,False,REGULAR,USD,put,2026-05-18,QQQ,1.585
QQQ260518P00700000,2026-05-15 15:01:58+00:00,700.0,1.61,1.7,1.72,0.97,151.5625,15034.0,3542.0,0.19660227233886718,False,REGULAR,USD,put,2026-05-18,QQQ,1.71
QQQ260518P00701000,2026-05-15 15:02:46+00:00,701.0,1.9,1.95,1.97,1.19,167.60567,1680.0,1780.0,0.19782296325683596,False,REGULAR,USD,put,2026-05-18,QQQ,1.96
QQQ260518P00702000,2026-05-15 15:02:47+00:00,702.0,2.11,2.17,2.18,1.3299999,170.51283,2672.0,973.0,0.196297099609375,False,REGULAR,USD,put,2026-05-18,QQQ,2.175
QQQ260518P00703000,2026-05-15 15:03:19+00:00,703.0,2.42,2.42,2.43,1.57,180.45976,3323.0,678.0,0.19568675415039063,False,REGULAR,USD,put,2026-05-18,QQQ,2.425
QQQ260518P00704000,2026-05-15 15:02:46+00:00,704.0,2.61,2.66,2.67,1.6399999,169.07214,2461.0,432.0,0.19379468322753907,False,REGULAR,USD,put,2026-05-18,QQQ,2.665
QQQ260518P00705000,2026-05-15 15:02:53+00:00,705.0,2.84,2.84,2.85,1.7599999,159.99998,7023.0,2700.0,0.18885088500976563,False,REGULAR,USD,put,2026-05-18,QQQ,2.8449999999999998
QQQ260518P00706000,2026-05-15 15:03:31+00:00,706.0,3.29,3.28,3.29,2.13,185.21742,4292.0,722.0,0.19281813049316404,False,REGULAR,USD,put,2026-05-18,QQQ,3.285
QQQ260518P00707000,2026-05-15 15:02:37+00:00,707.0,3.62,3.61,3.62,2.34,182.81248,9913.0,1418.0,0.19171950866699222,False,REGULAR,USD,put,2026-05-18,QQQ,3.615
QQQ260518P00708000,2026-05-15 15:03:04+00:00,708.0,4.02,4.02,4.04,2.5900002,181.1189,6571.0,592.0,0.1928791650390625,False,REGULAR,USD,put,2026-05-18,QQQ,4.029999999999999
QQQ260518P00709000,2026-05-15 15:03:30+00:00,709.0,4.45,4.41,4.43,2.8599997,179.87418,5562.0,1008.0,0.19208571594238283,False,REGULAR,USD,put,2026-05-18,QQQ,4.42
QQQ260518P00710000,2026-05-15 15:03:03+00:00,710.0,4.85,4.89,4.9,3.08,174.0113,7225.0,1896.0,0.19300123413085937,False,REGULAR,USD,put,2026-05-18,QQQ,4.895
QQQ260518P00711000,2026-05-15 15:03:05+00:00,711.0,5.35,5.31,5.34,3.4299998,178.64581,4339.0,1397.0,0.1920246813964844,False,REGULAR,USD,put,2026-05-18,QQQ,5.324999999999999
QQQ260518P00712000,2026-05-15 15:03:23+00:00,712.0,5.89,5.87,5.88,3.7599998,176.5258,3701.0,786.0,0.19348951049804688,True,REGULAR,USD,put,2026-05-18,QQQ,5.875
QQQ260518P00713000,2026-05-15 15:02:23+00:00,713.0,6.13,6.37,6.41,3.7700002,159.74579,2616.0,1923.0,0.19367261413574222,True,REGULAR,USD,put,2026-05-18,QQQ,6.390000000000001
QQQ260518P00714000,2026-05-15 15:01:27+00:00,714.0,6.33,6.64,6.67,3.6699998,137.96991,1236.0,1099.0,0.18372398315429686,True,REGULAR,USD,put,2026-05-18,QQQ,6.654999999999999
QQQ260518P00715000,2026-05-15 15:02:53+00:00,715.0,7.43,7.55,7.59,4.5099998,154.45204,1219.0,902.0,0.195320546875,True,REGULAR,USD,put,2026-05-18,QQQ,7.57
QQQ260518P00720000,2026-05-15 15:03:13+00:00,720.0,11.42,11.35,11.42,6.66,139.91595,3135.0,4371.0,0.21649953430175778,True,REGULAR,USD,put,2026-05-18,QQQ,11.385
QQQ260518P00725000,2026-05-15 14:47:57+00:00,725.0,15.08,15.69,15.76,7.68,103.78378,82.0,202.0,0.24323266540527344,True,REGULAR,USD,put,2026-05-18,QQQ,15.725
QQQ260518P00730000,2026-05-14 19:59:24+00:00,730.0,22.5,19.04,19.86,11.06,96.67832,10.0,13526.0,0.24646749633789064,True,REGULAR,USD,put,2026-05-18,QQQ,19.45
QQQ260518P00750000,2026-05-14 14:07:26+00:00,750.0,32.93,38.4,41.78,0.0,0.0,4.0,4.0,0.5181322601318359,True,REGULAR,USD,put,2026-05-18,QQQ,40.09
QQQ260519C00560000,2026-05-12 17:05:35+00:00,560.0,138.41,148.35,151.65,0.0,0.0,2.0,13.0,1.0000000000000003e-05,True,REGULAR,USD,call,2026-05-19,QQQ,150.0
QQQ260519C00590000,2026-05-11 18:09:41+00:00,590.0,124.66,118.82,122.02,0.0,0.0,1.0,1.0,0.7319362744140624,True,REGULAR,USD,call,2026-05-19,QQQ,120.41999999999999
QQQ260519C00600000,2026-05-15 14:29:44+00:00,600.0,109.83,108.83,112.48,-1.1399994,-1.0273042,1.0,2.0,0.7851583984375,True,REGULAR,USD,call,2026-05-19,QQQ,110.655
QQQ260519C00620000,2026-05-05 16:52:47+00:00,620.0,62.72,88.55,92.14,0.0,0.0,,1.0,0.5918009570312501,True,REGULAR,USD,call,2026-05-19,QQQ,90.345
QQQ260519C00630000,2026-05-12 15:36:00+00:00,630.0,71.44,78.88,82.71,0.0,0.0,31.0,31.0,0.6250037500000001,True,REGULAR,USD,call,2026-05-19,QQQ,80.79499999999999
QQQ260519C00635000,2026-05-08 13:36:01+00:00,635.0,67.86,73.94,77.72,0.0,0.0,1.0,2.0,0.5932657861328126,True,REGULAR,USD,call,2026-05-19,QQQ,75.83
QQQ260519C00640000,2026-05-15 13:33:45+00:00,640.0,69.04,68.87,72.73,9.920002,16.779434,1.0,1.0,0.5612836840820312,True,REGULAR,USD,call,2026-05-19,QQQ,70.80000000000001
QQQ260519C00645000,2026-05-14 15:28:55+00:00,645.0,76.88,63.96,67.55,0.0,0.0,2.0,24.0,0.506840869140625,True,REGULAR,USD,call,2026-05-19,QQQ,65.755
QQQ260519C00650000,2026-05-14 13:33:00+00:00,650.0,66.0,59.06,62.34,0.0,0.0,1.0,51.0,0.44727115234375,True,REGULAR,USD,call,2026-05-19,QQQ,60.7
QQQ260519C00652000,2026-05-14 18:24:46+00:00,652.0,68.03,56.5,60.07,0.0,0.0,1.0,20.0,0.39063109375,True,REGULAR,USD,call,2026-05-19,QQQ,58.285
QQQ260519C00655000,2026-05-06 14:56:34+00:00,655.0,38.96,53.52,56.81,0.0,0.0,,36.0,0.29883513671874995,True,REGULAR,USD,call,2026-05-19,QQQ,55.165000000000006
QQQ260519C00660000,2026-05-15 14:01:18+00:00,660.0,48.95,48.83,52.2,-12.5,-20.341742,9.0,27.0,0.3657289990234375,True,REGULAR,USD,call,2026-05-19,QQQ,50.515
QQQ260519C00665000,2026-05-12 17:16:57+00:00,665.0,35.8,43.96,47.63,0.0,0.0,12.0,4.0,0.3845276391601562,True,REGULAR,USD,call,2026-05-19,QQQ,45.795
QQQ260519C00670000,2026-05-14 16:37:18+00:00,670.0,51.03,38.9,42.12,0.0,0.0,10.0,86.0,0.2941965112304687,True,REGULAR,USD,call,2026-05-19,QQQ,40.51
QQQ260519C00672000,2026-05-13 14:17:30+00:00,672.0,36.67,37.04,40.52,0.0,0.0,2.0,5.0,0.3275213732910156,True,REGULAR,USD,call,2026-05-19,QQQ,38.78
QQQ260519C00674000,2026-05-13 13:54:41+00:00,674.0,35.49,34.84,38.26,0.0,0.0,1.0,2.0,0.2876047802734374,True,REGULAR,USD,call,2026-05-19,QQQ,36.55
QQQ260519C00675000,2026-05-15 14:52:06+00:00,675.0,35.0,34.71,37.02,-2.2299995,-5.989792,27.0,38.0,0.24951922363281248,True,REGULAR,USD,call,2026-05-19,QQQ,35.865
QQQ260519C00680000,2026-05-13 19:59:45+00:00,680.0,35.46,30.31,30.4,0.0,0.0,15.0,186.0,1.0000000000000003e-05,True,REGULAR,USD,call,2026-05-19,QQQ,30.354999999999997
QQQ260519C00681000,2026-05-14 14:29:03+00:00,681.0,39.5,29.55,29.63,0.0,0.0,12.0,22.0,1.0000000000000003e-05,True,REGULAR,USD,call,2026-05-19,QQQ,29.59
QQQ260519C00683000,2026-05-13 15:42:34+00:00,683.0,30.28,27.61,27.69,0.0,0.0,1.0,1.0,1.0000000000000003e-05,True,REGULAR,USD,call,2026-05-19,QQQ,27.65
QQQ260519C00684000,2026-05-15 14:11:37+00:00,684.0,26.91,26.37,26.46,2.2199993,8.991492,10.0,9.0,1.0000000000000003e-05,True,REGULAR,USD,call,2026-05-19,QQQ,26.415
QQQ260519C00685000,2026-05-13 18:37:00+00:00,685.0,32.02,25.67,25.76,0.0,0.0,10.0,275.0,1.0000000000000003e-05,True,REGULAR,USD,call,2026-05-19,QQQ,25.715000000000003
QQQ260519C00686000,2026-05-13 19:30:52+00:00,686.0,31.07,24.96,25.03,0.0,0.0,11.0,9.0,1.0000000000000003e-05,True,REGULAR,USD,call,2026-05-19,QQQ,24.995
QQQ260519C00687000,2026-05-14 14:44:02+00:00,687.0,33.55,24.02,24.09,0.0,0.0,20.0,35.0,1.0000000000000003e-05,True,REGULAR,USD,call,2026-05-19,QQQ,24.055
QQQ260519C00688000,2026-05-14 19:50:09+00:00,688.0,19.65,22.85,22.92,-13.460001,-40.652374,9.0,81.0,1.0000000000000003e-05,True,REGULAR,USD,call,2026-05-19,QQQ,22.885
QQQ260519C00689000,2026-05-15 14:10:02+00:00,689.0,21.17,21.76,21.84,5.3599997,33.902588,18.0,74.0,1.0000000000000003e-05,True,REGULAR,USD,call,2026-05-19,QQQ,21.8
QQQ260519C00690000,2026-05-15 14:58:20+00:00,690.0,21.99,20.9,20.98,-8.200001,-27.161314,46.0,323.0,1.0000000000000003e-05,True,REGULAR,USD,call,2026-05-19,QQQ,20.939999999999998
QQQ260519C00691000,2026-05-15 14:00:54+00:00,691.0,18.01,20.3,20.38,2.7800007,18.253452,6.0,65.0,1.0000000000000003e-05,True,REGULAR,USD,call,2026-05-19,QQQ,20.34
QQQ260519C00692000,2026-05-15 14:27:58+00:00,692.0,20.2,19.38,19.43,-9.33,-31.594988,6.0,135.0,1.0000000000000003e-05,True,REGULAR,USD,call,2026-05-19,QQQ,19.405
QQQ260519C00693000,2026-05-15 14:43:29+00:00,693.0,18.77,18.46,18.55,-8.09,-30.119135,13.0,47.0,1.0000000000000003e-05,True,REGULAR,USD,call,2026-05-19,QQQ,18.505000000000003
QQQ260519C00694000,2026-05-15 14:28:04+00:00,694.0,18.37,17.59,17.66,-8.599998,-31.887278,12.0,147.0,1.0000000000000003e-05,True,REGULAR,USD,call,2026-05-19,QQQ,17.625
QQQ260519C00695000,2026-05-15 14:39:38+00:00,695.0,18.4,16.71,16.78,-8.09,-30.539827,24.0,553.0,0.092782509765625,True,REGULAR,USD,call,2026-05-19,QQQ,16.745
QQQ260519C00696000,2026-05-15 14:39:59+00:00,696.0,17.01,15.61,15.69,-8.049999,-32.122902,16.0,317.0,1.0000000000000003e-05,True,REGULAR,USD,call,2026-05-19,QQQ,15.649999999999999
QQQ260519C00697000,2026-05-15 15:02:36+00:00,697.0,14.99,14.87,14.96,-7.1900005,-32.416595,31.0,317.0,0.11231356445312499,True,REGULAR,USD,call,2026-05-19,QQQ,14.915
QQQ260519C00698000,2026-05-15 15:02:36+00:00,698.0,14.17,14.21,14.28,-9.59,-40.361954,46.0,253.0,0.13208875732421876,True,REGULAR,USD,call,2026-05-19,QQQ,14.245000000000001
QQQ260519C00699000,2026-05-15 14:58:20+00:00,699.0,14.09,13.42,13.5,-10.209999,-42.016457,43.0,242.0,0.13831428100585938,True,REGULAR,USD,call,2026-05-19,QQQ,13.46
QQQ260519C00700000,2026-05-15 14:53:48+00:00,700.0,13.29,12.58,12.66,-8.660001,-39.453304,162.0,690.0,0.13916876464843753,True,REGULAR,USD,call,2026-05-19,QQQ,12.620000000000001
QQQ260519C00701000,2026-05-15 14:03:54+00:00,701.0,10.28,11.9,11.97,-10.900001,-51.463646,14.0,147.0,0.14576049560546872,True,REGULAR,USD,call,2026-05-19,QQQ,11.935
QQQ260519C00702000,2026-05-15 15:02:11+00:00,702.0,11.46,10.94,11.02,-7.8499994,-40.652508,304.0,237.0,0.13935186828613283,True,REGULAR,USD,call,2026-05-19,QQQ,10.98
QQQ260519C00703000,2026-05-15 14:50:13+00:00,703.0,10.45,10.41,10.48,-8.080001,-43.604965,66.0,289.0,0.14905636108398437,True,REGULAR,USD,call,2026-05-19,QQQ,10.445
QQQ260519C00704000,2026-05-15 14:49:08+00:00,704.0,9.64,9.69,9.76,-8.489999,-46.828457,125.0,251.0,0.14997187927246097,True,REGULAR,USD,call,2026-05-19,QQQ,9.725
QQQ260519C00705000,2026-05-15 15:00:26+00:00,705.0,9.18,8.92,8.98,-8.1,-46.875,451.0,1038.0,0.14777463562011722,True,REGULAR,USD,call,2026-05-19,QQQ,8.95
QQQ260519C00706000,2026-05-15 15:02:34+00:00,706.0,8.28,8.23,8.28,-8.72,-50.521435,468.0,266.0,0.147469462890625,True,REGULAR,USD,call,2026-05-19,QQQ,8.254999999999999
QQQ260519C00707000,2026-05-15 15:02:21+00:00,707.0,7.88,7.49,7.53,-8.55,-52.03895,911.0,165.0,0.14466187377929687,True,REGULAR,USD,call,2026-05-19,QQQ,7.51
QQQ260519C00708000,2026-05-15 15:02:33+00:00,708.0,7.07,7.07,7.11,-7.2599998,-49.76011,2295.0,241.0,0.15143670837402345,True,REGULAR,USD,call,2026-05-19,QQQ,7.09
QQQ260519C00709000,2026-05-15 15:02:34+00:00,709.0,6.44,6.48,6.53,-6.27,-49.331234,931.0,267.0,0.1519860192871094,True,REGULAR,USD,call,2026-05-19,QQQ,6.505000000000001
QQQ260519C00710000,2026-05-15 15:02:33+00:00,710.0,5.9,5.88,5.91,-7.4100003,-55.67243,1880.0,1135.0,0.15039912109375003,True,REGULAR,USD,call,2026-05-19,QQQ,5.895
QQQ260519C00711000,2026-05-15 15:02:31+00:00,711.0,5.44,5.23,5.26,-7.06,-56.48,1130.0,369.0,0.14692015197753905,True,REGULAR,USD,call,2026-05-19,QQQ,5.245
QQQ260519C00712000,2026-05-15 15:02:55+00:00,712.0,4.93,4.71,4.74,-6.48,-56.79229,1107.0,430.0,0.14649291015625,False,REGULAR,USD,call,2026-05-19,QQQ,4.725
QQQ260519C00713000,2026-05-15 15:01:59+00:00,713.0,4.56,4.41,4.44,-6.2400002,-57.77778,721.0,302.0,0.1516808465576172,False,REGULAR,USD,call,2026-05-19,QQQ,4.425000000000001
QQQ260519C00714000,2026-05-15 14:59:23+00:00,714.0,4.1,3.88,3.91,-6.32,-60.65259,472.0,331.0,0.1489342919921875,False,REGULAR,USD,call,2026-05-19,QQQ,3.895
QQQ260519C00715000,2026-05-15 15:00:57+00:00,715.0,3.62,3.55,3.58,-6.1900005,-63.09888,1160.0,833.0,0.15137567382812503,False,REGULAR,USD,call,2026-05-19,QQQ,3.565
QQQ260519C00720000,2026-05-15 15:02:32+00:00,720.0,1.95,1.89,1.92,-4.62,-70.31964,878.0,1386.0,0.14966670654296876,False,REGULAR,USD,call,2026-05-19,QQQ,1.9049999999999998
QQQ260519C00725000,2026-05-15 14:57:07+00:00,725.0,1.09,0.89,0.91,-2.9699998,-73.1527,972.0,845.0,0.14783567016601565,False,REGULAR,USD,call,2026-05-19,QQQ,0.9
QQQ260519C00730000,2026-05-15 14:53:53+00:00,730.0,0.43,0.4,0.41,-1.8699999,-81.304344,684.0,517.0,0.1489342919921875,False,REGULAR,USD,call,2026-05-19,QQQ,0.405
QQQ260519C00735000,2026-05-15 14:59:54+00:00,735.0,0.18,0.17,0.19,-0.91,-83.48624,143.0,1151.0,0.15332877929687502,False,REGULAR,USD,call,2026-05-19,QQQ,0.18
QQQ260519C00740000,2026-05-15 14:53:05+00:00,740.0,0.07,0.07,0.09,-0.43,-86.0,371.0,497.0,0.159188095703125,False,REGULAR,USD,call,2026-05-19,QQQ,0.08
QQQ260519C00745000,2026-05-15 14:16:48+00:00,745.0,0.04,0.04,0.05,-0.16999999,-80.95238,25.0,361.0,0.16846534667968754,False,REGULAR,USD,call,2026-05-19,QQQ,0.045
QQQ260519C00750000,2026-05-15 14:32:57+00:00,750.0,0.02,0.02,0.03,-0.07000001,-70.0,119.0,837.0,0.178719150390625,False,REGULAR,USD,call,2026-05-19,QQQ,0.025
QQQ260519P00545000,2026-05-08 19:11:57+00:00,545.0,0.06,0.01,0.02,0.0,0.0,114.0,116.0,0.73437765625,False,REGULAR,USD,put,2026-05-19,QQQ,0.015
QQQ260519P00550000,2026-05-12 17:22:07+00:00,550.0,0.04,0.01,0.02,0.0,0.0,4.0,1123.0,0.7187528125,False,REGULAR,USD,put,2026-05-19,QQQ,0.015
QQQ260519P00555000,2026-05-15 14:07:36+00:00,555.0,0.02,0.01,0.03,-0.05,-71.42857,1.0,2.0,0.710940390625,False,REGULAR,USD,put,2026-05-19,QQQ,0.02
QQQ260519P00565000,2026-05-12 14:53:17+00:00,565.0,0.06,0.01,0.03,0.0,0.0,5.0,57.0,0.6640658593750002,False,REGULAR,USD,put,2026-05-19,QQQ,0.02
QQQ260519P00575000,2026-05-11 19:48:29+00:00,575.0,0.08,0.02,0.03,0.0,0.0,384.0,389.0,0.6289099609375001,False,REGULAR,USD,put,2026-05-19,QQQ,0.025
QQQ260519P00585000,2026-05-13 19:21:19+00:00,585.0,0.05,0.01,0.03,0.0,0.0,20.0,168.0,0.570316796875,False,REGULAR,USD,put,2026-05-19,QQQ,0.02
QQQ260519P00590000,2026-05-13 15:30:00+00:00,590.0,0.06,0.01,0.03,0.0,0.0,16.0,503.0,0.5468795312500001,False,REGULAR,USD,put,2026-05-19,QQQ,0.02
QQQ260519P00595000,2026-05-14 13:35:26+00:00,595.0,0.03,0.02,0.04,-0.01,-25.0,10.0,386.0,0.5429733203125001,False,REGULAR,USD,put,2026-05-19,QQQ,0.03
QQQ260519P00600000,2026-05-14 20:06:44+00:00,600.0,0.04,0.02,0.04,0.0,0.0,27.0,282.0,0.5195360546875,False,REGULAR,USD,put,2026-05-19,QQQ,0.03
QQQ260519P00605000,2026-05-14 14:36:23+00:00,605.0,0.05,0.02,0.04,0.0,0.0,122.0,256.0,0.5117236328125,False,REGULAR,USD,put,2026-05-19,QQQ,0.03
QQQ260519P00610000,2026-05-14 17:35:29+00:00,610.0,0.06,0.03,0.04,0.0,0.0,25.0,167.0,0.48828636718750007,False,REGULAR,USD,put,2026-05-19,QQQ,0.035
QQQ260519P00615000,2026-05-15 14:37:26+00:00,615.0,0.05,0.04,0.05,-0.009999998,-16.666662,1.0,149.0,0.476567734375,False,REGULAR,USD,put,2026-05-19,QQQ,0.045
QQQ260519P00620000,2026-05-15 14:17:44+00:00,620.0,0.06,0.04,0.05,-0.010000002,-14.285716,11.0,296.0,0.45117736328125,False,REGULAR,USD,put,2026-05-19,QQQ,0.045
QQQ260519P00625000,2026-05-13 13:45:09+00:00,625.0,0.09,0.05,0.06,-0.029999994,-24.999994,2.0,110.0,0.437505625,False,REGULAR,USD,put,2026-05-19,QQQ,0.055
QQQ260519P00630000,2026-05-14 16:07:22+00:00,630.0,0.08,0.06,0.07,0.0,0.0,60.0,1017.0,0.41992767578125,False,REGULAR,USD,put,2026-05-19,QQQ,0.065
QQQ260519P00635000,2026-05-15 14:50:38+00:00,635.0,0.07,0.06,0.07,-0.020000003,-22.222223,32.0,607.0,0.39551385742187506,False,REGULAR,USD,put,2026-05-19,QQQ,0.065
QQQ260519P00640000,2026-05-15 13:47:24+00:00,640.0,0.11,0.07,0.08,0.030000001,37.5,11.0,1816.0,0.37695935546875,False,REGULAR,USD,put,2026-05-19,QQQ,0.07500000000000001
QQQ260519P00643000,2026-05-15 13:52:57+00:00,643.0,0.12,0.07,0.09,0.009999998,9.090907,7.0,23.0,0.36817038085937503,False,REGULAR,USD,put,2026-05-19,QQQ,0.08
QQQ260519P00644000,2026-05-12 17:33:31+00:00,644.0,0.28,0.08,0.09,0.0,0.0,6.0,66.0,0.3632876171875,False,REGULAR,USD,put,2026-05-19,QQQ,0.08499999999999999
QQQ260519P00645000,2026-05-14 18:49:39+00:00,645.0,0.12,0.08,0.09,0.029999994,33.333324,4.0,1032.0,0.358404853515625,False,REGULAR,USD,put,2026-05-19,QQQ,0.08499999999999999
QQQ260519P00647000,2026-05-15 13:34:05+00:00,647.0,0.15,0.08,0.09,0.050000004,50.000004,1.0,12.0,0.348639326171875,False,REGULAR,USD,put,2026-05-19,QQQ,0.08499999999999999
QQQ260519P00648000,2026-05-12 17:05:57+00:00,648.0,0.41,0.08,0.1,0.0,0.0,72.0,73.0,0.34766277343749996,False,REGULAR,USD,put,2026-05-19,QQQ,0.09
QQQ260519P00649000,2026-05-15 14:52:35+00:00,649.0,0.1,0.09,0.1,-0.12,-54.545456,6.0,300.0,0.34278000976562495,False,REGULAR,USD,put,2026-05-19,QQQ,0.095
QQQ260519P00650000,2026-05-15 14:52:21+00:00,650.0,0.1,0.09,0.1,-0.009999998,-9.090907,13.0,1239.0,0.33789724609375,False,REGULAR,USD,put,2026-05-19,QQQ,0.095
QQQ260519P00651000,2026-05-14 15:24:03+00:00,651.0,0.11,0.1,0.11,-0.019999996,-15.384612,2.0,42.0,0.336920693359375,False,REGULAR,USD,put,2026-05-19,QQQ,0.10500000000000001
QQQ260519P00652000,2026-05-15 14:52:27+00:00,652.0,0.11,0.09,0.11,-0.3,-73.17073,6.0,60.0,0.3320379296875,False,REGULAR,USD,put,2026-05-19,QQQ,0.1
QQQ260519P00653000,2026-05-14 19:24:45+00:00,653.0,0.11,0.1,0.11,0.009999998,11.111108,1.0,17.0,0.327155166015625,False,REGULAR,USD,put,2026-05-19,QQQ,0.10500000000000001
QQQ260519P00654000,2026-05-15 14:45:51+00:00,654.0,0.11,0.1,0.12,0.009999998,9.999997,2.0,51.0,0.32569033691406246,False,REGULAR,USD,put,2026-05-19,QQQ,0.11
QQQ260519P00655000,2026-05-15 14:47:29+00:00,655.0,0.12,0.1,0.12,0.009999998,9.090907,18.0,320.0,0.32031929687499994,False,REGULAR,USD,put,2026-05-19,QQQ,0.11
QQQ260519P00656000,2026-05-15 14:45:27+00:00,656.0,0.12,0.11,0.12,0.009999998,9.090907,15.0,156.0,0.3154365332031249,False,REGULAR,USD,put,2026-05-19,QQQ,0.11499999999999999
QQQ260519P00657000,2026-05-14 19:44:14+00:00,657.0,0.12,0.11,0.12,0.019999996,19.999994,2.0,326.0,0.31055376953124997,False,REGULAR,USD,put,2026-05-19,QQQ,0.11499999999999999
QQQ260519P00658000,2026-05-15 14:50:25+00:00,658.0,0.13,0.12,0.13,0.009999998,8.333331,63.0,110.0,0.3086006640625,False,REGULAR,USD,put,2026-05-19,QQQ,0.125
QQQ260519P00659000,2026-05-15 14:46:45+00:00,659.0,0.13,0.11,0.13,0.0,0.0,5.0,269.0,0.30322962402343745,False,REGULAR,USD,put,2026-05-19,QQQ,0.12
QQQ260519P00660000,2026-05-15 14:47:42+00:00,660.0,0.14,0.12,0.14,0.030000001,27.272728,135.0,894.0,0.3012765185546875,False,REGULAR,USD,put,2026-05-19,QQQ,0.13
QQQ260519P00661000,2026-05-15 14:10:21+00:00,661.0,0.18,0.13,0.14,0.050000012,38.461548,20.0,37.0,0.295905478515625,False,REGULAR,USD,put,2026-05-19,QQQ,0.135
QQQ260519P00662000,2026-05-15 14:50:22+00:00,662.0,0.15,0.13,0.15,-0.030000001,-16.666666,15.0,108.0,0.29395237304687494,False,REGULAR,USD,put,2026-05-19,QQQ,0.14
QQQ260519P00663000,2026-05-15 14:51:17+00:00,663.0,0.16,0.14,0.16,0.030000001,23.076923,67.0,132.0,0.2915109912109374,False,REGULAR,USD,put,2026-05-19,QQQ,0.15000000000000002
QQQ260519P00664000,2026-05-15 14:52:01+00:00,664.0,0.17,0.14,0.16,0.040000007,30.769236,12.0,475.0,0.28613995117187496,False,REGULAR,USD,put,2026-05-19,QQQ,0.15000000000000002
QQQ260519P00665000,2026-05-15 14:51:04+00:00,665.0,0.17,0.16,0.17,0.030000001,21.428572,60.0,572.0,0.28321029296874994,False,REGULAR,USD,put,2026-05-19,QQQ,0.165
QQQ260519P00666000,2026-05-15 14:45:36+00:00,666.0,0.17,0.17,0.18,-0.03999999,-19.047615,14.0,232.0,0.2802806347656249,False,REGULAR,USD,put,2026-05-19,QQQ,0.175
QQQ260519P00667000,2026-05-15 14:54:59+00:00,667.0,0.18,0.18,0.2,-0.019999996,-9.999997,66.0,165.0,0.2797923583984374,False,REGULAR,USD,put,2026-05-19,QQQ,0.19
QQQ260519P00668000,2026-05-15 13:59:51+00:00,668.0,0.3,0.18,0.19,0.060000017,25.000008,27.0,304.0,0.27197993652343744,False,REGULAR,USD,put,2026-05-19,QQQ,0.185
QQQ260519P00669000,2026-05-15 14:54:58+00:00,669.0,0.2,0.21,0.22,0.040000007,25.000004,57.0,63.0,0.27295648925781246,False,REGULAR,USD,put,2026-05-19,QQQ,0.215
QQQ260519P00670000,2026-05-15 14:55:14+00:00,670.0,0.2,0.22,0.23,0.040000007,25.000004,78.0,924.0,0.26929441650390623,False,REGULAR,USD,put,2026-05-19,QQQ,0.225
QQQ260519P00671000,2026-05-15 14:30:54+00:00,671.0,0.26,0.22,0.24,0.07999998,44.44443,39.0,51.0,0.26563234375,False,REGULAR,USD,put,2026-05-19,QQQ,0.22999999999999998
QQQ260519P00672000,2026-05-15 14:18:52+00:00,672.0,0.26,0.25,0.27,0.03999999,18.181814,211.0,80.0,0.26538820556640624,False,REGULAR,USD,put,2026-05-19,QQQ,0.26
QQQ260519P00673000,2026-05-15 14:11:48+00:00,673.0,0.33,0.27,0.29,0.13000001,65.0,89.0,68.0,0.2629468237304688,False,REGULAR,USD,put,2026-05-19,QQQ,0.28
QQQ260519P00674000,2026-05-15 14:10:58+00:00,674.0,0.37,0.28,0.29,0.17,85.0,89.0,192.0,0.25708750732421876,False,REGULAR,USD,put,2026-05-19,QQQ,0.28500000000000003
QQQ260519P00675000,2026-05-15 14:48:44+00:00,675.0,0.3,0.29,0.31,0.110000014,57.89475,286.0,499.0,0.25440198730468755,False,REGULAR,USD,put,2026-05-19,QQQ,0.3
QQQ260519P00676000,2026-05-15 14:46:25+00:00,676.0,0.32,0.31,0.33,0.11,52.380955,35.0,85.0,0.2514723291015625,False,REGULAR,USD,put,2026-05-19,QQQ,0.32
QQQ260519P00677000,2026-05-15 14:10:58+00:00,677.0,0.38,0.36,0.37,0.109999985,40.74073,159.0,143.0,0.25098405273437496,False,REGULAR,USD,put,2026-05-19,QQQ,0.365
QQQ260519P00678000,2026-05-15 14:29:38+00:00,678.0,0.46,0.4,0.41,0.050000012,12.195125,77.0,263.0,0.2500075,False,REGULAR,USD,put,2026-05-19,QQQ,0.405
QQQ260519P00679000,2026-05-15 14:22:15+00:00,679.0,0.41,0.43,0.45,-0.02000001,-4.651165,58.0,190.0,0.2485426708984375,False,REGULAR,USD,put,2026-05-19,QQQ,0.44
QQQ260519P00680000,2026-05-15 14:54:22+00:00,680.0,0.45,0.46,0.48,0.21,87.5,375.0,1907.0,0.2456130126953125,False,REGULAR,USD,put,2026-05-19,QQQ,0.47
QQQ260519P00681000,2026-05-15 15:01:18+00:00,681.0,0.46,0.47,0.49,0.09,24.324324,303.0,192.0,0.24048611083984373,False,REGULAR,USD,put,2026-05-19,QQQ,0.48
QQQ260519P00682000,2026-05-15 15:01:18+00:00,682.0,0.5,0.52,0.53,0.18,56.25,364.0,196.0,0.2381667980957031,False,REGULAR,USD,put,2026-05-19,QQQ,0.525
QQQ260519P00683000,2026-05-15 14:05:58+00:00,683.0,0.56,0.57,0.59,0.27,93.103455,45.0,310.0,0.23743438354492186,False,REGULAR,USD,put,2026-05-19,QQQ,0.58
QQQ260519P00684000,2026-05-15 14:58:32+00:00,684.0,0.6,0.63,0.65,0.24000001,66.666664,103.0,357.0,0.2362136926269531,False,REGULAR,USD,put,2026-05-19,QQQ,0.64
QQQ260519P00685000,2026-05-15 14:42:48+00:00,685.0,0.61,0.71,0.72,0.28,84.84848,194.0,892.0,0.23535920898437498,False,REGULAR,USD,put,2026-05-19,QQQ,0.715
QQQ260519P00686000,2026-05-15 14:24:42+00:00,686.0,0.76,0.73,0.74,0.35,85.36585,56.0,243.0,0.23011023803710937,False,REGULAR,USD,put,2026-05-19,QQQ,0.735
QQQ260519P00687000,2026-05-15 14:47:57+00:00,687.0,0.78,0.8,0.82,0.34999996,81.39534,85.0,363.0,0.2291336853027344,False,REGULAR,USD,put,2026-05-19,QQQ,0.81
QQQ260519P00688000,2026-05-15 14:45:46+00:00,688.0,0.86,0.92,0.95,0.37,75.5102,71.0,287.0,0.23120885986328127,False,REGULAR,USD,put,2026-05-19,QQQ,0.935
QQQ260519P00689000,2026-05-15 15:03:03+00:00,689.0,1.01,1.0,1.03,0.51,102.0,168.0,430.0,0.2291336853027344,False,REGULAR,USD,put,2026-05-19,QQQ,1.0150000000000001
QQQ260519P00690000,2026-05-15 15:02:09+00:00,690.0,1.03,1.08,1.1,0.46999997,83.928566,989.0,1248.0,0.2260819580078125,False,REGULAR,USD,put,2026-05-19,QQQ,1.09
QQQ260519P00691000,2026-05-15 15:01:57+00:00,691.0,1.12,1.16,1.18,0.55,96.49123,156.0,443.0,0.22327436889648436,False,REGULAR,USD,put,2026-05-19,QQQ,1.17
QQQ260519P00692000,2026-05-15 14:54:24+00:00,692.0,1.23,1.24,1.27,0.64000005,108.474594,435.0,221.0,0.2205888488769531,False,REGULAR,USD,put,2026-05-19,QQQ,1.255
QQQ260519P00693000,2026-05-15 15:01:43+00:00,693.0,1.29,1.35,1.37,0.65,101.5625,1043.0,432.0,0.2181474670410156,False,REGULAR,USD,put,2026-05-19,QQQ,1.36
QQQ260519P00694000,2026-05-15 15:03:02+00:00,694.0,1.54,1.54,1.56,0.9,140.625,238.0,551.0,0.21973436523437498,False,REGULAR,USD,put,2026-05-19,QQQ,1.55
QQQ260519P00695000,2026-05-15 15:03:02+00:00,695.0,1.68,1.69,1.71,0.92999995,123.99999,1951.0,761.0,0.2186357434082031,False,REGULAR,USD,put,2026-05-19,QQQ,1.7
QQQ260519P00696000,2026-05-15 14:58:09+00:00,696.0,1.66,1.76,1.78,0.88,112.82052,274.0,518.0,0.2133867724609375,False,REGULAR,USD,put,2026-05-19,QQQ,1.77
QQQ260519P00697000,2026-05-15 14:58:08+00:00,697.0,1.77,1.89,1.91,0.93,110.71429,1236.0,487.0,0.2104571142578125,False,REGULAR,USD,put,2026-05-19,QQQ,1.9
QQQ260519P00698000,2026-05-15 15:02:25+00:00,698.0,2.11,2.16,2.18,1.1199999,113.131294,400.0,385.0,0.21302056518554688,False,REGULAR,USD,put,2026-05-19,QQQ,2.17
QQQ260519P00699000,2026-05-15 15:00:09+00:00,699.0,2.25,2.38,2.4,1.26,127.27273,330.0,512.0,0.21265435791015624,False,REGULAR,USD,put,2026-05-19,QQQ,2.3899999999999997
QQQ260519P00700000,2026-05-15 15:02:48+00:00,700.0,2.54,2.61,2.63,1.4599999,135.18517,1180.0,870.0,0.21198297790527343,False,REGULAR,USD,put,2026-05-19,QQQ,2.62
QQQ260519P00701000,2026-05-15 15:02:51+00:00,701.0,2.76,2.76,2.79,1.54,126.22951,283.0,324.0,0.20813780151367184,False,REGULAR,USD,put,2026-05-19,QQQ,2.775
QQQ260519P00702000,2026-05-15 15:00:45+00:00,702.0,2.87,2.97,3.01,1.5899999,124.21874,478.0,372.0,0.20600159240722654,False,REGULAR,USD,put,2026-05-19,QQQ,2.99
QQQ260519P00703000,2026-05-15 14:58:32+00:00,703.0,3.08,3.36,3.39,1.6899999,121.58273,634.0,1148.0,0.20880918151855465,False,REGULAR,USD,put,2026-05-19,QQQ,3.375
QQQ260519P00704000,2026-05-15 15:02:21+00:00,704.0,3.45,3.61,3.64,1.9200001,125.4902,528.0,311.0,0.20642883422851557,False,REGULAR,USD,put,2026-05-19,QQQ,3.625
QQQ260519P00705000,2026-05-15 15:01:57+00:00,705.0,3.72,4.0,4.03,2.0500002,122.75451,1070.0,1127.0,0.20807676696777339,False,REGULAR,USD,put,2026-05-19,QQQ,4.015000000000001
QQQ260519P00706000,2026-05-15 15:02:22+00:00,706.0,4.11,4.27,4.3,2.3400002,132.2034,815.0,270.0,0.20508607421874997,False,REGULAR,USD,put,2026-05-19,QQQ,4.285
QQQ260519P00707000,2026-05-15 15:01:57+00:00,707.0,4.37,4.65,4.69,2.3999999,121.8274,965.0,927.0,0.20526917785644527,False,REGULAR,USD,put,2026-05-19,QQQ,4.67
QQQ260519P00708000,2026-05-15 15:02:00+00:00,708.0,4.76,5.05,5.08,2.6500003,125.59244,3332.0,632.0,0.20478090148925776,False,REGULAR,USD,put,2026-05-19,QQQ,5.0649999999999995
QQQ260519P00709000,2026-05-15 15:01:09+00:00,709.0,5.09,5.42,5.45,2.64,107.7551,814.0,288.0,0.20294986511230467,False,REGULAR,USD,put,2026-05-19,QQQ,5.4350000000000005
QQQ260519P00710000,2026-05-15 15:03:06+00:00,710.0,5.89,5.94,5.98,3.33,130.07812,4061.0,1815.0,0.20533021240234373,False,REGULAR,USD,put,2026-05-19,QQQ,5.960000000000001
QQQ260519P00711000,2026-05-15 15:02:33+00:00,711.0,6.25,6.36,6.4,3.48,125.63177,729.0,798.0,0.2036212451171875,False,REGULAR,USD,put,2026-05-19,QQQ,6.380000000000001
QQQ260519P00712000,2026-05-15 15:01:40+00:00,712.0,6.32,6.88,6.93,3.2900002,108.58087,301.0,826.0,0.20459779785156246,True,REGULAR,USD,put,2026-05-19,QQQ,6.904999999999999
QQQ260519P00713000,2026-05-15 15:01:18+00:00,713.0,6.9,7.25,7.3,3.52,104.142006,339.0,775.0,0.19995917236328126,True,REGULAR,USD,put,2026-05-19,QQQ,7.275
QQQ260519P00714000,2026-05-15 15:02:21+00:00,714.0,7.62,7.79,7.86,3.86,102.65958,170.0,245.0,0.2003864141845703,True,REGULAR,USD,put,2026-05-19,QQQ,7.825
QQQ260519P00715000,2026-05-15 15:01:40+00:00,715.0,7.91,8.34,8.41,3.9999998,102.30178,612.0,2031.0,0.19977606872558595,True,REGULAR,USD,put,2026-05-19,QQQ,8.375
QQQ260519P00720000,2026-05-15 15:01:18+00:00,720.0,11.29,11.99,12.06,5.59,98.070175,239.0,1012.0,0.2150347052001953,True,REGULAR,USD,put,2026-05-19,QQQ,12.025
QQQ260519P00725000,2026-05-15 14:19:13+00:00,725.0,15.72,15.77,15.85,7.42,89.39759,112.0,314.0,0.22089402160644528,True,REGULAR,USD,put,2026-05-19,QQQ,15.809999999999999
QQQ260519P00730000,2026-05-15 14:13:44+00:00,730.0,20.08,19.79,20.28,7.9799995,65.95041,3.0,22.0,0.23975369628906246,True,REGULAR,USD,put,2026-05-19,QQQ,20.035
QQQ260520C00585000,2026-05-08 16:23:55+00:00,585.0,123.6,124.08,127.36,0.0,0.0,,2.0,0.782228740234375,True,REGULAR,USD,call,2026-05-20,QQQ,125.72
QQQ260520C00625000,2026-05-15 14:54:24+00:00,625.0,85.19,84.11,87.44,-10.540001,-11.010134,10.0,7.0,0.5649457568359376,True,REGULAR,USD,call,2026-05-20,QQQ,85.775
QQQ260520C00635000,2026-05-14 19:28:20+00:00,635.0,85.84,74.14,77.72,0.0,0.0,1.0,4.0,0.5415084912109377,True,REGULAR,USD,call,2026-05-20,QQQ,75.93
QQQ260520C00640000,2026-05-15 14:42:10+00:00,640.0,72.12,69.0,72.3,-8.329994,-10.35425,1.0,2.0,0.45898978515625005,True,REGULAR,USD,call,2026-05-20,QQQ,70.65
QQQ260520C00645000,2026-05-11 19:11:22+00:00,645.0,68.96,64.01,67.66,0.0,0.0,37.0,38.0,0.47473669799804685,True,REGULAR,USD,call,2026-05-20,QQQ,65.83500000000001
QQQ260520C00654000,2026-05-14 19:25:47+00:00,654.0,66.91,55.24,58.49,0.0,0.0,20.0,24.0,0.4028380029296875,True,REGULAR,USD,call,2026-05-20,QQQ,56.865
QQQ260520C00655000,2026-05-12 19:46:54+00:00,655.0,51.68,54.18,57.65,0.0,0.0,2.0,22.0,0.41358008300781246,True,REGULAR,USD,call,2026-05-20,QQQ,55.915
QQQ260520C00657000,2026-05-08 19:53:39+00:00,657.0,55.35,51.72,54.96,0.0,0.0,,2.0,0.3090889404296875,True,REGULAR,USD,call,2026-05-20,QQQ,53.34
QQQ260520C00660000,2026-05-13 14:09:20+00:00,660.0,47.44,49.31,52.4,0.0,0.0,7.0,11.0,0.35816071533203125,True,REGULAR,USD,call,2026-05-20,QQQ,50.855000000000004
QQQ260520C00662000,2026-05-07 19:52:23+00:00,662.0,35.46,47.34,50.72,0.0,0.0,,1.0,0.37744763183593744,True,REGULAR,USD,call,2026-05-20,QQQ,49.03
QQQ260520C00664000,2026-05-13 14:49:55+00:00,664.0,47.0,45.37,48.76,0.0,0.0,2.0,2.0,0.3684145190429688,True,REGULAR,USD,call,2026-05-20,QQQ,47.065
QQQ260520C00665000,2026-05-13 20:12:27+00:00,665.0,51.25,43.94,47.13,0.0,0.0,20.0,20.0,0.29688203124999996,True,REGULAR,USD,call,2026-05-20,QQQ,45.535
QQQ260520C00670000,2026-05-13 16:16:22+00:00,670.0,43.51,39.65,42.3,0.0,0.0,14.0,193.0,0.28967995483398434,True,REGULAR,USD,call,2026-05-20,QQQ,40.974999999999994
QQQ260520C00675000,2026-05-13 13:55:18+00:00,675.0,35.1,35.78,35.88,0.0,0.0,1.0,7.0,1.0000000000000003e-05,True,REGULAR,USD,call,2026-05-20,QQQ,35.83
QQQ260520C00676000,2026-05-15 13:30:03+00:00,676.0,35.43,34.55,34.65,-3.4500008,-8.873458,1.0,1.0,1.0000000000000003e-05,True,REGULAR,USD,call,2026-05-20,QQQ,34.599999999999994
QQQ260520C00677000,2026-05-14 16:55:51+00:00,677.0,44.57,33.89,33.98,0.0,0.0,2.0,6.0,1.0000000000000003e-05,True,REGULAR,USD,call,2026-05-20,QQQ,33.935
QQQ260520C00678000,2026-05-12 17:17:08+00:00,678.0,25.08,32.9,32.98,0.0,0.0,6.0,6.0,1.0000000000000003e-05,True,REGULAR,USD,call,2026-05-20,QQQ,32.94
QQQ260520C00680000,2026-05-15 13:57:52+00:00,680.0,30.13,31.2,31.29,-11.250002,-27.187052,6.0,67.0,1.0000000000000003e-05,True,REGULAR,USD,call,2026-05-20,QQQ,31.244999999999997
QQQ260520C00682000,2026-05-15 14:40:47+00:00,682.0,30.88,29.29,29.35,-9.200003,-22.954098,6.0,23.0,1.0000000000000003e-05,True,REGULAR,USD,call,2026-05-20,QQQ,29.32
QQQ260520C00684000,2026-05-14 16:34:03+00:00,684.0,37.31,27.36,27.45,0.0,0.0,1.0,1.0,1.0000000000000003e-05,True,REGULAR,USD,call,2026-05-20,QQQ,27.405
QQQ260520C00685000,2026-05-15 13:47:25+00:00,685.0,23.4,26.82,26.91,-14.15,-37.68309,3.0,151.0,0.15943223388671873,True,REGULAR,USD,call,2026-05-20,QQQ,26.865000000000002
QQQ260520C00690000,2026-05-15 14:15:11+00:00,690.0,23.03,22.02,22.12,-6.459999,-21.905727,20.0,533.0,0.157234990234375,True,REGULAR,USD,call,2026-05-20,QQQ,22.07
QQQ260520C00692000,2026-05-12 19:20:18+00:00,692.0,17.04,20.36,20.46,0.0,0.0,2.0,30.0,0.17054052124023442,True,REGULAR,USD,call,2026-05-20,QQQ,20.41
QQQ260520C00693000,2026-05-15 13:34:34+00:00,693.0,18.76,19.37,19.47,-9.869999,-34.474323,4.0,11.0,0.16468120483398438,True,REGULAR,USD,call,2026-05-20,QQQ,19.42
QQQ260520C00694000,2026-05-11 15:45:44+00:00,694.0,23.61,18.69,18.78,0.0,0.0,1.0,158.0,0.1754843194580078,True,REGULAR,USD,call,2026-05-20,QQQ,18.735
QQQ260520C00695000,2026-05-15 14:56:34+00:00,695.0,18.68,17.8,17.89,-7.4799995,-28.59327,43.0,153.0,0.1739584558105469,True,REGULAR,USD,call,2026-05-20,QQQ,17.845
QQQ260520C00696000,2026-05-14 19:31:28+00:00,696.0,26.28,16.73,16.83,0.0,0.0,5.0,199.0,0.16394879028320314,True,REGULAR,USD,call,2026-05-20,QQQ,16.78
QQQ260520C00697000,2026-05-13 19:56:58+00:00,697.0,21.04,16.19,16.28,0.0,0.0,158.0,252.0,0.17688811401367188,True,REGULAR,USD,call,2026-05-20,QQQ,16.235
QQQ260520C00698000,2026-05-14 15:42:54+00:00,698.0,25.6,15.24,15.33,0.0,0.0,4.0,86.0,0.17127293579101563,True,REGULAR,USD,call,2026-05-20,QQQ,15.285
QQQ260520C00699000,2026-05-13 14:18:56+00:00,699.0,13.96,14.47,14.56,0.0,0.0,7.0,566.0,0.17243259216308598,True,REGULAR,USD,call,2026-05-20,QQQ,14.515
QQQ260520C00700000,2026-05-15 14:26:42+00:00,700.0,14.88,13.75,13.82,-7.55,-33.660275,148.0,228.0,0.17389742126464847,True,REGULAR,USD,call,2026-05-20,QQQ,13.785
QQQ260520C00701000,2026-05-14 19:58:03+00:00,701.0,12.54,13.18,13.26,-8.78,-41.181988,2.0,68.0,0.18079432495117187,True,REGULAR,USD,call,2026-05-20,QQQ,13.219999999999999
QQQ260520C00702000,2026-05-15 14:28:03+00:00,702.0,13.18,12.25,12.33,-2.2199993,-14.415581,9.0,221.0,0.17414155944824222,True,REGULAR,USD,call,2026-05-20,QQQ,12.29
QQQ260520C00703000,2026-05-15 14:39:40+00:00,703.0,12.97,11.56,11.63,-7.839999,-37.674194,31.0,149.0,0.17469087036132813,True,REGULAR,USD,call,2026-05-20,QQQ,11.595
QQQ260520C00704000,2026-05-15 14:34:09+00:00,704.0,11.91,10.95,11.01,-6.9400005,-36.81698,73.0,355.0,0.17701018310546873,True,REGULAR,USD,call,2026-05-20,QQQ,10.98
QQQ260520C00705000,2026-05-15 14:52:57+00:00,705.0,10.84,10.51,10.56,-7.59,-41.182854,748.0,844.0,0.18360191406249998,True,REGULAR,USD,call,2026-05-20,QQQ,10.535
QQQ260520C00706000,2026-05-15 14:54:34+00:00,706.0,10.11,9.63,9.68,-8.61,-45.993587,177.0,84.0,0.17664397583007813,True,REGULAR,USD,call,2026-05-20,QQQ,9.655000000000001
QQQ260520C00707000,2026-05-15 15:01:59+00:00,707.0,9.43,8.97,9.01,-7.59,-44.594593,487.0,212.0,0.1753012158203125,True,REGULAR,USD,call,2026-05-20,QQQ,8.99
QQQ260520C00708000,2026-05-15 14:58:02+00:00,708.0,9.16,8.46,8.49,-7.0300007,-43.421867,693.0,91.0,0.1775594940185547,True,REGULAR,USD,call,2026-05-20,QQQ,8.475000000000001
QQQ260520C00709000,2026-05-15 15:02:58+00:00,709.0,8.01,7.87,7.89,-7.2199993,-47.406433,613.0,493.0,0.17688811401367188,True,REGULAR,USD,call,2026-05-20,QQQ,7.88
QQQ260520C00710000,2026-05-15 15:02:11+00:00,710.0,7.71,7.43,7.47,-6.5299997,-45.856743,1869.0,579.0,0.1804891522216797,True,REGULAR,USD,call,2026-05-20,QQQ,7.449999999999999
QQQ260520C00711000,2026-05-15 15:00:57+00:00,711.0,7.03,6.9,6.95,-6.57,-48.308823,421.0,236.0,0.1806417385864258,True,REGULAR,USD,call,2026-05-20,QQQ,6.925000000000001
QQQ260520C00712000,2026-05-15 15:03:02+00:00,712.0,6.36,6.31,6.36,-6.9500003,-51.06539,578.0,238.0,0.1782308740234375,False,REGULAR,USD,call,2026-05-20,QQQ,6.335
QQQ260520C00713000,2026-05-15 14:59:36+00:00,713.0,5.97,5.77,5.82,-6.28,-51.265305,916.0,303.0,0.17646087219238282,False,REGULAR,USD,call,2026-05-20,QQQ,5.795
QQQ260520C00714000,2026-05-15 15:02:12+00:00,714.0,5.67,5.57,5.61,-6.1000004,-51.826683,193.0,274.0,0.18317467224121092,False,REGULAR,USD,call,2026-05-20,QQQ,5.59
QQQ260520C00715000,2026-05-15 15:02:34+00:00,715.0,5.0,5.07,5.1,-6.3,-55.752213,1130.0,674.0,0.18091639404296872,False,REGULAR,USD,call,2026-05-20,QQQ,5.085
QQQ260520C00720000,2026-05-15 15:02:34+00:00,720.0,3.14,3.11,3.14,-4.8599997,-60.749996,952.0,1305.0,0.17603363037109376,False,REGULAR,USD,call,2026-05-20,QQQ,3.125
QQQ260520C00725000,2026-05-15 14:52:08+00:00,725.0,1.79,1.86,1.88,-3.69,-67.33577,226.0,2674.0,0.17572845764160155,False,REGULAR,USD,call,2026-05-20,QQQ,1.87
QQQ260520C00730000,2026-05-15 15:00:58+00:00,730.0,1.05,1.05,1.06,-2.53,-70.670395,569.0,857.0,0.17566742309570313,False,REGULAR,USD,call,2026-05-20,QQQ,1.0550000000000002
QQQ260520C00735000,2026-05-15 14:51:06+00:00,735.0,0.54,0.53,0.54,-1.4100001,-72.3077,92.0,1004.0,0.17408052490234377,False,REGULAR,USD,call,2026-05-20,QQQ,0.535
QQQ260520C00740000,2026-05-15 14:59:12+00:00,740.0,0.29,0.26,0.27,-0.7900001,-73.148155,2648.0,633.0,0.17456880126953128,False,REGULAR,USD,call,2026-05-20,QQQ,0.265
QQQ260520C00745000,2026-05-15 14:20:57+00:00,745.0,0.14,0.14,0.15,-0.49,-77.77778,104.0,209.0,0.179695703125,False,REGULAR,USD,call,2026-05-20,QQQ,0.14500000000000002
QQQ260520C00750000,2026-05-15 14:34:19+00:00,750.0,0.09,0.07,0.08,-0.22,-70.96774,49.0,1162.0,0.1840901904296875,False,REGULAR,USD,call,2026-05-20,QQQ,0.07500000000000001
QQQ260520P00570000,2026-05-13 14:36:27+00:00,570.0,0.05,0.01,0.06,0.0,0.0,5.0,108.0,0.6132851171875001,False,REGULAR,USD,put,2026-05-20,QQQ,0.034999999999999996
QQQ260520P00585000,2026-05-14 17:31:24+00:00,585.0,0.05,0.03,0.04,0.0,0.0,4.0,3.0,0.5468795312500001,False,REGULAR,USD,put,2026-05-20,QQQ,0.035
QQQ260520P00595000,2026-05-15 13:49:11+00:00,595.0,0.06,0.03,0.05,-0.11,-64.70588,4.0,10.0,0.5117236328125,False,REGULAR,USD,put,2026-05-20,QQQ,0.04
QQQ260520P00600000,2026-05-14 17:21:08+00:00,600.0,0.07,0.04,0.06,0.0,0.0,5.0,20.0,0.500005,False,REGULAR,USD,put,2026-05-20,QQQ,0.05
QQQ260520P00605000,2026-05-15 13:30:02+00:00,605.0,0.06,0.05,0.06,-0.010000002,-14.285716,2.0,58.0,0.48828636718750007,False,REGULAR,USD,put,2026-05-20,QQQ,0.055
QQQ260520P00610000,2026-05-14 15:49:42+00:00,610.0,0.07,0.05,0.07,0.0,0.0,18.0,67.0,0.4726615234375,False,REGULAR,USD,put,2026-05-20,QQQ,0.060000000000000005
QQQ260520P00615000,2026-05-13 13:30:00+00:00,615.0,0.11,0.06,0.07,0.0,0.0,1.0,52.0,0.45117736328125,False,REGULAR,USD,put,2026-05-20,QQQ,0.065
QQQ260520P00620000,2026-05-15 14:16:55+00:00,620.0,0.09,0.07,0.09,0.010000005,12.500007,31.0,148.0,0.44043528320312497,False,REGULAR,USD,put,2026-05-20,QQQ,0.08
QQQ260520P00625000,2026-05-15 13:48:53+00:00,625.0,0.11,0.08,0.1,0.019999996,22.222216,2.0,14.0,0.422857333984375,False,REGULAR,USD,put,2026-05-20,QQQ,0.09
QQQ260520P00630000,2026-05-15 14:00:33+00:00,630.0,0.12,0.09,0.1,0.009999998,9.090907,21.0,68.0,0.40039662109375,False,REGULAR,USD,put,2026-05-20,QQQ,0.095
QQQ260520P00635000,2026-05-15 13:40:37+00:00,635.0,0.15,0.1,0.12,0.040000007,36.36364,6.0,1428.0,0.3857483300781249,False,REGULAR,USD,put,2026-05-20,QQQ,0.11
QQQ260520P00640000,2026-05-15 13:44:22+00:00,640.0,0.15,0.11,0.12,0.0,0.0,9.0,161.0,0.362311064453125,False,REGULAR,USD,put,2026-05-20,QQQ,0.11499999999999999
QQQ260520P00643000,2026-05-15 13:31:17+00:00,643.0,0.16,0.12,0.14,-0.040000007,-20.000002,15.0,31.0,0.35596347167968745,False,REGULAR,USD,put,2026-05-20,QQQ,0.13
QQQ260520P00644000,2026-05-13 15:30:14+00:00,644.0,0.23,0.13,0.14,-0.049999997,-17.857141,5.0,23.0,0.35108070800781244,False,REGULAR,USD,put,2026-05-20,QQQ,0.135
QQQ260520P00645000,2026-05-14 13:38:35+00:00,645.0,0.22,0.13,0.14,0.049999997,29.411762,2.0,34.0,0.34668622070312494,False,REGULAR,USD,put,2026-05-20,QQQ,0.135
QQQ260520P00647000,2026-05-15 13:30:01+00:00,647.0,0.24,0.14,0.15,0.059999987,33.333324,13.0,3.0,0.3398503515625,False,REGULAR,USD,put,2026-05-20,QQQ,0.14500000000000002
QQQ260520P00648000,2026-05-13 14:04:29+00:00,648.0,0.35,0.14,0.16,0.0,0.0,7.0,11.0,0.33838552246093745,False,REGULAR,USD,put,2026-05-20,QQQ,0.15000000000000002
QQQ260520P00650000,2026-05-15 13:40:28+00:00,650.0,0.24,0.16,0.17,0.099999994,71.428566,111.0,187.0,0.3315496533203125,False,REGULAR,USD,put,2026-05-20,QQQ,0.165
QQQ260520P00652000,2026-05-15 13:48:02+00:00,652.0,0.26,0.18,0.19,0.06999999,36.842102,22.0,15.0,0.327155166015625,False,REGULAR,USD,put,2026-05-20,QQQ,0.185
QQQ260520P00653000,2026-05-14 17:14:43+00:00,653.0,0.2,0.18,0.19,0.0,0.0,5.0,26.0,0.32227240234374993,False,REGULAR,USD,put,2026-05-20,QQQ,0.185
QQQ260520P00654000,2026-05-15 14:40:26+00:00,654.0,0.19,0.2,0.21,-0.049999997,-20.833332,2.0,3.0,0.32227240234374993,False,REGULAR,USD,put,2026-05-20,QQQ,0.20500000000000002
QQQ260520P00655000,2026-05-15 14:41:17+00:00,655.0,0.19,0.21,0.22,-0.019999996,-9.523808,106.0,124.0,0.3193427441406249,False,REGULAR,USD,put,2026-05-20,QQQ,0.215
QQQ260520P00656000,2026-05-15 14:52:50+00:00,656.0,0.23,0.21,0.22,-0.00999999,-4.1666627,1007.0,11.0,0.31445998046874996,False,REGULAR,USD,put,2026-05-20,QQQ,0.215
QQQ260520P00658000,2026-05-13 18:57:56+00:00,658.0,0.35,0.24,0.25,0.0,0.0,12.0,14.0,0.31055376953124997,False,REGULAR,USD,put,2026-05-20,QQQ,0.245
QQQ260520P00659000,2026-05-15 14:36:24+00:00,659.0,0.26,0.23,0.25,-0.07000002,-21.212128,2.0,767.0,0.305671005859375,False,REGULAR,USD,put,2026-05-20,QQQ,0.24
QQQ260520P00660000,2026-05-15 15:01:27+00:00,660.0,0.25,0.25,0.27,0.08,47.058823,3100.0,531.0,0.3042061767578125,False,REGULAR,USD,put,2026-05-20,QQQ,0.26
QQQ260520P00661000,2026-05-15 15:02:37+00:00,661.0,0.29,0.29,0.3,0.0,0.0,1.0,113.0,0.30445031494140623,False,REGULAR,USD,put,2026-05-20,QQQ,0.295
QQQ260520P00662000,2026-05-15 14:00:40+00:00,662.0,0.45,0.29,0.3,0.21,87.5,7.0,413.0,0.29932341308593746,False,REGULAR,USD,put,2026-05-20,QQQ,0.295
QQQ260520P00663000,2026-05-15 14:45:38+00:00,663.0,0.3,0.3,0.32,0.04000002,15.384624,5.0,113.0,0.2973703076171874,False,REGULAR,USD,put,2026-05-20,QQQ,0.31
QQQ260520P00664000,2026-05-15 14:46:25+00:00,664.0,0.32,0.32,0.33,0.01999998,6.66666,35.0,49.0,0.2934640966796874,False,REGULAR,USD,put,2026-05-20,QQQ,0.325
QQQ260520P00665000,2026-05-15 13:50:22+00:00,665.0,0.49,0.34,0.35,0.27,122.72728,4.0,561.0,0.2912668530273437,False,REGULAR,USD,put,2026-05-20,QQQ,0.345
QQQ260520P00666000,2026-05-15 14:53:38+00:00,666.0,0.36,0.36,0.37,0.13000001,56.521744,20.0,50.0,0.28882547119140617,False,REGULAR,USD,put,2026-05-20,QQQ,0.365
QQQ260520P00667000,2026-05-15 13:59:02+00:00,667.0,0.58,0.4,0.42,0.26999998,87.09676,5.0,102.0,0.2902903002929687,False,REGULAR,USD,put,2026-05-20,QQQ,0.41000000000000003
QQQ260520P00668000,2026-05-14 16:39:13+00:00,668.0,0.62,0.41,0.42,0.29,87.878784,2.0,84.0,0.2846751220703124,False,REGULAR,USD,put,2026-05-20,QQQ,0.415
QQQ260520P00669000,2026-05-15 14:25:25+00:00,669.0,0.4,0.45,0.47,0.14000002,53.846165,28.0,59.0,0.2854075366210937,False,REGULAR,USD,put,2026-05-20,QQQ,0.45999999999999996
QQQ260520P00670000,2026-05-15 14:44:37+00:00,670.0,0.44,0.46,0.47,0.19,76.0,66.0,444.0,0.2797923583984374,False,REGULAR,USD,put,2026-05-20,QQQ,0.46499999999999997
QQQ260520P00671000,2026-05-15 14:50:32+00:00,671.0,0.56,0.49,0.5,0.22,64.70588,7.0,398.0,0.2775951147460937,False,REGULAR,USD,put,2026-05-20,QQQ,0.495
QQQ260520P00672000,2026-05-15 14:38:41+00:00,672.0,0.49,0.56,0.57,0.19,63.333332,6.0,379.0,0.27930408203124996,False,REGULAR,USD,put,2026-05-20,QQQ,0.565
QQQ260520P00673000,2026-05-15 14:39:26+00:00,673.0,0.52,0.56,0.57,0.07999998,18.181814,45.0,358.0,0.2735668347167969,False,REGULAR,USD,put,2026-05-20,QQQ,0.565
QQQ260520P00674000,2026-05-15 14:56:58+00:00,674.0,0.56,0.63,0.64,0.099999994,21.739128,36.0,1519.0,0.2745433874511719,False,REGULAR,USD,put,2026-05-20,QQQ,0.635
QQQ260520P00675000,2026-05-15 14:52:35+00:00,675.0,0.71,0.63,0.64,0.34999996,97.222206,169.0,528.0,0.26856200195312496,False,REGULAR,USD,put,2026-05-20,QQQ,0.635
QQQ260520P00676000,2026-05-15 14:39:57+00:00,676.0,0.65,0.7,0.71,0.19999999,44.444443,129.0,303.0,0.26892820922851557,False,REGULAR,USD,put,2026-05-20,QQQ,0.705
QQQ260520P00677000,2026-05-15 14:16:38+00:00,677.0,0.79,0.74,0.76,0.33,71.73913,39.0,512.0,0.26709717285156254,False,REGULAR,USD,put,2026-05-20,QQQ,0.75
QQQ260520P00678000,2026-05-15 14:17:27+00:00,678.0,0.84,0.83,0.84,0.32999998,64.70589,38.0,143.0,0.26734131103515624,False,REGULAR,USD,put,2026-05-20,QQQ,0.835
QQQ260520P00679000,2026-05-15 13:59:43+00:00,679.0,0.93,0.86,0.88,0.49,111.36364,156.0,1298.0,0.2640454455566406,False,REGULAR,USD,put,2026-05-20,QQQ,0.87
QQQ260520P00680000,2026-05-15 15:00:04+00:00,680.0,0.92,0.92,0.94,0.45000002,95.74468,3209.0,616.0,0.2620923400878906,False,REGULAR,USD,put,2026-05-20,QQQ,0.9299999999999999
QQQ260520P00681000,2026-05-15 14:50:32+00:00,681.0,1.06,0.99,1.0,0.53999996,103.84615,103.0,154.0,0.25977302734375,False,REGULAR,USD,put,2026-05-20,QQQ,0.995
QQQ260520P00682000,2026-05-15 14:26:28+00:00,682.0,1.12,1.06,1.07,0.6,115.38463,126.0,310.0,0.25794199096679693,False,REGULAR,USD,put,2026-05-20,QQQ,1.065
QQQ260520P00683000,2026-05-15 14:39:22+00:00,683.0,1.0,1.14,1.16,0.37,58.73016,170.0,143.0,0.2569654382324219,False,REGULAR,USD,put,2026-05-20,QQQ,1.15
QQQ260520P00684000,2026-05-15 15:00:51+00:00,684.0,1.18,1.22,1.25,0.53,81.53846,58.0,73.0,0.2557447473144532,False,REGULAR,USD,put,2026-05-20,QQQ,1.2349999999999999
QQQ260520P00685000,2026-05-15 14:54:46+00:00,685.0,1.29,1.29,1.31,0.59999996,86.95652,65.0,1629.0,0.2523268127441406,False,REGULAR,USD,put,2026-05-20,QQQ,1.3
QQQ260520P00686000,2026-05-15 14:58:07+00:00,686.0,1.28,1.4,1.42,0.55999994,77.77776,95.0,164.0,0.2514723291015625,False,REGULAR,USD,put,2026-05-20,QQQ,1.41
QQQ260520P00687000,2026-05-15 15:02:37+00:00,687.0,1.54,1.51,1.53,0.80999994,110.95889,67.0,282.0,0.2501906036376953,False,REGULAR,USD,put,2026-05-20,QQQ,1.52
QQQ260520P00688000,2026-05-15 15:00:02+00:00,688.0,1.58,1.66,1.68,0.78000003,97.5,97.0,118.0,0.25049577636718745,False,REGULAR,USD,put,2026-05-20,QQQ,1.67
QQQ260520P00689000,2026-05-15 15:00:51+00:00,689.0,1.68,1.71,1.73,0.84,100.0,55.0,117.0,0.2456130126953125,False,REGULAR,USD,put,2026-05-20,QQQ,1.72
QQQ260520P00690000,2026-05-15 14:57:50+00:00,690.0,1.71,1.93,1.95,0.75000006,78.12501,486.0,1528.0,0.24829853271484376,False,REGULAR,USD,put,2026-05-20,QQQ,1.94
QQQ260520P00691000,2026-05-15 14:34:25+00:00,691.0,1.95,2.03,2.07,0.9100001,87.50001,43.0,125.0,0.2459181854248047,False,REGULAR,USD,put,2026-05-20,QQQ,2.05
QQQ260520P00692000,2026-05-15 14:48:16+00:00,692.0,2.08,2.2,2.23,1.05,101.94174,48.0,254.0,0.24488059814453128,False,REGULAR,USD,put,2026-05-20,QQQ,2.215
QQQ260520P00693000,2026-05-15 14:52:33+00:00,693.0,2.42,2.28,2.31,1.0000001,70.42255,649.0,231.0,0.24024197265624997,False,REGULAR,USD,put,2026-05-20,QQQ,2.295
QQQ260520P00694000,2026-05-15 14:25:11+00:00,694.0,2.42,2.54,2.57,1.23,103.361336,69.0,673.0,0.24243921630859372,False,REGULAR,USD,put,2026-05-20,QQQ,2.5549999999999997
QQQ260520P00695000,2026-05-15 15:01:04+00:00,695.0,2.58,2.69,2.71,1.3,101.5625,557.0,1285.0,0.23944852355957028,False,REGULAR,USD,put,2026-05-20,QQQ,2.7
QQQ260520P00696000,2026-05-15 15:01:04+00:00,696.0,2.76,2.8,2.82,1.37,98.56115,163.0,266.0,0.2350540362548828,False,REGULAR,USD,put,2026-05-20,QQQ,2.8099999999999996
QQQ260520P00697000,2026-05-15 15:00:35+00:00,697.0,2.93,3.05,3.08,1.47,100.68493,52.0,256.0,0.2357254162597656,False,REGULAR,USD,put,2026-05-20,QQQ,3.065
QQQ260520P00698000,2026-05-15 14:52:31+00:00,698.0,3.4,3.33,3.36,1.7500001,106.060616,76.0,1140.0,0.23651886535644528,False,REGULAR,USD,put,2026-05-20,QQQ,3.3449999999999998
QQQ260520P00699000,2026-05-15 14:56:03+00:00,699.0,3.27,3.5,3.54,1.5799999,93.49112,96.0,774.0,0.233406103515625,False,REGULAR,USD,put,2026-05-20,QQQ,3.52
QQQ260520P00700000,2026-05-15 15:03:04+00:00,700.0,3.85,3.85,3.88,2.0299997,111.53844,1084.0,712.0,0.23517610534667968,False,REGULAR,USD,put,2026-05-20,QQQ,3.865
QQQ260520P00701000,2026-05-15 14:59:48+00:00,701.0,3.95,4.09,4.12,2.0,102.5641,85.0,340.0,0.23316196533203126,False,REGULAR,USD,put,2026-05-20,QQQ,4.105
QQQ260520P00702000,2026-05-15 15:02:34+00:00,702.0,4.37,4.32,4.35,2.1699998,98.63635,82.0,229.0,0.23041541076660155,False,REGULAR,USD,put,2026-05-20,QQQ,4.335
QQQ260520P00703000,2026-05-15 15:03:12+00:00,703.0,4.71,4.69,4.74,2.46,115.49295,89.0,289.0,0.23206334350585936,False,REGULAR,USD,put,2026-05-20,QQQ,4.715
QQQ260520P00704000,2026-05-15 14:45:24+00:00,704.0,4.47,4.88,4.91,2.0399997,83.9506,731.0,243.0,0.2266312689208984,False,REGULAR,USD,put,2026-05-20,QQQ,4.895
QQQ260520P00705000,2026-05-15 15:02:36+00:00,705.0,5.34,5.4,5.43,2.7800002,108.593765,2491.0,1561.0,0.2310867907714844,False,REGULAR,USD,put,2026-05-20,QQQ,5.415
QQQ260520P00706000,2026-05-15 15:02:24+00:00,706.0,5.56,5.76,5.8,2.6699998,92.38753,384.0,169.0,0.23053747985839845,False,REGULAR,USD,put,2026-05-20,QQQ,5.779999999999999
QQQ260520P00707000,2026-05-15 14:53:34+00:00,707.0,5.84,5.96,6.0,2.8700001,96.632996,481.0,242.0,0.22467816345214842,False,REGULAR,USD,put,2026-05-20,QQQ,5.98
QQQ260520P00708000,2026-05-15 14:56:03+00:00,708.0,6.01,6.3,6.33,2.8100002,87.81251,995.0,355.0,0.22205367797851558,False,REGULAR,USD,put,2026-05-20,QQQ,6.3149999999999995
QQQ260520P00709000,2026-05-15 15:00:05+00:00,709.0,6.64,6.77,6.81,3.1899998,92.46376,595.0,278.0,0.22315229980468748,False,REGULAR,USD,put,2026-05-20,QQQ,6.789999999999999
QQQ260520P00710000,2026-05-15 15:02:34+00:00,710.0,7.31,7.38,7.41,3.62,98.10298,1573.0,1146.0,0.2269364416503906,False,REGULAR,USD,put,2026-05-20,QQQ,7.395
QQQ260520P00711000,2026-05-15 15:02:42+00:00,711.0,7.77,7.85,7.92,3.67,89.5122,810.0,136.0,0.22772989074707028,False,REGULAR,USD,put,2026-05-20,QQQ,7.885
QQQ260520P00712000,2026-05-15 14:52:33+00:00,712.0,8.52,8.17,8.23,4.1700006,95.86208,592.0,348.0,0.22248091979980467,True,REGULAR,USD,put,2026-05-20,QQQ,8.2
QQQ260520P00713000,2026-05-15 15:02:52+00:00,713.0,8.71,8.88,8.96,4.16,91.428566,314.0,432.0,0.2282181671142578,True,REGULAR,USD,put,2026-05-20,QQQ,8.920000000000002
QQQ260520P00714000,2026-05-15 15:00:35+00:00,714.0,8.92,9.36,9.42,4.13,86.2213,647.0,693.0,0.22602092346191405,True,REGULAR,USD,put,2026-05-20,QQQ,9.39
QQQ260520P00715000,2026-05-15 14:54:46+00:00,715.0,9.61,9.83,9.9,4.4199996,85.16377,605.0,510.0,0.22382367980957027,True,REGULAR,USD,put,2026-05-20,QQQ,9.865
QQQ260520P00720000,2026-05-15 14:21:44+00:00,720.0,11.72,13.14,13.22,4.6600003,66.00567,383.0,766.0,0.2309647216796875,True,REGULAR,USD,put,2026-05-20,QQQ,13.18
QQQ260520P00740000,2026-05-14 18:24:15+00:00,740.0,21.28,29.12,30.04,0.0,0.0,20.0,25.0,0.27698476928710936,True,REGULAR,USD,put,2026-05-20,QQQ,29.58
QQQ260520P00750000,2026-05-11 13:54:14+00:00,750.0,39.49,37.66,41.14,0.0,0.0,1.0,2.0,0.39465937377929694,True,REGULAR,USD,put,2026-05-20,QQQ,39.4
QQQ260521C00630000,2026-05-15 13:30:02+00:00,630.0,80.14,78.66,81.92,13.589996,20.42073,1.0,1.0,0.39942006835937505,True,REGULAR,USD,call,2026-05-21,QQQ,80.28999999999999
QQQ260521C00645000,2026-05-15 14:11:15+00:00,645.0,64.42,63.74,67.04,2.1599998,3.469322,4.0,9.0,0.358404853515625,True,REGULAR,USD,call,2026-05-21,QQQ,65.39
QQQ260521C00650000,2026-05-14 17:06:17+00:00,650.0,71.53,59.24,62.82,0.0,0.0,21.0,27.0,0.42615319946289065,True,REGULAR,USD,call,2026-05-21,QQQ,61.03
QQQ260521C00655000,2026-05-15 14:52:43+00:00,655.0,55.32,54.31,57.98,-9.730003,-14.957729,1.0,17.0,0.4102842175292969,True,REGULAR,USD,call,2026-05-21,QQQ,56.144999999999996
QQQ260521C00660000,2026-05-13 19:26:57+00:00,660.0,56.51,49.59,52.59,0.0,0.0,2.0,10.0,0.34961587890624996,True,REGULAR,USD,call,2026-05-21,QQQ,51.09
QQQ260521C00670000,2026-05-15 14:23:04+00:00,670.0,43.39,40.77,40.86,-5.6500015,-11.52121,3.0,199.0,1.0000000000000003e-05,True,REGULAR,USD,call,2026-05-21,QQQ,40.815
QQQ260521C00680000,2026-05-14 13:32:50+00:00,680.0,37.39,31.4,31.5,0.0,0.0,1.0,49.0,1.0000000000000003e-05,True,REGULAR,USD,call,2026-05-21,QQQ,31.45
QQQ260521C00685000,2026-05-15 13:59:03+00:00,685.0,25.42,26.96,27.04,-11.859999,-31.813303,30.0,25.0,0.1638267211914063,True,REGULAR,USD,call,2026-05-21,QQQ,27.0
QQQ260521C00690000,2026-05-15 14:24:07+00:00,690.0,23.09,22.9,22.97,-8.610001,-27.160885,43.0,66.0,0.19751779052734375,True,REGULAR,USD,call,2026-05-21,QQQ,22.935
QQQ260521C00695000,2026-05-15 14:41:41+00:00,695.0,20.26,19.24,19.31,-6.74,-24.962963,30.0,381.0,0.21674367248535154,True,REGULAR,USD,call,2026-05-21,QQQ,19.275
QQQ260521C00700000,2026-05-15 14:57:47+00:00,700.0,15.9,14.96,15.03,-7.620001,-32.39796,121.0,270.0,0.19983710327148438,True,REGULAR,USD,call,2026-05-21,QQQ,14.995000000000001
QQQ260521C00705000,2026-05-15 15:02:26+00:00,705.0,12.0,11.76,11.82,-7.5300007,-38.55607,245.0,468.0,0.20447572875976558,True,REGULAR,USD,call,2026-05-21,QQQ,11.79
QQQ260521C00710000,2026-05-15 15:02:55+00:00,710.0,8.92,8.92,8.95,-6.83,-43.365078,1077.0,859.0,0.2049640051269531,True,REGULAR,USD,call,2026-05-21,QQQ,8.934999999999999
QQQ260521C00715000,2026-05-15 15:02:21+00:00,715.0,6.53,6.51,6.54,-5.73,-46.73736,756.0,853.0,0.2046588323974609,False,REGULAR,USD,call,2026-05-21,QQQ,6.525
QQQ260521C00720000,2026-05-15 15:03:16+00:00,720.0,4.3,4.27,4.31,-4.99,-53.198296,1094.0,1584.0,0.1959308923339844,False,REGULAR,USD,call,2026-05-21,QQQ,4.289999999999999
QQQ260521C00725000,2026-05-15 15:00:32+00:00,725.0,2.92,2.92,2.96,-3.88,-57.058823,482.0,765.0,0.19849434326171872,False,REGULAR,USD,call,2026-05-21,QQQ,2.94
QQQ260521C00730000,2026-05-15 15:00:56+00:00,730.0,1.84,1.78,1.81,-3.02,-62.139915,202.0,489.0,0.1945270977783203,False,REGULAR,USD,call,2026-05-21,QQQ,1.795
QQQ260521C00735000,2026-05-15 14:54:47+00:00,735.0,1.11,1.02,1.04,-2.06,-64.98422,224.0,862.0,0.19104812866210938,False,REGULAR,USD,call,2026-05-21,QQQ,1.03
QQQ260521C00740000,2026-05-15 14:32:47+00:00,740.0,0.69,0.63,0.65,-1.3199999,-65.67164,158.0,844.0,0.19458813232421873,False,REGULAR,USD,call,2026-05-21,QQQ,0.64
QQQ260521C00745000,2026-05-15 14:09:09+00:00,745.0,0.37,0.33,0.36,-0.82000005,-68.90757,6.0,468.0,0.19422192504882813,False,REGULAR,USD,call,2026-05-21,QQQ,0.345
QQQ260521C00750000,2026-05-15 14:23:28+00:00,750.0,0.26,0.19,0.21,-0.38,-59.375,28.0,417.0,0.19702951416015624,False,REGULAR,USD,call,2026-05-21,QQQ,0.2
QQQ260521C00755000,2026-05-15 14:20:42+00:00,755.0,0.14,0.1,0.12,-0.26999998,-65.85366,98.0,506.0,0.1997150341796875,False,REGULAR,USD,call,2026-05-21,QQQ,0.11
QQQ260521C00760000,2026-05-15 14:22:22+00:00,760.0,0.1,0.07,0.08,-0.18,-64.28571,17.0,929.0,0.20703917968749996,False,REGULAR,USD,call,2026-05-21,QQQ,0.07500000000000001
QQQ260521C00765000,2026-05-15 15:03:11+00:00,765.0,0.06,0.04,0.06,-0.120000005,-66.666664,17.0,548.0,0.21680470703125,False,REGULAR,USD,call,2026-05-21,QQQ,0.05
QQQ260521P00620000,2026-05-15 14:42:57+00:00,620.0,0.11,0.11,0.12,-0.009999998,-8.333331,112.0,861.0,0.422857333984375,False,REGULAR,USD,put,2026-05-21,QQQ,0.11499999999999999
QQQ260521P00625000,2026-05-15 13:41:00+00:00,625.0,0.16,0.12,0.13,0.030000001,23.076923,3.0,66.0,0.405279384765625,False,REGULAR,USD,put,2026-05-21,QQQ,0.125
QQQ260521P00630000,2026-05-15 13:40:04+00:00,630.0,0.2,0.14,0.15,0.09,81.818184,3.0,22.0,0.39014281738281253,False,REGULAR,USD,put,2026-05-21,QQQ,0.14500000000000002
QQQ260521P00635000,2026-05-14 14:56:13+00:00,635.0,0.21,0.16,0.18,0.03999999,23.529406,3.0,1041.0,0.37744763183593744,False,REGULAR,USD,put,2026-05-21,QQQ,0.16999999999999998
QQQ260521P00640000,2026-05-14 19:29:52+00:00,640.0,0.14,0.19,0.21,0.0,0.0,40.0,278.0,0.3627993408203125,False,REGULAR,USD,put,2026-05-21,QQQ,0.2
QQQ260521P00645000,2026-05-14 14:05:54+00:00,645.0,0.25,0.23,0.25,0.0,0.0,2.0,150.0,0.348639326171875,False,REGULAR,USD,put,2026-05-21,QQQ,0.24
QQQ260521P00650000,2026-05-15 14:53:30+00:00,650.0,0.3,0.29,0.31,0.10000001,50.000004,27.0,877.0,0.3364324169921875,False,REGULAR,USD,put,2026-05-21,QQQ,0.3
QQQ260521P00655000,2026-05-15 13:34:54+00:00,655.0,0.49,0.35,0.37,0.19,63.333332,15.0,183.0,0.3220282641601562,False,REGULAR,USD,put,2026-05-21,QQQ,0.36
QQQ260521P00660000,2026-05-15 14:04:01+00:00,660.0,0.66,0.47,0.49,0.38000003,135.7143,15.0,543.0,0.3129951513671875,False,REGULAR,USD,put,2026-05-21,QQQ,0.48
QQQ260521P00665000,2026-05-15 13:37:22+00:00,665.0,0.64,0.61,0.63,0.29999998,88.23529,26.0,307.0,0.301764794921875,False,REGULAR,USD,put,2026-05-21,QQQ,0.62
QQQ260521P00670000,2026-05-15 14:11:19+00:00,670.0,0.87,0.84,0.86,0.43,97.72727,43.0,1784.0,0.29444064941406245,False,REGULAR,USD,put,2026-05-21,QQQ,0.85
QQQ260521P00675000,2026-05-15 14:47:54+00:00,675.0,1.05,1.1,1.12,0.40999997,64.06249,68.0,591.0,0.28394270751953116,False,REGULAR,USD,put,2026-05-21,QQQ,1.11
QQQ260521P00680000,2026-05-15 14:51:57+00:00,680.0,1.53,1.51,1.53,0.75,96.15385,151.0,903.0,0.27698476928710936,False,REGULAR,USD,put,2026-05-21,QQQ,1.52
QQQ260521P00685000,2026-05-15 14:51:03+00:00,685.0,2.05,2.02,2.05,1.0,95.2381,65.0,617.0,0.2688061401367187,False,REGULAR,USD,put,2026-05-21,QQQ,2.035
QQQ260521P00690000,2026-05-15 14:58:25+00:00,690.0,2.61,2.72,2.75,1.1999999,85.10638,255.0,442.0,0.2612378564453125,False,REGULAR,USD,put,2026-05-21,QQQ,2.7350000000000003
QQQ260521P00695000,2026-05-15 15:01:18+00:00,695.0,3.5,3.65,3.69,1.55,79.487175,282.0,911.0,0.254463021850586,False,REGULAR,USD,put,2026-05-21,QQQ,3.67
QQQ260521P00700000,2026-05-15 15:02:30+00:00,700.0,4.88,5.02,5.05,2.1200001,76.8116,1046.0,1319.0,0.25196060546875,False,REGULAR,USD,put,2026-05-21,QQQ,5.035
QQQ260521P00705000,2026-05-15 14:59:53+00:00,705.0,6.29,6.66,6.69,2.7,75.208916,669.0,1125.0,0.24762715270996094,False,REGULAR,USD,put,2026-05-21,QQQ,6.675000000000001
QQQ260521P00710000,2026-05-15 15:00:08+00:00,710.0,8.38,8.68,8.73,3.62,76.050415,626.0,633.0,0.2438430108642578,False,REGULAR,USD,put,2026-05-21,QQQ,8.705
QQQ260521P00715000,2026-05-15 15:00:09+00:00,715.0,10.92,11.28,11.33,4.53,70.89203,189.0,1207.0,0.24390404541015626,True,REGULAR,USD,put,2026-05-21,QQQ,11.305
QQQ260521P00720000,2026-05-15 14:53:46+00:00,720.0,14.07,14.06,14.14,5.71,68.30144,60.0,458.0,0.23871610900878903,True,REGULAR,USD,put,2026-05-21,QQQ,14.100000000000001
QQQ260521P00725000,2026-05-14 20:03:53+00:00,725.0,16.48,17.55,17.66,5.669999,52.451427,1.0,135.0,0.242195078125,True,REGULAR,USD,put,2026-05-21,QQQ,17.605
QQQ260522C00300000,2026-05-01 14:07:45+00:00,300.0,376.0,408.56,412.14,0.0,0.0,2.0,3.0,2.47656630859375,True,REGULAR,USD,call,2026-05-22,QQQ,410.35
QQQ260522C00350000,2026-04-30 19:11:46+00:00,350.0,318.51,358.54,362.13,0.0,0.0,1.0,0.0,2.0595751635742188,True,REGULAR,USD,call,2026-05-22,QQQ,360.33500000000004
QQQ260522C00370000,2026-05-13 16:48:36+00:00,370.0,343.77,338.98,342.64,0.0,0.0,1.0,1.0,2.102543806152343,True,REGULAR,USD,call,2026-05-22,QQQ,340.81
QQQ260522C00400000,2026-05-13 15:16:28+00:00,400.0,311.52,308.56,312.04,0.0,0.0,3.0,11.0,1.6601579492187502,True,REGULAR,USD,call,2026-05-22,QQQ,310.3
QQQ260522C00405000,2026-04-30 16:26:25+00:00,405.0,259.5,303.67,306.96,0.0,0.0,1.0,1.0,1.584963012695312,True,REGULAR,USD,call,2026-05-22,QQQ,305.315
QQQ260522C00440000,2026-05-12 15:47:17+00:00,440.0,261.64,268.63,271.99,0.0,0.0,1.0,2.0,1.3857452587890622,True,REGULAR,USD,call,2026-05-22,QQQ,270.31
QQQ260522C00450000,2026-05-13 13:37:31+00:00,450.0,257.64,258.9,262.5,-1.2599792,-0.48666638,1.0,98.0,1.4960962695312499,True,REGULAR,USD,call,2026-05-22,QQQ,260.7
QQQ260522C00460000,2026-05-07 19:17:59+00:00,460.0,233.93,248.72,252.08,0.0,0.0,3.0,7.0,1.3066440917968747,True,REGULAR,USD,call,2026-05-22,QQQ,250.4
QQQ260522C00480000,2026-05-08 17:49:48+00:00,480.0,230.41,229.09,232.77,0.0,0.0,1.0,5.0,1.3657258276367186,True,REGULAR,USD,call,2026-05-22,QQQ,230.93
QQQ260522C00485000,2026-05-08 17:45:28+00:00,485.0,225.43,223.73,227.24,0.0,0.0,1.0,8.0,1.2133828393554684,True,REGULAR,USD,call,2026-05-22,QQQ,225.485
QQQ260522C00490000,2026-04-14 19:30:54+00:00,490.0,140.98,218.76,222.11,0.0,0.0,,1.0,1.1460003637695313,True,REGULAR,USD,call,2026-05-22,QQQ,220.435
QQQ260522C00495000,2026-05-12 14:21:54+00:00,495.0,211.78,213.69,217.25,0.0,0.0,2.0,2.0,1.1591838916015624,True,REGULAR,USD,call,2026-05-22,QQQ,215.47
QQQ260522C00500000,2026-05-15 13:57:31+00:00,500.0,209.44,209.11,212.74,33.28,18.891916,169.0,6.0,1.2365760827636718,True,REGULAR,USD,call,2026-05-22,QQQ,210.925
QQQ260522C00505000,2026-04-17 15:46:06+00:00,505.0,146.05,203.68,206.95,0.0,0.0,1.0,1.0,1.0078174609375,True,REGULAR,USD,call,2026-05-22,QQQ,205.315
QQQ260522C00510000,2026-04-17 15:10:37+00:00,510.0,141.7,198.69,202.3,0.0,0.0,1.0,49.0,1.0869186279296876,True,REGULAR,USD,call,2026-05-22,QQQ,200.495
QQQ260522C00515000,2026-05-14 15:46:33+00:00,515.0,206.85,193.81,196.94,0.0,0.0,2.0,47.0,0.9531254687499999,True,REGULAR,USD,call,2026-05-22,QQQ,195.375
QQQ260522C00520000,2026-05-15 13:40:25+00:00,520.0,188.21,188.73,192.14,4.230011,2.299169,98.0,21.0,0.991211025390625,True,REGULAR,USD,call,2026-05-22,QQQ,190.435
QQQ260522C00521000,2026-05-07 13:30:05+00:00,521.0,176.54,187.7,191.19,0.0,0.0,,1.0,0.999023447265625,True,REGULAR,USD,call,2026-05-22,QQQ,189.445
QQQ260522C00523000,2026-05-08 14:09:45+00:00,523.0,183.14,185.71,189.14,0.0,0.0,,1.0,0.9750979052734375,True,REGULAR,USD,call,2026-05-22,QQQ,187.425
QQQ260522C00525000,2026-04-29 13:30:03+00:00,525.0,135.26,184.14,187.68,0.0,0.0,1.0,5.0,1.0778854699707034,True,REGULAR,USD,call,2026-05-22,QQQ,185.91
QQQ260522C00528000,2026-05-08 14:09:45+00:00,528.0,178.16,180.72,184.32,0.0,0.0,,1.0,0.9916993017578125,True,REGULAR,USD,call,2026-05-22,QQQ,182.51999999999998
QQQ260522C00530000,2026-05-01 20:01:46+00:00,530.0,145.35,178.75,181.96,0.0,0.0,2.0,12.0,0.8842785009765625,True,REGULAR,USD,call,2026-05-22,QQQ,180.35500000000002
QQQ260522C00535000,2026-04-20 15:19:35+00:00,535.0,111.85,173.82,177.1,0.0,0.0,10.0,11.0,0.901368173828125,True,REGULAR,USD,call,2026-05-22,QQQ,175.45999999999998
QQQ260522C00540000,2026-05-14 15:25:49+00:00,540.0,182.86,168.75,171.97,0.0,0.0,11.0,12.0,0.8378922460937499,True,REGULAR,USD,call,2026-05-22,QQQ,170.36
QQQ260522C00545000,2026-05-12 19:49:00+00:00,545.0,162.03,164.17,167.9,0.0,0.0,2.0,7.0,0.9960937890625,True,REGULAR,USD,call,2026-05-22,QQQ,166.035
QQQ260522C00550000,2026-05-12 15:59:11+00:00,550.0,150.0,159.18,162.88,0.0,0.0,3.0,12.0,0.9643558251953125,True,REGULAR,USD,call,2026-05-22,QQQ,161.03
QQQ260522C00555000,2026-05-12 14:54:48+00:00,555.0,150.24,153.8,157.26,0.0,0.0,250.0,260.0,0.8349625878906248,True,REGULAR,USD,call,2026-05-22,QQQ,155.53
QQQ260522C00558000,2026-04-23 17:52:55+00:00,558.0,92.09,150.8,154.36,0.0,0.0,1.0,4.0,0.8383805224609374,True,REGULAR,USD,call,2026-05-22,QQQ,152.58
QQQ260522C00559000,2026-04-28 18:34:23+00:00,559.0,100.79,150.19,153.88,0.0,0.0,1.0,1.0,0.913086806640625,True,REGULAR,USD,call,2026-05-22,QQQ,152.035
QQQ260522C00560000,2026-05-14 17:37:52+00:00,560.0,160.1,149.19,152.82,0.0,0.0,2.0,67.0,0.8994150683593749,True,REGULAR,USD,call,2026-05-22,QQQ,151.005
QQQ260522C00561000,2026-04-13 13:47:45+00:00,561.0,54.74,147.75,151.04,0.0,0.0,,2.0,0.7539087109375,True,REGULAR,USD,call,2026-05-22,QQQ,149.39499999999998
QQQ260522C00562000,2026-05-06 14:54:04+00:00,562.0,130.75,146.85,150.36,0.0,0.0,1.0,13.0,0.8171405004882811,True,REGULAR,USD,call,2026-05-22,QQQ,148.60500000000002
QQQ260522C00565000,2026-05-05 13:35:55+00:00,565.0,115.35,143.77,147.4,0.0,0.0,1.0,13.0,0.8083515258789062,True,REGULAR,USD,call,2026-05-22,QQQ,145.585
QQQ260522C00566000,2026-05-14 16:55:17+00:00,566.0,155.42,143.2,146.83,0.0,0.0,1.0,3.0,0.8669446899414062,True,REGULAR,USD,call,2026-05-22,QQQ,145.015
QQQ260522C00567000,2026-05-13 17:58:58+00:00,567.0,148.0,141.73,145.19,0.0,0.0,2.0,0.0,0.7585473364257813,True,REGULAR,USD,call,2026-05-22,QQQ,143.45999999999998
QQQ260522C00568000,2026-05-11 18:44:26+00:00,568.0,146.8,140.76,144.38,0.0,0.0,8.0,23.0,0.789064609375,True,REGULAR,USD,call,2026-05-22,QQQ,142.57
QQQ260522C00569000,2026-04-20 14:51:17+00:00,569.0,79.71,139.76,143.06,0.0,0.0,3.0,3.0,0.719729365234375,True,REGULAR,USD,call,2026-05-22,QQQ,141.41
QQQ260522C00570000,2026-05-14 15:13:44+00:00,570.0,150.96,138.89,142.14,0.0,0.0,4.0,105.0,0.7329128271484374,True,REGULAR,USD,call,2026-05-22,QQQ,140.515
QQQ260522C00572000,2026-05-14 13:45:54+00:00,572.0,147.6,136.78,140.03,0.0,0.0,10.0,111.0,0.6977569287109376,True,REGULAR,USD,call,2026-05-22,QQQ,138.405
QQQ260522C00573000,2026-05-13 16:37:17+00:00,573.0,142.17,135.8,139.07,0.0,0.0,1.0,36.0,0.702151416015625,True,REGULAR,USD,call,2026-05-22,QQQ,137.435
QQQ260522C00575000,2026-05-15 13:43:17+00:00,575.0,133.47,133.94,137.39,-10.610001,-7.3639646,30.0,132.0,0.7539087109375,True,REGULAR,USD,call,2026-05-22,QQQ,135.665
QQQ260522C00576000,2026-04-20 13:40:08+00:00,576.0,75.27,133.22,136.91,0.0,0.0,1.0,4.0,0.8208025732421874,True,REGULAR,USD,call,2026-05-22,QQQ,135.065
QQQ260522C00577000,2026-04-28 14:04:35+00:00,577.0,84.14,131.89,135.17,0.0,0.0,1.0,32.0,0.7041045214843751,True,REGULAR,USD,call,2026-05-22,QQQ,133.52999999999997
QQQ260522C00578000,2026-05-13 15:09:05+00:00,578.0,133.73,130.82,134.4,0.0,0.0,1.0,24.0,0.7399928344726561,True,REGULAR,USD,call,2026-05-22,QQQ,132.61
QQQ260522C00579000,2026-05-14 19:05:30+00:00,579.0,142.28,129.8,133.24,0.0,0.0,2.0,83.0,0.7075224560546876,True,REGULAR,USD,call,2026-05-22,QQQ,131.52
QQQ260522C00580000,2026-05-15 14:24:22+00:00,580.0,132.8,129.22,132.86,-2.6600037,-1.9636819,2.0,215.0,0.7924825439453125,True,REGULAR,USD,call,2026-05-22,QQQ,131.04000000000002
QQQ260522C00581000,2026-05-13 13:35:53+00:00,581.0,128.71,127.91,131.43,0.0,0.0,2.0,34.0,0.7290066162109375,True,REGULAR,USD,call,2026-05-22,QQQ,129.67000000000002
QQQ260522C00582000,2026-05-05 16:36:11+00:00,582.0,100.71,127.24,130.93,0.0,0.0,3.0,25.0,0.7895528857421875,True,REGULAR,USD,call,2026-05-22,QQQ,129.085
QQQ260522C00583000,2026-05-08 13:38:23+00:00,583.0,120.11,126.24,129.93,0.0,0.0,10.0,33.0,0.7841818457031251,True,REGULAR,USD,call,2026-05-22,QQQ,128.085
QQQ260522C00584000,2026-05-08 16:47:29+00:00,584.0,124.97,125.24,128.98,0.0,0.0,1.0,7.0,0.7841818457031251,True,REGULAR,USD,call,2026-05-22,QQQ,127.10999999999999
QQQ260522C00585000,2026-05-15 14:56:05+00:00,585.0,126.39,123.83,127.27,-9.25,-6.8195224,2.0,86.0,0.6821320849609377,True,REGULAR,USD,call,2026-05-22,QQQ,125.55
QQQ260522C00586000,2026-05-11 18:23:46+00:00,586.0,129.09,123.25,126.98,0.0,0.0,6.0,34.0,0.7729514892578125,True,REGULAR,USD,call,2026-05-22,QQQ,125.11500000000001
QQQ260522C00587000,2026-05-06 15:33:57+00:00,587.0,106.8,121.85,125.46,0.0,0.0,1.0,46.0,0.702151416015625,True,REGULAR,USD,call,2026-05-22,QQQ,123.655
QQQ260522C00588000,2026-05-12 16:01:43+00:00,588.0,121.67,121.25,124.87,9.659996,8.624227,15.0,84.0,0.7495142236328125,True,REGULAR,USD,call,2026-05-22,QQQ,123.06
QQQ260522C00589000,2026-05-14 14:06:43+00:00,589.0,129.26,120.25,123.87,0.0,0.0,3.0,70.0,0.7438990454101562,True,REGULAR,USD,call,2026-05-22,QQQ,122.06
QQQ260522C00590000,2026-05-15 13:37:16+00:00,590.0,119.39,118.81,122.23,-11.25,-8.611451,1.0,174.0,0.6501499829101562,True,REGULAR,USD,call,2026-05-22,QQQ,120.52000000000001
QQQ260522C00591000,2026-05-14 14:50:16+00:00,591.0,130.0,117.82,121.26,0.0,0.0,3.0,87.0,0.65039412109375,True,REGULAR,USD,call,2026-05-22,QQQ,119.53999999999999
QQQ260522C00592000,2026-05-13 19:32:01+00:00,592.0,124.33,116.84,120.43,0.0,0.0,1.0,55.0,0.6716341430664063,True,REGULAR,USD,call,2026-05-22,QQQ,118.635
QQQ260522C00593000,2026-05-08 13:30:04+00:00,593.0,107.99,115.87,119.07,0.0,0.0,1.0,24.0,0.6049844189453126,True,REGULAR,USD,call,2026-05-22,QQQ,117.47
QQQ260522C00594000,2026-05-08 15:02:01+00:00,594.0,114.18,114.85,118.11,0.0,0.0,1.0,108.0,0.6084023535156251,True,REGULAR,USD,call,2026-05-22,QQQ,116.47999999999999
QQQ260522C00595000,2026-05-14 14:43:40+00:00,595.0,126.0,113.84,117.31,0.0,0.0,2.0,190.0,0.6381872119140625,True,REGULAR,USD,call,2026-05-22,QQQ,115.575
QQQ260522C00596000,2026-05-06 16:43:14+00:00,596.0,97.65,113.27,116.96,0.0,0.0,1.0,21.0,0.7150907397460937,True,REGULAR,USD,call,2026-05-22,QQQ,115.115
QQQ260522C00597000,2026-05-08 18:24:24+00:00,597.0,114.0,111.86,115.3,0.0,0.0,3.0,25.0,0.6264685791015626,True,REGULAR,USD,call,2026-05-22,QQQ,113.58
QQQ260522C00598000,2026-05-11 18:23:44+00:00,598.0,111.38,111.28,114.97,-5.600006,-4.787148,35.0,12.0,0.7050810742187501,True,REGULAR,USD,call,2026-05-22,QQQ,113.125
QQQ260522C00599000,2026-05-11 18:21:31+00:00,599.0,116.55,110.28,113.91,0.0,0.0,2.0,131.0,0.6931183032226562,True,REGULAR,USD,call,2026-05-22,QQQ,112.095
QQQ260522C00600000,2026-05-15 14:52:18+00:00,600.0,110.15,108.89,112.27,-11.18,-9.214539,2.0,236.0,0.6066933862304689,True,REGULAR,USD,call,2026-05-22,QQQ,110.58
QQQ260522C00601000,2026-05-15 14:42:14+00:00,601.0,111.38,108.26,112.02,-8.860001,-7.3685966,15.0,58.0,0.69336244140625,True,REGULAR,USD,call,2026-05-22,QQQ,110.14
QQQ260522C00602000,2026-05-11 18:57:46+00:00,602.0,112.35,106.87,110.1,0.0,0.0,3.0,25.0,0.5676312768554688,True,REGULAR,USD,call,2026-05-22,QQQ,108.485
QQQ260522C00603000,2026-05-12 15:13:02+00:00,603.0,100.93,106.29,109.93,0.0,0.0,3.0,98.0,0.6732210412597659,True,REGULAR,USD,call,2026-05-22,QQQ,108.11000000000001
QQQ260522C00604000,2026-05-07 16:15:39+00:00,604.0,92.28,105.29,108.75,0.0,0.0,1.0,26.0,0.6485630847167969,True,REGULAR,USD,call,2026-05-22,QQQ,107.02000000000001
QQQ260522C00605000,2026-05-15 14:33:39+00:00,605.0,106.35,103.88,107.33,-6.550003,-5.801597,1.0,194.0,0.5905802661132813,True,REGULAR,USD,call,2026-05-22,QQQ,105.60499999999999
QQQ260522C00606000,2026-05-14 19:23:44+00:00,606.0,115.3,103.3,106.83,0.0,0.0,25.0,59.0,0.64648791015625,True,REGULAR,USD,call,2026-05-22,QQQ,105.065
QQQ260522C00607000,2026-05-13 14:06:36+00:00,607.0,103.58,101.91,105.12,2.5800018,2.5544572,1.0,101.0,0.5473678076171876,True,REGULAR,USD,call,2026-05-22,QQQ,103.515
QQQ260522C00608000,2026-05-08 13:30:04+00:00,608.0,93.1,100.99,104.5,0.0,0.0,1.0,168.0,0.5979044116210939,True,REGULAR,USD,call,2026-05-22,QQQ,102.745
QQQ260522C00609000,2026-05-14 19:16:01+00:00,609.0,111.94,99.9,103.46,0.0,0.0,6.0,74.0,0.5876506079101562,True,REGULAR,USD,call,2026-05-22,QQQ,101.68
QQQ260522C00610000,2026-05-14 16:18:44+00:00,610.0,100.75,99.3,102.95,-11.730003,-10.428524,1.0,437.0,0.6367223828125,True,REGULAR,USD,call,2026-05-22,QQQ,101.125
QQQ260522C00611000,2026-05-07 15:23:02+00:00,611.0,90.06,97.98,101.17,0.0,0.0,3.0,83.0,0.5361374511718751,True,REGULAR,USD,call,2026-05-22,QQQ,99.575
QQQ260522C00612000,2026-05-14 14:11:35+00:00,612.0,105.39,97.32,100.85,0.0,0.0,2.0,253.0,0.6158485681152344,True,REGULAR,USD,call,2026-05-22,QQQ,99.085
QQQ260522C00613000,2026-05-07 13:58:15+00:00,613.0,86.37,96.33,99.96,0.0,0.0,3.0,101.0,0.6212196081542969,True,REGULAR,USD,call,2026-05-22,QQQ,98.145
QQQ260522C00614000,2026-05-11 13:47:56+00:00,614.0,99.88,94.9,98.19,0.0,0.0,2.0,126.0,0.5249070947265625,True,REGULAR,USD,call,2026-05-22,QQQ,96.545
QQQ260522C00615000,2026-05-15 14:58:09+00:00,615.0,96.7,93.92,97.18,-7.800003,-7.4641175,36.0,299.0,0.5183153637695312,True,REGULAR,USD,call,2026-05-22,QQQ,95.55000000000001
QQQ260522C00616000,2026-05-13 19:18:52+00:00,616.0,100.74,92.91,96.19,0.0,0.0,5.0,51.0,0.5151415673828125,True,REGULAR,USD,call,2026-05-22,QQQ,94.55
QQQ260522C00617000,2026-05-06 16:33:34+00:00,617.0,77.36,91.92,95.54,0.0,0.0,4.0,47.0,0.5559126440429689,True,REGULAR,USD,call,2026-05-22,QQQ,93.73
QQQ260522C00618000,2026-05-15 14:11:38+00:00,618.0,91.4,90.92,94.2,-4.439995,-4.632716,3.0,109.0,0.506840869140625,True,REGULAR,USD,call,2026-05-22,QQQ,92.56
QQQ260522C00619000,2026-05-15 13:30:02+00:00,619.0,91.57,90.35,93.79,-6.4400024,-6.5707603,1.0,52.0,0.5720257641601563,True,REGULAR,USD,call,2026-05-22,QQQ,92.07
QQQ260522C00620000,2026-05-15 13:42:52+00:00,620.0,91.81,88.94,92.5,-9.4900055,-9.368218,119.0,1620.0,0.5358933129882812,True,REGULAR,USD,call,2026-05-22,QQQ,90.72
QQQ260522C00621000,2026-05-14 14:31:33+00:00,621.0,97.82,87.93,91.34,0.0,0.0,2.0,29.0,0.5112353564453125,True,REGULAR,USD,call,2026-05-22,QQQ,89.635
QQQ260522C00622000,2026-05-11 14:14:29+00:00,622.0,91.7,86.91,90.37,0.0,0.0,3.0,39.0,0.5100146655273439,True,REGULAR,USD,call,2026-05-22,QQQ,88.64
QQQ260522C00623000,2026-05-08 17:33:05+00:00,623.0,88.58,86.09,89.53,0.0,0.0,23.0,50.0,0.5236864038085938,True,REGULAR,USD,call,2026-05-22,QQQ,87.81
QQQ260522C00624000,2026-05-14 13:50:31+00:00,624.0,96.18,84.94,88.36,0.0,0.0,1.0,71.0,0.49878430908203125,True,REGULAR,USD,call,2026-05-22,QQQ,86.65
QQQ260522C00625000,2026-05-15 14:59:11+00:00,625.0,86.57,84.31,87.59,-11.550003,-11.771302,65.0,692.0,0.5197801928710937,True,REGULAR,USD,call,2026-05-22,QQQ,85.95
QQQ260522C00626000,2026-05-08 16:19:15+00:00,626.0,83.4,83.38,86.94,0.0,0.0,13.0,80.0,0.5481002221679689,True,REGULAR,USD,call,2026-05-22,QQQ,85.16
QQQ260522C00627000,2026-05-12 15:08:32+00:00,627.0,77.27,81.95,85.55,0.0,0.0,2.0,40.0,0.5051319018554687,True,REGULAR,USD,call,2026-05-22,QQQ,83.75
QQQ260522C00628000,2026-05-15 14:36:03+00:00,628.0,84.2,81.01,84.61,1.2999954,1.5681489,1.0,88.0,0.5061084545898438,True,REGULAR,USD,call,2026-05-22,QQQ,82.81
QQQ260522C00629000,2026-05-12 18:28:01+00:00,629.0,75.52,80.11,83.42,0.0,0.0,43.0,217.0,0.4804739453125,True,REGULAR,USD,call,2026-05-22,QQQ,81.765
QQQ260522C00630000,2026-05-14 19:23:51+00:00,630.0,91.34,79.0,82.24,0.0,0.0,17.0,737.0,0.45361874511718747,True,REGULAR,USD,call,2026-05-22,QQQ,80.62
QQQ260522C00631000,2026-05-14 19:55:23+00:00,631.0,89.11,77.99,81.47,0.0,0.0,6.0,144.0,0.4758353198242187,True,REGULAR,USD,call,2026-05-22,QQQ,79.72999999999999
QQQ260522C00632000,2026-05-15 13:34:00+00:00,632.0,77.62,77.0,80.25,-4.8799973,-5.9151483,2.0,61.0,0.44507390869140623,True,REGULAR,USD,call,2026-05-22,QQQ,78.625
QQQ260522C00633000,2026-05-14 17:51:54+00:00,633.0,88.38,76.42,79.9,0.0,0.0,10.0,147.0,0.5063525927734375,True,REGULAR,USD,call,2026-05-22,QQQ,78.16
QQQ260522C00634000,2026-05-15 14:45:00+00:00,634.0,78.62,75.12,78.51,5.8700027,8.068732,40.0,89.0,0.4646049633789063,True,REGULAR,USD,call,2026-05-22,QQQ,76.815
QQQ260522C00635000,2026-05-15 14:59:11+00:00,635.0,76.59,74.06,77.28,-12.300003,-13.83733,2.0,398.0,0.4338435522460938,True,REGULAR,USD,call,2026-05-22,QQQ,75.67
QQQ260522C00636000,2026-05-13 13:38:47+00:00,636.0,75.84,73.08,76.29,2.869995,3.9331164,1.0,81.0,0.43018147949218755,True,REGULAR,USD,call,2026-05-22,QQQ,74.685
QQQ260522C00637000,2026-05-11 17:28:34+00:00,637.0,78.07,72.46,75.92,0.0,0.0,2.0,145.0,0.4862111926269531,True,REGULAR,USD,call,2026-05-22,QQQ,74.19
QQQ260522C00638000,2026-05-14 15:18:13+00:00,638.0,84.05,71.05,74.67,0.0,0.0,1.0,119.0,0.4592339233398438,True,REGULAR,USD,call,2026-05-22,QQQ,72.86
QQQ260522C00639000,2026-05-13 19:54:39+00:00,639.0,76.47,70.11,73.45,0.0,0.0,1.0,84.0,0.4327449304199219,True,REGULAR,USD,call,2026-05-22,QQQ,71.78
QQQ260522C00640000,2026-05-15 14:17:51+00:00,640.0,72.0,69.48,73.0,-8.370003,-10.414336,3.0,862.0,0.4762015270996094,True,REGULAR,USD,call,2026-05-22,QQQ,71.24000000000001
QQQ260522C00641000,2026-05-15 14:06:52+00:00,641.0,67.39,68.08,71.35,-8.959999,-11.735428,1.0,117.0,0.41199318481445313,True,REGULAR,USD,call,2026-05-22,QQQ,69.715
QQQ260522C00642000,2026-05-15 14:37:06+00:00,642.0,70.27,67.09,70.48,-10.5,-12.999877,2.0,179.0,0.4204159521484375,True,REGULAR,USD,call,2026-05-22,QQQ,68.785
QQQ260522C00643000,2026-05-14 17:52:43+00:00,643.0,78.42,66.23,69.76,0.0,0.0,13.0,113.0,0.44043528320312497,True,REGULAR,USD,call,2026-05-22,QQQ,67.995
QQQ260522C00644000,2026-05-11 14:21:43+00:00,644.0,70.25,65.53,69.25,0.0,0.0,1.0,151.0,0.4721732470703125,True,REGULAR,USD,call,2026-05-22,QQQ,67.39
QQQ260522C00645000,2026-05-15 14:31:28+00:00,645.0,68.72,64.55,68.03,-9.309998,-11.931306,1.0,2068.0,0.4508111560058594,True,REGULAR,USD,call,2026-05-22,QQQ,66.28999999999999
QQQ260522C00646000,2026-05-12 15:25:46+00:00,646.0,56.21,63.28,66.77,0.0,0.0,11.0,222.0,0.42517664672851563,True,REGULAR,USD,call,2026-05-22,QQQ,65.025
QQQ260522C00647000,2026-05-14 15:38:12+00:00,647.0,74.04,62.29,65.55,0.0,0.0,1.0,206.0,0.40112903564453123,True,REGULAR,USD,call,2026-05-22,QQQ,63.92
QQQ260522C00648000,2026-05-14 14:54:23+00:00,648.0,73.0,61.3,64.53,0.0,0.0,2.0,220.0,0.3940490283203125,True,REGULAR,USD,call,2026-05-22,QQQ,62.915
QQQ260522C00649000,2026-05-14 20:04:07+00:00,649.0,72.46,60.6,64.26,0.0,0.0,2.0,246.0,0.44434149414062496,True,REGULAR,USD,call,2026-05-22,QQQ,62.43000000000001
QQQ260522C00650000,2026-05-15 14:51:08+00:00,650.0,61.41,60.25,63.2,-10.030003,-14.039757,23.0,1120.0,0.43469803588867195,True,REGULAR,USD,call,2026-05-22,QQQ,61.725
QQQ260522C00651000,2026-05-15 14:11:15+00:00,651.0,58.98,58.36,61.62,-11.420002,-16.221594,4.0,305.0,0.38611453735351553,True,REGULAR,USD,call,2026-05-22,QQQ,59.989999999999995
QQQ260522C00652000,2026-05-14 16:54:07+00:00,652.0,69.67,57.38,60.76,0.0,0.0,2.0,137.0,0.3920959228515625,True,REGULAR,USD,call,2026-05-22,QQQ,59.07
QQQ260522C00653000,2026-05-14 19:49:56+00:00,653.0,56.2,56.42,60.0,-12.210003,-17.84827,2.0,276.0,0.40418076293945315,True,REGULAR,USD,call,2026-05-22,QQQ,58.21
QQQ260522C00654000,2026-05-12 13:40:18+00:00,654.0,56.17,55.31,58.66,0.0,0.0,6.0,238.0,0.37354142089843745,True,REGULAR,USD,call,2026-05-22,QQQ,56.985
QQQ260522C00655000,2026-05-15 14:56:05+00:00,655.0,56.87,54.83,58.49,-9.509998,-14.326602,12.0,1683.0,0.4242000939941406,True,REGULAR,USD,call,2026-05-22,QQQ,56.66
QQQ260522C00656000,2026-05-14 13:59:48+00:00,656.0,61.65,53.74,57.33,0.0,0.0,1.0,306.0,0.40869731933593745,True,REGULAR,USD,call,2026-05-22,QQQ,55.535
QQQ260522C00657000,2026-05-14 15:53:04+00:00,657.0,51.92,52.41,55.95,-13.520004,-20.660154,2.0,326.0,0.37854625366210937,True,REGULAR,USD,call,2026-05-22,QQQ,54.18
QQQ260522C00658000,2026-05-15 13:33:51+00:00,658.0,51.86,51.56,54.91,-11.599998,-18.27923,1.0,447.0,0.3702455554199219,True,REGULAR,USD,call,2026-05-22,QQQ,53.235
QQQ260522C00659000,2026-05-13 19:35:35+00:00,659.0,52.91,50.59,54.1,-5.209999,-8.9642105,12.0,267.0,0.37720349365234374,True,REGULAR,USD,call,2026-05-22,QQQ,52.345
QQQ260522C00660000,2026-05-15 14:50:10+00:00,660.0,51.3,49.56,52.78,-9.77,-15.998036,559.0,2328.0,0.3501041552734374,True,REGULAR,USD,call,2026-05-22,QQQ,51.17
QQQ260522C00661000,2026-05-13 19:29:01+00:00,661.0,56.11,48.63,51.88,0.0,0.0,6.0,246.0,0.35156898437499995,True,REGULAR,USD,call,2026-05-22,QQQ,50.255
QQQ260522C00662000,2026-05-14 13:41:46+00:00,662.0,57.11,47.82,50.89,0.0,0.0,2.0,333.0,0.34668622070312494,True,REGULAR,USD,call,2026-05-22,QQQ,49.355000000000004
QQQ260522C00663000,2026-05-15 15:00:47+00:00,663.0,48.84,46.87,50.07,-9.860001,-16.797276,18.0,820.0,0.3526676062011719,True,REGULAR,USD,call,2026-05-22,QQQ,48.47
QQQ260522C00664000,2026-05-15 15:00:47+00:00,664.0,47.8,47.35,47.49,-1.0499992,-2.1494355,2.0,326.0,1.0000000000000003e-05,True,REGULAR,USD,call,2026-05-22,QQQ,47.42
QQQ260522C00665000,2026-05-15 14:51:59+00:00,665.0,46.24,46.65,46.87,-9.6799965,-17.310438,28.0,932.0,0.23731231445312498,True,REGULAR,USD,call,2026-05-22,QQQ,46.76
QQQ260522C00666000,2026-05-15 14:00:57+00:00,666.0,42.8,45.09,45.2,-14.16,-24.85955,4.0,161.0,1.0000000000000003e-05,True,REGULAR,USD,call,2026-05-22,QQQ,45.145
QQQ260522C00667000,2026-05-13 19:35:16+00:00,667.0,50.4,44.23,44.34,0.0,0.0,2.0,229.0,1.0000000000000003e-05,True,REGULAR,USD,call,2026-05-22,QQQ,44.285
QQQ260522C00668000,2026-05-15 14:48:12+00:00,668.0,44.0,43.73,43.84,-9.5,-17.75701,60.0,269.0,0.2192460888671875,True,REGULAR,USD,call,2026-05-22,QQQ,43.785
QQQ260522C00669000,2026-05-14 14:14:01+00:00,669.0,50.03,42.47,42.58,0.0,0.0,2.0,269.0,1.0000000000000003e-05,True,REGULAR,USD,call,2026-05-22,QQQ,42.525
QQQ260522C00670000,2026-05-15 14:51:27+00:00,670.0,41.45,41.48,41.59,-9.869999,-19.232265,79.0,1698.0,1.0000000000000003e-05,True,REGULAR,USD,call,2026-05-22,QQQ,41.535
QQQ260522C00671000,2026-05-14 14:26:00+00:00,671.0,48.83,40.24,41.26,0.0,0.0,3.0,173.0,0.2523268127441406,True,REGULAR,USD,call,2026-05-22,QQQ,40.75
QQQ260522C00672000,2026-05-15 13:49:35+00:00,672.0,37.54,40.02,40.13,-12.32,-24.709185,5.0,232.0,0.23584748535156247,True,REGULAR,USD,call,2026-05-22,QQQ,40.075
QQQ260522C00673000,2026-05-13 18:37:16+00:00,673.0,37.64,38.49,38.61,-7.260002,-16.16927,3.0,300.0,1.0000000000000003e-05,True,REGULAR,USD,call,2026-05-22,QQQ,38.55
QQQ260522C00674000,2026-05-15 13:58:40+00:00,674.0,35.73,37.66,37.78,-7.2700005,-16.906979,3.0,307.0,0.18311363769531247,True,REGULAR,USD,call,2026-05-22,QQQ,37.72
QQQ260522C00675000,2026-05-15 14:09:25+00:00,675.0,35.96,36.74,36.85,-10.25,-22.181347,24.0,3920.0,0.18994950683593753,True,REGULAR,USD,call,2026-05-22,QQQ,36.795
QQQ260522C00676000,2026-05-13 19:52:29+00:00,676.0,34.02,35.65,35.98,-7.0699997,-17.206133,1.0,295.0,0.20142400146484374,True,REGULAR,USD,call,2026-05-22,QQQ,35.815
QQQ260522C00677000,2026-05-15 14:44:18+00:00,677.0,36.62,34.88,34.97,-8.210003,-18.313635,10.0,197.0,0.19556468505859376,True,REGULAR,USD,call,2026-05-22,QQQ,34.925
QQQ260522C00678000,2026-05-15 14:41:10+00:00,678.0,35.96,33.91,34.02,-8.130001,-18.439558,23.0,147.0,0.19605296142578127,True,REGULAR,USD,call,2026-05-22,QQQ,33.965
QQQ260522C00679000,2026-05-13 19:55:19+00:00,679.0,32.45,33.13,33.24,-5.5599976,-14.627724,2.0,271.0,0.2098467687988281,True,REGULAR,USD,call,2026-05-22,QQQ,33.185
QQQ260522C00680000,2026-05-15 14:31:56+00:00,680.0,33.34,32.3,32.41,-8.669998,-20.63794,372.0,1376.0,0.2166826379394531,True,REGULAR,USD,call,2026-05-22,QQQ,32.355
QQQ260522C00681000,2026-05-15 13:38:37+00:00,681.0,29.87,31.33,31.45,-11.210001,-27.28822,15.0,145.0,0.213875048828125,True,REGULAR,USD,call,2026-05-22,QQQ,31.39
QQQ260522C00682000,2026-05-15 14:45:00+00:00,682.0,32.29,30.57,30.68,-5.450001,-14.440912,45.0,302.0,0.222114712524414,True,REGULAR,USD,call,2026-05-22,QQQ,30.625
QQQ260522C00683000,2026-05-15 13:35:24+00:00,683.0,29.44,29.75,29.86,-9.140001,-23.691034,5.0,567.0,0.2260819580078125,True,REGULAR,USD,call,2026-05-22,QQQ,29.805
QQQ260522C00684000,2026-05-14 19:17:29+00:00,684.0,28.12,29.1,29.21,-10.199999,-26.61795,5.0,486.0,0.23706817626953125,True,REGULAR,USD,call,2026-05-22,QQQ,29.155
QQQ260522C00685000,2026-05-15 14:59:51+00:00,685.0,28.19,28.04,28.14,-9.309999,-24.826666,38.0,1053.0,0.22766885620117186,True,REGULAR,USD,call,2026-05-22,QQQ,28.09
QQQ260522C00686000,2026-05-13 14:25:35+00:00,686.0,24.63,26.82,26.94,-3.0300007,-10.954449,1.0,136.0,0.2122881506347656,True,REGULAR,USD,call,2026-05-22,QQQ,26.880000000000003
QQQ260522C00687000,2026-05-15 13:52:57+00:00,687.0,26.7,25.97,26.09,-9.259998,-25.75083,11.0,174.0,0.2132036688232422,True,REGULAR,USD,call,2026-05-22,QQQ,26.03
QQQ260522C00688000,2026-05-15 14:01:12+00:00,688.0,23.64,25.46,25.57,-10.940002,-31.63679,1.0,1579.0,0.22724161437988277,True,REGULAR,USD,call,2026-05-22,QQQ,25.515
QQQ260522C00689000,2026-05-15 14:47:15+00:00,689.0,25.11,24.55,24.66,-8.860001,-26.081839,16.0,169.0,0.22425092163085933,True,REGULAR,USD,call,2026-05-22,QQQ,24.605
QQQ260522C00690000,2026-05-15 14:59:51+00:00,690.0,23.94,23.79,23.89,-8.76,-26.78899,120.0,1354.0,0.22632609619140626,True,REGULAR,USD,call,2026-05-22,QQQ,23.84
QQQ260522C00691000,2026-05-15 14:52:49+00:00,691.0,22.78,22.8,22.91,-8.469999,-27.103998,12.0,209.0,0.22022264160156246,True,REGULAR,USD,call,2026-05-22,QQQ,22.855
QQQ260522C00692000,2026-05-14 18:49:16+00:00,692.0,22.06,22.08,22.19,-8.290001,-27.314667,2.0,146.0,0.22321333435058593,True,REGULAR,USD,call,2026-05-22,QQQ,22.134999999999998
QQQ260522C00693000,2026-05-15 14:49:02+00:00,693.0,21.76,21.3,21.4,-7.9300003,-26.70933,2.0,298.0,0.22327436889648436,True,REGULAR,USD,call,2026-05-22,QQQ,21.35
QQQ260522C00694000,2026-05-15 14:44:08+00:00,694.0,21.0,20.34,20.45,-8.860001,-29.671803,32.0,228.0,0.2176591906738281,True,REGULAR,USD,call,2026-05-22,QQQ,20.395
QQQ260522C00695000,2026-05-15 14:49:39+00:00,695.0,20.13,19.59,19.69,-8.52,-29.738222,102.0,2318.0,0.2179643634033203,True,REGULAR,USD,call,2026-05-22,QQQ,19.64
QQQ260522C00696000,2026-05-15 13:53:27+00:00,696.0,18.26,18.75,18.85,-9.23,-33.575844,1.0,188.0,0.21540091247558596,True,REGULAR,USD,call,2026-05-22,QQQ,18.8
QQQ260522C00697000,2026-05-15 14:12:54+00:00,697.0,19.23,18.2,18.3,-7.6499996,-28.45982,40.0,579.0,0.22116867706298826,True,REGULAR,USD,call,2026-05-22,QQQ,18.25
QQQ260522C00698000,2026-05-15 14:48:03+00:00,698.0,18.0,17.26,17.37,-7.5599995,-29.577463,7.0,1760.0,0.21527884338378905,True,REGULAR,USD,call,2026-05-22,QQQ,17.315
QQQ260522C00699000,2026-05-15 14:54:07+00:00,699.0,16.91,17.01,17.1,-8.16,-32.548862,138.0,3192.0,0.22766885620117186,True,REGULAR,USD,call,2026-05-22,QQQ,17.055
QQQ260522C00700000,2026-05-15 15:01:36+00:00,700.0,16.67,15.92,16.01,-6.5599995,-28.239344,366.0,2897.0,0.21674367248535154,True,REGULAR,USD,call,2026-05-22,QQQ,15.965
QQQ260522C00701000,2026-05-15 14:39:59+00:00,701.0,16.33,15.11,15.22,-8.210001,-33.455585,10.0,213.0,0.213875048828125,True,REGULAR,USD,call,2026-05-22,QQQ,15.165
QQQ260522C00702000,2026-05-15 14:26:07+00:00,702.0,15.84,14.64,14.74,-7.0300007,-30.73896,147.0,308.0,0.21881884704589843,True,REGULAR,USD,call,2026-05-22,QQQ,14.690000000000001
QQQ260522C00703000,2026-05-15 14:25:11+00:00,703.0,15.17,14.01,14.11,-6.209999,-29.045834,34.0,677.0,0.21930712341308595,True,REGULAR,USD,call,2026-05-22,QQQ,14.059999999999999
QQQ260522C00704000,2026-05-15 14:09:25+00:00,704.0,12.86,13.24,13.33,-8.349999,-39.36822,58.0,363.0,0.21558401611328126,True,REGULAR,USD,call,2026-05-22,QQQ,13.285
QQQ260522C00705000,2026-05-15 15:02:38+00:00,705.0,12.65,12.6,12.66,-7.550001,-37.376244,784.0,4998.0,0.2142412561035156,True,REGULAR,USD,call,2026-05-22,QQQ,12.629999999999999
QQQ260522C00706000,2026-05-15 14:52:47+00:00,706.0,11.96,12.18,12.25,-7.7799997,-39.41236,194.0,1011.0,0.21894091613769529,True,REGULAR,USD,call,2026-05-22,QQQ,12.215
QQQ260522C00707000,2026-05-15 14:56:50+00:00,707.0,11.57,11.44,11.5,-7.3600006,-38.88009,637.0,915.0,0.2148516015625,True,REGULAR,USD,call,2026-05-22,QQQ,11.469999999999999
QQQ260522C00710000,2026-05-15 15:02:11+00:00,710.0,10.07,9.81,9.85,-6.5599995,-39.44678,11466.0,6794.0,0.21479056701660154,True,REGULAR,USD,call,2026-05-22,QQQ,9.83
QQQ260522C00715000,2026-05-15 15:02:46+00:00,715.0,7.27,7.16,7.2,-6.0800004,-45.543076,2126.0,7286.0,0.2085650433349609,False,REGULAR,USD,call,2026-05-22,QQQ,7.18
QQQ260522C00720000,2026-05-15 15:02:26+00:00,720.0,5.28,5.14,5.19,-5.02,-48.73786,2264.0,6502.0,0.20691711059570309,False,REGULAR,USD,call,2026-05-22,QQQ,5.165
QQQ260522C00725000,2026-05-15 15:03:06+00:00,725.0,3.45,3.43,3.47,-4.38,-55.938698,1589.0,3183.0,0.20142400146484374,False,REGULAR,USD,call,2026-05-22,QQQ,3.45
QQQ260522C00730000,2026-05-15 14:58:13+00:00,730.0,2.44,2.27,2.31,-3.19,-56.660744,1097.0,8237.0,0.20032537963867186,False,REGULAR,USD,call,2026-05-22,QQQ,2.29
QQQ260522C00735000,2026-05-15 15:01:18+00:00,735.0,1.53,1.44,1.48,-2.45,-61.55779,843.0,4676.0,0.1994098614501953,False,REGULAR,USD,call,2026-05-22,QQQ,1.46
QQQ260522C00740000,2026-05-15 15:01:34+00:00,740.0,0.95,0.89,0.91,-1.71,-64.28571,1751.0,6026.0,0.19849434326171872,False,REGULAR,USD,call,2026-05-22,QQQ,0.9
QQQ260522C00745000,2026-05-15 15:00:29+00:00,745.0,0.54,0.53,0.55,-1.0999999,-67.07317,797.0,1391.0,0.19873848144531248,False,REGULAR,USD,call,2026-05-22,QQQ,0.54
QQQ260522C00750000,2026-05-15 14:55:38+00:00,750.0,0.34,0.33,0.34,-0.7199999,-67.92452,2974.0,4133.0,0.20117986328124998,False,REGULAR,USD,call,2026-05-22,QQQ,0.335
QQQ260522C00760000,2026-05-15 14:50:26+00:00,760.0,0.13,0.11,0.12,-0.27,-67.5,189.0,2532.0,0.20508607421874997,False,REGULAR,USD,call,2026-05-22,QQQ,0.11499999999999999
QQQ260522C00770000,2026-05-15 14:54:53+00:00,770.0,0.05,0.06,0.07,-0.120000005,-70.588234,453.0,1334.0,0.22364057617187497,False,REGULAR,USD,call,2026-05-22,QQQ,0.065
QQQ260522C00780000,2026-05-15 14:54:42+00:00,780.0,0.04,0.03,0.05,-0.030000001,-42.857143,141.0,1300.0,0.245124736328125,False,REGULAR,USD,call,2026-05-22,QQQ,0.04
QQQ260522C00790000,2026-05-15 14:43:08+00:00,790.0,0.02,0.02,0.03,-0.02,-50.0,48.0,1070.0,0.260749580078125,False,REGULAR,USD,call,2026-05-22,QQQ,0.025
QQQ260522C00800000,2026-05-14 20:07:23+00:00,800.0,0.01,0.01,0.04,-0.02,-66.66667,10.0,655.0,0.29688203124999996,False,REGULAR,USD,call,2026-05-22,QQQ,0.025
QQQ260522C00820000,2026-05-15 14:42:45+00:00,820.0,0.01,0.01,0.03,-0.01,-50.0,83.0,140.0,0.34180345703125,False,REGULAR,USD,call,2026-05-22,QQQ,0.02
QQQ260522P00440000,2026-05-12 14:57:58+00:00,440.0,0.02,0.01,0.02,0.0,0.0,11.0,154.0,1.015629921875,False,REGULAR,USD,put,2026-05-22,QQQ,0.015
QQQ260522P00445000,2026-05-14 19:07:27+00:00,445.0,0.02,0.01,0.02,0.0,0.0,1.0,158.0,0.992187578125,False,REGULAR,USD,put,2026-05-22,QQQ,0.015
QQQ260522P00450000,2026-05-12 18:46:03+00:00,450.0,0.01,0.01,0.03,0.0,0.0,17.0,228.0,0.992187578125,False,REGULAR,USD,put,2026-05-22,QQQ,0.02
QQQ260522P00455000,2026-05-13 17:43:41+00:00,455.0,0.02,0.01,0.03,0.0,0.0,3.0,213.0,0.9687503125,False,REGULAR,USD,put,2026-05-22,QQQ,0.02
QQQ260522P00460000,2026-05-08 14:09:45+00:00,460.0,0.03,0.01,0.03,0.0,0.0,2.0,117.0,0.945313046875,False,REGULAR,USD,put,2026-05-22,QQQ,0.02
QQQ260522P00470000,2026-05-12 18:39:46+00:00,470.0,0.02,0.01,0.03,0.0,0.0,100.0,451.0,0.8984385156249999,False,REGULAR,USD,put,2026-05-22,QQQ,0.02
QQQ260522P00475000,2026-05-14 20:03:16+00:00,475.0,0.02,0.01,0.03,0.0,0.0,1.0,336.0,0.8828136718749999,False,REGULAR,USD,put,2026-05-22,QQQ,0.02
QQQ260522P00480000,2026-05-13 17:07:03+00:00,480.0,0.01,0.01,0.03,0.0,0.0,3.0,865.0,0.85937640625,False,REGULAR,USD,put,2026-05-22,QQQ,0.02
QQQ260522P00485000,2026-05-08 15:47:11+00:00,485.0,0.04,0.01,0.03,0.0,0.0,100.0,658.0,0.8359391406249999,False,REGULAR,USD,put,2026-05-22,QQQ,0.02
QQQ260522P00490000,2026-05-15 14:43:51+00:00,490.0,0.02,0.01,0.03,0.0,0.0,1.0,825.0,0.8164080859374999,False,REGULAR,USD,put,2026-05-22,QQQ,0.02
QQQ260522P00500000,2026-05-15 14:41:17+00:00,500.0,0.03,0.01,0.03,0.0,0.0,14.0,757.0,0.773439765625,False,REGULAR,USD,put,2026-05-22,QQQ,0.02
QQQ260522P00501000,2026-05-08 17:37:05+00:00,501.0,0.06,0.01,0.03,0.0,0.0,,58.0,0.773439765625,False,REGULAR,USD,put,2026-05-22,QQQ,0.02
QQQ260522P00502000,2026-05-08 18:09:16+00:00,502.0,0.06,0.01,0.03,0.0,0.0,,142.0,0.7656273437500001,False,REGULAR,USD,put,2026-05-22,QQQ,0.02
QQQ260522P00503000,2026-05-08 17:11:17+00:00,503.0,0.06,0.01,0.04,0.0,0.0,,3.0,0.7773459765625,False,REGULAR,USD,put,2026-05-22,QQQ,0.025
QQQ260522P00509000,2026-05-08 17:54:28+00:00,509.0,0.07,0.02,0.04,0.0,0.0,,72.0,0.7656273437500001,False,REGULAR,USD,put,2026-05-22,QQQ,0.03
QQQ260522P00510000,2026-05-14 19:44:29+00:00,510.0,0.03,0.01,0.04,0.0,0.0,605.0,1086.0,0.7500025,False,REGULAR,USD,put,2026-05-22,QQQ,0.025
QQQ260522P00511000,2026-05-12 16:52:59+00:00,511.0,0.05,0.02,0.04,0.0,0.0,12.0,119.0,0.7578149218750001,False,REGULAR,USD,put,2026-05-22,QQQ,0.03
QQQ260522P00514000,2026-05-13 13:39:43+00:00,514.0,0.04,0.02,0.04,0.0,0.0,100.0,310.0,0.7421900781249999,False,REGULAR,USD,put,2026-05-22,QQQ,0.03
QQQ260522P00515000,2026-05-11 18:28:13+00:00,515.0,0.04,0.01,0.04,0.0,0.0,1.0,414.0,0.726565234375,False,REGULAR,USD,put,2026-05-22,QQQ,0.025
QQQ260522P00516000,2026-05-08 13:56:00+00:00,516.0,0.07,0.02,0.04,0.0,0.0,,447.0,0.73437765625,False,REGULAR,USD,put,2026-05-22,QQQ,0.03
QQQ260522P00517000,2026-05-14 13:38:40+00:00,517.0,0.04,0.02,0.04,0.0,0.0,2.0,362.0,0.7304714453125,False,REGULAR,USD,put,2026-05-22,QQQ,0.03
QQQ260522P00518000,2026-05-08 13:50:47+00:00,518.0,0.07,0.01,0.04,0.0,0.0,,64.0,0.7148466015625,False,REGULAR,USD,put,2026-05-22,QQQ,0.025
QQQ260522P00520000,2026-05-14 14:14:50+00:00,520.0,0.04,0.01,0.04,0.0,0.0,12.0,565.0,0.7070341796875,False,REGULAR,USD,put,2026-05-22,QQQ,0.025
QQQ260522P00521000,2026-05-13 13:30:40+00:00,521.0,0.04,0.02,0.04,0.0,0.0,100.0,106.0,0.7148466015625,False,REGULAR,USD,put,2026-05-22,QQQ,0.03
QQQ260522P00523000,2026-05-08 13:43:05+00:00,523.0,0.08,0.01,0.04,0.0,0.0,,12.0,0.6953155468750001,False,REGULAR,USD,put,2026-05-22,QQQ,0.025
QQQ260522P00525000,2026-05-14 14:12:56+00:00,525.0,0.03,0.01,0.04,0.0,0.0,1.0,894.0,0.6875031250000001,False,REGULAR,USD,put,2026-05-22,QQQ,0.025
QQQ260522P00530000,2026-05-13 17:07:20+00:00,530.0,0.04,0.03,0.04,0.0,0.0,5.0,393.0,0.6875031250000001,False,REGULAR,USD,put,2026-05-22,QQQ,0.035
QQQ260522P00531000,2026-05-04 16:27:13+00:00,531.0,0.25,0.02,0.04,0.0,0.0,,1.0,0.6757844921875001,False,REGULAR,USD,put,2026-05-22,QQQ,0.03
QQQ260522P00532000,2026-05-15 14:41:55+00:00,532.0,0.04,0.02,0.05,-0.030000001,-42.857143,2.0,82.0,0.6796907031250001,False,REGULAR,USD,put,2026-05-22,QQQ,0.035
QQQ260522P00535000,2026-05-13 17:38:14+00:00,535.0,0.06,0.02,0.05,0.0,0.0,4.0,456.0,0.6679720703125002,False,REGULAR,USD,put,2026-05-22,QQQ,0.035
QQQ260522P00537000,2026-05-04 19:54:33+00:00,537.0,0.27,0.03,0.05,0.0,0.0,,1.0,0.6679720703125002,False,REGULAR,USD,put,2026-05-22,QQQ,0.04
QQQ260522P00539000,2026-05-04 14:56:27+00:00,539.0,0.22,0.02,0.05,0.0,0.0,,10.0,0.6523472265625001,False,REGULAR,USD,put,2026-05-22,QQQ,0.035
QQQ260522P00540000,2026-05-13 16:24:28+00:00,540.0,0.06,0.02,0.05,0.0,0.0,8.0,625.0,0.648441015625,False,REGULAR,USD,put,2026-05-22,QQQ,0.035
QQQ260522P00545000,2026-05-14 18:05:59+00:00,545.0,0.04,0.03,0.05,0.0,0.0,2.0,276.0,0.6367223828125,False,REGULAR,USD,put,2026-05-22,QQQ,0.04
QQQ260522P00546000,2026-05-14 14:02:55+00:00,546.0,0.04,0.03,0.05,0.0,0.0,10.0,29.0,0.632816171875,False,REGULAR,USD,put,2026-05-22,QQQ,0.04
QQQ260522P00547000,2026-05-13 17:39:59+00:00,547.0,0.06,0.03,0.05,0.0,0.0,46.0,76.0,0.6289099609375001,False,REGULAR,USD,put,2026-05-22,QQQ,0.04
QQQ260522P00549000,2026-05-08 17:31:15+00:00,549.0,0.13,0.04,0.05,0.0,0.0,,2.0,0.6269568554687501,False,REGULAR,USD,put,2026-05-22,QQQ,0.045
QQQ260522P00550000,2026-05-15 14:51:13+00:00,550.0,0.05,0.04,0.05,0.010000002,25.000004,22.0,2255.0,0.62305064453125,False,REGULAR,USD,put,2026-05-22,QQQ,0.045
QQQ260522P00553000,2026-05-15 14:54:10+00:00,553.0,0.05,0.03,0.06,-0.05,-50.0,5.0,99.0,0.6113320117187502,False,REGULAR,USD,put,2026-05-22,QQQ,0.045
QQQ260522P00554000,2026-05-13 15:02:51+00:00,554.0,0.07,0.04,0.06,0.0,0.0,7.0,135.0,0.6132851171875001,False,REGULAR,USD,put,2026-05-22,QQQ,0.05
QQQ260522P00555000,2026-05-14 14:24:13+00:00,555.0,0.06,0.03,0.06,0.0,0.0,1.0,523.0,0.6035195898437502,False,REGULAR,USD,put,2026-05-22,QQQ,0.045
QQQ260522P00556000,2026-05-13 19:12:57+00:00,556.0,0.07,0.04,0.06,0.0,0.0,240.0,372.0,0.6054726953125001,False,REGULAR,USD,put,2026-05-22,QQQ,0.05
QQQ260522P00557000,2026-05-15 13:48:11+00:00,557.0,0.07,0.03,0.06,-0.080000006,-53.333336,1.0,130.0,0.59570716796875,False,REGULAR,USD,put,2026-05-22,QQQ,0.045
QQQ260522P00558000,2026-05-13 15:29:12+00:00,558.0,0.08,0.03,0.06,0.0,0.0,60.0,606.0,0.5898478515625001,False,REGULAR,USD,put,2026-05-22,QQQ,0.045
QQQ260522P00559000,2026-05-13 17:03:27+00:00,559.0,0.07,0.04,0.06,0.0,0.0,1.0,192.0,0.5937540625000001,False,REGULAR,USD,put,2026-05-22,QQQ,0.05
QQQ260522P00560000,2026-05-14 18:58:46+00:00,560.0,0.05,0.04,0.06,0.0,0.0,18.0,341.0,0.5898478515625001,False,REGULAR,USD,put,2026-05-22,QQQ,0.05
QQQ260522P00561000,2026-05-05 17:18:18+00:00,561.0,0.28,0.04,0.06,0.0,0.0,5.0,57.0,0.585941640625,False,REGULAR,USD,put,2026-05-22,QQQ,0.05
QQQ260522P00562000,2026-05-08 14:14:11+00:00,562.0,0.14,0.04,0.06,0.0,0.0,2.0,79.0,0.5820354296875,False,REGULAR,USD,put,2026-05-22,QQQ,0.05
QQQ260522P00563000,2026-05-13 18:40:04+00:00,563.0,0.07,0.04,0.06,0.0,0.0,1.0,237.0,0.57812921875,False,REGULAR,USD,put,2026-05-22,QQQ,0.05
QQQ260522P00564000,2026-04-28 17:29:22+00:00,564.0,0.96,0.05,0.06,0.0,0.0,2.0,129.0,0.57812921875,False,REGULAR,USD,put,2026-05-22,QQQ,0.055
QQQ260522P00565000,2026-05-15 14:57:36+00:00,565.0,0.06,0.04,0.07,-0.02,-25.0,2.0,537.0,0.5742230078125,False,REGULAR,USD,put,2026-05-22,QQQ,0.05500000000000001
QQQ260522P00566000,2026-05-13 14:16:30+00:00,566.0,0.1,0.04,0.07,0.0,0.0,1.0,183.0,0.570316796875,False,REGULAR,USD,put,2026-05-22,QQQ,0.05500000000000001
QQQ260522P00567000,2026-05-12 14:25:55+00:00,567.0,0.14,0.05,0.07,0.0,0.0,1.0,122.0,0.5722699023437501,False,REGULAR,USD,put,2026-05-22,QQQ,0.060000000000000005
QQQ260522P00568000,2026-05-15 13:53:46+00:00,568.0,0.06,0.05,0.07,-0.030000005,-33.333336,8.0,200.0,0.56836369140625,False,REGULAR,USD,put,2026-05-22,QQQ,0.060000000000000005
QQQ260522P00569000,2026-05-15 13:55:54+00:00,569.0,0.07,0.06,0.07,-0.030000001,-30.0,4.0,83.0,0.56836369140625,False,REGULAR,USD,put,2026-05-22,QQQ,0.065
QQQ260522P00570000,2026-05-14 18:58:46+00:00,570.0,0.08,0.06,0.07,0.009999998,14.285711,5.0,981.0,0.5644574804687501,False,REGULAR,USD,put,2026-05-22,QQQ,0.065
QQQ260522P00571000,2026-05-15 14:18:52+00:00,571.0,0.07,0.05,0.07,-0.009999998,-12.499997,1.0,166.0,0.5546919531250001,False,REGULAR,USD,put,2026-05-22,QQQ,0.060000000000000005
QQQ260522P00572000,2026-05-14 18:53:25+00:00,572.0,0.07,0.05,0.07,0.0,0.0,1.0,83.0,0.5507857421875001,False,REGULAR,USD,put,2026-05-22,QQQ,0.060000000000000005
QQQ260522P00573000,2026-05-14 18:53:21+00:00,573.0,0.07,0.05,0.08,0.0,0.0,2.0,186.0,0.55273884765625,False,REGULAR,USD,put,2026-05-22,QQQ,0.065
QQQ260522P00574000,2026-05-12 13:50:33+00:00,574.0,0.16,0.06,0.08,0.0,0.0,1.0,55.0,0.55273884765625,False,REGULAR,USD,put,2026-05-22,QQQ,0.07
QQQ260522P00575000,2026-05-13 19:56:22+00:00,575.0,0.07,0.05,0.08,-0.020000003,-22.222223,11.0,325.0,0.5449264257812501,False,REGULAR,USD,put,2026-05-22,QQQ,0.065
QQQ260522P00576000,2026-05-13 18:10:42+00:00,576.0,0.1,0.06,0.08,0.0,0.0,10.0,159.0,0.5449264257812501,False,REGULAR,USD,put,2026-05-22,QQQ,0.07
QQQ260522P00577000,2026-05-11 17:48:52+00:00,577.0,0.16,0.06,0.08,0.0,0.0,2.0,205.0,0.5410202148437502,False,REGULAR,USD,put,2026-05-22,QQQ,0.07
QQQ260522P00578000,2026-05-15 14:19:44+00:00,578.0,0.08,0.06,0.08,0.009999998,14.285711,5.0,291.0,0.5361374511718751,False,REGULAR,USD,put,2026-05-22,QQQ,0.07
QQQ260522P00579000,2026-05-14 15:03:50+00:00,579.0,0.08,0.07,0.09,0.0,0.0,1.0,140.0,0.5400436621093752,False,REGULAR,USD,put,2026-05-22,QQQ,0.08
QQQ260522P00580000,2026-05-15 13:30:00+00:00,580.0,0.09,0.07,0.09,0.0,0.0,1.0,3179.0,0.5361374511718751,False,REGULAR,USD,put,2026-05-22,QQQ,0.08
QQQ260522P00581000,2026-05-14 15:28:44+00:00,581.0,0.07,0.07,0.09,0.0,0.0,1.0,138.0,0.5312546875,False,REGULAR,USD,put,2026-05-22,QQQ,0.08
QQQ260522P00582000,2026-05-15 14:04:22+00:00,582.0,0.1,0.07,0.09,-0.059999995,-37.499996,61.0,81.0,0.5273484765625001,False,REGULAR,USD,put,2026-05-22,QQQ,0.08
QQQ260522P00583000,2026-05-13 19:49:09+00:00,583.0,0.09,0.07,0.09,0.0,0.0,1.0,125.0,0.523442265625,False,REGULAR,USD,put,2026-05-22,QQQ,0.08
QQQ260522P00584000,2026-05-14 13:39:11+00:00,584.0,0.09,0.07,0.09,0.0,0.0,1.0,479.0,0.5195360546875,False,REGULAR,USD,put,2026-05-22,QQQ,0.08
QQQ260522P00585000,2026-05-15 13:39:43+00:00,585.0,0.11,0.07,0.09,0.009999998,9.999997,1.0,2921.0,0.51562984375,False,REGULAR,USD,put,2026-05-22,QQQ,0.08
QQQ260522P00586000,2026-05-08 18:31:12+00:00,586.0,0.11,0.07,0.09,-0.14999999,-57.692307,2.0,82.0,0.5117236328125,False,REGULAR,USD,put,2026-05-22,QQQ,0.08
QQQ260522P00587000,2026-05-08 19:52:20+00:00,587.0,0.19,0.08,0.1,0.0,0.0,6.0,114.0,0.5136767382812499,False,REGULAR,USD,put,2026-05-22,QQQ,0.09
QQQ260522P00588000,2026-05-12 14:42:53+00:00,588.0,0.12,0.07,0.1,-0.080000006,-40.000004,10.0,132.0,0.506840869140625,False,REGULAR,USD,put,2026-05-22,QQQ,0.085
QQQ260522P00589000,2026-05-14 13:50:46+00:00,589.0,0.1,0.07,0.1,0.0,0.0,3.0,231.0,0.5029346582031251,False,REGULAR,USD,put,2026-05-22,QQQ,0.085
QQQ260522P00590000,2026-05-14 17:24:20+00:00,590.0,0.11,0.08,0.1,0.0,0.0,46.0,1006.0,0.5019581054687501,False,REGULAR,USD,put,2026-05-22,QQQ,0.09
QQQ260522P00591000,2026-05-15 14:23:28+00:00,591.0,0.08,0.09,0.11,-0.010000005,-11.111116,1.0,297.0,0.5039112109375,False,REGULAR,USD,put,2026-05-22,QQQ,0.1
QQQ260522P00592000,2026-05-11 17:27:05+00:00,592.0,0.19,0.08,0.11,0.0,0.0,4.0,147.0,0.50586431640625,False,REGULAR,USD,put,2026-05-22,QQQ,0.095
QQQ260522P00593000,2026-05-15 14:23:28+00:00,593.0,0.14,0.08,0.11,0.060000002,75.0,1.0,80.0,0.5009815527343751,False,REGULAR,USD,put,2026-05-22,QQQ,0.095
QQQ260522P00594000,2026-05-14 19:00:35+00:00,594.0,0.09,0.1,0.11,0.0,0.0,1.0,184.0,0.49707534179687507,False,REGULAR,USD,put,2026-05-22,QQQ,0.10500000000000001
QQQ260522P00595000,2026-05-14 17:28:25+00:00,595.0,0.11,0.09,0.12,0.0,0.0,9.0,683.0,0.49805189453125004,False,REGULAR,USD,put,2026-05-22,QQQ,0.105
QQQ260522P00596000,2026-05-15 13:44:31+00:00,596.0,0.12,0.1,0.11,-0.020000003,-14.285716,5.0,127.0,0.48828636718750007,False,REGULAR,USD,put,2026-05-22,QQQ,0.10500000000000001
QQQ260522P00597000,2026-05-13 15:07:38+00:00,597.0,0.16,0.1,0.12,0.0,0.0,1.0,503.0,0.4892629199218751,False,REGULAR,USD,put,2026-05-22,QQQ,0.11
QQQ260522P00598000,2026-05-14 17:47:21+00:00,598.0,0.11,0.09,0.12,0.0,0.0,13.0,494.0,0.485356708984375,False,REGULAR,USD,put,2026-05-22,QQQ,0.105
QQQ260522P00599000,2026-05-13 18:55:01+00:00,599.0,0.13,0.1,0.12,-0.02000001,-13.333339,5.0,432.0,0.481450498046875,False,REGULAR,USD,put,2026-05-22,QQQ,0.11
QQQ260522P00600000,2026-05-15 14:23:24+00:00,600.0,0.12,0.1,0.12,0.019999996,19.999994,82.0,2712.0,0.477544287109375,False,REGULAR,USD,put,2026-05-22,QQQ,0.11
QQQ260522P00601000,2026-05-14 16:21:04+00:00,601.0,0.13,0.1,0.12,0.009999998,8.333331,20.0,125.0,0.4726615234375,False,REGULAR,USD,put,2026-05-22,QQQ,0.11
QQQ260522P00602000,2026-05-13 15:25:46+00:00,602.0,0.17,0.11,0.13,0.0,0.0,6.0,290.0,0.47363807617187503,False,REGULAR,USD,put,2026-05-22,QQQ,0.12
QQQ260522P00603000,2026-05-13 19:24:52+00:00,603.0,0.15,0.11,0.13,0.0,0.0,68.0,147.0,0.46973186523437505,False,REGULAR,USD,put,2026-05-22,QQQ,0.12
QQQ260522P00604000,2026-05-14 13:39:17+00:00,604.0,0.13,0.12,0.13,0.0,0.0,1.0,185.0,0.46484910156250003,False,REGULAR,USD,put,2026-05-22,QQQ,0.125
QQQ260522P00605000,2026-05-14 15:06:37+00:00,605.0,0.14,0.11,0.13,0.0,0.0,5.0,1284.0,0.46094289062500005,False,REGULAR,USD,put,2026-05-22,QQQ,0.12
QQQ260522P00606000,2026-05-13 19:19:45+00:00,606.0,0.15,0.12,0.14,-0.019999996,-11.764703,10.0,443.0,0.46094289062500005,False,REGULAR,USD,put,2026-05-22,QQQ,0.13
QQQ260522P00607000,2026-05-13 18:13:13+00:00,607.0,0.17,0.12,0.14,0.0,0.0,15.0,159.0,0.45703667968750006,False,REGULAR,USD,put,2026-05-22,QQQ,0.13
QQQ260522P00608000,2026-05-11 15:14:33+00:00,608.0,0.26,0.12,0.14,0.0,0.0,1.0,324.0,0.45264219238281256,False,REGULAR,USD,put,2026-05-22,QQQ,0.13
QQQ260522P00609000,2026-05-14 19:00:35+00:00,609.0,0.13,0.12,0.14,0.0,0.0,3.0,804.0,0.44824770507812495,False,REGULAR,USD,put,2026-05-22,QQQ,0.13
QQQ260522P00610000,2026-05-15 14:43:56+00:00,610.0,0.13,0.13,0.14,0.0,0.0,300.0,3720.0,0.44434149414062496,False,REGULAR,USD,put,2026-05-22,QQQ,0.135
QQQ260522P00611000,2026-05-13 18:56:40+00:00,611.0,0.18,0.13,0.15,0.0,0.0,11.0,345.0,0.44434149414062496,False,REGULAR,USD,put,2026-05-22,QQQ,0.14
QQQ260522P00612000,2026-05-15 14:39:46+00:00,612.0,0.14,0.14,0.15,0.0,0.0,10.0,464.0,0.43945873046875,False,REGULAR,USD,put,2026-05-22,QQQ,0.14500000000000002
QQQ260522P00613000,2026-05-14 14:40:20+00:00,613.0,0.16,0.14,0.16,0.0,0.0,10.0,193.0,0.43945873046875,False,REGULAR,USD,put,2026-05-22,QQQ,0.15000000000000002
QQQ260522P00614000,2026-05-15 13:44:21+00:00,614.0,0.18,0.13,0.16,0.06000001,50.000008,3.0,330.0,0.43506424316406256,False,REGULAR,USD,put,2026-05-22,QQQ,0.14500000000000002
QQQ260522P00615000,2026-05-15 14:14:46+00:00,615.0,0.17,0.14,0.17,0.019999996,13.333329,14.0,866.0,0.43457596679687505,False,REGULAR,USD,put,2026-05-22,QQQ,0.15500000000000003
QQQ260522P00616000,2026-05-14 15:14:47+00:00,616.0,0.15,0.15,0.17,0.0,0.0,1.0,405.0,0.42969320312500003,False,REGULAR,USD,put,2026-05-22,QQQ,0.16
QQQ260522P00617000,2026-05-14 17:40:45+00:00,617.0,0.15,0.14,0.17,0.0,0.0,1.0,258.0,0.42578699218750005,False,REGULAR,USD,put,2026-05-22,QQQ,0.15500000000000003
QQQ260522P00618000,2026-05-15 13:49:41+00:00,618.0,0.21,0.16,0.17,0.049999997,31.249998,4.0,244.0,0.42139250488281255,False,REGULAR,USD,put,2026-05-22,QQQ,0.165
QQQ260522P00619000,2026-05-14 15:26:40+00:00,619.0,0.23,0.15,0.17,0.060000002,35.294117,1.0,917.0,0.41699801757812494,False,REGULAR,USD,put,2026-05-22,QQQ,0.16
QQQ260522P00620000,2026-05-15 14:58:09+00:00,620.0,0.18,0.16,0.18,0.030000001,20.0,80.0,10347.0,0.41602146484374997,False,REGULAR,USD,put,2026-05-22,QQQ,0.16999999999999998
QQQ260522P00621000,2026-05-14 13:35:02+00:00,621.0,0.21,0.17,0.18,0.0,0.0,2.0,346.0,0.41211525390625,False,REGULAR,USD,put,2026-05-22,QQQ,0.175
QQQ260522P00622000,2026-05-14 17:45:06+00:00,622.0,0.15,0.16,0.19,0.0,0.0,64.0,570.0,0.4106504248046875,False,REGULAR,USD,put,2026-05-22,QQQ,0.175
QQQ260522P00623000,2026-05-14 20:01:07+00:00,623.0,0.24,0.18,0.19,0.059999987,33.333324,1.0,363.0,0.4062559375,False,REGULAR,USD,put,2026-05-22,QQQ,0.185
QQQ260522P00624000,2026-05-15 13:41:10+00:00,624.0,0.23,0.18,0.2,0.08,53.333332,7.0,166.0,0.405279384765625,False,REGULAR,USD,put,2026-05-22,QQQ,0.19
QQQ260522P00625000,2026-05-15 14:22:19+00:00,625.0,0.2,0.17,0.2,0.049999997,33.33333,24.0,6512.0,0.4008848974609375,False,REGULAR,USD,put,2026-05-22,QQQ,0.185
QQQ260522P00626000,2026-05-14 18:32:05+00:00,626.0,0.16,0.18,0.2,0.0,0.0,10.0,654.0,0.39649041015625003,False,REGULAR,USD,put,2026-05-22,QQQ,0.19
QQQ260522P00627000,2026-05-13 16:49:18+00:00,627.0,0.29,0.19,0.21,0.0,0.0,14.0,1065.0,0.39453730468750003,False,REGULAR,USD,put,2026-05-22,QQQ,0.2
QQQ260522P00628000,2026-05-15 13:47:19+00:00,628.0,0.28,0.2,0.22,0.099999994,55.55555,2.0,667.0,0.3930724755859375,False,REGULAR,USD,put,2026-05-22,QQQ,0.21000000000000002
QQQ260522P00629000,2026-05-14 16:00:32+00:00,629.0,0.2,0.2,0.23,0.0,0.0,10.0,287.0,0.39111937011718745,False,REGULAR,USD,put,2026-05-22,QQQ,0.21500000000000002
QQQ260522P00630000,2026-05-15 14:28:27+00:00,630.0,0.22,0.21,0.23,0.049999997,29.411762,84.0,4644.0,0.38672488281249995,False,REGULAR,USD,put,2026-05-22,QQQ,0.22
QQQ260522P00631000,2026-05-14 16:30:28+00:00,631.0,0.32,0.21,0.23,0.11999999,59.999996,1.0,333.0,0.38233039550781245,False,REGULAR,USD,put,2026-05-22,QQQ,0.22
QQQ260522P00632000,2026-05-15 14:14:22+00:00,632.0,0.25,0.22,0.25,0.049999997,24.999998,46.0,161.0,0.38281867187499996,False,REGULAR,USD,put,2026-05-22,QQQ,0.235
QQQ260522P00633000,2026-05-15 14:45:36+00:00,633.0,0.24,0.23,0.25,0.019999996,9.090907,19.0,325.0,0.37842418457031246,False,REGULAR,USD,put,2026-05-22,QQQ,0.24
QQQ260522P00634000,2026-05-15 14:28:20+00:00,634.0,0.29,0.23,0.25,-0.08000001,-21.621624,4.0,262.0,0.37402969726562496,False,REGULAR,USD,put,2026-05-22,QQQ,0.24
QQQ260522P00635000,2026-05-15 14:45:34+00:00,635.0,0.26,0.24,0.27,0.049999997,23.809523,15.0,3115.0,0.37402969726562496,False,REGULAR,USD,put,2026-05-22,QQQ,0.255
QQQ260522P00636000,2026-05-15 13:42:59+00:00,636.0,0.33,0.25,0.26,0.08000001,32.000004,6.0,319.0,0.367193828125,False,REGULAR,USD,put,2026-05-22,QQQ,0.255
QQQ260522P00637000,2026-05-14 20:00:30+00:00,637.0,0.21,0.26,0.28,0.0,0.0,7.0,298.0,0.367193828125,False,REGULAR,USD,put,2026-05-22,QQQ,0.27
QQQ260522P00638000,2026-05-15 14:17:42+00:00,638.0,0.31,0.27,0.29,0.050000012,19.230774,1.0,307.0,0.36475244628906256,False,REGULAR,USD,put,2026-05-22,QQQ,0.28
QQQ260522P00639000,2026-05-15 14:49:48+00:00,639.0,0.29,0.29,0.3,0.06999999,31.818178,12.0,1047.0,0.36206692626953124,False,REGULAR,USD,put,2026-05-22,QQQ,0.295
QQQ260522P00640000,2026-05-15 14:50:08+00:00,640.0,0.31,0.29,0.3,0.08,34.782608,117.0,3964.0,0.35742830078125,False,REGULAR,USD,put,2026-05-22,QQQ,0.295
QQQ260522P00641000,2026-05-15 14:28:57+00:00,641.0,0.34,0.3,0.33,0.08000001,30.769236,1.0,207.0,0.358404853515625,False,REGULAR,USD,put,2026-05-22,QQQ,0.315
QQQ260522P00642000,2026-05-15 13:42:24+00:00,642.0,0.39,0.31,0.34,0.13999999,55.999992,10.0,1428.0,0.35547519531249994,False,REGULAR,USD,put,2026-05-22,QQQ,0.325
QQQ260522P00643000,2026-05-14 15:24:38+00:00,643.0,0.29,0.32,0.34,0.0,0.0,5.0,257.0,0.35108070800781244,False,REGULAR,USD,put,2026-05-22,QQQ,0.33
QQQ260522P00644000,2026-05-14 18:19:14+00:00,644.0,0.43,0.34,0.35,0.16,59.25926,4.0,298.0,0.3481510498046875,False,REGULAR,USD,put,2026-05-22,QQQ,0.345
QQQ260522P00645000,2026-05-15 14:45:27+00:00,645.0,0.35,0.35,0.37,0.09,34.615387,37.0,933.0,0.34668622070312494,False,REGULAR,USD,put,2026-05-22,QQQ,0.36
QQQ260522P00646000,2026-05-15 14:51:33+00:00,646.0,0.4,0.36,0.39,0.06999999,21.212118,71.0,278.0,0.3452213916015625,False,REGULAR,USD,put,2026-05-22,QQQ,0.375
QQQ260522P00647000,2026-05-15 13:42:24+00:00,647.0,0.47,0.38,0.4,0.16999999,56.666656,10.0,317.0,0.34204759521484374,False,REGULAR,USD,put,2026-05-22,QQQ,0.39
QQQ260522P00648000,2026-05-15 14:06:16+00:00,648.0,0.52,0.4,0.42,0.18999997,57.575745,22.0,408.0,0.3403386279296875,False,REGULAR,USD,put,2026-05-22,QQQ,0.41000000000000003
QQQ260522P00649000,2026-05-14 19:36:04+00:00,649.0,0.28,0.41,0.43,0.0,0.0,16.0,641.0,0.336920693359375,False,REGULAR,USD,put,2026-05-22,QQQ,0.42
QQQ260522P00650000,2026-05-15 14:57:47+00:00,650.0,0.42,0.42,0.44,0.13,44.827587,787.0,4577.0,0.33350275878906255,False,REGULAR,USD,put,2026-05-22,QQQ,0.43
QQQ260522P00651000,2026-05-15 14:39:53+00:00,651.0,0.44,0.46,0.48,0.13999999,46.66666,13.0,560.0,0.33399103515625,False,REGULAR,USD,put,2026-05-22,QQQ,0.47
QQQ260522P00652000,2026-05-15 14:59:49+00:00,652.0,0.47,0.48,0.51,0.16,51.612904,40.0,631.0,0.33301448242187504,False,REGULAR,USD,put,2026-05-22,QQQ,0.495
QQQ260522P00653000,2026-05-15 14:14:38+00:00,653.0,0.53,0.49,0.51,0.20999998,65.62499,6.0,573.0,0.32813171874999997,False,REGULAR,USD,put,2026-05-22,QQQ,0.5
QQQ260522P00654000,2026-05-15 14:42:12+00:00,654.0,0.49,0.52,0.54,0.110000014,28.947374,23.0,1128.0,0.32691102783203124,False,REGULAR,USD,put,2026-05-22,QQQ,0.53
QQQ260522P00655000,2026-05-15 14:58:53+00:00,655.0,0.52,0.55,0.57,0.18999997,57.575745,390.0,4318.0,0.32520206054687495,False,REGULAR,USD,put,2026-05-22,QQQ,0.56
QQQ260522P00656000,2026-05-15 14:59:49+00:00,656.0,0.56,0.55,0.58,0.18,47.368423,83.0,194.0,0.3215399877929687,False,REGULAR,USD,put,2026-05-22,QQQ,0.565
QQQ260522P00657000,2026-05-15 14:47:07+00:00,657.0,0.6,0.57,0.59,0.21000004,53.846165,7.0,305.0,0.31763377685546873,False,REGULAR,USD,put,2026-05-22,QQQ,0.58
QQQ260522P00658000,2026-05-15 14:45:36+00:00,658.0,0.6,0.62,0.64,0.19000003,46.34147,140.0,401.0,0.3177558459472656,False,REGULAR,USD,put,2026-05-22,QQQ,0.63
QQQ260522P00659000,2026-05-15 14:28:20+00:00,659.0,0.7,0.66,0.68,0.31,79.48718,386.0,524.0,0.3166572241210937,False,REGULAR,USD,put,2026-05-22,QQQ,0.67
QQQ260522P00660000,2026-05-15 14:57:03+00:00,660.0,0.64,0.67,0.69,0.23999998,59.999996,844.0,49477.0,0.31250687499999996,False,REGULAR,USD,put,2026-05-22,QQQ,0.6799999999999999
QQQ260522P00661000,2026-05-15 14:50:25+00:00,661.0,0.68,0.7,0.72,0.15000004,28.301895,98.0,367.0,0.31018756225585936,False,REGULAR,USD,put,2026-05-22,QQQ,0.71
QQQ260522P00662000,2026-05-15 14:58:13+00:00,662.0,0.72,0.76,0.78,0.26000002,56.521744,106.0,2173.0,0.3103096313476562,False,REGULAR,USD,put,2026-05-22,QQQ,0.77
QQQ260522P00663000,2026-05-15 14:39:46+00:00,663.0,0.72,0.79,0.81,0.21000004,41.17648,161.0,412.0,0.30762411132812495,False,REGULAR,USD,put,2026-05-22,QQQ,0.8
QQQ260522P00664000,2026-05-15 14:43:01+00:00,664.0,0.74,0.83,0.85,0.25,51.02041,209.0,976.0,0.305671005859375,False,REGULAR,USD,put,2026-05-22,QQQ,0.84
QQQ260522P00665000,2026-05-15 14:57:17+00:00,665.0,0.81,0.85,0.88,0.32,65.30612,1083.0,7784.0,0.30274134765625,False,REGULAR,USD,put,2026-05-22,QQQ,0.865
QQQ260522P00666000,2026-05-15 14:42:57+00:00,666.0,0.83,0.89,0.92,0.3,56.60378,167.0,410.0,0.30054410400390624,False,REGULAR,USD,put,2026-05-22,QQQ,0.905
QQQ260522P00667000,2026-05-15 14:50:24+00:00,667.0,1.0,0.97,1.0,0.44,78.57143,407.0,439.0,0.30103238037109376,False,REGULAR,USD,put,2026-05-22,QQQ,0.985
QQQ260522P00668000,2026-05-15 14:17:48+00:00,668.0,1.01,1.02,1.05,0.38,60.31746,58.0,460.0,0.2990792749023437,False,REGULAR,USD,put,2026-05-22,QQQ,1.0350000000000001
QQQ260522P00669000,2026-05-15 14:50:21+00:00,669.0,1.09,1.04,1.06,0.37,51.388885,61.0,398.0,0.29431858032226554,False,REGULAR,USD,put,2026-05-22,QQQ,1.05
QQQ260522P00670000,2026-05-15 14:59:53+00:00,670.0,1.1,1.09,1.12,0.48000002,77.41936,2313.0,3247.0,0.29273168212890616,False,REGULAR,USD,put,2026-05-22,QQQ,1.105
QQQ260522P00671000,2026-05-15 14:47:13+00:00,671.0,1.24,1.17,1.19,0.58,87.878784,312.0,473.0,0.2916330603027343,False,REGULAR,USD,put,2026-05-22,QQQ,1.18
QQQ260522P00672000,2026-05-15 14:46:40+00:00,672.0,1.2,1.24,1.27,0.51000005,73.91305,2275.0,2417.0,0.29090064575195307,False,REGULAR,USD,put,2026-05-22,QQQ,1.255
QQQ260522P00673000,2026-05-15 14:58:08+00:00,673.0,1.23,1.29,1.32,0.5,68.49315,123.0,599.0,0.2880930566406249,False,REGULAR,USD,put,2026-05-22,QQQ,1.3050000000000002
QQQ260522P00674000,2026-05-15 15:02:04+00:00,674.0,1.33,1.35,1.38,0.58000004,77.333336,83.0,660.0,0.28577374389648436,False,REGULAR,USD,put,2026-05-22,QQQ,1.365
QQQ260522P00675000,2026-05-15 15:01:06+00:00,675.0,1.4,1.4,1.42,0.59999996,74.99999,994.0,7096.0,0.2821727056884765,False,REGULAR,USD,put,2026-05-22,QQQ,1.41
QQQ260522P00676000,2026-05-15 15:03:06+00:00,676.0,1.55,1.54,1.57,0.59,61.458332,179.0,421.0,0.28424788024902337,False,REGULAR,USD,put,2026-05-22,QQQ,1.5550000000000002
QQQ260522P00677000,2026-05-15 14:54:31+00:00,677.0,1.56,1.59,1.62,0.6399999,69.56521,883.0,383.0,0.2808299456787109,False,REGULAR,USD,put,2026-05-22,QQQ,1.605
QQQ260522P00678000,2026-05-15 15:00:51+00:00,678.0,1.64,1.69,1.71,0.71,76.344086,114.0,1664.0,0.27924304748535156,False,REGULAR,USD,put,2026-05-22,QQQ,1.7
QQQ260522P00679000,2026-05-15 14:59:25+00:00,679.0,1.73,1.81,1.84,0.74,74.747475,106.0,1535.0,0.27930408203124996,False,REGULAR,USD,put,2026-05-22,QQQ,1.8250000000000002
QQQ260522P00680000,2026-05-15 15:02:34+00:00,680.0,1.92,1.89,1.92,0.88,84.61539,2740.0,15229.0,0.27674063110351554,False,REGULAR,USD,put,2026-05-22,QQQ,1.9049999999999998
QQQ260522P00681000,2026-05-15 14:16:19+00:00,681.0,1.98,1.98,2.01,0.9,83.33333,114.0,333.0,0.2745433874511719,False,REGULAR,USD,put,2026-05-22,QQQ,1.9949999999999999
QQQ260522P00682000,2026-05-15 14:58:08+00:00,682.0,1.98,2.13,2.16,0.78999996,66.38655,93.0,1703.0,0.2745433874511719,False,REGULAR,USD,put,2026-05-22,QQQ,2.145
QQQ260522P00683000,2026-05-15 14:59:53+00:00,683.0,2.19,2.2,2.23,0.9200001,72.44095,108.0,1270.0,0.2710033837890625,False,REGULAR,USD,put,2026-05-22,QQQ,2.215
QQQ260522P00684000,2026-05-15 14:57:14+00:00,684.0,2.25,2.3,2.33,0.94000006,71.75574,89.0,378.0,0.26856200195312496,False,REGULAR,USD,put,2026-05-22,QQQ,2.315
QQQ260522P00685000,2026-05-15 15:03:03+00:00,685.0,2.5,2.5,2.53,1.13,82.48175,852.0,16756.0,0.26978269287109374,False,REGULAR,USD,put,2026-05-22,QQQ,2.5149999999999997
QQQ260522P00686000,2026-05-15 14:59:53+00:00,686.0,2.58,2.61,2.64,1.17,82.97872,210.0,391.0,0.267158207397461,False,REGULAR,USD,put,2026-05-22,QQQ,2.625
QQQ260522P00687000,2026-05-15 14:50:23+00:00,687.0,2.85,2.76,2.8,1.3199999,86.27451,214.0,370.0,0.26618165466308596,False,REGULAR,USD,put,2026-05-22,QQQ,2.78
QQQ260522P00688000,2026-05-15 15:01:43+00:00,688.0,2.79,2.93,2.97,1.2199999,77.707,121.0,1252.0,0.2652661364746094,False,REGULAR,USD,put,2026-05-22,QQQ,2.95
QQQ260522P00689000,2026-05-15 15:01:06+00:00,689.0,2.99,3.09,3.14,1.26,72.83237,173.0,459.0,0.2640454455566406,False,REGULAR,USD,put,2026-05-22,QQQ,3.115
QQQ260522P00690000,2026-05-15 15:02:38+00:00,690.0,3.33,3.28,3.32,1.52,83.977905,3188.0,13930.0,0.2628857891845704,False,REGULAR,USD,put,2026-05-22,QQQ,3.3
QQQ260522P00691000,2026-05-15 15:02:32+00:00,691.0,3.42,3.49,3.54,1.5100001,79.0576,331.0,505.0,0.26270268554687504,False,REGULAR,USD,put,2026-05-22,QQQ,3.515
QQQ260522P00692000,2026-05-15 14:59:53+00:00,692.0,3.59,3.61,3.66,1.5699999,77.72277,86.0,342.0,0.2591016473388672,False,REGULAR,USD,put,2026-05-22,QQQ,3.635
QQQ260522P00693000,2026-05-15 14:59:53+00:00,693.0,3.79,3.87,3.92,1.71,82.21154,63.0,432.0,0.25952888916015626,False,REGULAR,USD,put,2026-05-22,QQQ,3.895
QQQ260522P00694000,2026-05-15 14:59:53+00:00,694.0,4.01,4.01,4.06,1.7500002,77.43364,370.0,1260.0,0.25604992004394533,False,REGULAR,USD,put,2026-05-22,QQQ,4.035
QQQ260522P00695000,2026-05-15 15:02:38+00:00,695.0,4.35,4.33,4.39,1.9499998,82.97871,2434.0,2417.0,0.2578809564208985,False,REGULAR,USD,put,2026-05-22,QQQ,4.359999999999999
QQQ260522P00696000,2026-05-15 14:57:24+00:00,696.0,4.2,4.44,4.48,1.6599998,65.354324,1003.0,381.0,0.2524488818359375,False,REGULAR,USD,put,2026-05-22,QQQ,4.460000000000001
QQQ260522P00697000,2026-05-15 15:02:32+00:00,697.0,4.74,4.79,4.84,2.0699997,77.528076,587.0,668.0,0.25440198730468755,False,REGULAR,USD,put,2026-05-22,QQQ,4.8149999999999995
QQQ260522P00698000,2026-05-15 14:59:53+00:00,698.0,4.97,5.0,5.05,2.1299999,75.0,195.0,624.0,0.2518385363769531,False,REGULAR,USD,put,2026-05-22,QQQ,5.025
QQQ260522P00699000,2026-05-15 15:00:58+00:00,699.0,5.22,5.3,5.35,2.0799997,66.24203,455.0,1539.0,0.251411294555664,False,REGULAR,USD,put,2026-05-22,QQQ,5.324999999999999
QQQ260522P00700000,2026-05-15 15:00:04+00:00,700.0,5.47,5.54,5.59,2.2899997,72.012566,15408.0,15823.0,0.24909198181152342,False,REGULAR,USD,put,2026-05-22,QQQ,5.5649999999999995
QQQ260522P00701000,2026-05-15 14:55:01+00:00,701.0,5.83,5.97,6.03,2.35,67.52873,98.0,909.0,0.25165543273925783,False,REGULAR,USD,put,2026-05-22,QQQ,6.0
QQQ260522P00702000,2026-05-15 14:59:54+00:00,702.0,6.13,6.26,6.31,2.5800002,72.67606,442.0,442.0,0.24967180999755856,False,REGULAR,USD,put,2026-05-22,QQQ,6.285
QQQ260522P00703000,2026-05-15 14:54:07+00:00,703.0,6.48,6.51,6.56,2.8,76.08695,89.0,594.0,0.24662008270263674,False,REGULAR,USD,put,2026-05-22,QQQ,6.535
QQQ260522P00704000,2026-05-15 14:56:16+00:00,704.0,6.66,6.86,6.91,2.6499996,66.08478,358.0,334.0,0.2457961163330078,False,REGULAR,USD,put,2026-05-22,QQQ,6.885
QQQ260522P00705000,2026-05-15 15:02:33+00:00,705.0,7.24,7.35,7.41,3.04,72.38096,1697.0,17902.0,0.24829853271484376,False,REGULAR,USD,put,2026-05-22,QQQ,7.38
QQQ260522P00706000,2026-05-15 15:02:44+00:00,706.0,7.65,7.74,7.79,3.19,71.524666,260.0,931.0,0.2474440490722656,False,REGULAR,USD,put,2026-05-22,QQQ,7.765000000000001
QQQ260522P00707000,2026-05-15 14:57:29+00:00,707.0,7.5,7.94,8.0,2.8000002,59.57448,421.0,1362.0,0.24213404357910157,False,REGULAR,USD,put,2026-05-22,QQQ,7.970000000000001
QQQ260522P00710000,2026-05-15 15:02:38+00:00,710.0,9.42,9.3,9.36,3.88,70.0361,8182.0,8526.0,0.24176783630371096,False,REGULAR,USD,put,2026-05-22,QQQ,9.33
QQQ260522P00715000,2026-05-15 14:57:59+00:00,715.0,11.63,11.78,11.86,4.4300003,61.527782,536.0,3724.0,0.23929593719482417,True,REGULAR,USD,put,2026-05-22,QQQ,11.82
QQQ260522P00720000,2026-05-15 15:01:29+00:00,720.0,14.11,14.87,14.99,4.88,52.871075,640.0,1315.0,0.24274438903808593,True,REGULAR,USD,put,2026-05-22,QQQ,14.93
QQQ260522P00725000,2026-05-15 14:39:42+00:00,725.0,16.92,18.29,18.4,5.2700005,45.236057,48.0,205.0,0.24439232177734377,True,REGULAR,USD,put,2026-05-22,QQQ,18.345
QQQ260522P00730000,2026-05-15 13:46:21+00:00,730.0,21.02,21.81,21.92,6.5300007,45.065567,46.0,97.0,0.23975369628906246,True,REGULAR,USD,put,2026-05-22,QQQ,21.865000000000002
QQQ260522P00735000,2026-05-14 19:59:58+00:00,735.0,28.23,26.17,26.28,9.84,53.507343,2.0,16.0,0.25269302001953126,True,REGULAR,USD,put,2026-05-22,QQQ,26.225
QQQ260522P00740000,2026-05-14 20:11:45+00:00,740.0,21.66,30.84,30.97,0.0,0.0,2.0,10.0,0.2727733856201171,True,REGULAR,USD,put,2026-05-22,QQQ,30.905
QQQ260522P00745000,2026-05-15 13:34:24+00:00,745.0,37.0,33.71,37.02,11.290001,43.91288,13.0,33.0,0.34113207702636716,True,REGULAR,USD,put,2026-05-22,QQQ,35.365
QQQ260522P00750000,2026-05-12 16:24:19+00:00,750.0,51.05,37.72,41.45,0.0,0.0,17.0,29.0,0.34998208618164056,True,REGULAR,USD,put,2026-05-22,QQQ,39.585
