date,Close,High,Low,Open,Volume,returns,abs_return,RV,BPV,RV_to_BPV,bns_style_z,jump_component,log_ratio,log_ratio_mean,log_ratio_std,ratio_z,rolling_vol,jump_flag_single,jump_flag_strict,jump_flag,jump_flag_two,jump_score,jump_size_proxy
2023-06-21,356.0802307128906,360.291402247806,355.15534457900924,359.8584755456989,53378300,-0.0137215475562083,0.0137215475562083,0.0028668081228194,0.0029603757955286,0.9683933124806204,-0.1811288215157287,-9.356767270920836e-05,-0.0321169596828669,,,,0.0114378142868,False,False,False,False,0.1811288215157287,0.0137215475562083
2023-06-22,360.2815856933594,360.438986288893,354.4272564085089,354.8306667482636,47603000,0.0117298355547089,0.0117298355547089,0.0028416466324171,0.0031180219446517,0.9113619733470216,-0.5079589975789031,-0.0002763753122346,-0.0928151243637877,,,,0.0109271729260407,False,False,False,False,0.5079589975789031,0.0117298355547089
2023-06-23,356.7099914550781,359.01235823948906,355.01764962720034,356.3852813802628,48922900,-0.0099628054062436,0.0099628054062436,0.002914455520539,0.0031068116918473,0.9380856677561024,-0.3548132029778286,-0.0001923561713082,-0.0639140039158776,,,,0.0111928941407054,False,False,False,False,0.3548132029778286,0.0099628054062436
2023-06-26,351.9281311035156,358.9729945543616,351.8395819991526,356.17866827388485,52685500,-0.0134961210295944,0.0134961210295944,0.002518599756266,0.0023262130430646,1.0827038236136726,0.4739517893738209,0.0001923867132014,0.0794614528826243,,,,0.0109058345293731,False,False,False,False,0.4739517893738209,0.0134961210295944
2023-06-27,357.9792785644531,358.7073991281337,352.7448516906183,353.4729422274704,49428100,0.0170481218700687,0.0170481218700687,0.0021727154412091,0.0025178978701862,0.8629084868515202,-0.7856319711189881,-0.0003451824289771,-0.1474466342496746,,,,0.0101803301336307,False,False,False,False,0.7856319711189881,0.0170481218700687
2023-06-28,358.67779541015625,360.6259355671753,356.080235165036,356.15896549012393,46498000,0.0019493760468449,0.0019493760468449,0.0021560428839626,0.0025301868858086,0.8521279183191959,-0.847412303915083,-0.000374144001846,-0.1600186245502382,,,,0.0101668369417839,False,False,False,False,0.847412303915083,0.0019493760468449
2023-06-29,357.95953369140625,359.02218292164616,356.3164059384481,358.38261161325084,46151000,-0.0020045340372034,0.0020045340372034,0.0021275450045895,0.0024283518497949,0.8761271579195414,-0.7098795750133637,-0.0003008068452054,-0.1322440411376688,,,,0.0100561695039195,False,False,False,False,0.7098795750133637,0.0020045340372034
2023-06-30,363.4793090820313,364.5320794146478,361.3245244321573,361.6393556388395,58712500,0.0153024283532772,0.0153024283532772,0.0022297817224632,0.0023371681057841,0.9540527773526092,-0.263310297383736,-0.0001073863833208,-0.047036286891519,,,,0.0102629162215711,False,False,False,False,0.263310297383736,0.0153024283532772
2023-07-03,364.3353271484375,364.9650196119277,363.0365470322864,364.11886379574565,19432900,0.0023522980124644,0.0023522980124644,0.0021794869149334,0.0023879806130147,0.912690372381992,-0.5003463253696034,-0.0002084936980813,-0.0913585880171962,,,,0.0101989208378916,False,False,False,False,0.5003463253696034,0.0023522980124644
2023-07-05,364.3255004882813,366.0276910481875,362.73155662470873,362.7709217894503,34460900,-2.697183596022212e-05,2.697183596022212e-05,0.0021789911073055,0.0023878883016429,0.9125180209670558,-0.5013340216808605,-0.0002088971943373,-0.0915474447155068,,,,0.0102056228792291,False,False,False,False,0.5013340216808605,2.697183596022212e-05
2023-07-06,361.5509033203125,361.9936789251152,358.6581787702323,360.6161981933694,49374700,-0.007644857076421,0.007644857076421,0.0022374062955783,0.0023834403082031,0.9387297377986796,-0.3511222230953574,-0.0001460340126248,-0.0632276603724963,,,,0.0104198235022234,False,False,False,False,0.3511222230953574,0.007644857076421
2023-07-07,360.3504333496094,364.52226973044776,360.1241512291807,361.3245334383602,47133700,-0.0033258591341795,0.0033258591341795,0.0019556897600521,0.002076448787906,0.9418434836643884,-0.3332782424881041,-0.0001207590278539,-0.0599161714332674,,,,0.0095660127460506,False,False,False,False,0.3332782424881041,0.0033258591341795
2023-07-10,360.4685668945313,361.14747343769193,357.5660237280284,360.075005281917,48498800,0.0003277758936418,0.0003277758936418,0.0018036022845198,0.0020004182418089,0.9016125962182948,-0.5638298694871322,-0.0001968159572891,-0.1035703453933218,,,,0.0093033401834261,False,False,False,False,0.5638298694871322,0.0003277758936418
2023-07-11,362.24945068359375,362.7020449901475,358.7565204176564,360.89163773710936,38214100,0.0049283049551355,0.0049283049551355,0.0018133313429714,0.0018973768889207,0.9557043482293496,-0.2538456204424949,-8.404554594931423e-05,-0.0453066729355362,,,,0.0093179163437047,False,False,False,False,0.2538456204424949,0.0049283049551355
2023-07-12,366.82470703125,368.1726713240019,364.3452118107591,366.3524150781026,61975400,0.0125510316341615,0.0125510316341615,0.0016901074401001,0.0017875803288952,0.9454721630018388,-0.3124833264866135,-9.747288879511988e-05,-0.0560708328804007,,,,0.0090245460247456,False,False,False,False,0.3124833264866135,0.0125510316341615
2023-07-13,373.0528564453125,373.8793447436065,369.4221931900927,370.0027017557936,46960000,0.0168360194597229,0.0168360194597229,0.0019149650588825,0.0020453231809147,0.9362652693478872,-0.3652453818693041,-0.0001303581220321,-0.0658564352338862,,,,0.0095324559540003,False,False,False,False,0.3652453818693041,0.0168360194597229
2023-07-14,372.9741516113281,376.70318269282194,372.0984493610609,373.4857786392497,55148500,-0.0002109972787215,0.0002109972787215,0.0018625737508172,0.0019093680740201,0.9754922459218064,-0.1404468788910159,-4.679432320283902e-05,-0.0248130677749544,,,,0.0094739462976597,False,False,False,False,0.1404468788910159,0.0002109972787215
2023-07-17,376.4571838378906,377.3328860436692,373.2102635827935,373.6923742197424,40868900,0.0092952006136483,0.0092952006136483,0.0018086581514253,0.0017889658926412,1.0110076211431065,0.0630815059034566,1.9692258784133635e-05,0.0109474782325791,,,,0.0093547851389058,False,False,False,False,0.0630815059034566,0.0092952006136483
2023-07-18,379.536865234375,380.9045269123288,373.8891803814072,375.8176530095486,55262000,0.0081474144832459,0.0081474144832459,0.0018351862713655,0.0018992331949227,0.9662774830766796,-0.1932540303415238,-6.404692355711328e-05,-0.0343042364560955,,,,0.0092652202726388,False,False,False,False,0.1932540303415238,0.0081474144832459
2023-07-19,379.4483337402344,381.7408816886853,378.1200371639984,380.5995321134585,54093000,-0.0002332891198978,0.0002332891198978,0.0018331885264588,0.0018698742635879,0.9803806395737732,-0.1124329030277486,-3.668573712905664e-05,-0.0198143749999349,-0.0620484286944513,0.0533727194302188,0.7913041371207348,0.0092438713145599,False,False,False,False,0.1124329030277486,0.0002332891198978
2023-07-20,370.7012939453125,377.9232550597698,369.67800988298177,376.4571954822207,71941700,-0.023321843894051,0.023321843894051,0.00218881606174,0.0016127419090657,1.3572017006787935,2.047020050667865,0.0005760741526742,0.3054250070061343,-0.0451713303600012,0.096285265677601,3.64122521653586,0.0102660875137366,True,False,True,False,2.047020050667865,0.023321843894051
2023-07-21,369.5894775390625,373.8104982140494,369.1565508017909,373.0823777776436,60499600,-0.0030037311959416,0.0030037311959416,0.002060249420697,0.0015353437821739,1.3418815021218138,1.9592244058913837,0.000524905638523,0.2940727351887273,-0.0258269373823755,0.1205714605206436,2.653195633442054,0.0100690594568791,False,False,False,False,1.9592244058913837,0.0030037311959416
2023-07-24,370.1798400878906,371.50810665869074,368.3202188458526,370.5635528672616,40380100,0.0015960723433308,0.0015960723433308,0.0019635393760594,0.0013209465268801,1.486463937868105,2.7877846965748687,0.0006425928491793,0.3964001034026474,-0.0028112320164492,0.1511588795447939,2.64100485939892,0.0097335644929931,True,False,True,False,2.7877846965748687,0.0015960723433308
2023-07-25,372.6888427734375,374.3516683085813,370.86858659289726,370.8882841903377,38894400,0.0067549279804341,0.0067549279804341,0.0018270231452348,0.0009583370204745,1.906451599177711,5.19461300142372,0.0008686861247603,0.6452437127273976,0.0254778809757894,0.2066616892113104,2.9989391556647007,0.0091180092737197,True,False,True,False,5.19461300142372,0.0067549279804341
2023-07-26,371.4491271972656,373.1414692474909,369.1467601103594,371.6459230276656,47075700,-0.0033319539470763,0.0033319539470763,0.0015474866030436,0.0009406017519662,1.6452091438365728,3.6975077436581816,0.0006068848510773,0.4978675152462221,0.0577435884505842,0.2265622030234363,1.942618499124101,0.0086002040617074,True,False,True,False,3.6975077436581816,0.0033319539470763
2023-07-27,370.56353759765625,378.52343803042015,369.2746062189445,376.9098266210042,63940200,-0.0023869943522932,0.0023869943522932,0.0015493842781094,0.0009472913016491,1.6355943260664063,3.642407992672542,0.0006020929764602,0.492006240479593,0.0903448317020758,0.2394280147645686,1.6775873498866616,0.0086494070248915,True,False,True,False,3.642407992672542,0.0023869943522932
2023-07-28,377.313232421875,378.3364864635538,374.1056471836481,374.6172742044875,56902900,0.0180507761845014,0.0180507761845014,0.0018711966422661,0.0009678155948478,1.933422701832356,5.349176621411426,0.0009033810474183,0.6592918529016188,0.1299216264040402,0.2635663045728898,2.0084897701753834,0.0093074304480768,True,False,True,False,5.349176621411426,0.0180507761845014
2023-07-31,377.5100402832031,378.6907551113529,376.19159240697024,377.6182869887491,44019900,0.0005214674027805,0.0005214674027805,0.0016373042570111,0.0009238614390491,1.7722400652377464,4.425485361538693,0.0007134428179619,0.5722443200031805,0.1608856567487751,0.2769931205657708,1.4850862086906231,0.0088475399599539,True,False,True,False,4.425485361538693,0.0005214674027805
2023-08-01,376.6343688964844,377.39197572986,374.5681329555754,376.1620769587029,41060600,-0.0023222920427546,0.0023222920427546,0.0016371639914035,0.000925758884628,1.7684561483428,4.403800823813099,0.0007114051067754,0.5701069333948764,0.1939589328193788,0.2842940237902246,1.323094997076162,0.0088939623448666,True,False,True,False,4.403800823813099,0.0023222920427546
2023-08-02,368.3694152832031,373.16109557263337,367.1296678474969,373.16109557263337,72687100,-0.0221885925384667,0.0221885925384667,0.0021294969027616,0.0010106185867919,2.107122242350044,6.344598652033948,0.0011188783159697,0.7453231503911543,0.2358024625747118,0.3003275568786912,1.6965499040843888,0.0103038934144612,True,False,True,False,6.344598652033948,0.0221885925384667
2023-08-03,367.7790832519531,369.90435184798616,365.7915476989131,365.95882713700206,47666400,-0.0016038398746106,0.0016038398746106,0.0020736253653861,0.0010274198767804,2.018284259677864,5.835493764108553,0.0010462054886057,0.7022477740914959,0.2740762342979114,0.3084467061408052,1.3881540352650903,0.0101465258407103,True,False,True,False,5.835493764108553,0.0016038398746106
2023-08-04,366.0571899414063,372.0197359751691,365.55538170207865,369.7075205928436,61702800,-0.0046928627911831,0.0046928627911831,0.0020845869875826,0.0010380623757713,2.008151953329085,5.777428435147229,0.0010465246118112,0.6972148729350204,0.3119327865163258,0.3115782742816402,1.2365499080671856,0.0101790046350436,True,False,True,False,5.777428435147229,0.0046928627911831
2023-08-07,369.1565551757813,369.2549530766585,365.53574062735606,367.8676237467124,37230400,0.0084312449679633,0.0084312449679633,0.0021555654422559,0.0011008136986338,1.9581564482083167,5.490918597061354,0.001054751743622,0.6720034429634688,0.3507114759341654,0.3056593455167652,1.0511439343891442,0.0103131110714443,True,False,True,False,5.490918597061354,0.0084312449679633
2023-08-08,366.017822265625,366.6672123277019,362.8889674430173,366.6475447598164,44726500,-0.0085387959023969,0.0085387959023969,0.0022041882879879,0.0011175755316278,1.9722946911492372,5.5719407946776585,0.00108661275636,0.6791976827181955,0.3869366937168519,0.2994478415166704,0.9759996516290572,0.0104853069509839,True,False,True,False,5.5719407946776585,0.0085387959023969
2023-08-09,361.9936218261719,366.4606222337156,361.2360150499196,366.3031915996586,51150900,-0.0110554345248081,0.0110554345248081,0.0021688825254385,0.000924269509833,2.3465910130804977,7.71692519544765,0.0012446130156054,0.8529636422380558,0.4323884174727748,0.2977405296611744,1.4125561785084857,0.0103925320658341,True,False,True,False,7.71692519544765,0.0110554345248081
2023-08-10,362.6626586914063,368.3398598555968,361.137596428398,365.0043904450485,72035300,0.001846494878507,0.001846494878507,0.0018888405175267,0.0009521494067363,1.983764842117552,5.637672925772526,0.0009366911107903,0.6849964746792905,0.4699310629684336,0.2793172347671235,0.7699682831607737,0.009614951342228,True,False,True,False,5.637672925772526,0.001846494878507
2023-08-11,360.3504333496094,362.08214015021474,358.8253711287267,360.1044536348334,48707200,-0.0063961033348714,0.0063961033348714,0.0019297061355454,0.0009684346128781,1.9926034343303904,5.688324351689522,0.0009612715226672,0.6894420421694353,0.5056438184656531,0.2586762116758822,0.7105339239082367,0.0096706451198192,True,False,True,False,5.688324351689522,0.0063961033348714
2023-08-14,364.3944091796875,364.5124746558894,358.83527281179767,359.5535144676342,42130800,0.0111598387821055,0.0111598387821055,0.00196784738274,0.0009612381003593,2.047200773673366,6.001205976093342,0.0010066092823806,0.716473383781193,0.5409201137430838,0.2359135377782343,0.7441424162912362,0.0097847209754313,True,False,True,False,6.001205976093342,0.0111598387821055
2023-08-15,360.5276489257813,364.2173455414884,359.85856111907714,363.42034344781393,45539900,-0.0106681728982366,0.0106681728982366,0.0020152769329649,0.0011549493424288,1.7449050438237343,4.2688362279719,0.0008603275905361,0.5567001380269212,0.5704703324672347,0.1955767871850179,-0.0704081227558294,0.0097037772736434,True,False,True,False,4.2688362279719,0.0106681728982366
2023-08-16,356.7099914550781,361.5213395998945,356.6115935528061,359.9864284102872,53190500,-0.0106455470531653,0.0106455470531653,0.0021285501812126,0.0013337354029981,1.5959313792134369,3.4151110696111044,0.0007948147782144,0.4674575026229821,0.5948339263483804,0.1441023085899539,-0.8839304864146936,0.0098428069363887,True,False,True,False,3.4151110696111044,0.0106455470531653
2023-08-17,352.8136901855469,358.45155731866623,352.40046098733217,358.1071796356024,62604300,-0.0109829750196031,0.0109829750196031,0.0017052675188753,0.0014112289487827,1.2083563906099284,1.1940304552100645,0.0002940385700926,0.1892610813405502,0.5890257300651013,0.1573795752235154,-2.5401304340591384,0.0088965453494965,False,False,False,False,1.1940304552100645,0.0109829750196031
2023-08-18,352.3709411621094,353.6303563699884,349.00592473263663,349.54709823695447,61191400,-0.0012556969109428,0.0012556969109428,0.00169782189251,0.0014261054077353,1.1905304357594335,1.091875042926416,0.0002717164847747,0.1743989521446017,0.5830420409128949,0.1702305229703931,-2.400527717578388,0.0088994863238988,False,False,False,False,1.091875042926416,0.0012556969109428
2023-08-21,358.048095703125,358.72700217281374,353.3744807454022,353.83692384755506,50696500,0.015982892066977,0.015982892066977,0.0019507272844095,0.0014414633553614,1.3532964796877494,2.024640354110527,0.000509263929048,0.3025434528169198,0.5783492083836086,0.1764897179099634,-1.5627298792975102,0.0097345024783325,True,False,True,False,2.024640354110527,0.015982892066977
2023-08-22,357.5364990234375,360.6653543070012,356.84774369729803,360.6555055081969,44530200,-0.0014298708234421,0.0014298708234421,0.0019071427629604,0.0014420360546301,1.3225347291677536,1.848353623144768,0.0004651067083302,0.2795501446457907,0.5600645299795283,0.1872287140172617,-1.498244469637682,0.0095420218699113,False,False,False,False,1.848353623144768,0.0014298708234421
2023-08-23,363.17431640625,364.2664820763043,358.5007013012925,358.7171646756477,51770600,0.0156454773930722,0.0156454773930722,0.0021408218087121,0.0014658752143116,1.460439325128602,2.638645137643895,0.0006749465944004,0.3787372980789565,0.554108019121165,0.1909703279315957,-0.9183139754832752,0.0102845613599271,True,False,True,False,2.638645137643895,0.0156454773930722
2023-08-24,355.41119384765625,366.7459290080147,355.20457928175483,366.6475611373719,66842500,-0.021607517785443,0.021607517785443,0.0026020088915224,0.001953603886125,1.331901983816927,1.902034661197307,0.0006484050053973,0.2866079836876075,0.5438381062815657,0.1993719562598853,-1.290202129825388,0.0112135137512627,False,False,False,False,1.902034661197307,0.021607517785443
2023-08-25,358.1662292480469,359.8585713449479,352.8137068032823,356.2476049694556,69960500,0.0077217944417626,0.0077217944417626,0.0023358044800603,0.0022139194270067,1.0550539697004298,0.3154984414449385,0.0001218850530536,0.0535919217337518,0.5135531097231724,0.2240146950963392,-2.053263460201174,0.0104885557057845,False,False,False,False,0.3154984414449385,0.0077217944417626
2023-08-28,360.8621520996094,361.79685715954855,358.3925057322388,361.088434258744,40910000,0.007498829127414,0.007498829127414,0.0023917649900903,0.0023076602816639,1.0364458794453624,0.2088608364604849,8.410470842637593e-05,0.0357974368130107,0.4867307655636639,0.2463806743934682,-1.8302301098117617,0.0107006060446091,False,False,False,False,0.2088608364604849,0.007498829127414
2023-08-29,368.7432861328125,369.0975125611246,360.3406401002619,360.6653201349605,58492400,0.0216046651208549,0.0216046651208549,0.0028531335047427,0.0024903377769696,1.1456813333228153,0.8348577561448768,0.0003627957277731,0.1359995109705524,0.4650253944424477,0.256973451855211,-1.2803886202893888,0.0118968824179105,False,False,False,False,0.8348577561448768,0.0216046651208549
2023-08-30,370.7996520996094,371.3801906583347,367.8478954803411,368.8515119480578,41731500,0.005561195057746,0.005561195057746,0.0023917267563749,0.0026301565197966,0.9093476902887492,-0.5195022735492262,-0.0002384297634216,-0.0950277603708234,0.4230078489043488,0.2757254359624029,-1.878809647963745,0.0109306102775592,False,False,False,False,0.5195022735492262,0.005561195057746
2023-08-31,371.9115295410156,373.6137202039194,370.8095450761535,370.8784266119136,35730700,0.0029941067255377,0.0029941067255377,0.0023981191291154,0.0026452431273843,0.9065779641536452,-0.535374776179093,-0.0002471239982688,-0.0980782468002957,0.3829915478597592,0.2900017256039613,-1.6588514901356977,0.0109358966373723,False,False,False,False,0.535374776179093,0.0029941067255377
2023-09-01,371.5179443359375,374.7058320533503,370.0322171464116,374.28275412084383,39801200,-0.0010588367980555,0.0010588367980555,0.0023772173033035,0.0025850627695582,0.9195975166629105,-0.4607634711753833,-0.0002078454662547,-0.0838191865503122,0.3439398448854925,0.2975479180485738,-1.4376139286781175,0.0108771643154564,False,False,False,False,0.4607634711753833,0.0010588367980555
2023-09-05,371.9902038574219,373.2102536131033,369.78620523277215,370.7110913465371,32344200,0.0012703548337513,0.0012703548337513,0.0023077452129973,0.0024682491257899,0.9349725637029552,-0.3726535055421717,-0.0001605039127925,-0.0672380937571858,0.3069777680494598,0.3004008106732349,-1.245721877274506,0.0107350398554425,False,False,False,False,0.3726535055421717,0.0012703548337513
2023-09-06,368.71380615234375,371.5573465500338,366.7066329588486,371.2129688856082,42998700,-0.008846770180276,0.008846770180276,0.0023130995201572,0.0023307439934319,0.9924296819708792,-0.0433833119105931,-1.7644473274742566e-05,-0.0075991183303466,0.2726379279970328,0.2950965436373851,-0.9496453020870858,0.0107480386055342,False,False,False,False,0.0433833119105931,0.008846770180276
2023-09-07,366.0768737792969,366.85417813956576,363.2136660969296,364.2566177579788,52060700,-0.0071774010346245,0.0071774010346245,0.0022423919732367,0.0024019804570915,0.9335596243576224,-0.3807506539173825,-0.0001595884838548,-0.0687504462054535,0.2265522235748573,0.2719310248688188,-1.0859469599791591,0.0105737911645204,False,False,False,False,0.3807506539173825,0.0071774010346245
2023-09-08,366.5885314941406,368.82204686376593,365.6243100816136,366.0277204788888,35800100,0.0013967024902189,0.0013967024902189,0.0022409332077465,0.0023990278921632,0.9341005225770032,-0.3776509220338581,-0.0001580946844167,-0.068171220659102,0.1888938388079377,0.2576099128594898,-0.997884967288711,0.0105715108471814,False,False,False,False,0.3776509220338581,0.0013967024902189
2023-09-11,370.9078979492188,371.4195249524105,367.65112888881737,369.61896663053767,39936600,0.0117137267961652,0.0117137267961652,0.0023372344653313,0.0023080558170467,1.0126420895323138,0.0724481734152087,2.9178648284682376e-05,0.0125628454930312,0.1550498789741174,0.232904828958076,-0.6117822207401914,0.0107134051607957,False,False,False,False,0.0724481734152087,0.0117137267961652
2023-09-12,366.7951049804688,370.8882108711506,366.5097601154198,369.2352044346768,41391000,-0.0111503831884887,0.0111503831884887,0.0023370235089389,0.002327165716253,1.0042359650698949,0.0242750955987199,9.857792685904164e-06,0.0042270186255103,0.1194375607163333,0.1958417251583296,-0.5882839420337018,0.0108047848551236,False,False,False,False,0.0242750955987199,0.0111503831884887
2023-09-13,368.19232177734375,369.79611455684034,365.8998037117071,367.031304560014,46300700,0.0038020200866391,0.0038020200866391,0.0022376689526914,0.0022094807366112,1.0127578464990334,0.0731115432463973,2.818821608025716e-05,0.0126771507863082,0.0922364113543027,0.1691864059757216,-0.4702461767490423,0.0105250693059003,False,False,False,False,0.0731115432463973,0.0038020200866391
2023-09-14,371.20306396484375,372.1869828419729,367.8774433826772,369.94364900319135,48039400,0.0081438399141806,0.0081438399141806,0.0021906634091781,0.0020673538706234,1.0596460723569776,0.3418144589633755,0.0001233095385546,0.0579349583661107,0.0717602841414591,0.1456847771682315,-0.0948989046356122,0.0102746223501728,False,False,False,False,0.3418144589633755,0.0081438399141806
2023-09-15,364.846923828125,370.2683259653032,363.9121889676396,369.8649156585052,69811200,-0.0172713762506115,0.0172713762506115,0.002368338106487,0.0022771197242343,1.0400586676589247,0.2295646850085883,9.121838225268796e-05,0.0392771227727333,0.0642610862130682,0.1432838171270306,-0.1743669588184197,0.0107519743979971,False,False,False,False,0.2295646850085883,0.0172713762506115
2023-09-18,365.2273254394531,366.3407681012067,363.6212111624308,363.9069691189676,36903500,0.0010420902973487,0.0010420902973487,0.0023678472839427,0.0022736948350177,1.0414094483898857,0.2373056202703127,9.41524489250162e-05,0.0405750344824252,0.0575698903299594,0.1410922185128504,-0.1204521129986088,0.0107322830602659,False,False,False,False,0.2373056202703127,0.0010420902973487
2023-09-19,364.4488830566406,365.24700863969736,361.4238722283556,363.9069563270103,37621700,-0.0021336660537157,0.0021336660537157,0.0021169469759468,0.0022395837554098,0.945241262280679,-0.31380655200606,-0.0001226367794629,-0.0563150800721963,0.0396269636855036,0.1312743406633869,-0.7308514617012181,0.0102499972269108,False,False,False,False,0.31380655200606,0.0021336660537157
2023-09-20,359.1970520019531,365.8678152619394,359.11820769924856,365.5131061106414,45514200,-0.0145151738137815,0.0145151738137815,0.0023255927162194,0.0022538028054619,1.0318527914614144,0.1825391723145523,7.178991075752934e-05,0.0313560129520196,0.0272172571008151,0.1191814393783091,0.0347265133966639,0.0107808143662924,False,False,False,False,0.1825391723145523,0.0145151738137815
2023-09-21,352.61492919921875,356.30013348758865,352.44743768219166,355.5118408271102,69734800,-0.018494519878642,0.018494519878642,0.0024228590189038,0.0021387068211083,1.1328616877222193,0.7613920600493429,0.0002841521977954,0.124746898444119,0.0145177371190732,0.091324817388719,1.2070011687607487,0.0109071716605066,False,False,False,False,0.7613920600493429,0.018494519878642
2023-09-22,352.6641845703125,356.49715394100406,352.3488675327964,354.35897605910213,51589700,0.0001396762507558,0.0001396762507558,0.0019559937035105,0.0018670986664044,1.047611322693174,0.2728467753835957,8.889503710617563e-05,0.0465126418148269,0.0025129700254342,0.0674213350546293,0.6526075426086011,0.0098817597158934,False,False,False,False,0.2728467753835957,0.0001396762507558
2023-09-25,354.3392333984375,354.42794074320403,350.7131778472453,351.6985209907401,39168000,0.0047384550617482,0.0047384550617482,0.0019188205504819,0.0017724498088585,1.0825810360845332,0.4732481294146362,0.0001463707416233,0.0793480382169086,0.003800775849592,0.0686200145476977,1.1009508357769835,0.0097802109442996,False,False,False,False,0.4732481294146362,0.0047384550617482
2023-09-26,349.0184020996094,352.2996117540498,348.03305891189785,351.75765495863584,53657700,-0.0151300918152557,0.0151300918152557,0.0020915077905378,0.0016231143145895,1.2885770100960623,1.653751717043526,0.0004683934759483,0.2535385165699748,0.0146878298374402,0.0875067774138528,2.729510716671908,0.0100891657710058,False,False,False,False,1.653751717043526,0.0151300918152557
2023-09-27,349.8363037109375,351.74787217352633,346.2102174092511,350.17131683413555,56066000,0.0023406925014804,0.0023406925014804,0.00163022507694,0.0014830110806796,1.0992669563823907,0.5688703320767527,0.0001472139962604,0.0946435543702197,0.0126200320074236,0.085070441404772,0.9641835754974114,0.008636263735257,False,False,False,False,0.5688703320767527,0.0023406925014804
2023-09-28,352.7627868652344,354.8911321368754,348.0626797806673,348.9199236948783,56453300,0.0083304977694191,0.0083304977694191,0.001668695379556,0.0014877206953659,1.1216456050882666,0.6971159213914963,0.0001809746841901,0.1147968972135981,0.0231112648866446,0.0840804213979047,1.090451627175578,0.0087873892626852,False,False,False,False,0.6971159213914963,0.0083304977694191
2023-09-29,353.0188903808594,357.6303193180829,351.7872114054841,356.2409818254251,64829600,0.0007257301659198,0.0007257301659198,0.0016602573887458,0.0014924751207576,1.1124188039416276,0.6442397819027893,0.0001677822679882,0.1065367471736985,0.0333420145853444,0.0811079200241702,0.9024363165340936,0.0087302847443199,False,False,False,False,0.6442397819027893,0.0007257301659198
2023-10-02,355.9651184082031,357.3642890085675,352.6740755034777,353.2849835180275,51625100,0.0083111747237712,0.0083111747237712,0.00172821187867,0.0015002242257223,1.1519690517182155,0.8708908590217063,0.0002279876529477,0.1414726970848956,0.0446066087671047,0.079686124770131,1.215595420121363,0.0090464691789427,False,False,False,False,0.8708908590217063,0.0083111747237712
2023-10-03,349.71807861328125,355.71881606812383,348.1021010689043,353.5214895496969,60478500,-0.0177054038260501,0.0177054038260501,0.0020400794019099,0.0017249541994646,1.1826861272856004,1.046921570703169,0.0003151252024452,0.1677882305076545,0.0563579249803468,0.0796555633382347,1.398901732125733,0.0096163582261901,False,False,False,False,1.046921570703169,0.0177054038260501
2023-10-04,354.4772033691406,355.3245840567301,350.0924142597397,350.55552674978816,54786700,0.0135166972444157,0.0135166972444157,0.0021445151636844,0.0020156701822775,1.0639216586819626,0.3663166125616753,0.0001288449814069,0.0619617591503946,0.0598359688543838,0.0782940416632056,0.0271513674712978,0.0101660928804687,False,False,False,False,0.3663166125616753,0.0135166972444157
2023-10-05,353.4327697753906,354.87136248860946,349.93481329542783,354.4673681510727,45897400,-0.0029507547320744,0.0029507547320744,0.0021017070315615,0.0020650424015711,1.017754904191032,0.1017482414212014,3.666462999031561e-05,0.0175991270491617,0.0641534475171146,0.073306142794063,-0.6350671129803767,0.0100993333286645,False,False,False,False,0.1017482414212014,0.0029507547320744
2023-10-06,359.3547058105469,360.54696275822704,349.64906850019884,350.4373310951315,75049100,0.016616656430694,0.016616656430694,0.002375869524651,0.0021190630565272,1.1211886863549574,0.6944974517514236,0.0002568064681238,0.1143894496002157,0.0732814810300805,0.0673881405025922,0.6100178497810586,0.010853591699996,False,False,False,False,0.6944974517514236,0.016616656430694
2023-10-09,361.1873779296875,361.7293046269779,355.492095800062,356.9898065431507,45304800,0.0050869369395313,0.0050869369395313,0.0022645350566226,0.0020428634639222,1.1085102340979414,0.6218408940356337,0.0002216715927003,0.1030169824158611,0.077804187876222,0.066185942391418,0.3809388161391243,0.0105576313725476,False,False,False,False,0.6218408940356337,0.0050869369395313
2023-10-10,363.1876220703125,365.83819750579465,361.0198852181754,361.522389768607,46968800,0.0055226898349431,0.0055226898349431,0.0021707041143854,0.0020192181743374,1.0750220763527614,0.4299299086342656,0.000151485940048,0.072341197510866,0.0812098968204898,0.0640296207880872,-0.1385093211620864,0.0104062952352238,False,False,False,False,0.4299299086342656,0.0055226898349431
2023-10-11,365.7791442871094,365.9663619214004,362.7935552643259,364.5179060546861,38215100,0.0071101544106116,0.0071101544106116,0.002206803053389,0.0020329488101815,1.0855182591596613,0.4900805087584239,0.0001738542432074,0.0820575311617227,0.0846789158392605,0.062072194302789,-0.0422312229651596,0.0104991453587118,False,False,False,False,0.4900805087584239,0.0071101544106116
2023-10-12,364.5079345703125,368.2620890543965,362.1135582590997,366.2815700406898,49587900,-0.0034814007738527,0.0034814007738527,0.0021526010761893,0.0018413083080268,1.1690606438940836,0.9688378503584054,0.0003112927681625,0.1562005578715692,0.0895921958145334,0.0636303566415541,1.0468016458285376,0.0103344989561936,False,False,False,False,0.9688378503584054,0.0034814007738527
2023-10-13,359.9261779785156,365.7200010485941,358.5269773449452,365.13865214466296,52469900,-0.0126493703288203,0.0126493703288203,0.0020143072083148,0.0018843633294468,1.0689590361038104,0.3951843714936979,0.000129943878868,0.0666853114806309,0.0909626052499283,0.0628219722950896,-0.3864459023231748,0.0100127115255364,False,False,False,False,0.3951843714936979,0.0126493703288203
2023-10-16,363.9956359863281,365.0499604297053,361.0987245658137,361.2465200321077,44201100,0.0112429292648731,0.0112429292648731,0.0021396247145819,0.0021158367081227,1.0112428366366126,0.0644294581403028,2.3788006459172888e-05,0.0111801056933985,0.089492858810477,0.0643098518566993,-1.2177411524999555,0.0103417941861379,False,False,False,False,0.0644294581403028,0.0112429292648731
2023-10-17,362.8033752441406,364.498166736826,358.32990873374644,360.4483905820312,50999100,-0.0032808569995959,0.0032808569995959,0.0021458362064049,0.0021256184859985,1.009511453038082,0.0545073974814238,2.0217720406454e-05,0.0094665039645279,0.0927819380123132,0.0581562733096824,-1.432613015007517,0.0103557044611668,False,False,False,False,0.0545073974814238,0.0032808569995959
2023-10-18,358.04412841796875,362.5175946488623,356.7139091781102,360.31043565965376,54280500,-0.0132047789750334,0.0132047789750334,0.0021095121233401,0.0017533758367268,1.2031146313035193,1.1639914425720952,0.0003561362866132,0.1849137203195409,0.1004598233806892,0.0596570050674707,1.4156576724449406,0.0102688737174664,False,False,False,False,1.1639914425720952,0.0132047789750334
2023-10-19,354.6940612792969,360.6553767603127,353.89593553906946,359.4631196781683,72274200,-0.0094006238419575,0.0094006238419575,0.0018558365864166,0.0019543549522964,0.949590341424922,-0.2888832322310162,-9.851836587977648e-05,-0.0517246069421526,0.0916362481113756,0.0678941434437798,-2.11153492454381,0.0096283655126297,False,False,False,False,0.2888832322310162,0.0094006238419575
2023-10-20,349.4027099609375,354.7629794547473,349.17607019624336,354.19146355083643,72559700,-0.0150304649882501,0.0150304649882501,0.0020817319547246,0.0021868888577948,0.9519148388838288,-0.275562206891366,-0.0001051569030702,-0.0492797031460662,0.086846630863331,0.0740117055219036,-1.839254115946712,0.0101917017668649,False,False,False,False,0.275562206891366,0.0150304649882501
2023-10-23,350.4570617675781,353.99444057612124,345.9737317484537,348.08238082629725,60665200,0.0030130396027462,0.0030130396027462,0.0020683574060001,0.0021432275423092,0.9650666413942934,-0.200193015226866,-7.487013630911709e-05,-0.035558121587893,0.0811013228730909,0.0786832810507206,-1.482645905243622,0.0101545290146259,False,False,False,False,0.200193015226866,0.0030130396027462
2023-10-24,353.8663330078125,354.6348995548222,350.5752900977818,352.27008172327623,47082100,0.0096810581409369,0.0096810581409369,0.0019331606143902,0.0021329008281714,0.9063527890547132,-0.5366651898068813,-0.0001997402137811,-0.0983266568398865,0.0635080642025978,0.0774888809633422,-2.0884895875453906,0.0098072576732636,False,False,False,False,0.5366651898068813,0.0096810581409369
2023-10-25,345.2051696777344,351.6493233086152,344.62382073653515,351.47196873068145,71190500,-0.0247803164665661,0.0247803164665661,0.0025417458571869,0.0024973264867209,1.017786769452135,0.1019308520534391,4.441937046601591e-05,0.0176304359253376,0.0596574082803537,0.0777590253497169,-0.5404770978803057,0.0112535909864458,False,False,False,False,0.1019308520534391,0.0247803164665661
2023-10-26,338.623046875,344.9391003796654,337.3322496918458,344.00301231388727,78621400,-0.0192514024109773,0.0192514024109773,0.00284296515889,0.0032761275546259,0.8677821945228441,-0.7577021563803258,-0.0004331623957358,-0.1418145237785508,0.0468268372307463,0.0880872935119778,-2.1415274949235026,0.0117458304974755,False,False,False,False,0.7577021563803258,0.0192514024109773
2023-10-27,340.248779296875,343.7270387856447,339.0367966158671,341.3523586144036,63476700,0.0047895212821951,0.0047895212821951,0.0028653779887289,0.003418612557099,0.8381698542523431,-0.9274019483066348,-0.0005532345683701,-0.1765345090003089,0.0326732744220459,0.0993745380886029,-2.105245341979088,0.0118268805538985,False,False,False,False,0.9274019483066348,0.0047895212821951
2023-10-30,344.0818176269531,345.4021737536348,341.372124140708,342.731872340221,55298500,0.0112024171724854,0.0112024171724854,0.0029217965139462,0.0032640156270535,0.8951539599655093,-0.6008424533698474,-0.0003422191131072,-0.1107595531935906,0.0200616619081216,0.1007622406133578,-1.2983158602407028,0.0119669446320032,False,False,False,False,0.6008424533698474,0.0112024171724854
2023-10-31,345.7274169921875,346.10185227707217,341.5397077475539,344.111469531987,47671900,0.004771181377029,0.004771181377029,0.0026310793610352,0.0029566854914588,0.8898746142042494,-0.6310968631533699,-0.0003256061304236,-0.1166747090974555,0.0058385149278661,0.0989667420282257,-1.2379231801970438,0.0114553342222591,False,False,False,False,0.6310968631533699,0.004771181377029
2023-11-01,351.7281799316406,352.28983289974474,346.4664496601005,346.5649900164811,58992700,0.0172080087730292,0.0172080087730292,0.0027444938225707,0.0030264918003258,0.9068234786809188,-0.533967803146478,-0.000281997977755,-0.0978074688876125,-0.0021499464740342,0.1005496597859116,-0.9513460574332168,0.0117078247731451,False,False,False,False,0.533967803146478,0.0172080087730292
2023-11-02,358.1131591796875,358.3496319411529,355.0191668891615,356.2410129874096,58162400,0.0179903623674343,0.0179903623674343,0.0030594400071934,0.0034572977988092,0.8849223252469564,-0.6594770046057081,-0.0003978577916157,-0.1222554059085862,-0.0091426731219216,0.1037453643838534,-1.090291922520532,0.0123506808139846,False,False,False,False,0.6594770046057081,0.0179903623674343
2023-11-03,362.3206176757813,363.6114151401233,359.1773697852796,359.40400959538874,53280500,0.0116804804764079,0.0116804804764079,0.0029197603604174,0.0036649871547672,0.7966631906525397,-1.1652646809410654,-0.0007452267943498,-0.2273232859318581,-0.0262283098985253,0.1099468570272502,-1.8290197780141328,0.0120755585752697,False,False,False,False,1.1652646809410654,0.0116804804764079
2023-11-06,363.7985534667969,364.3602063061445,361.5322761410514,363.0891051619072,38848700,0.0040707858728817,0.0040707858728817,0.0029104547306135,0.0036971556746004,0.7872145472825215,-1.2194121343078388,-0.0007867009439868,-0.2392544536352165,-0.0433418817010791,0.1150183752572785,-1.7033154180443846,0.0120579025375512,False,False,False,False,1.2194121343078388,0.0040707858728817
2023-11-07,367.2374877929688,368.1045647036917,363.6409604189403,364.8430805389325,50777400,0.0094084545757796,0.0094084545757796,0.002968473645105,0.0036955561516899,0.8032549157040065,-1.127489403490816,-0.0007270825065848,-0.219083161236446,-0.0579130996384448,0.1178644449377524,-1.3674188317190965,0.0121703022786619,False,False,False,False,1.127489403490816,0.0094084545757796
2023-11-08,367.4739074707031,368.3114552322413,365.1879039548286,367.611839886679,35663400,0.0006435715776796,0.0006435715776796,0.0029183335337379,0.003664639104921,0.7963495040532315,-1.1670623284807873,-0.000746305571183,-0.2277171140594118,-0.0734018318995015,0.1188032316259694,-1.298914853139215,0.0120773861290189,False,False,False,False,1.1670623284807873,0.0006435715776796
2023-11-09,364.6459655761719,369.30661967147313,364.1532939757189,368.1636480202756,53859400,-0.0077253905086243,0.0077253905086243,0.0029658950409005,0.0036000451723889,0.8238493960153274,-1.00946836929572,-0.0006341501314884,-0.19376753760353,-0.0909002366732565,0.1090712884365069,-0.9431198842961784,0.012177618555729,False,False,False,False,1.00946836929572,0.0077253905086243
2023-11-10,372.8440551757813,372.991850652543,365.8382488743715,366.3703426610041,58309800,0.0222333240403234,0.0222333240403234,0.0033002091690669,0.0036488971608153,0.9044401701716972,-0.5476258576743057,-0.0003486879917484,-0.1004391231873261,-0.0992564584066543,0.102905824849667,-0.011492690354502,0.0127240740409841,False,False,False,False,0.5476258576743057,0.0222333240403234
2023-11-13,371.6813354492188,372.735659990496,369.7402079575448,371.26750810516944,40733500,-0.0031233875605875,0.0031233875605875,0.0031835612604655,0.0037027289206599,0.8597878291069221,-0.8035155617131121,-0.0005191676601943,-0.1510696305133743,-0.1073689452169929,0.1002407843715281,-0.4359571363130105,0.0125732478772928,False,False,False,False,0.8035155617131121,0.0031233875605875
2023-11-14,379.6823120117188,380.5987041135127,377.5638299784624,378.0860607128957,67792600,0.0212980200145099,0.0212980200145099,0.0036264028943522,0.0037410877326509,0.9693445204992855,-0.1756777223668064,-0.0001146848382986,-0.0311351879706366,-0.1093990298137512,0.0982453397666863,0.7966163283569078,0.0132721688032063,False,False,False,False,0.1756777223668064,0.0212980200145099
2023-11-15,379.9680480957031,382.066833967817,378.6082696393877,381.5741623572847,54141400,0.0007522831883329,0.0007522831883329,0.0034526026365682,0.0035623294279935,0.9691980223493402,-0.1765172610637221,-0.0001097267914253,-0.0312863305398463,-0.1202090323567205,0.074225134393508,1.19801334875928,0.012798439178294,False,False,False,False,0.1765172610637221,0.0007522831883329
2023-11-16,380.2932434082031,380.5297161682242,377.9382585819302,379.1994967525258,45343500,0.0008554830713256,0.0008554830713256,0.0033649627592355,0.0033297652902794,1.010570555546016,0.0605768088681383,3.519746895609558e-05,0.0105150778347712,-0.1170970481178743,0.0782279998011018,1.63128453082151,0.0124942960076294,False,False,False,False,0.0605768088681383,0.0008554830713256
2023-11-17,380.38189697265625,381.3967992648441,378.6575463743563,379.5640452781013,46571900,0.0002330917895124,0.0002330917895124,0.0031391022132548,0.0032552136759162,0.9643306172125128,-0.2044109577927007,-0.0001161114626613,-0.0363210792568759,-0.1164491169234148,0.0788383052923439,1.0163592097700789,0.0117861616037088,False,False,False,False,0.2044109577927007,0.0002330917895124
2023-11-20,385.0130004882813,385.6731936771707,380.3917383769215,380.3917383769215,44429600,0.0121013611323648,0.0121013611323648,0.003276466746863,0.0032116469227599,1.020182736665022,0.1156614499654937,6.48198241030933e-05,0.01998176484325,-0.1136721226018577,0.082530408350921,1.6194502137540454,0.0119044129146724,False,False,False,False,0.1156614499654937,0.0121013611323648
2023-11-21,382.7762756347656,383.5251460922471,381.03222898910747,383.3083693845703,43337000,-0.0058264194372317,0.0058264194372317,0.0032166910235934,0.0029315622332011,1.097261721809313,0.5573789103685636,0.0002851287903922,0.0928177324266729,-0.1041149031385297,0.0940215757377643,2.094547278323305,0.0120588800187472,False,False,False,False,0.5573789103685636,0.0058264194372317
2023-11-22,384.3429870605469,387.30887987612056,383.3379477672656,384.8455217423324,44121000,0.0040846676137254,0.0040846676137254,0.0026193114489248,0.0021821156998508,1.2003540642248924,1.1481714278565325,0.000437195749074,0.1826165667949685,-0.0958655965950482,0.1101891830402887,2.527309448225918,0.0101059684284696,False,False,False,False,1.1481714278565325,0.0040846676137254
2023-11-24,383.8010559082031,384.5302002849697,382.805849611046,383.9389883255665,15718800,-0.0014110146325237,0.0014110146325237,0.0022506859164287,0.0020391873286405,1.103717095932105,0.5943727999239784,0.0002114985877881,0.0986836613316304,-0.0838406873395391,0.1174051238618159,1.5546540275873997,0.0085629232314067,False,False,False,False,0.5943727999239784,0.0014110146325237
2023-11-27,383.4660949707031,385.41705561071353,382.5891249320893,383.30843642206605,34139700,-0.0008731273283265,0.0008731273283265,0.0022285087536475,0.0019525087700562,1.1413565909787655,0.8100739035612563,0.0002759999835912,0.1322175470136652,-0.0684030845388404,0.1242984084035812,1.6140241385964955,0.0086994535560642,False,False,False,False,0.8100739035612563,0.0008731273283265
2023-11-28,384.47113037109375,385.0524793485773,382.3624811341902,382.7172203824897,35491100,0.0026174951312151,0.0026174951312151,0.0021098658839031,0.0018679117023939,1.129531915881821,0.7423100968098285,0.0002419541815091,0.1218033131728545,-0.0567749412205181,0.130514753109792,1.3682610596761315,0.0086427293376423,False,False,False,False,0.7423100968098285,0.0026174951312151
2023-11-29,384.0966491699219,388.3632022739312,383.7517730189987,386.934442535945,38811700,-0.0009744911009162,0.0009744911009162,0.0020880513450763,0.001736375193419,1.202534655522743,1.16066776844094,0.0003516761516573,0.1844315421440362,-0.0417196286584435,0.1397750607735063,1.6179651044397585,0.0087585415707593,False,False,False,False,1.16066776844094,0.0009744911009162
2023-11-30,383.1310424804688,384.8258342493983,380.1651794375616,384.3627216709614,52834400,-0.002517133335511,0.002517133335511,0.0017982717393724,0.0012285526317809,1.463731949982212,2.657514222202728,0.0005697191075915,0.3809893045008716,-0.0177797899890193,0.1665557010620621,2.394208615778941,0.0084634560243136,True,False,True,False,2.657514222202728,0.002517133335511
2023-12-01,384.2247314453125,384.8159433818808,380.4114580563647,382.0668274225255,40490100,0.0028505414113726,0.0028505414113726,0.0014827441875988,0.0008929629366028,1.660476741889957,3.7850019501007175,0.0005897812509959,0.507104755045788,0.0136882180586993,0.1999499877232176,2.4676997613528453,0.0078583931210858,True,False,True,False,3.7850019501007175,0.0028505414113726
2023-12-04,380.6578369140625,380.93373183962944,377.0514767703932,380.4311971261608,51186900,-0.0093267137598907,0.0093267137598907,0.001433298152998,0.0008583019910454,1.6699229035366925,3.839135181426244,0.0005749961619525,0.5127774598161112,0.0506932553460977,0.2194556928288328,2.1055922428515976,0.0080975965182061,True,False,True,False,3.839135181426244,0.0093267137598907
2023-12-05,381.6135559082031,382.8058126966644,378.5786821753916,378.7560667953098,42933000,0.0025075570300134,0.0025075570300134,0.0014230146976339,0.0008336445606864,1.7069801264727125,4.051499451327398,0.0005893701369474,0.5347258013735362,0.0893922680965354,0.2327532580022008,1.9133288921471931,0.0080892942453966,True,False,True,False,4.051499451327398,0.0025075570300134
2023-12-06,379.4063720703125,384.6484049030848,379.0615260202326,384.54986457293904,41994100,-0.0058006103270498,0.0058006103270498,0.0013681427602956,0.0008476830936044,1.6139790572890989,3.518537113828346,0.0005204596666911,0.4787025941062607,0.1242815558636707,0.2361717355686802,1.5006920171424245,0.0081086610119804,True,False,True,False,3.518537113828346,0.0058006103270498
2023-12-07,384.7075805664063,385.5352653367791,381.2884380844717,382.3821847930193,49593500,0.013875662217051,0.013875662217051,0.0015602625778817,0.0009725456403682,1.604307821781062,3.463114049038728,0.0005877169375135,0.4726923998732378,0.1593020315603032,0.2332916792200188,1.343341388602952,0.0085300575595982,True,False,True,False,3.463114049038728,0.013875662217051
2023-12-08,386.4219970703125,386.8653834005517,382.7860788109342,382.97329639601855,46687500,0.0044465142521791,0.0044465142521791,0.0015203524083658,0.0007905601544148,1.9231331099544355,5.290209934390435,0.000729792253951,0.653955684156157,0.2016881926482875,0.2421355544098467,1.867827682762964,0.0082223305945059,True,False,True,False,5.290209934390435,0.0044465142521791
2023-12-11,389.7229614257813,389.9890233551011,385.7914513797825,385.9983650479165,41198000,0.0085061024294857,0.0085061024294857,0.0010983854890247,0.0007382761456757,1.4877705252408056,2.795272372430792,0.000360109343349,0.3972787076101892,0.2265740841881633,0.2352850523090679,0.7255226022509501,0.0070723680743106,True,False,True,False,2.795272372430792,0.0085061024294857
2023-12-12,392.8267822265625,392.9450185979474,388.6292106206721,389.7623492734944,39221200,0.0079326256305162,0.0079326256305162,0.001151556488565,0.0007398531513926,1.5564662884756175,3.188948002950939,0.0004117033371724,0.4424180521205609,0.2562484683198601,0.2228837789711188,0.8352765044639006,0.007065676041275,True,False,True,False,3.188948002950939,0.0079326256305162
2023-12-13,397.8224792480469,398.4333872596561,392.99430327502,393.7628698170913,55408100,0.0126371167286627,0.0126371167286627,0.0008576475512404,0.0008791139576757,0.9755817704315722,-0.1399338397140785,-2.146640643533584e-05,-0.0247212983094412,0.2565691628029199,0.2224742867756555,-1.2643729088387472,0.0061185720470844,False,False,False,False,0.1399338397140785,0.0126371167286627
2023-12-14,397.4776306152344,400.3449530293757,394.4723156411744,399.0443227844058,55447800,-0.0008672164133967,0.0008672164133967,0.0008578336855526,0.0008961704074476,0.9572216159154012,-0.2451505963995646,-3.833672189504887e-05,-0.0437203407588938,0.2559474622919675,0.2232936895881765,-1.342034356651738,0.0061496009566443,False,False,False,False,0.2451505963995646,0.0008672164133967
2023-12-15,399.3990173339844,400.58144122653687,397.6549706592437,398.2560155899272,62896600,0.0048223032940369,0.0048223032940369,0.0008803564433269,0.0009027554741585,0.9751881528578492,-0.1421895486431657,-2.2399030831562008e-05,-0.0251248493119102,0.2541654659346334,0.2253777401372715,-1.2392098486586802,0.0061652927593343,False,False,False,False,0.1421895486431657,0.0048223032940369
2023-12-18,401.9146728515625,402.8131297549099,399.4661600981629,399.7919595715153,46610000,0.0062788488781346,0.0062788488781346,0.0009197260547791,0.0009481560940835,0.9700154442060074,-0.1718328518706186,-2.8430039304463083e-05,-0.0304432857495967,0.2544593556099974,0.2250022773398973,-1.2662211455273809,0.0061972714470084,False,False,False,False,0.1718328518706186,0.0062788488781346
2023-12-19,403.9683837890625,404.0868563502096,402.181352354262,402.3689439528637,35711900,0.0050968074497216,0.0050968074497216,0.0007992605597027,0.0008844883756743,0.90364167770254,-0.5522017880004105,-8.522781597158349e-05,-0.1013223713898415,0.2483941487983428,0.2327429545855951,-1.5025869238914822,0.0058471134206826,False,False,False,False,0.5522017880004105,0.0050968074497216
2023-12-20,397.9654541015625,405.2616995946524,397.78774528609546,403.16860430932405,54042400,-0.0149714141735555,0.0149714141735555,0.0009894566386003,0.0009713078239251,1.0186849258578177,0.1070779276904657,1.8148814675159964e-05,0.0185125070741636,0.2446788875307174,0.2357701362269686,-0.95926644517366,0.0067592146044752,False,False,False,False,0.1070779276904657,0.0149714141735555
2023-12-21,402.5959777832031,402.9613083279881,399.3378620611597,401.89499509252914,45568900,0.011568319775296,0.011568319775296,0.0011065981515092,0.0012481492359602,0.8865912181229195,-0.6499130602767158,-0.000141551084451,-0.1203712618376327,0.2295294960990873,0.2486534678436477,-1.407182296595743,0.0070673850464514,False,False,False,False,0.6499130602767158,0.011568319775296
2023-12-22,403.19818115234375,404.7680024555693,401.3222957659305,403.8103093187193,34314000,0.0014946831633781,0.0014946831633781,0.0011068412669749,0.0012747022703284,0.8683135605380992,-0.7546570508127891,-0.0001678610033535,-0.1412023846954402,0.2175351937977338,0.260193694256891,-1.3787327918062071,0.0070188947934496,False,False,False,False,0.7546570508127891,0.0014946831633781
2023-12-26,405.6664733886719,406.3378378440753,403.95841398590886,404.0571511423741,22722500,0.0061031221578687,0.0061031221578687,0.0011433270157173,0.0012860067580873,0.8890521053075838,-0.6358104247073255,-0.00014267974237,-0.1175994340411597,0.2050443447449925,0.2698083451585352,-1.1958257947750723,0.0070176720423801,False,False,False,False,0.6358104247073255,0.0061031221578687
2023-12-27,406.4923095703125,406.77878889770113,405.08957679300846,405.9490147751744,31980500,0.0020336822887284,0.0020336822887284,0.0011406115986068,0.0013023117657053,0.8758360545019536,-0.7115478048439831,-0.0001617001670985,-0.1325763579559706,0.1923253611885513,0.2792627867300496,-1.1634264734978432,0.0070196426711576,False,False,False,False,0.7115478048439831,0.0020336822887284
2023-12-28,406.2947082519531,407.8950191252155,405.9391037109151,407.64806147854006,27029200,-0.0004862314921857,0.0004862314921857,0.001139898386765,0.0012998909475606,0.8769184745106213,-0.7053447675774291,-0.0001599925607956,-0.1313412504399406,0.1765367215593524,0.2880508827726284,-1.0688318988500205,0.0070073643660267,False,False,False,False,0.7053447675774291,0.0004862314921857
2023-12-29,404.5364074707031,406.6306338260502,402.62001354809854,406.2749991067649,42662100,-0.0043370401142199,0.0043370401142199,0.0011523723434886,0.001291513829035,0.8922648117129678,-0.6173993297538785,-0.0001391414855464,-0.113992316342852,0.1517876405171662,0.2906735406143874,-0.9143589619414536,0.0070873003616545,False,False,False,False,0.6173993297538785,0.0043370401142199
2024-01-02,397.6907653808594,401.14817289593526,395.3693571629253,400.901215216287,58026900,-0.0170670066754419,0.0170670066754419,0.0014355294740103,0.0013699446962254,1.047874033138383,0.2743522932684211,6.55847777848498e-05,0.0467633812875261,0.1287705718292531,0.279643190369101,-0.293256526051951,0.0082951772030029,False,False,False,False,0.2743522932684211,0.0170670066754419
2024-01-03,393.4825744628906,396.12009559564825,393.04795670596747,395.06310955186376,47002800,-0.0106379484527397,0.0106379484527397,0.0014617078317345,0.0016314751261052,0.895942456213864,-0.5963238085056395,-0.0001697672943706,-0.1098790910451883,0.0976377442861881,0.2696399071862689,-0.7696072791926256,0.008386919912472,False,False,False,False,0.5963238085056395,0.0106379484527397
2024-01-04,391.45751953125,394.7272364938344,391.2401955875345,391.61557604906113,39432800,-0.0051597808289913,0.0051597808289913,0.0014820433276789,0.0016981829129662,0.8727230243356285,-0.7293876839842325,-0.0002161395852872,-0.1361370422851874,0.064094602103252,0.2544813769597297,-0.7868223866932511,0.0085135509681145,False,False,False,False,0.7293876839842325,0.0051597808289913
2024-01-05,391.92181396484375,394.6976157049845,390.5289691180864,391.6254768256185,44922800,0.001185363126408,0.001185363126408,0.0014498013332541,0.0015752125510577,0.9203845743107096,-0.4562530705165551,-0.0001254112178035,-0.0829636807280942,0.0360112883615342,0.237609798376311,-0.5007157528967034,0.0083580397276181,False,False,False,False,0.4562530705165551,0.001185363126408
2024-01-08,400.0220947265625,400.3085439534449,392.9986020588832,393.14677064971954,42473800,0.0204574166733743,0.0204574166733743,0.0016757732282405,0.0015132919873392,1.107369392199672,0.6153030577488474,0.0001624812409012,0.1019872856890798,0.0174760326523263,0.2163284136072717,0.39066182582089,0.0089431027011153,False,False,False,False,0.6153030577488474,0.0204574166733743
2024-01-09,400.8123168945313,401.74088018825046,396.8214723223469,397.01905052593867,39132900,0.0019734976743616,0.0019734976743616,0.0016598964323163,0.0015175085975239,1.0938300020340972,0.5377127128818469,0.0001423878347924,0.0896853007316316,-0.0107374865188999,0.1612680112443855,0.6227074202480916,0.0089248329555662,False,False,False,False,0.5377127128818469,0.0019734976743616
2024-01-10,403.5288696289063,404.5364461618828,400.23940642845145,401.1284480923958,33962800,0.0067547531043415,0.0067547531043415,0.0016331693432761,0.0014279810830254,1.143691161381421,0.8234526540399059,0.0002051882602506,0.1342608926833831,-0.0238883772652402,0.1362416650231573,1.1607995976982688,0.0088672879674377,False,False,False,False,0.8234526540399059,0.0067547531043415
2024-01-11,404.3684997558594,406.1959925651025,399.3206692442593,404.8031476719886,54536200,0.0020785571560589,0.0020785571560589,0.0015745631937331,0.0012854430962579,1.2249186279165982,1.2889438662779455,0.0002891200974752,0.2028744155998411,-0.0358655590912762,0.1005849010083527,2.3735170219165598,0.0087539573571162,False,False,False,False,1.2889438662779455,0.0020785571560589
2024-01-12,404.575927734375,406.24536398225337,403.1830828688919,405.40570188156073,39595000,0.0005128361751754,0.0005128361751754,0.0014151294754619,0.0012690850618348,1.1150785065706632,0.6594817715128715,0.000146044413627,0.1089248119138664,-0.0291832535801108,0.1054261445434064,1.309998256050375,0.0083694714603881,False,False,False,False,0.6594817715128715,0.0005128361751754
2024-01-16,404.5364074707031,406.1169425811048,401.879140541304,403.3411407940105,43903000,-9.76879525468224e-05,9.76879525468224e-05,0.0014143869540903,0.0012622531185811,1.1205256166688318,0.6906975903848348,0.0001521338355091,0.1137978758170904,-0.0213073427513116,0.1098374062189508,1.23004742390841,0.0083632934022899,False,False,False,False,0.6906975903848348,9.76879525468224e-05
2024-01-17,402.2545166015625,402.6298970776057,398.0167447545256,401.22719441535935,54386000,-0.0056567244023582,0.0056567244023582,0.0014231308759948,0.0012131022073844,1.1731335309851678,0.992178393036988,0.0002100286686103,0.1596784003493867,-0.0120671802682467,0.1166873536192417,1.471843994149103,0.0084279097914589,False,False,False,False,0.992178393036988,0.0056567244023582
2024-01-18,407.9642028808594,408.5470193930794,404.1808244553629,405.5242597758291,59562500,0.0140944183639217,0.0140944183639217,0.0015823595617776,0.0012920159667677,1.224721367597534,1.2878134242124166,0.0002903435950099,0.2027133631024522,-0.0004093478256443,0.1255774002967879,1.6175100810180738,0.0088634077672861,False,False,False,False,1.2878134242124166,0.0140944183639217
2024-01-19,416.0545043945313,416.2125609154911,409.58422571941946,410.167042183222,70325100,0.0196368393401852,0.0196368393401852,0.0019419875748703,0.0016234761708911,1.1961909941704876,1.1243140725933645,0.0003185114039792,0.1791423369011722,0.0136138875889063,0.1291348163431392,1.281826652174274,0.0097430361597358,False,False,False,False,1.1243140725933645,0.0196368393401852
2024-01-22,416.5978393554688,419.5613313657799,415.9952469706817,418.2573876461551,44880600,0.001305070578696,0.001305070578696,0.0017195475417296,0.0013794791766813,1.246519389923984,1.4127316110025556,0.0003400683650483,0.220355179355062,0.0237060212029513,0.1367839460371955,1.4376625609165867,0.0089857284788254,False,False,False,False,1.4127316110025556,0.001305070578696
2024-01-23,418.3265686035156,418.543892570073,415.4519775602251,417.2893282487729,33003800,0.0041410496614139,0.0041410496614139,0.0016028698116044,0.0013598250246234,1.178732397609933,1.024263884847722,0.0002430447869809,0.1644396217553521,0.0379465653826005,0.1358655178357561,0.9310166287053452,0.0087447547123201,False,False,False,False,1.024263884847722,0.0041410496614139
2024-01-24,420.6479187011719,424.6190172669874,420.1540033688027,422.2383417474242,46948000,0.0055337940703752,0.0055337940703752,0.0016312586106588,0.0013826321310029,1.1798211354133643,1.0305031275761545,0.0002486264796559,0.1653628468299743,0.0532748269588712,0.132028449422911,0.848968690922551,0.0087792548723624,False,False,False,False,1.0305031275761545,0.0055337940703752
2024-01-25,421.16162109375,423.81888806396256,418.820467179713,423.1471402830395,44367200,0.0012204719287661,0.0012204719287661,0.0015955000623138,0.0013732768465334,1.161819677031216,0.9273419551083432,0.0002222232157804,0.1499874631097657,0.0666541718164175,0.1275157662179405,0.6535136302355046,0.0087328190271421,False,False,False,False,0.9273419551083432,0.0012204719287661
2024-01-26,418.6524963378906,421.02328381753233,418.0005245054045,419.2748344573637,37137000,-0.0059754466367423,0.0059754466367423,0.0016270701611709,0.0013837003607874,1.1758833106359754,1.0079365881111575,0.0002433698003834,0.1620196189035639,0.0813839706593942,0.1204715397321339,0.6693335905182368,0.0088983926611028,False,False,False,False,1.0079365881111575,0.0059754466367423
2024-01-29,422.939697265625,423.1372754590085,418.4549375623776,419.10690942510337,38694700,0.0101883977674114,0.0101883977674114,0.0017306371891739,0.0014808771326884,1.1686568392288523,0.9665237621423896,0.0002497600564855,0.1558550886930541,0.095743787616044,0.1110039815901833,0.5415238283878464,0.0090830411466955,False,False,False,False,0.9665237621423896,0.0101883977674114
2024-01-30,420.1243896484375,422.47543156579263,419.2156022755008,421.9025030173065,36739000,-0.0066787759693663,0.0066787759693663,0.0017564333206705,0.0014709988635038,1.194041249282065,1.111994503895735,0.0002854344571667,0.1773435615110793,0.1103105815087406,0.1012084825217464,0.6623257095860076,0.0091786625892888,False,False,False,False,1.111994503895735,0.0066787759693663
2024-01-31,411.895751953125,417.7239468242111,411.7179496692199,415.72853974147705,64010600,-0.0197805451663458,0.0197805451663458,0.0018564205708888,0.0013892379101484,1.3362870083861125,1.9271639738482145,0.0004671826607403,0.2898948786788279,0.1224671563783056,0.1072659698063708,1.5608652269004917,0.0094732139942035,False,False,False,False,1.9271639738482145,0.0197805451663458
2024-02-01,416.7460021972656,417.2399175255271,412.7255241901297,413.69360908615386,51008600,0.0117066406846517,0.0117066406846517,0.0018803000597252,0.0016813634539249,1.1183186213164382,0.6780499357698224,0.0001989366058002,0.1118263263632852,0.1335524272487293,0.0932176350097557,-0.2330685699457017,0.0092610246324063,False,False,False,False,0.6780499357698224,0.0117066406846517
2024-02-02,423.7892456054688,425.0042580366374,417.6449376290023,418.64262610680913,59602400,0.0167593406274209,0.0167593406274209,0.0021345522197879,0.0019956539467538,1.06960037999578,0.3988597285923357,0.0001388982730341,0.0672851020745871,0.1437235344667181,0.0718959211303722,-1.0631817659519445,0.009538494531096,False,False,False,False,0.3988597285923357,0.0167593406274209
2024-02-05,423.2360229492188,424.3818798903596,419.8279953986802,423.84847308382064,39889200,-0.0013062720923539,0.0013062720923539,0.0021348534808257,0.001991756373747,1.0718446839005251,0.4117211877737324,0.0001430971070787,0.0693811677306968,0.1513407768896576,0.0530847039269465,-1.5439402143365235,0.0095901559985756,False,False,False,False,0.4117211877737324,0.0013062720923539
2024-02-06,422.3865356445313,424.98453527196295,420.045381652116,424.38194285431695,35846100,-0.0020091412694972,0.0020091412694972,0.0017203842325185,0.0019293408990016,0.8916953107710232,-0.6206629756010835,-0.0002089566664831,-0.1146307846069269,0.1405098733748573,0.0782044278901582,-3.2624835302182773,0.0088668212789021,False,False,False,False,0.6206629756010835,0.0020091412694972
2024-02-07,426.7330017089844,427.5627759324522,423.8682985252067,425.1722423676001,37712700,0.0102376728738879,0.0102376728738879,0.0018212994853205,0.0019413094436022,0.9381809228419578,-0.3542673235200782,-0.0001200099582816,-0.0638124670805318,0.1328349849842491,0.0895279437441671,-2.1964924451600942,0.0090137473192124,False,False,False,False,0.3542673235200782,0.0102376728738879
2024-02-08,427.5232238769531,428.2838426042237,426.1699007464935,426.85147614203305,29889900,0.0018500828432941,0.0018500828432941,0.0017790956023469,0.0019494121112912,0.9126318606733728,-0.500681639116752,-0.0001703165089443,-0.0914226991177785,0.121550805394191,0.1019921260948118,-2.08813672845676,0.008978533790214,False,False,False,False,0.500681639116752,0.0018500828432941
2024-02-09,431.7313537597656,432.5216363313066,427.8689626237374,428.6592150490808,36943900,0.0097949167485832,0.0097949167485832,0.0018707155966076,0.001977612779995,0.9459463528610226,-0.3097658809992936,-0.0001068971833873,-0.0555694209875365,0.1086286135648221,0.1071135518713514,-1.5329342710021283,0.0091004234104018,False,False,False,False,0.3097658809992936,0.0097949167485832
2024-02-12,430.0421752929688,433.7959497087528,429.3605697585453,431.6227103024464,33203300,-0.003920242553679,0.003920242553679,0.0018858208973447,0.0020410206218102,0.9239597469976306,-0.4357647857160622,-0.0001551997244655,-0.0790867721447633,0.0992280343618906,0.1146594567407238,-1.5551687717295934,0.0092181973794861,False,False,False,False,0.4357647857160622,0.003920242553679
2024-02-13,423.3348388671875,426.0217396052204,420.1540227739736,422.08030471766,64491700,-0.0157198387971608,0.0157198387971608,0.0021329246862173,0.0021420029627624,0.9957617815181136,-0.0242880092537251,-9.078276545035608e-06,-0.0042472251871012,0.0933257793116811,0.1167762683867543,-0.8355550819249321,0.0100741453870917,False,False,False,False,0.0242880092537251,0.0157198387971608
2024-02-14,427.9480285644531,428.3727885417839,423.6608468287441,426.0118887813397,45092700,0.0108383124636362,0.0108383124636362,0.0022183951723125,0.0022918871651503,0.9679338520869516,-0.1837618566791688,-7.349199283772714e-05,-0.0325915286613945,0.083712282861142,0.1188145717105499,-0.9788682469509716,0.0100665560244075,False,False,False,False,0.1837618566791688,0.0108383124636362
2024-02-15,429.2223205566406,429.6866021844067,426.0809960674444,428.6395040700747,38796100,0.002973254808098,0.002973254808098,0.0020285827874492,0.0018875397782071,1.0747231983508223,0.4282171249002851,0.000141043009242,0.0720631385171967,0.0771797716318792,0.1156414762144981,-0.0442456571999473,0.0097456996423139,False,False,False,False,0.4282171249002851,0.002973254808098
2024-02-16,425.3302917480469,429.69648676562633,424.6190524047314,429.5977278079396,53716500,-0.0091089902806499,0.0091089902806499,0.0017259510321099,0.0018899470448538,0.9132271916345724,-0.4972699688698201,-0.0001639960127439,-0.0907705885602366,0.0636841253588088,0.1186649337056185,-1.3016036759622136,0.0092239943985955,False,False,False,False,0.4972699688698201,0.0091089902806499
2024-02-20,422.1198425292969,424.8462348947396,418.3463218363223,423.33485505593694,53999500,-0.0075767633928961,0.0075767633928961,0.0017816551664064,0.0019951280662879,0.8930029086911403,-0.6131695085890148,-0.0002134728998814,-0.1131654408980196,0.0470080943461547,0.1189107815854829,-1.3470059914544283,0.0094153742962345,False,False,False,False,0.6131695085890148,0.0075767633928961
2024-02-21,420.4306335449219,420.5195648416101,416.4990864300421,419.3835353553728,49779000,-0.0040097567935031,0.0040097567935031,0.0017805850236512,0.0020074716523903,0.8869789127687231,-0.6476912939413697,-0.0002268866287391,-0.119934070609357,0.0327894097279192,0.1210023930569821,-1.262152561440303,0.0094321960674025,False,False,False,False,0.6476912939413697,0.0040097567935031
2024-02-22,432.739013671875,433.7762238764086,428.4320560275247,429.2025627884872,53887800,0.028855302531951,0.028855302531951,0.0025825906310483,0.0021876153785325,1.180550592390092,1.0346834353815866,0.0003949752525157,0.1659809333723254,0.0328203140550368,0.1210363228858273,1.1001707267899905,0.0112748320629414,False,False,False,False,1.0346834353815866,0.028855302531951
2024-02-23,431.4646911621094,435.22832371062657,430.48674841765705,434.29976044260496,39853900,-0.0029491274481702,0.0029491274481702,0.0025897984320249,0.0023162637627799,1.118093057293592,0.6767572933311166,0.000273534669245,0.1116246067731324,0.0309021712382051,0.1194579883160427,0.6757391169300868,0.0113150151421559,False,False,False,False,0.6767572933311166,0.0029491274481702
2024-02-26,431.2374572753906,433.2625281912728,431.0497670405967,432.27469754338847,33043200,-0.0005267957020516,0.0005267957020516,0.0025543699832281,0.0022181689549681,1.1515669162652875,0.8685863365805665,0.0003362010282599,0.1411235508483252,0.0298573678354432,0.1183932756976061,0.9398015415763328,0.0112038155528348,False,False,False,False,0.8685863365805665,0.0005267957020516
2024-02-27,432.2746887207031,432.6599269894919,429.7359567723681,432.3438440997313,33713200,0.0024023563512592,0.0024023563512592,0.0024563378501995,0.0021077494548565,1.165384170561529,0.9477690407385662,0.0003485883953429,0.1530507927973911,0.02971715304066,0.1182455402323818,1.0430299486504926,0.0110283880185568,False,False,False,False,0.9477690407385662,0.0024023563512592
2024-02-28,429.9729919433594,431.35597882805655,429.0147951055771,430.1310484486447,32938800,-0.0053388424140949,0.0053388424140949,0.0024402350400731,0.0019105169152638,1.2772642945881263,1.588921803221056,0.0005297181248093,0.2447205208577676,0.0330860010079944,0.1232570615947094,1.7170174033976575,0.010984964658821,False,False,False,False,1.588921803221056,0.0053388424140949
2024-02-29,433.65771484375,434.7344467824236,429.726137464743,432.8970959915319,42495200,0.0085331501760889,0.0085331501760889,0.0021217797249229,0.001602960631614,1.323663028945728,1.854819584153041,0.0005188190933089,0.2804029152619637,0.0326114028371512,0.1222817272155403,2.0263985312216093,0.0099730715637907,False,False,False,False,1.854819584153041,0.0085331501760889
2024-03-01,440.1871643066406,441.14536116207785,434.48739279006463,434.5466602123641,43853000,0.0149444624338089,0.0149444624338089,0.0022080712462389,0.0014894131611027,1.482510900201844,2.765130976425988,0.0007186580851361,0.3937372044440583,0.0467069467411899,0.1447790678126991,2.3969643053084297,0.0101448027726235,True,False,True,False,2.765130976425988,0.0149444624338089
2024-03-04,438.6165771484375,440.6120144586767,438.369619473107,440.1872243459957,34325700,-0.0035743790252379,0.0035743790252379,0.001939971933389,0.0015415386551034,1.2584646690282757,1.481186564578762,0.0003984332782856,0.2298924613241254,0.0548373147036668,0.1501717323843383,1.165699721519064,0.0096975268092004,False,False,False,False,1.481186564578762,0.0035743790252379
2024-03-05,430.7435607910156,435.5839552943135,428.37277316164136,435.5740673406185,57917100,-0.0181127044003931,0.0181127044003931,0.0022663356473058,0.001644247546535,1.378342118911273,2.1681696978256317,0.0006220881007707,0.3208814138461954,0.0674123270094417,0.1610025317322908,1.5743173980531735,0.0106086702216285,True,False,True,False,2.1681696978256317,0.0181127044003931
2024-03-06,433.4502258300781,436.6112658695839,431.5733535962779,434.9616055413098,46234500,0.0062640438553451,0.0062640438553451,0.0023015372440867,0.0017978380993435,1.2801693572558257,1.6055698805340304,0.0005036991447431,0.2469923795353963,0.0854934852165579,0.1598447746440567,1.010348287446149,0.0106492025800258,False,False,False,False,1.6055698805340304,0.0062640438553451
2024-03-07,440.0292053222656,441.2837394812956,435.4950357987029,437.0360794530452,44526700,0.0150641301213802,0.0150641301213802,0.0024236553145278,0.0019225458168316,1.2606489235830498,1.493703898233358,0.0005011094976962,0.2316266071034712,0.100265438925758,0.1590134348433372,0.8261010669138265,0.0109008813972922,False,False,False,False,1.493703898233358,0.0150641301213802
2024-03-08,433.6774291992188,443.1803859905229,433.0057115488,440.3848081880847,72096000,-0.0145400933823319,0.0145400933823319,0.0026316468235677,0.0022547484909865,1.167157593890326,0.957932018981588,0.0003768983325811,0.1545713860811071,0.1125651431857023,0.1531150855313945,0.274344247332781,0.0114486531858494,False,False,False,False,0.957932018981588,0.0145400933823319
2024-03-11,432.0672607421875,433.3217948100284,430.1409789239274,432.1857955963207,45860000,-0.0037197347724333,0.0037197347724333,0.0025495428562333,0.0022806862099434,1.1178841022134918,0.6755598319588962,0.0002688566462898,0.1114377040761884,0.1209154994388886,0.1481927897712711,-0.0639558468217566,0.0112905106438195,False,False,False,False,0.6755598319588962,0.0037197347724333
2024-03-12,438.2609558105469,438.6165603792511,431.148562974468,434.3787885378619,55300900,0.0142332501989369,0.0142332501989369,0.0027367599657791,0.0022663313384029,1.2075727495820543,1.189539634215831,0.0004704286273762,0.1886123528308269,0.1343004556876681,0.1414603960564151,0.3839371206164226,0.0116594176097017,False,False,False,False,1.189539634215831,0.0142332501989369
2024-03-13,434.8924865722656,437.2830502454642,433.7762330042358,437.2632743369456,37928700,-0.0077156792509816,0.0077156792509816,0.0025491783402744,0.0021662016184827,1.176796434147234,1.0131694359187993,0.0003829767217917,0.1627958601740842,0.1426526099557274,0.1379206713352779,0.1460495371965646,0.0112091537641812,False,False,False,False,1.0131694359187993,0.0077156792509816
2024-03-14,433.79595947265625,436.6507743314446,431.0794252267283,436.12722530080464,52195200,-0.0025245591488765,0.0025245591488765,0.0024380827221112,0.0021451258704798,1.1365686068416645,0.7826353457036065,0.0002929568516314,0.1280137292651118,0.1506828728520527,0.1320333893180073,-0.1716925067517685,0.0110201453055149,False,False,False,False,0.7826353457036065,0.0025245591488765
2024-03-15,428.6395263671875,433.5292704242378,427.4738631872197,430.7633564210296,73069800,-0.011957983257017,0.011957983257017,0.0025722358415324,0.0021502603686189,1.1962438963540507,1.1246172397683023,0.0004219754729134,0.179186561455647,0.1560390439989752,0.1309033888304719,0.1768290161429609,0.0113405104303116,False,False,False,False,1.1246172397683023,0.011957983257017
2024-03-18,432.7275695800781,436.2488941036103,432.490156226249,433.96399055564586,47323800,0.0094920596019884,0.0094920596019884,0.0025793613330871,0.0022238219605101,1.1598776245988198,0.9162126120480804,0.000355539372577,0.1483145035176749,0.1679932986028708,0.1181102311158888,-0.1666138055888416,0.0113236399295076,False,False,False,False,0.9162126120480804,0.0094920596019884
2024-03-19,433.80572509765625,434.21127480001553,428.6226278409683,430.71962317205856,43004100,0.0024884354255198,0.0024884354255198,0.0025281463004422,0.0022126435106209,1.1425908820408106,0.8171472700865685,0.0003155027898213,0.1332983872665917,0.1803164900111014,0.099528089761182,-0.4724103803994403,0.0111598862601218,False,False,False,False,0.8171472700865685,0.0024884354255198
2024-03-20,438.94927978515625,439.2855827153711,433.30131642838063,435.0026331369198,43653500,0.0117870747467245,0.0117870747467245,0.002651003281984,0.0020698310555723,1.2807824459137012,1.60908331502531,0.0005811722264117,0.2474711770425022,0.1986867523936943,0.0727072331571892,0.6709707209369187,0.0113095180286478,False,False,False,False,1.60908331502531,0.0117870747467245
2024-03-21,441.0264892578125,444.4587956988073,440.8286799784682,444.0038011516447,39345700,0.004721069383695,0.004721069383695,0.0018406632938993,0.0020211357625981,0.9107073992561138,-0.5117101731365497,-0.0001804724686988,-0.0935336196405424,0.1857110247430509,0.0966132806968518,-2.890333941353186,0.0095463867396567,False,False,False,False,0.5117101731365497,0.004721069383695
2024-03-22,441.5309448242188,442.6288723201985,439.661461549144,440.5121350002659,28253900,0.0011431678027108,0.0011431678027108,0.0018332727738189,0.0020274906867511,0.9042077410261904,-0.5489578421534057,-0.0001942179129322,-0.1006961429702782,0.1750949872558804,0.1142297648363926,-2.4143543551994955,0.0095044173752003,False,False,False,False,0.5489578421534057,0.0011431678027108
2024-03-25,439.9284973144531,441.4122025295857,437.73261238861454,438.7316200402831,27789200,-0.0036359001866485,0.0036359001866485,0.0018462150302744,0.0020322706911168,0.9084493706199764,-0.524650284799992,-0.0001860556608423,-0.0960161212403818,0.163238003651445,0.1285504175306548,-2.0167505471540284,0.009555909880342,False,False,False,False,0.524650284799992,0.0036359001866485
2024-03-26,438.5041809082031,442.371709837362,438.2766685525834,441.4517895723345,34142000,-0.0032428612681515,0.0032428612681515,0.0018509598634405,0.0020305592141193,0.9115517787267864,-0.5068712776230223,-0.0001795993506787,-0.0926068804134257,0.1509551199909042,0.1401498551128271,-1.7378683710250806,0.0095935493110198,False,False,False,False,0.5068712776230223,0.0032428612681515
2024-03-27,439.9977111816406,441.6891568502137,437.1292204876425,441.5902371326152,41359200,0.0034001787037772,0.0034001787037772,0.0018340178403356,0.0019734635185797,0.9293396219735938,-0.4049342719616335,-0.0001394456782441,-0.0732810289631786,0.1350550424998569,0.1465048273226068,-1.4220423672748677,0.0095064697323484,False,False,False,False,0.4049342719616335,0.0034001787037772
2024-03-28,439.1867065429688,440.7990046001888,438.83060154444735,439.9483311269896,36839600,-0.0018449027356586,0.0018449027356586,0.0017646068545119,0.0017729797356223,0.995277508850144,-0.0270632364137305,-8.37288111035046e-06,-0.0047336773428792,0.1207982128696147,0.1455374568338376,-0.8625400837931069,0.0093717169761978,False,False,False,False,0.0270632364137305,0.0018449027356586
2024-04-01,440.1164245605469,442.668384183983,438.2073676240903,440.1361964292656,38729000,0.002114670882323,0.002114670882323,0.0015457417300169,0.0016911068366837,0.9140414410766206,-0.4926037398710493,-0.0001453651066668,-0.0898793682094175,0.0966173842369409,0.138169846097766,-1.3497644943050555,0.008791303767144,False,False,False,False,0.4926037398710493,0.002114670882323
2024-04-02,436.3181457519531,436.63467679175466,433.2716175055322,435.2993359937669,44259700,-0.0086676238407008,0.0086676238407008,0.0016080932476448,0.0016143651705164,0.9961149292699182,-0.0222642212162694,-6.271922871636934e-06,-0.0038926372212977,0.0849281293096698,0.136276441845143,-0.6517690462735923,0.0089630157928615,False,False,False,False,0.0222642212162694,0.0086676238407008
2024-04-03,437.2974243164063,439.17677836679945,434.1816491557461,434.191519998106,39949800,0.0022418990873526,0.0022418990873526,0.0012850492984666,0.0014588946339398,0.880837634583845,-0.6828851901554281,-0.0001738453354732,-0.1268819667573092,0.0625399602794945,0.1323990812092945,-1.4306891355036546,0.0079801247768313,False,False,False,False,0.6828851901554281,0.0022418990873526
2024-04-04,430.6108703613281,442.0947658921196,430.38335799892496,441.4814756351281,57267700,-0.0154087391356412,0.0154087391356412,0.0014832402947952,0.0013599881477006,1.090627368556782,0.5193593429775428,0.0001232521470945,0.0867530981489048,0.05452799621017,0.1256722093011165,0.2564218622235084,0.0086054652486464,False,False,False,False,0.5193593429775428,0.0154087391356412
2024-04-05,435.6851501464844,438.3558319649002,431.2241328775379,432.0352324148125,54744600,0.0117150204975351,0.0117150204975351,0.001393553983739,0.0012962962193642,1.075027422684683,0.429960546922438,9.725776437479536e-05,0.0723461707283887,0.0465639743914158,0.1190703868106394,0.2165290382232057,0.0083325639001993,False,False,False,False,0.429960546922438,0.0117150204975351
2024-04-08,435.8137512207031,437.6931054101099,434.4289655119857,436.6149497445348,28144900,0.000295126189948,0.000295126189948,0.00118222676764,0.0012125845452319,0.9749644033389596,-0.1434717926823841,-3.035777759183701e-05,-0.0253543180467128,0.0375676891850248,0.1173548288656502,-0.5361688806497418,0.0076844629386528,False,False,False,False,0.1434717926823841,0.000295126189948
2024-04-09,437.426025390625,438.4250331404944,432.6880511524698,438.1480760138876,39443600,0.0036926306957627,0.0036926306957627,0.0011820258623181,0.0011268453168352,1.048969050728119,0.2806275236432061,5.518054548284937e-05,0.0478078253832284,0.0343861952503768,0.1161655629646614,0.115538803327924,0.0076629920277271,False,False,False,False,0.2806275236432061,0.0036926306957627
2024-04-10,433.6079711914063,434.46851553046224,431.5406785345994,432.252858364519,61502200,-0.0087667729793149,0.0087667729793149,0.0010562967595634,0.0009987894726979,1.0575769853782118,0.3299571175115829,5.750728686544312e-05,0.0559804287005679,0.0277545990438639,0.1108354190340978,0.2546643473962103,0.0072477595777894,False,False,False,False,0.3299571175115829,0.0087667729793149
2024-04-11,440.5318908691406,441.4814538292868,433.2023829085575,435.4774158620286,45474600,0.0158420060339766,0.0158420060339766,0.0012477342084399,0.0011962213447868,1.0430629865263683,0.246781571010448,5.151286365310984e-05,0.0421615639616596,0.0217228842332427,0.1065207935120298,0.1918750232189051,0.0078722116973257,False,False,False,False,0.246781571010448,0.0158420060339766
2024-04-12,433.5089721679688,437.4358464505674,432.13408772001753,436.3082462013036,53665000,-0.0160703466854327,0.0160703466854327,0.0014996168521337,0.0015672564882199,0.956842012399018,-0.2473259948029418,-6.763963608615378e-05,-0.0441169874698438,0.0131163483964949,0.1045201618815135,-0.5475817759564878,0.0086590846911348,False,False,False,False,0.2473259948029418,0.0160703466854327
2024-04-15,426.3773498535156,437.3468744561604,425.5365774509986,437.2578557574557,63453600,-0.0165877410887723,0.0165877410887723,0.0016317766429868,0.0018203446147567,0.8964108387822215,-0.5936396429291905,-0.0001885679717699,-0.1093564456712802,-0.0013108019598514,0.1004357259813257,-1.0757690319430555,0.0090287779309139,False,False,False,False,0.5936396429291905,0.0165877410887723
2024-04-16,426.4169006347656,429.0480082692235,425.03211508664594,426.2190611910081,47619000,9.27557409203224e-05,9.27557409203224e-05,0.0015416860511265,0.00178383307593,0.8642546614530209,-0.7779174322583525,-0.0002421470248034,-0.1458878065553527,-0.0160209174635028,0.0989782120781812,-1.3120755201081045,0.0087489856367174,False,False,False,False,0.7779174322583525,9.27557409203224e-05
2024-04-17,421.2140502929688,428.4149656563119,420.2842591999878,428.3951937854625,56880500,-0.0122763702271241,0.0122763702271241,0.001686203006213,0.0017372173461011,0.970634451697927,-0.1682854982464196,-5.101433988813266e-05,-0.0298053473824353,-0.0241761041959541,0.0928701630380168,-0.0606141197811489,0.0090631705701565,False,False,False,False,0.1682854982464196,0.0122763702271241
2024-04-18,418.8104248046875,423.5879423660009,418.236708544584,421.8569529300661,46549400,-0.0057227667036834,0.0057227667036834,0.0015800179338729,0.0017613699188013,0.8970392403136632,-0.5900384547705475,-0.0001813519849284,-0.1086556717110984,-0.0419824466336342,0.0705338851040048,-0.9452651726067838,0.0085724268009244,False,False,False,False,0.5900384547705475,0.0057227667036834
2024-04-19,410.1455993652344,418.1576140935352,408.58277638390166,417.63337275699286,75231000,-0.020906153709322,0.020906153709322,0.001994796700665,0.0019502690335101,1.0228315511295467,0.1308410426412209,4.452766715495795e-05,0.0225748117588241,-0.0361770250636658,0.0708295971815315,0.8294814478742976,0.0093040623642941,False,False,False,False,0.1308410426412209,0.020906153709322
2024-04-22,414.2702941894531,416.6046426178408,409.4433016315649,412.7766879173197,47807700,0.0100064282434885,0.0100064282434885,0.002093618474232,0.0022892956299382,0.9145251695991932,-0.4898316310515662,-0.0001956771557062,-0.0893502887315002,-0.0356097323517269,0.070354416958419,-0.7638547614080166,0.0097225157618754,False,False,False,False,0.4898316310515662,0.0100064282434885
2024-04-23,420.4524230957031,421.6492702748659,414.3197623321765,416.1991163771081,44384700,0.0148126840585065,0.0148126840585065,0.0022998143130818,0.0025148807332019,0.914482457445903,-0.4900764020983616,-0.00021506642012,-0.0893969940078112,-0.0352787759900984,0.0700845299501995,-0.7721849323405315,0.0104816420859797,False,False,False,False,0.4900764020983616,0.0148126840585065
2024-04-24,421.8767700195313,425.0617919025949,419.5918662975575,423.5484137206893,48440300,0.0033819278568114,0.0033819278568114,0.002300735599906,0.0025794803456255,0.8919376353488457,-0.6192742832498718,-0.0002787447457194,-0.1143590643745319,-0.0363663851881537,0.0711267703982289,-1.0965305854561929,0.01054993113395,False,False,False,False,0.6192742832498718,0.0033819278568114
2024-04-25,419.8391418457031,420.6996860627022,413.59769082942586,414.6857171994804,57392200,-0.0048416149094483,0.0048416149094483,0.0023126156196198,0.0025961820332449,0.8907756043320797,-0.6259335482710007,-0.000283566413625,-0.115662730219916,-0.0384854702509906,0.0728065101230433,-1.0600324042245053,0.0104943914768774,False,False,False,False,0.6259335482710007,0.0048416149094483
2024-04-26,426.3179626464844,427.851112618701,422.2822977668712,422.9746754182343,41874900,0.0153138167365283,0.0153138167365283,0.0025437249365557,0.0027123254592206,0.9378391254295424,-0.3562260660320842,-0.0001686005226648,-0.0641768527559536,-0.0414576290216443,0.0725809711223544,-0.3130190101205727,0.0111792308433911,False,False,False,False,0.3562260660320842,0.0153138167365283
2024-04-29,428.0489807128906,429.0480186116448,425.30908244856215,428.4248575534541,30022200,0.0040521709049786,0.0040521709049786,0.0025556731926583,0.0027846234780397,0.9177805232244444,-0.4711761371660652,-0.0002289502853813,-0.0857969984010272,-0.0412535105312248,0.0724501307607898,-0.6148158381780229,0.011218347847902,False,False,False,False,0.4711761371660652,0.0040521709049786
2024-04-30,419.9776306152344,427.86105287563,419.8985129455039,426.4663662313873,43665900,-0.019036180532795,0.019036180532795,0.0028429216588916,0.0028800384732736,0.9871123893911878,-0.0738551839795442,-3.711681438194796e-05,-0.0129713763340652,-0.0417074474868632,0.0722427685066757,0.3977709014590515,0.0117687581639541,False,False,False,False,0.0738551839795442,0.019036180532795
2024-05-01,416.9409484863281,425.4673333739,416.0903052961823,418.5532463597159,52251700,-0.0072568479925352,0.0072568479925352,0.0028905573901605,0.0030513343588177,0.9473092916898422,-0.3019552711810149,-0.0001607769686572,-0.0541296375455197,-0.0380698310262737,0.0696474403811072,-0.2305871749394885,0.0117833375352474,False,False,False,False,0.3019552711810149,0.0072568479925352
2024-05-02,422.2625122070313,423.1626303564194,416.0606350688799,420.6798872211408,36559000,0.0126825860473699,0.0126825860473699,0.0028139761372592,0.0029050384980236,0.9686536475071172,-0.179636916471275,-9.106236076444592e-05,-0.0318481638989321,-0.0439998941286655,0.0635491744866928,0.1912177511019919,0.0118211926942515,False,False,False,False,0.179636916471275,0.0126825860473699
2024-05-03,430.7493591308594,431.738496056238,427.9204118275236,429.7206482763679,48515300,0.0198992001346362,0.0198992001346362,0.0030727125979998,0.0033166134400616,0.9264608774976228,-0.4214315272990627,-0.0002439008420617,-0.0763834602706419,-0.0514363756786171,0.0579552477996156,-0.4304542822123914,0.012381886061847,False,False,False,False,0.4214315272990627,0.0198992001346362
2024-05-06,435.467529296875,435.55654799740194,431.7780377160311,432.5495633066614,30227200,0.0108938463104161,0.0108938463104161,0.0031913013859668,0.0036732487509906,0.8687953368543748,-0.751896129525239,-0.0004819473650238,-0.1406476971575991,-0.0572010446341614,0.0607412433757612,-1.3738054719626802,0.0126318442937271,False,False,False,False,0.751896129525239,0.0108938463104161
2024-05-07,435.5367126464844,437.16878229039776,434.8047309053992,435.9125894513008,30996100,0.000158858812445,0.000158858812445,0.0031776911006338,0.0036225833412778,0.8771892324533616,-0.7037931318024213,-0.000444892240644,-0.1310325374187097,-0.0661430627742583,0.0577126527343781,-1.124354393188345,0.0126030835492426,False,False,False,False,0.7037931318024213,0.000158858812445
2024-05-08,435.2795715332031,436.684159179944,432.7968283132177,432.9155500947103,24896700,-0.000590574901794,0.000590574901794,0.0031011835708776,0.0033930991707069,0.9139678550071608,-0.493025440437838,-0.0002919155998293,-0.0899598777228617,-0.0734400780954298,0.0505980091333267,-0.3264910993612785,0.0124507898087224,False,False,False,False,0.493025440437838,0.000590574901794
2024-05-09,436.2291259765625,436.8028422580396,433.69693803654405,435.54661913008255,24580100,0.0021791057778755,0.0021791057778755,0.0028549629176882,0.0029742759206994,0.9598850254003596,-0.2298873638659887,-0.0001193130030111,-0.0409417669006389,-0.0775952446385447,0.0439034525802482,0.8348654965326319,0.0119376421338289,False,False,False,False,0.2298873638659887,0.0021791057778755
2024-05-10,437.25787353515625,439.4834316514472,435.7148223227463,437.73267013361465,27116600,0.0023554970705333,0.0023554970705333,0.0026022552415475,0.0025419962889114,1.0237053660931537,0.1358486244855344,6.0258952636084266e-05,0.0234287567908964,-0.0742179574255077,0.048686341386829,2.005628507604809,0.0113985702966189,False,False,False,False,0.1358486244855344,0.0023554970705333
2024-05-13,438.2667541503906,439.26579205563456,436.85229566102873,439.1668723307287,22994200,0.0023046320568793,0.0023046320568793,0.002332413416037,0.0025484281969565,0.915236073287255,-0.4857576467989972,-0.0002160147809195,-0.0885732433911906,-0.0731787973115032,0.0481440341874279,-0.3197581245426119,0.0107111919585459,False,False,False,False,0.4857576467989972,0.0023046320568793
2024-05-14,441.0858154296875,441.6199578136672,437.6535091414476,437.8414475694023,34478300,0.0064116965922692,0.0064116965922692,0.0023735146656008,0.0025709780491623,0.9231952277360542,-0.440146025375881,-0.0001974633835615,-0.0799145525050354,-0.0698801346089874,0.0452206299254611,-0.2218991180040644,0.0107617807049602,False,False,False,False,0.440146025375881,0.0064116965922692
2024-05-15,447.9800720214844,448.2273562332633,442.0452509387902,443.5586291074348,41464700,0.0155093000035229,0.0155093000035229,0.0024633437862467,0.0026192364229739,0.9404816474909142,-0.34108253330623,-0.0001558926367271,-0.0613631439977234,-0.0714580244397518,0.0443367022051531,0.2276867682967863,0.0106620094126588,False,False,False,False,0.34108253330623,0.0155093000035229
2024-05-16,447.0701599121094,449.7507127766892,446.9019933373121,447.7922106156009,34780400,-0.0020332097358817,0.0020332097358817,0.002434727669332,0.0024735535284603,0.9843036107035436,-0.0899514855384957,-3.882585912833676e-05,-0.015820882057912,-0.0668162849570924,0.045053176907941,1.1318936066014036,0.0105393113069767,False,False,False,False,0.0899514855384957,0.0020332097358817
2024-05-17,446.85247802734375,447.8020409618968,444.6565929882727,447.1986517798775,35803700,-0.0004870262365658,0.0004870262365658,0.0019978976009693,0.0021292916868912,0.938292115293168,-0.3536301116124142,-0.0001313940859218,-0.0636939549046777,-0.0711297232902676,0.0401513640850248,0.1851934188299007,0.0090292121151944,False,False,False,False,0.3536301116124142,0.0004870262365658
2024-05-20,449.9682312011719,450.6309359616545,446.8821291745392,447.07006758388434,24474200,0.0069484695832485,0.0069484695832485,0.0019460502243265,0.0018898064698605,1.0297616477470113,0.1705554300645105,5.6243754466012326e-05,0.0293273655077715,-0.0651958405783039,0.0454412033080971,2.0801211060630616,0.0089566460946074,False,False,False,False,0.1705554300645105,0.0069484695832485
2024-05-21,450.8486022949219,451.0365407272053,447.92076542333984,448.1186048845004,23167700,0.0019546068441472,0.0019546068441472,0.0017304551032246,0.0018294318339066,0.9458975574560212,-0.3100455134092967,-9.897673068206128e-05,-0.0556210060096897,-0.0635070411783979,0.0451370135937191,0.1747132683542337,0.0086222134207846,False,False,False,False,0.3100455134092967,0.0019546068441472
2024-05-22,450.7595520019531,451.8575096181364,448.1581172189364,451.1057559416888,25120000,-0.0001975365746947,0.0001975365746947,0.0017190566878942,0.0018029963469681,0.9534443543299176,-0.2667969944637642,-8.393965907390363e-05,-0.0476742150259517,-0.0601727987109689,0.0436974865337772,0.2860252311161197,0.0086596679982817,False,False,False,False,0.2667969944637642,0.0001975365746947
2024-05-23,448.7318115234375,455.5766213852706,446.9414763015437,455.546948488236,40899200,-0.0045086456540064,0.0045086456540064,0.0017159433385962,0.0016818747538079,1.020256314990858,0.1160831061558053,3.4068584788306266e-05,0.0200538849350589,-0.0533869679532201,0.0450697486546734,1.6294932871932868,0.0086442846875014,False,False,False,False,0.1160831061558053,0.0045086456540064
2024-05-24,452.9752807617188,454.2413748570816,448.6428560676612,450.3441728382485,29669500,0.0094121485822553,0.0094121485822553,0.0015700188964907,0.0016494367186611,0.9518515495187848,-0.2759249000112275,-7.941782217035244e-05,-0.0493461917293849,-0.0526454349018917,0.0450080846676569,0.0733033453182618,0.0083249175743848,False,False,False,False,0.2759249000112275,0.0094121485822553
2024-05-28,454.6864318847656,454.7457776824367,451.7289222852623,454.19186344679855,26216800,0.0037704645385079,0.0037704645385079,0.0015678152102837,0.0015805702225297,0.9919301198616832,-0.0462461584539749,-1.2755012246007738e-05,-0.0081026178663566,-0.0487607158751581,0.0453308775878594,0.8969183958549822,0.008323418788167,False,False,False,False,0.0462461584539749,0.0037704645385079
2024-05-29,451.4816589355469,453.2620933201024,450.3936022845126,450.5320959428548,29739200,-0.007073271158445,0.007073271158445,0.0012554702058874,0.0013962527328439,0.8991711717765267,-0.5778209696834438,-0.0001407825269564,-0.1062818602137041,-0.0534262400691401,0.0462007749712305,-1.1440418516242947,0.0070493435535456,False,False,False,False,0.5778209696834438,0.007073271158445
2024-05-30,446.6447143554688,450.6903104709637,445.3192746527687,450.551816828294,30536800,-0.0107712934155647,0.0107712934155647,0.0013188291249448,0.0013700496674624,0.9626140980622496,-0.2142478345804277,-5.122054251760033e-05,-0.0381026764046179,-0.052624892012095,0.0463204629834622,0.3135162015254886,0.007355363305069,False,False,False,False,0.2142478345804277,0.0107712934155647
2024-05-31,445.8138732910156,447.5646648820336,438.2469822206981,446.8722569938479,55941300,-0.0018619156473562,0.0018619156473562,0.0011614478659738,0.0009859187370102,1.1780361021394508,1.0202736160820414,0.0001755291289635,0.1638487317372484,-0.042840047230286,0.066115807270292,3.126162827031024,0.0071209641074462,False,False,False,False,1.0202736160820414,0.0018619156473562
2024-06-03,448.2075500488281,450.6309170270936,443.0343538674876,449.6319094145116,32997500,0.0053548660359299,0.0053548660359299,0.0007941442902382,0.000643967092631,1.2332063226921166,1.3364382576737943,0.0001501771976072,0.2096175440781134,-0.0285399970128482,0.0854241902351043,2.7879402829047,0.0059800525508277,False,False,False,False,1.3364382576737943,0.0053548660359299
2024-06-04,449.4341125488281,450.63095970345694,446.2293187655642,447.9504072512339,23767400,0.0027328572513738,0.0027328572513738,0.0006829369115596,0.000665302642058,1.0265056357615816,0.1518961633064753,1.7634269501609493e-05,0.0261604477312211,-0.0201995897684072,0.0821518715276337,0.5643211364215125,0.0056263075340587,False,False,False,False,0.1518961633064753,0.0027328572513738
2024-06-05,458.49462890625,458.5737465768754,449.47370515181433,453.004931151471,33817400,0.0199593133940442,0.0199593133940442,0.001081285866599,0.000755337605961,1.4315265889922977,2.472954575481914,0.0003259482606379,0.3587414196009965,0.004289108082578,0.11276014804845,3.143418287869928,0.0068896468348919,True,False,True,False,2.472954575481914,0.0199593133940442
2024-06-06,458.3363342285156,459.4936376169888,457.16915999813136,459.17710658249314,21966800,-0.0003453083189207,0.0003453083189207,0.0010810563257195,0.0007646056213819,1.413874415107873,2.3717950518552744,0.0003164507043376,0.3463337481890983,0.026103789378176,0.1328328042800124,2.4107746617761325,0.0068842290771587,True,False,True,False,2.3717950518552744,0.0003453083189207
2024-06-07,457.9308166503906,460.6806160602475,456.8229881379394,457.97039057899616,25829700,-0.0008851514631135,0.0008851514631135,0.001077091316841,0.0007566239470484,1.423549070899459,2.427237717304661,0.0003204673697926,0.3531530991470491,0.0458085326805604,0.1495980755372783,2.0544687180143666,0.0069254378730933,True,False,True,False,2.427237717304661,0.0008851514631135
2024-06-10,459.7804565429688,460.136561496302,456.516317098726,456.803175229736,20660800,0.0040309898137986,0.0040309898137986,0.0010877918292706,0.0007535476374719,1.4435607985183705,2.541919163687952,0.0003342441917987,0.3671128380550579,0.0629927367437685,0.1649880827494431,1.8432852618400155,0.0069341882845753,True,False,True,False,2.541919163687952,0.0040309898137986
2024-06-11,462.935791015625,463.0545127870807,457.0108712848029,458.50447750184526,22053300,0.006839256987922,0.006839256987922,0.0011292559364999,0.0007746994413586,1.4576697441777222,2.622773467022996,0.0003545564951412,0.3768390950188871,0.0862633536642724,0.1745162180168089,1.6650357465724317,0.0069975699651086,True,False,True,False,2.622773467022996,0.006839256987922
2024-06-12,468.9992370605469,471.3237147233624,466.1703201246543,466.86269781638856,34532600,0.0130127775509769,0.0130127775509769,0.0012574784628998,0.0007574319316695,1.660186757809485,3.783340134868672,0.0005000465312302,0.5069301007447813,0.1156055863267632,0.1925154916189726,2.03269103762584,0.0073116878978308,True,False,True,False,3.783340134868672,0.0130127775509769
2024-06-13,471.5413208007813,473.1931926237643,469.26631811798,472.530457651749,25859000,0.005405593430397,0.005405593430397,0.0010461605166353,0.0008215999951649,1.2733209868450943,1.5663238424593873,0.0002245605214703,0.2416284377084136,0.1307551654120701,0.1898970672356942,0.5838598452851885,0.0067631038036554,False,False,False,False,1.5663238424593873,0.005405593430397
2024-06-14,473.98443603515625,474.0536828514903,470.878532187624,471.3434276620617,23372600,0.0051677506483359,0.0051677506483359,0.0010687322215686,0.0008661519663534,1.233885349320396,1.3403295636792922,0.0002025802552151,0.2101680113778321,0.1420546100838573,0.1875481586565167,0.3631781926407523,0.0067002231383479,False,False,False,False,1.3403295636792922,0.0051677506483359
2024-06-17,479.7907409667969,481.5711753074278,472.94593054199913,474.25156830496593,37054500,0.012175566739064,0.012175566739064,0.0012167394524309,0.000964593285899,1.261401535981918,1.4980169030929005,0.0002521461665318,0.2322234329269625,0.1568504794754393,0.18233291336262,0.4133809527938765,0.0069419946188049,False,False,False,False,1.4980169030929005,0.012175566739064
2024-06-18,479.9390869140625,480.6215937616727,478.1784245124455,479.7412776538949,24438600,0.0003091410606141,0.0003091410606141,0.0011685537910769,0.0009483602490897,1.232183436830649,1.3305763934553714,0.0002201935419872,0.2087877475591573,0.1658234985780086,0.1802402368631518,0.2383721289368335,0.0069305700219819,False,False,False,False,1.3305763934553714,0.0003091410606141
2024-06-20,476.23968505859375,481.5513447194067,474.4097759845892,481.13592417740887,33918700,-0.0077379260500545,0.0077379260500545,0.0012246088027178,0.0009516771166955,1.2867902161711886,1.6435121157659356,0.0002729316860222,0.2521509131296989,0.181212094534978,0.173696493325319,0.4084067400362441,0.0073297795441424,False,False,False,False,1.6435121157659356,0.0077379260500545
2024-06-21,474.9637756347656,477.29815454447134,473.4701993597817,475.9628136184934,37456800,-0.0026827282317242,0.0026827282317242,0.0012317668127848,0.0009845284703984,1.2511236087325353,1.4391170626979324,0.0002472383423863,0.2240420345432676,0.194797907013439,0.1657050709714319,0.1764829969196919,0.0073992528322349,False,False,False,False,1.4391170626979324,0.0026827282317242
2024-06-24,469.5564575195313,475.4709918159273,469.41777397286,473.73725096126896,37751000,-0.0114499975783449,0.0114499975783449,0.0013425413716955,0.0009651517700386,1.3910158105410944,2.24079897375832,0.0003773896016568,0.3300342791895023,0.2102969267261612,0.1631122959465429,0.7340792536117742,0.0078728986866675,True,False,True,False,2.24079897375832,0.0114499975783449
2024-06-25,474.9260864257813,475.2232870328967,470.7056564005063,471.64684204643737,29014700,0.0113706426751934,0.0113706426751934,0.0013832443456079,0.0011217447181544,1.2331186616896277,1.335935897720257,0.0002614996274535,0.2095464577427107,0.223241559199766,0.1518794202359049,-0.0901708831636536,0.0079726956562277,False,False,False,False,1.335935897720257,0.0113706426751934
2024-06-26,475.9068908691406,476.45179897488026,473.6877123216575,474.1037931822905,22737100,0.0020630432781588,0.0020630432781588,0.0013732840903394,0.0011164347814938,1.2300620807441491,1.3184195128038525,0.0002568493088456,0.2070646402603647,0.233999922106102,0.1424383871748367,-0.1891012835793727,0.0079663394866056,False,False,False,False,1.3184195128038525,0.0020630432781588
2024-06-27,477.1353454589844,478.6115224234326,474.8468100949917,475.6591987285754,26222100,0.0025779660614547,0.0025779660614547,0.0013298988344725,0.0009992536673505,1.330892122716569,1.896247438132876,0.0003306451671219,0.2858494863285394,0.2536064894332142,0.1193696400060825,0.2701105314021406,0.0076719794323849,False,False,False,False,1.896247438132876,0.0025779660614547
2024-06-28,474.65863037109375,482.6734937308387,474.0146754920727,477.9279885965007,34881600,-0.0052043209789629,0.0052043209789629,0.0012409630294804,0.0009882768154736,1.2556836405047258,1.4652492912164927,0.0002526862140067,0.22768015774023,0.2668956311404566,0.0992542519488666,-0.395101193452442,0.0072661333722035,False,False,False,False,1.4652492912164927,0.0052043209789629
2024-07-01,477.4425048828125,478.0071860471244,471.83508819375936,475.5799670851858,24898300,0.0058478712861886,0.0058478712861886,0.0012716938981823,0.0010221132405282,1.2441810239392774,1.3993311091365297,0.000249580657654,0.2184775013663986,0.2696270696219141,0.0971093629083274,-0.5267212833411481,0.0071999729670247,False,False,False,False,1.3993311091365297,0.0058478712861886
2024-07-02,482.4554748535156,482.5149149741949,475.81771252663776,475.9465095327891,26723600,0.0104448923759272,0.0104448923759272,0.0013521150846643,0.0010989107985917,1.2304138665277458,1.3204354957938376,0.0002532042860726,0.2073505896405111,0.269513721900034,0.0971806377675063,-0.6396658191134861,0.0073519719137927,False,False,False,False,1.3204354957938376,0.0104448923759272
2024-07-03,486.477783203125,486.6065802178196,481.7025582982194,481.7025582982194,18064900,0.0083025975669526,0.0083025975669526,0.0014135797022666,0.0011521091788372,1.2269494317312823,1.3005818179442767,0.0002614705234294,0.2045309519465579,0.2784322471108009,0.0813303970362338,-0.908655285812989,0.0074159695849874,False,False,False,False,1.3005818179442767,0.0083025975669526
2024-07-05,491.55023193359375,491.9861463574253,487.02268407891466,487.31991495009567,28495900,0.010372901662545,0.010372901662545,0.0011228026000058,0.0012831134455823,0.8750610508147489,-0.7159891277269219,-0.0001603108455765,-0.1334616226987874,0.2538220949958117,0.119034968538583,-3.2535289625339634,0.0066350821420246,False,False,False,False,0.7159891277269219,0.010372901662545
2024-07-08,492.7192077636719,493.27400238194434,490.89630684162825,491.9167358967407,22109400,0.0023753178399285,0.0023753178399285,0.0011283254970114,0.0013233478031977,0.8526295916197496,-0.8445373587421828,-0.0001950223061863,-0.1594300677471614,0.2285339041989986,0.1471080498917885,-2.6372722106746926,0.0065829298809222,False,False,False,False,0.8445373587421828,0.0023753178399285
2024-07-09,493.1452331542969,495.3545252210374,491.6294495164821,494.2350191565913,25614500,0.0008642677420171,0.0008642677420171,0.0011282889626286,0.0013208425881771,0.8542190967553653,-0.8354283626846003,-0.0001925536255484,-0.1575675645200974,0.2029978710156413,0.1663307228749415,-2.1677620905119004,0.006533969419551,False,False,False,False,0.8354283626846003,0.0008642677420171
2024-07-10,498.2870178222656,498.8418124743257,493.7595004189231,495.0672133936126,28046900,0.0103725307764527,0.0103725307764527,0.0012196294784581,0.0012900808875652,0.9453899288128808,-0.3129545869350587,-7.045140910708026e-05,-0.0561578135114745,0.1818343384373147,0.1709661123782288,-1.392042836081331,0.0066940391285007,False,False,False,False,0.3129545869350587,0.0103725307764527
2024-07-11,487.3594970703125,498.6040508659988,486.1706643474196,498.3960104304496,49966600,-0.0221742142532564,0.0221742142532564,0.0016645498200606,0.0015232283826521,1.092777576243994,0.531681563841718,0.0001413214374085,0.0887226900813946,0.1674285181904401,0.1659940665302403,-0.4741484424969316,0.0087532323412517,False,False,False,False,0.531681563841718,0.0221742142532564
2024-07-12,490.22265625,494.97804756604864,487.4684863179307,487.934120777822,37109400,0.0058576506469592,0.0058576506469592,0.0015295295115712,0.0016216875757219,0.9431715050849724,-0.3256677342780771,-9.2158064150678e-05,-0.0585071411091294,0.1391566560977445,0.1534405807352439,-1.288210695369666,0.008460462646277,False,False,False,False,0.3256677342780771,0.0058576506469592
2024-07-15,491.540283203125,496.3551448499589,489.49942500337625,491.9960008951165,31151400,0.0026842075439937,0.0026842075439937,0.0015075140413757,0.0016014960489839,0.9413161164725926,-0.3363004319503014,-9.398200760817564e-05,-0.0604762590706016,0.1240514212587938,0.1574277149565363,-1.172142277364193,0.00842984950922,False,False,False,False,0.3363004319503014,0.0026842075439937
2024-07-16,491.728515625,493.80901063185854,488.5681514050572,492.99662197224063,25950600,0.0003828707356497,0.0003828707356497,0.0014809549846125,0.0014991585221386,0.9878574965507312,-0.0695851894846055,-1.82035375260695e-05,-0.0122168258974241,0.112932179395031,0.1588001772709227,-0.7880910931159941,0.0084066000173956,False,False,False,False,0.0695851894846055,0.0003828707356497
2024-07-17,477.29388427734375,484.2585676332021,477.224557622275,483.74340981561966,56268800,-0.0297943559190192,0.0297943559190192,0.0022204142038243,0.0015117966853437,1.468725408218174,2.6861302929318485,0.0007086175184806,0.384394955429343,0.12054075552015,0.1677280168927556,1.5731074915045344,0.0105334064161313,True,False,True,False,2.6861302929318485,0.0297943559190192
2024-07-18,475.0350646972656,481.19727609369016,471.8449804007106,481.0189557238677,49347400,-0.0047437890415086,0.0047437890415086,0.0022428221700993,0.0017415397496579,1.2878386327615563,1.649520289237275,0.0005012824204414,0.2529653347103099,0.1227496348777076,0.1691604131623241,0.7697764352682742,0.0105772112056564,False,False,False,False,1.649520289237275,0.0047437890415086
2024-07-19,470.8245849609375,477.2146707760449,469.53667521921534,474.69826118608114,42042900,-0.0089030281594179,0.0089030281594179,0.0022622105809506,0.0017770485674906,1.273015618332316,1.564573863477451,0.00048516201346,0.2413885884177728,0.1222115186421113,0.1687645737006342,0.7061735005301861,0.010619961979669,False,False,False,False,1.564573863477451,0.0089030281594179
2024-07-22,477.8387756347656,478.8592047028753,473.2715913896256,476.6895495582666,40300000,0.014787792563626,0.014787792563626,0.0024736923590901,0.0019439479951341,1.2725095348651088,1.561673644909857,0.0005297443639559,0.2409909624322354,0.1230589650365597,0.1693154401874947,0.696522403775352,0.0111172644798088,False,False,False,False,1.561673644909857,0.014787792563626
2024-07-23,476.154541015625,479.929139778085,475.6790200591189,476.9372095685927,23282500,-0.003530918591521,0.003530918591521,0.002355057300646,0.0018150115110259,1.297544002525257,1.7051389676133497,0.00054004578962,0.2604732487971267,0.1195809135169409,0.1657040032079732,0.8502651266870926,0.0108289466209058,False,False,False,False,1.7051389676133497,0.003530918591521
2024-07-24,459.0747375488281,469.7842993335882,458.21282556323735,469.4177418439957,58818600,-0.0365294438285827,0.0365294438285827,0.0035601660522246,0.0019894928626123,1.7894842043061665,4.52430655517378,0.0015706731896123,0.5819274243094158,0.1381999618452762,0.1933770218076645,2.294623519983036,0.0132335727619885,True,False,True,False,4.52430655517378,0.0365294438285827
2024-07-25,454.01220703125,463.59237645887646,451.3967509671105,459.4115832282099,59256800,-0.0110889382955384,0.0110889382955384,0.0036788744571793,0.0026504745206267,1.3880059697043894,2.2235504429412893,0.0010283999365525,0.3278681630151255,0.1442401379830142,0.1972809493223223,0.930794512409282,0.0133565764830165,True,False,True,False,2.2235504429412893,0.0110889382955384
2024-07-26,458.6685791015625,461.60106948166,455.4982979856442,458.3515449431624,39992100,0.0102038139554017,0.0102038139554017,0.0037763463674018,0.0028153798613899,1.3413274774002897,1.9560494498053096,0.0009609665060118,0.293659778364547,0.1446306525848146,0.1975683971021368,0.754316621310082,0.0135986088741673,False,False,False,False,1.9560494498053096,0.0102038139554017
2024-07-29,459.5899658203125,463.56271916234846,457.3311501815237,461.3831469520945,28218500,0.0020068139481427,0.0020068139481427,0.0037532887127721,0.0027989161912383,1.3409793135361938,1.9540542229926503,0.0009543725215338,0.2934001780330507,0.1479166535994557,0.1994598488433601,0.7293875197300795,0.0136037671112365,False,False,False,False,1.9540542229926503,0.0020068139481427
2024-07-30,453.2791137695313,462.2252153474391,449.9305123184666,461.5218203822993,41317200,-0.0138266323873287,0.0138266323873287,0.0039102668773666,0.0027438012347817,1.4251276031945077,2.436283831173803,0.0011664656425849,0.3542613558130099,0.1547058463217862,0.2040051551002956,0.9781885628974212,0.0137393617431603,True,False,True,False,2.436283831173803,0.0138266323873287
2024-07-31,466.6933288574219,468.3973496671703,462.076620963173,463.5230477398301,44552100,0.0291642776389756,0.0291642776389756,0.0046517261908252,0.0032671641281318,1.423780994279304,2.4285668033864445,0.0013845620626933,0.3533160050097689,0.1620041170902491,0.2083232220805794,0.9183416328186416,0.0151600793782494,True,False,True,False,2.4285668033864445,0.0291642776389756
2024-08-01,455.3893127441406,471.1316633842162,451.7435107988416,467.37689795882113,56653900,-0.0245196730581814,0.0245196730581814,0.0051840074313465,0.0043071578275534,1.2035796316038854,1.1666562253449857,0.0008768496037931,0.1853001427358147,0.1610425766297119,0.2081690393751586,0.1165282127395811,0.0157574632112452,False,False,False,False,1.1666562253449857,0.0245196730581814
2024-08-02,444.5806884765625,449.35591337831903,440.340454930092,446.7008203668183,66323200,-0.0240211206494127,0.0240211206494127,0.0056534245796993,0.0052402953155626,1.0788370195301469,0.4517922490470539,0.0004131292641367,0.0758836271657052,0.1715098391229366,0.1981180242503415,-0.4826729537560815,0.0160453879914115,False,False,False,False,0.4517922490470539,0.0240211206494127
2024-08-05,431.3250122070313,438.18073242125257,419.5157767707517,420.7640496665403,87483500,-0.0302696702923426,0.0302696702923426,0.0065640353844658,0.0064391576473496,1.0193934896387504,0.1111385026093143,0.0001248777371161,0.0192078324395598,0.1804417341322726,0.1866941529572653,-0.8636258776118153,0.0168501536343076,False,False,False,False,0.1111385026093143,0.0302696702923426
2024-08-06,435.4463806152344,442.91633588521086,430.52255505334097,433.1677617207585,63164400,0.0095097727087328,0.0095097727087328,0.0066537242027077,0.0069002988725,0.9642660884190104,-0.2047807537200256,-0.0002465746697923,-0.0363879971286507,0.186500712501845,0.1773590647491937,-1.2567088687893466,0.017145782863572,False,False,False,False,0.2047807537200256,0.0095097727087328
2024-08-07,430.7305603027344,444.8283608872693,430.3342827318256,442.3416715112024,54929200,-0.0108889227716217,0.0108889227716217,0.0066647034471255,0.0066912150690594,0.9960378463910928,-0.0227059609902364,-2.65116219338472e-05,-0.0039700237348276,0.1891101019906773,0.1741241683138313,-1.1088645970013111,0.0167382399622121,False,False,False,False,0.0227059609902364,0.0108889227716217
2024-08-08,443.9070129394531,444.8184483377776,433.088456770268,436.9621327982493,47890100,0.0301323656758106,0.0301323656758106,0.007080967130597,0.0070189661908229,1.0088333435563763,0.0506213473787474,6.200093977413047e-05,0.0087945578150254,0.1851136953773589,0.1772711422517504,-0.9946296691197204,0.0182276043660182,False,False,False,False,0.0506213473787474,0.0301323656758106
2024-08-09,446.2252502441406,447.8599140690418,441.4698288405631,442.58933486287685,33574000,0.0052087597359286,0.0052087597359286,0.0070737862374818,0.0072524842500506,0.9753604411388406,-0.1412022141343595,-0.0001786980125687,-0.0249481930809712,0.1867916427787668,0.1751027887224348,-1.2092316598987962,0.0182094061950746,False,False,False,False,0.1412022141343595,0.0052087597359286
2024-08-12,447.1862487792969,450.1484591172227,444.3825252809175,447.1961655445336,27795000,0.0021513018510277,0.0021513018510277,0.0070712093669968,0.0072693131169508,0.9727479409998148,-0.1561736998713973,-0.0001981037499539,-0.0276302837994214,0.1884339415423258,0.1729163290113761,-1.249530490133944,0.0181989658872888,False,False,False,False,0.1561736998713973,0.0021513018510277
2024-08-13,458.2821960449219,458.5497068481307,451.4463093931689,451.5850231776538,40084500,0.0245099711732457,0.0245099711732457,0.0076718014639099,0.0073376360761309,1.0455412866367169,0.2609839950409465,0.0003341653877789,0.0445347289554529,0.1912715192849697,0.1700421054820629,-0.862943856837831,0.0192661624955884,False,False,False,False,0.2609839950409465,0.0245099711732457
2024-08-14,458.4307861328125,460.7886481545662,454.1409992347584,459.2035379429091,34733700,0.0003241801787054,0.0003241801787054,0.006784202912069,0.0071170756162535,0.953229005544876,-0.2680310963172259,-0.0003328727041844,-0.047900104567904,0.1696567662851073,0.1715879957716696,-1.267902628471237,0.0183069731826485,False,False,False,False,0.2680310963172259,0.0003241801787054
2024-08-15,470.0122375488281,470.40851515300034,464.028345953485,464.40482025936376,38280600,0.0249494085820766,0.0249494085820766,0.0073841723661941,0.0070606162628335,1.0458254763204955,0.2626126042546842,0.0003235561033605,0.0448065030799745,0.1592488247035905,0.1725296455031452,-0.6633197517439385,0.0192074499063512,False,False,False,False,0.2626126042546842,0.0249494085820766
2024-08-16,470.6165161132813,471.9836994318874,467.267914706038,468.22890368838864,38383600,0.0012848398376719,0.0012848398376719,0.0073065592691951,0.0068959304382725,1.0595465448206494,0.3412440953226921,0.0004106288309226,0.0578410286915783,0.1500714467172808,0.1727978134299938,-0.5337475989710256,0.0191135416655595,False,False,False,False,0.3412440953226921,0.0012848398376719
2024-08-19,476.7985534667969,476.8381902959791,468.9719576926455,470.7552521973401,23737700,0.013050510369379,0.013050510369379,0.0072581962811916,0.0068373204292604,1.0615556717409391,0.3527578229515199,0.0004208758519311,0.0597354470797812,0.1410086709496581,0.1725446671045094,-0.4710271562357245,0.0190498803314451,False,False,False,False,0.3527578229515199,0.013050510369379
2024-08-20,475.79791259765625,478.4530054535782,474.1037784441942,475.887072779306,29209300,-0.0021008711932668,0.0021008711932668,0.0072501425548623,0.006669385682802,1.0870780158295368,0.4990190249282258,0.0005807568720603,0.0834933772559138,0.1321596773725974,0.1707195613903085,-0.2850657518116509,0.0190395830909885,False,False,False,False,0.4990190249282258,0.0021008711932668
2024-08-21,478.0171203613281,479.8697414618623,474.866672813873,476.58058013398335,25658800,0.004653337788698,0.004653337788698,0.0059373958410125,0.0060157745446751,0.9869711367870244,-0.0746646619646206,-7.837870366267288e-05,-0.0131144833531261,0.1024075819894703,0.1385664434165419,-0.8336943815129026,0.0171108917719689,False,False,False,False,0.0746646619646206,0.004653337788698
2024-08-22,470.4382019042969,481.0288841455253,469.4078560191765,480.33537571180096,37739600,-0.0159819436873704,0.0159819436873704,0.0060698538125165,0.0059516528514901,1.019860190769828,0.1138130323530697,0.0001182009610263,0.0196655500288028,0.0869974513401542,0.1294753861832759,-0.5200363041670424,0.0173301722243898,False,False,False,False,0.1138130323530697,0.0159819436873704
2024-08-23,475.5403137207031,478.2548466699664,470.864166093088,474.78736521575286,36061500,0.0107870553205029,0.0107870553205029,0.0060820965557676,0.0062028495644534,0.9805326556075494,-0.1115617429280867,-0.0001207530086857,-0.0196593288441929,0.0713314959797172,0.1222774347022417,-0.7441342308618287,0.0173448122664408,False,False,False,False,0.1115617429280867,0.0107870553205029
2024-08-26,470.9236450195313,475.9168271905872,468.8431499287544,474.9954750129997,27452600,-0.0097556917489887,0.0097556917489887,0.0061732427750465,0.0063309731506334,0.9750859193627824,-0.1427754193538975,-0.0001577303755869,-0.0252296894434758,0.0554000026058909,0.1126873404838011,-0.7155168602187155,0.0175265074067992,False,False,False,False,0.1427754193538975,0.0097556917489887
2024-08-27,472.3304443359375,473.400396779738,467.32734562030106,469.2889603736487,27510000,0.002982866176492,0.002982866176492,0.005990964502499,0.0057123376321465,1.0487763308640108,0.2795231016171016,0.0002786268703525,0.0476240853866191,0.0400681390845713,0.0894454497929676,0.0844754687861364,0.0171846049630926,False,False,False,False,0.2795231016171016,0.002982866176492
2024-08-28,466.970703125,472.5880063433666,463.5428583776521,471.864808107776,37372400,-0.011412313072873,0.011412313072873,0.005270650301969,0.0045862301904656,1.149233702426507,0.8552153601787061,0.0006844201115034,0.1390953745520987,0.0293571075616878,0.0589056082666551,1.862951087673103,0.0162336573982729,False,False,False,False,0.8552153601787061,0.011412313072873
2024-08-29,466.28717041015625,473.4896150192623,465.0091471459394,468.88282353592905,41081500,-0.0014648316536086,0.0014648316536086,0.0046715816668623,0.0036399942106297,1.2834035980662055,1.6241043829592865,0.0010315874562326,0.2495156098726619,0.0325678809185302,0.0683164578688051,3.175629061020083,0.0152374832183258,False,False,False,False,1.6241043829592865,0.0014648316536086
2024-08-30,471.8450317382813,472.4691833346091,466.1385676448057,470.6264788445398,33466500,0.0118489192477998,0.0118489192477998,0.0042349643169496,0.0024664361863965,1.7170378622837097,4.10913743801757,0.001768528130553,0.5406006330896291,0.0558037312147264,0.1301471661121845,3.72499007359881,0.0142440136297161,True,False,True,False,4.10913743801757,0.0118489192477998
2024-09-03,457.5193481445313,468.9323056206166,455.1416524496019,468.8035388395337,44985200,-0.0308314342398733,0.0308314342398733,0.0042692887146301,0.002594516422398,1.6455046026203393,3.6992009328377584,0.001674772292232,0.4980470864926598,0.0797456939173814,0.1614839420592441,2.5903590613475043,0.0143099452649868,True,False,True,False,3.6992009328377584,0.0308314342398733
2024-09-04,456.3304748535156,460.1348241601613,453.477258224592,454.40852713775496,32505100,-0.002601902264045,0.002601902264045,0.0041856228330499,0.0025559396453885,1.6376062872227035,3.653937962491496,0.0016296831876614,0.4932355946484274,0.1062268735062353,0.1823462471813059,2.122383800733729,0.0142756738829155,True,False,True,False,3.653937962491496,0.002601902264045
2024-09-05,456.7564697265625,461.03630947784416,453.68526588800313,454.70569491267526,34452400,0.0009330872738533,0.0009330872738533,0.0040679248457842,0.0020174356095483,2.016383980995989,5.824603814379138,0.0020504892362358,0.7013057988365146,0.1414906646348024,0.2215973769178706,2.5262714838415854,0.0139567732503517,True,False,True,False,5.824603814379138,0.0009330872738533
2024-09-06,444.521240234375,456.9348232587385,444.0258857158704,456.0530777034609,50624400,-0.0271525214908535,0.0271525214908535,0.0038972248078747,0.0017998115656493,2.165351574718166,6.678294182228905,0.0020974132422254,0.7725827384406506,0.1796800736660836,0.2582255098503909,2.296065424047683,0.0139590995608834,True,False,True,False,6.678294182228905,0.0271525214908535
2024-09-09,450.2376403808594,451.2283494616286,445.6407659677918,448.8506537145908,32981200,0.0127776947427076,0.0127776947427076,0.0040333631128259,0.0023549492032261,1.7127176702157751,4.084379661755608,0.0016784139095998,0.5380813897722149,0.207831552808743,0.2649846164427472,1.246298148914716,0.0141939362037657,True,False,True,False,4.084379661755608,0.0127776947427076
2024-09-10,454.3986206054688,454.90389190042566,448.02836861259885,452.0010913798349,29680300,0.0091992986536649,0.0091992986536649,0.004113362108891,0.0024621229561652,1.6706566577396191,3.84334011539716,0.0016512391527257,0.5132167573698846,0.2348739048672083,0.2671637147513747,1.0418437726908576,0.0143188034641428,True,False,True,False,3.84334011539716,0.0091992986536649
2024-09-11,464.26605224609375,465.00908400490187,447.0871616105351,455.6369852193334,57843000,0.021482944600351,0.021482944600351,0.0039741403306794,0.0027757570406598,1.4317320545226009,2.4741320392494512,0.0011983832900196,0.3588849382671297,0.2505914153327921,0.2647393002000754,0.4090572229075747,0.0140814166009419,True,False,True,False,2.4741320392494512,0.021482944600351
2024-09-12,468.8233337402344,469.635722410282,462.5125219845072,464.29578616525714,40067800,0.0097682339975169,0.0097682339975169,0.0040694536333214,0.0031093649571764,1.3087732348462702,1.769490463339827,0.000960088676145,0.2690902365092175,0.2664409323866482,0.2557302110158275,0.0103597620009208,0.0142202817130692,False,False,False,False,1.769490463339827,0.0097682339975169
2024-09-13,470.9236450195313,472.1025912298367,467.8623576257768,468.0902315957997,29111800,0.0044699580288679,0.0044699580288679,0.0034669611695058,0.0031285577765943,1.1081659400517598,0.6198678440346963,0.0003384033929115,0.1027063425010506,0.269335924357702,0.2535230159792848,-0.6572562306148433,0.0131658146827434,False,False,False,False,0.6198678440346963,0.0044699580288679
2024-09-16,468.8431396484375,469.4573744200276,465.524288528779,468.7936162897121,22585600,-0.0044277129262261,0.0044277129262261,0.0034849149978544,0.0031335576631676,1.1121272918691532,0.6425692101887324,0.0003513573346868,0.1062746603824271,0.2717576059422444,0.2517161086131662,-0.6574189727925962,0.0131988680334343,False,False,False,False,0.6425692101887324,0.0044277129262261
2024-09-17,469.0908508300781,473.1626810286975,466.5942747357859,471.8648545022235,30084400,0.0005282060143136,0.0005282060143136,0.0033148781785467,0.0030920907951154,1.072050724960351,0.4129019497351748,0.0002227873834312,0.0695733795891751,0.2722495025677142,0.2513105860283836,-0.8064766637233833,0.0128483414434683,False,False,False,False,0.4129019497351748,0.0005282060143136
2024-09-18,467.0598754882813,474.3811996231557,466.4555272479723,470.2895966560615,39909200,-0.0043389989904711,0.0043389989904711,0.0033292914310153,0.003079715932765,1.0810384800737791,0.4644081852674197,0.0002495754982502,0.0779221347615236,0.2719709404429946,0.2515226542577431,-0.7714963340146017,0.0128687853601144,False,False,False,False,0.4644081852674197,0.0043389989904711
2024-09-19,478.869140625,481.71250116567927,476.0258103183634,478.1261087929225,52782500,0.0249699047499508,0.0249699047499508,0.0039311340216612,0.00313589258471,1.253593328045931,1.45327031265289,0.0007952414369511,0.2260140898102931,0.2839273691011655,0.2432336450443387,-0.2380973211182009,0.014019585328913,False,False,False,False,1.45327031265289,0.0249699047499508
2024-09-20,477.9576721191406,479.196058420288,473.8561221774012,478.0071954775703,34577700,-0.0019051907187794,0.0019051907187794,0.0036793412493099,0.0029294970905135,1.2559634420612684,1.4668527533370883,0.0007498441587963,0.227902960983283,0.2943392396488896,0.2360496140592673,-0.2814504862902499,0.0135402513276127,False,False,False,False,1.4668527533370883,0.0019051907187794
2024-09-23,479.2245788574219,480.3158962480575,477.7959506872309,479.1352933813507,24843000,0.0026471604060876,0.0026471604060876,0.0035699881450378,0.0027638329051955,1.2916801657317758,1.6715350080933091,0.0008061552398423,0.2559438249717072,0.3081193973396846,0.225107713981934,-0.2317804727569876,0.0133547931812688,False,False,False,False,1.6715350080933091,0.0026471604060876
2024-09-24,481.5361633300781,482.4885720219182,476.3772551624619,480.6333475885268,25952600,0.0048119970594284,0.0048119970594284,0.0034979699392365,0.0027367791712373,1.278133791720943,1.5939046408209088,0.0007611907679991,0.2454010388334447,0.3216509337535306,0.2124405313450813,-0.3589234805491427,0.0131778944889784,False,False,False,False,1.5939046408209088,0.0048119970594284
2024-09-25,481.9826354980469,483.93707616737726,480.732578237264,480.91114919551086,26549900,0.0009267534799881,0.0009267534799881,0.0034899313206223,0.0026878664459439,1.2984020563554295,1.7100562269421218,0.0008020648746784,0.2611343209781037,0.3323264455331048,0.2035819003404283,-0.3496977110241829,0.0131709342625764,False,False,False,False,1.7100562269421218,0.0009267534799881
2024-09-26,485.6038208007813,489.80042016717226,481.9627957360104,489.473009785825,32020200,0.007485020456238,0.007485020456238,0.0034157159621793,0.0026716949346043,1.2784827780815442,1.5959045811241117,0.000744021027575,0.2456740452489478,0.3376553790679473,0.1998141941848183,-0.4603343330750632,0.012921245052061,False,False,False,False,1.5959045811241117,0.007485020456238
2024-09-27,482.9052734375,486.76456175281504,481.7246705523257,486.6256530479584,22851100,-0.0055725947493525,0.0055725947493525,0.0034446240426464,0.0027119640572673,1.270158442334728,1.5482002108765938,0.0007326599853791,0.23914165043278,0.3371366810959532,0.2000556421122193,-0.4898388749676142,0.0130063602581035,False,False,False,False,1.5482002108765938,0.0055725947493525
2024-09-30,484.21484375,484.55215452746376,479.1055285852124,481.942923506745,30281100,0.0027081871002834,0.0027081871002834,0.0033115614326757,0.0021328733816505,1.5526291720669678,3.16695859413702,0.0011786880510252,0.4399497339839758,0.3321041361406706,0.1961009450165118,0.5499494040389482,0.0128024951718605,True,False,True,False,3.16695859413702,0.0027081871002834
2024-10-01,477.4685668945313,484.1454193353246,473.62913982724353,483.8478010651969,42735400,-0.014030371010291,0.014030371010291,0.0025578354060745,0.0020630580843024,1.2398271408530568,1.3743802593538414,0.000494777321772,0.2149719673616512,0.3179503801841201,0.1938153655886423,-0.531322232939118,0.0111057640327063,False,False,False,False,1.3743802593538414,0.014030371010291
2024-10-02,478.1432189941406,480.05796717810114,473.9466197241842,476.5657513321326,23744000,0.001411979679738,0.001411979679738,0.0025530591972988,0.0020918000142826,1.2205082607642983,1.2636693225834204,0.0004612591830162,0.1992673791723382,0.3032519694103157,0.1910926217177205,-0.5441580596009722,0.011054517662673,False,False,False,False,1.2636693225834204,0.001411979679738
2024-10-03,477.7860107421875,480.722621801194,475.2065415805555,475.9506174766113,25337200,-0.0007473529576615,0.0007473529576615,0.0025527470818815,0.002051653064275,1.2442391583313597,1.3996642605912948,0.0005010940176064,0.2185242253019357,0.2791128907335867,0.1684348299213444,-0.3597157752938906,0.0110712248450288,False,False,False,False,1.3996642605912948,0.0007473529576615
2024-10-04,483.4707946777344,484.02636896280734,478.57974271825753,483.5997726861492,30686600,0.0118279531102824,0.0118279531102824,0.0019553881333493,0.0014926033853625,1.310052055706936,1.7768190173137317,0.0004627847479867,0.2700668736044264,0.2539870974917755,0.1247696014103412,0.1288757512318076,0.0089516655903939,False,False,False,False,1.7768190173137317,0.0118279531102824
2024-10-07,478.2920227050781,482.7267165409567,477.0717272577596,481.5560443224721,24975100,-0.0107694369799343,0.0107694369799343,0.0019080994232763,0.0015088645427178,1.2645929235233482,1.5163058257781643,0.0003992348805584,0.2347502708046,0.2388205415433947,0.1063976195527583,-0.038255280107808,0.0092882017801417,False,False,False,False,1.5163058257781643,0.0107694369799343
2024-10-08,485.4351196289063,486.11967189958807,480.0281860924304,480.8317856664436,28272000,0.0148241704962292,0.0148241704962292,0.0020432283584582,0.0014460656707474,1.412956824707814,2.3665366055946544,0.0005971626877108,0.3456845474732138,0.2304439310485612,0.08975866235793,1.28389409330888,0.0095523838809015,True,False,True,False,2.3665366055946544,0.0148241704962292
2024-10-09,489.2547302246094,489.8301659101601,484.0958218394654,485.1375160516646,24995000,0.0078376319379847,0.0078376319379847,0.0016431399241518,0.0012911950114473,1.2725730115004066,1.562037411221598,0.0003519449127044,0.2410408442212576,0.2245517263462676,0.0848684835713743,0.1942902380378065,0.0086767455914034,False,False,False,False,1.562037411221598,0.0078376319379847
2024-10-10,488.6991271972656,490.5642823002671,485.6632999428998,486.972880795202,25750400,-0.0011362562413439,0.0011362562413439,0.0015490126069675,0.0012337236450593,1.2555588224079282,1.464533994658986,0.0003152889619081,0.2275807502965094,0.2224762520356322,0.084259282663801,0.0605808416533096,0.0085522304164696,False,False,False,False,1.464533994658986,0.0011362562413439
2024-10-11,489.4630432128906,490.4849365346354,486.298268176488,486.86374286155046,20644500,0.0015619417598469,0.0015619417598469,0.0015314717442488,0.001203933203578,1.2720570706891725,1.5590807030549028,0.0003275385406708,0.2406353308054447,0.2293727014508519,0.079695117454421,0.1413214474655123,0.008534997328468,False,False,False,False,1.5590807030549028,0.0015619417598469
2024-10-14,493.57037353515625,494.8898548804224,491.34807641617016,491.85402746733337,26060100,0.0083564895227649,0.0083564895227649,0.0015816980196358,0.0012216478266694,1.2947250304926587,1.688984250930773,0.0003600501929664,0.2582983409400408,0.2369738854787326,0.0746840812536178,0.2855287914554781,0.0085135610687837,False,False,False,False,1.688984250930773,0.0083564895227649
2024-10-15,486.9729309082031,494.5624998251386,484.8200577578031,493.89777863008,34784500,-0.0134569114017067,0.0134569114017067,0.0017625074825157,0.0014037951427809,1.2555304038337982,1.4643711359969338,0.0003587123397347,0.2275581158366629,0.244873122291107,0.0641763228751278,-0.2698036546614725,0.0091992508073502,False,False,False,False,1.4643711359969338,0.0134569114017067
2024-10-16,487.0323791503906,487.8062168362831,483.7187649427729,487.30023556132574,22996800,0.0001220696471516,0.0001220696471516,0.0017436954712751,0.0012273670840227,1.420679676010355,2.410794041756315,0.0005163283872524,0.3511354021768685,0.2585337856618742,0.0557040275789287,1.6623863756311732,0.0090995259662606,True,False,True,False,2.410794041756315,0.0001220696471516
2024-10-17,487.3697509765625,492.56835196515686,487.3102273222296,492.51875901205545,27210700,0.0006924694214474,0.0006924694214474,0.0011206788419531,0.0011488472725505,0.975481135508279,-0.1405105494704634,-2.8168430597350167e-05,-0.0248244573855285,0.2459918583020831,0.0831105102309411,-3.2585086403041923,0.0074337016062006,False,False,False,False,0.1405105494704634,0.0006924694214474
2024-10-18,490.5643005371094,491.6556179545978,489.4035287665701,490.15753539620334,25335000,0.0065332849767466,0.0065332849767466,0.0011597329028656,0.0011479887160052,1.0102302284827815,0.0586264925037367,1.1744186860388871e-05,0.0101782538695968,0.2351056229463989,0.097738882652144,-2.301308987512432,0.0075028126778438,False,False,False,False,0.0586264925037367,0.0065332849767466
2024-10-21,491.50677490234375,492.31037442782247,487.42922335035456,489.3539020420387,30336500,0.0019193613947915,0.0019193613947915,0.0011564093928139,0.001147660678962,1.0076230840807177,0.0436856989524475,8.748713851861132e-06,0.0075941751988726,0.2226881404577571,0.1093849017020185,-1.966395379179787,0.0074979621645376,False,False,False,False,0.0436856989524475,0.0019193613947915
2024-10-22,492.0425109863281,493.5207623873369,488.0840368199485,488.8380434331737,26685800,0.0010893935762123,0.0010893935762123,0.0011344408554778,0.0011437442785421,0.99186581892572,-0.0466146485953797,-9.303423064333785e-06,-0.0081674440258707,0.2100097163147913,0.1201800130568473,-1.81541967579468,0.0074536832189687,False,False,False,False,0.0466146485953797,0.0010893935762123
2024-10-23,484.5025329589844,490.3460236255654,481.2186803721017,489.69123319300365,39346600,-0.0154424579007406,0.0154424579007406,0.0013720514894813,0.0011600907220412,1.1827105099738888,1.0470613008660454,0.0002119607674401,0.1678088466596395,0.2053434425988681,0.1199158906810754,-0.3130076900237888,0.0082785623797501,False,False,False,False,1.0470613008660454,0.0154424579007406
2024-10-24,488.4312438964844,489.1058654099944,485.5739877492369,488.2228808565429,22024900,0.008076052829781,0.008076052829781,0.0013812485875604,0.0012973338759573,1.0646824330716085,0.3706763914392121,8.391471160313908e-05,0.0626765697861409,0.1961935688257278,0.123419871180347,-1.0818112007626828,0.008305309553373,False,False,False,False,0.3706763914392121,0.008076052829781
2024-10-25,491.4075927734375,496.3284064395032,490.5246081383439,491.2290218168546,38762100,0.0060751991446491,0.0060751991446491,0.001387102819967,0.0013535055526503,1.024822408191063,0.1422500709722544,3.359726731675663e-05,0.0245193372776696,0.1854624531679723,0.1284471991213037,-1.252990466053761,0.0082821246208154,False,False,False,False,0.1422500709722544,0.0060751991446491
2024-10-28,491.4869384765625,494.58228943962433,491.189320221086,494.52276578852906,20477800,0.0001614531382048,0.0001614531382048,0.0013797946097127,0.00129230069765,1.06770398887951,0.3879920573815434,8.749391206268504e-05,0.0655105381504749,0.1667404933762972,0.1167450447540658,-0.8671028002864913,0.0082724971378582,False,False,False,False,0.3879920573815434,0.0001614531382048
2024-10-29,496.2093200683594,497.3899228714751,489.9491641677327,491.8043884936218,28014100,0.0095624895526518,0.0095624895526518,0.0012743845054709,0.0012620972525644,1.0097355832773864,0.0557918233196697,1.2287252906501662e-05,0.0096884978426359,0.1564763199003464,0.1210000203652863,-1.2131222921663445,0.0077468504417515,False,False,False,False,0.0557918233196697,0.0095624895526518
2024-10-30,492.4592590332031,496.3979024924012,491.97313907393766,495.44549370075856,29756000,-0.0075861195527577,0.0075861195527577,0.0013299400287236,0.0013802987531535,0.9635160690286868,-0.2090788987945444,-5.035872442984285e-05,-0.0371661134995992,0.1446546452667496,0.1276110057958511,-1.4248046838312762,0.0080200477662917,False,False,False,False,0.2090788987945444,0.0075861195527577
2024-10-31,480.0281982421875,488.5404136876197,479.92898206139125,488.4908207354854,41245200,-0.0255668859008753,0.0255668859008753,0.0019830471469487,0.0016863788298178,1.1759203281524115,1.008148724834546,0.0002966683171308,0.1620510990117062,0.1418309889522381,0.1265657609808536,0.1597597162357905,0.0099547755903007,False,False,False,False,1.008148724834546,0.0255668859008753
2024-11-01,483.5799255371094,486.8737090932154,481.3675590327268,481.6651773097424,33655800,0.0073717588955554,0.0073717588955554,0.0018974895013838,0.0017873934725992,1.061595854786522,0.3529881004105827,0.0001100960287846,0.0597732993433486,0.1313163102391842,0.1241885038954685,-0.5760840065844949,0.0097403463860311,False,False,False,False,0.3529881004105827,0.0073717588955554
2024-11-04,482.1711120605469,485.5144882475446,480.42500426672166,482.9747116073583,23291600,-0.0029175520833985,0.0029175520833985,0.0017900208386784,0.001558982359287,1.148198264088795,0.8492815613348094,0.0002310384793913,0.1381939868958715,0.1264884960437478,0.1219299496505532,0.0960017689310228,0.0094518740764732,False,False,False,False,0.8492815613348094,0.0029175520833985
2024-11-05,488.3221435546875,488.986864708101,483.6691863103744,483.7584717889176,24353600,0.0126762629715544,0.0126762629715544,0.0017309524507011,0.0014280230279945,1.212132029223692,1.2156675524908518,0.0003029294227066,0.1923808167171822,0.1188233095059462,0.1123516888400002,0.6547076236298421,0.0092983718951562,False,False,False,False,1.2156675524908518,0.0126762629715544
2024-11-06,501.5865478515625,502.4100088623021,495.6538016210877,496.6062103649232,43082200,0.0268008521833027,0.0268008521833027,0.0023878096540571,0.0019750389463115,1.2089937054235769,1.1976827228214644,0.0004127707077455,0.1897883651869903,0.1162606855542328,0.1100966875545245,0.6678464290430481,0.0108554752099078,False,False,False,False,1.1976827228214644,0.0268008521833027
2024-11-07,509.4836730957031,510.2674718663417,504.324764569536,504.38428822463,32853100,0.015621636713527,0.015621636713527,0.0026305541094205,0.002664367884859,0.9873088939291506,-0.0727290730777973,-3.381377543851087e-05,-0.0127723260703027,0.1042430317358922,0.1104070861444807,-1.0598536913932013,0.0112778869888555,False,False,False,False,0.0727290730777973,0.015621636713527
2024-11-08,510.0789184570313,510.8527258947588,508.3625422286576,508.98757082027066,22924500,0.0011676486247923,0.0011676486247923,0.0026294778506703,0.0026729464709929,0.983737564221979,-0.0931953348683588,-4.346862032261105e-05,-0.0163961205279047,0.0913914591692247,0.1087295224129626,-0.9913368265128992,0.0112791243644548,False,False,False,False,0.0931953348683588,0.0011676486247923
2024-11-11,509.78131103515625,511.5075574474809,506.8843621879825,511.29919439483575,24167500,-0.0005836239549622,0.0005836239549622,0.002559987550447,0.0024881363778959,1.0288775057466528,0.1654886669473918,7.185117255114563e-05,0.0284684077314962,0.0798999625087975,0.1024457159164952,-0.5020371454012177,0.0111977009298268,False,False,False,False,0.1654886669473918,0.0005836239549622
2024-11-12,508.858642578125,510.5948198239138,505.802983947209,509.711895702093,25835300,-0.0018115698409269,0.0018115698409269,0.0023821808712622,0.0024871684286101,0.9577883201876572,-0.2419029774607332,-0.0001049875573478,-0.0431284855647093,0.0663656324387289,0.0998929429877641,-1.0961146476268122,0.0106900636413622,False,False,False,False,0.2419029774607332,0.0018115698409269
2024-11-13,508.203857421875,510.9122744153452,505.9220366929146,508.352696828286,24567400,-0.0012876008046995,0.0012876008046995,0.0023838238860957,0.0024908855102548,0.9570186491035796,-0.2463137407312664,-0.000107061624159,-0.0439324006724701,0.046612242296262,0.0783708833318248,-1.1553352357324238,0.010708151156321,False,False,False,False,0.2463137407312664,0.0012876008046995
2024-11-14,504.6719970703125,508.739588052962,503.7592505809421,507.8665643683169,28679500,-0.0069739537190578,0.0069739537190578,0.0024319804026716,0.0024982526580464,0.9734725568443512,-0.1520211352000114,-6.627225537477561e-05,-0.0268856447630721,0.0465091829273848,0.0784660538068215,-0.9353704453030148,0.010888365448483,False,False,False,False,0.1520211352000114,0.0069739537190578
2024-11-15,492.6477355957031,499.3543196021951,490.58414799637626,498.9674158501514,51461100,-0.0241143211174059,0.0241143211174059,0.0029707970730376,0.0027555861745659,1.078099861458908,0.447567808487365,0.0002152108984716,0.0752001040580647,0.0497602754368082,0.0782401024089719,0.325150758217046,0.0121858504639659,False,False,False,False,0.447567808487365,0.0241143211174059
2024-11-18,496.0704345703125,498.1737145612043,492.8064433987384,494.1953790330812,27080800,0.0069235354426182,0.0069235354426182,0.003015048467899,0.0030281861654836,0.995661529091466,-0.0248625270320153,-1.3137697584575912e-05,-0.0043479093823681,0.0491631712077461,0.0786043438638322,-0.6807649292615754,0.0122694285859661,False,False,False,False,0.0248625270320153,0.0069235354426182
2024-11-19,499.4832763671875,499.9694265575256,493.1536656807539,493.49100674201975,24523000,0.0068561949565164,0.0068561949565164,0.0030608690988169,0.0030788587228597,0.9941570478992012,-0.0334842753623466,-1.798962404279611e-05,-0.0058600889311488,0.0492785389624822,0.07852176481847,-0.7022082096741326,0.0123482905606399,False,False,False,False,0.0334842753623466,0.0068561949565164
2024-11-20,499.1955871582031,499.5031361161102,492.6377823112046,499.1856564574556,29565500,-0.0005761395929151,0.0005761395929151,0.0028227315296312,0.0028791791261115,0.9803945520553689,-0.1123531746033695,-5.6447596480248274e-05,-0.0198001842026878,0.0398980874193659,0.0749252726829989,-0.796770828911507,0.0117858067154763,False,False,False,False,0.1123531746033695,0.0005761395929151
2024-11-21,500.99127197265625,502.9556129602977,493.62986778963904,502.2412988893756,34526700,0.0035907025320217,0.0035907025320217,0.0027704020449953,0.0028014745049093,0.9889085337526434,-0.0635619980434004,-3.107245991403225e-05,-0.0111534352028827,0.0362065871699147,0.0755284002722544,-0.627049192119528,0.0117007895508985,False,False,False,False,0.0635619980434004,0.0035907025320217
2024-11-22,501.7948913574219,502.5290365817057,498.8086569561695,500.4357175118036,23826600,0.0016027735247774,0.0016027735247774,0.0027360628833199,0.0028093685385205,0.9739067145533036,-0.1495331024339623,-7.330565520058396e-05,-0.0264397555390034,0.033658632529081,0.0767296930599367,-0.7832481230068156,0.0116494328300129,False,False,False,False,0.1495331024339623,0.0016027735247774
2024-11-25,502.5885620117188,507.41018976726633,500.2769794512125,505.87241468402135,26375200,0.0015804139680537,0.0015804139680537,0.0027385345245145,0.0028110040710327,0.9742193377572684,-0.1477415489066302,-7.246954651823857e-05,-0.0261188079224181,0.0290771652254364,0.0774234840289344,-0.7129099631737957,0.0116481512624352,False,False,False,False,0.1477415489066302,0.0015804139680537
2024-11-26,505.2870788574219,506.1105398394157,503.2235216050594,504.0667834357268,26557100,0.0053548735271143,0.0053548735271143,0.0026757679885613,0.0027050509287608,0.9891747176039368,-0.0620365750688571,-2.928294019956994e-05,-0.0108843020885737,0.0280485252288759,0.0778099460306105,-0.5003579786848003,0.0115311212849839,False,False,False,False,0.0620365750688571,0.0053548735271143
2024-11-27,501.3087158203125,504.2254957213914,497.9653396767726,504.1560716487184,24957400,-0.0079046301865892,0.0079046301865892,0.0026807019570793,0.0024543433062285,1.0922277866654917,0.5285308781403225,0.0002263586508507,0.0882194514171441,0.0343178034747131,0.0773528500719671,0.6968282085570519,0.011543053067037,False,False,False,False,0.5285308781403225,0.0079046301865892
2024-11-29,505.7136840820313,506.3089508903919,501.31868278834094,501.9337807222535,15334000,0.0087485568492923,0.0087485568492923,0.0021035735493562,0.0022570532518864,0.931999963934438,-0.3896886185251227,-0.0001534797025301,-0.0704225029935016,0.0226941233744527,0.0747066953204248,-1.2464294661752524,0.0099189679392891,False,False,False,False,0.3896886185251227,0.0087485568492923
2024-12-02,511.2198486328125,512.1822183655047,506.586752593205,506.97368662654696,25147200,0.0108290624350326,0.0108290624350326,0.0021664993133638,0.0023781387941139,0.911006253598883,-0.5099975249864562,-0.00021163948075,-0.0932055172025091,0.0150451825471598,0.078265427231225,-1.3831228369821102,0.0100300177926511,False,False,False,False,0.5099975249864562,0.0108290624350326
2024-12-03,512.7872924804688,513.0651098548883,509.3149386184986,509.8903742133351,18597900,0.0030613948065706,0.0030613948065706,0.0021673593413662,0.0023718033228772,0.9138023041206648,-0.493974164879573,-0.0002044439815109,-0.0901410283846361,0.0036284317831344,0.0760924467313403,-1.232309699526977,0.0099445083398495,False,False,False,False,0.493974164879573,0.0030613948065706
2024-12-04,519.126953125,519.3849091600352,515.4958283369896,516.2101727842456,26086200,0.0122873396392141,0.0122873396392141,0.0021576504138516,0.0018722599111982,1.1524310278431067,0.8735383111160971,0.0002853905026533,0.1418736484085634,0.0011030733677035,0.0704123346403989,1.9992317505133967,0.0099260836294047,False,False,False,False,0.8735383111160971,0.0122873396392141
2024-12-05,517.6883544921875,519.9007209183162,517.3014204692249,519.1765063776851,18169600,-0.0027750353326048,0.0027750353326048,0.0014470655571976,0.0012363761363803,1.1704088380693385,0.9765639628144644,0.0002106894208172,0.1573531220190345,-0.0005186887906942,0.0663013097513451,2.381126578069235,0.0083580686167781,False,False,False,False,0.9765639628144644,0.0027750353326048
2024-12-06,522.3214111328125,522.5595057281002,518.2240284052577,518.3530064032137,23762600,0.0089096995863887,0.0089096995863887,0.0012824127703078,0.0012470974802673,1.0283179868449073,0.1622822252971301,3.531529004052801e-05,0.0279244449262527,0.0015161497591334,0.0665181638221692,0.3970087815069527,0.0079102743612029,False,False,False,False,0.1622822252971301,0.0089096995863887
2024-12-09,518.25390625,522.1925195302961,517.1030347782992,521.398850563676,20674400,-0.0078178398651859,0.0078178398651859,0.0013421679871545,0.0013611424803702,0.986059877280099,-0.0798868277003756,-1.8974493215631255e-05,-0.0140381987587359,0.0016340458475919,0.066488394741746,-0.2357139868875161,0.0081533053202873,False,False,False,False,0.0798868277003756,0.0078178398651859
2024-12-10,516.4878540039062,521.2301267457367,515.0592258717493,519.4840189672058,24350000,-0.0034135163550577,0.0034135163550577,0.00135347946414,0.0014035193388279,0.9643468577143092,-0.2043178881551621,-5.003987468795291e-05,-0.0363042381810527,-0.0016045864480355,0.0666796776915879,-0.5203932132592604,0.0082004216262567,False,False,False,False,0.2043178881551621,0.0034135163550577
2024-12-11,525.7342529296875,526.4188051823884,520.4463971119644,520.8531319621538,32168600,0.0177440901847953,0.0177440901847953,0.0016650504153376,0.0014998127305563,1.1101722111133194,0.6313652055598035,0.0001652376847812,0.1045151484376136,0.0057775952520806,0.0697749310792777,1.4150863592161522,0.0089772738763147,False,False,False,False,0.6313652055598035,0.0177440901847953
2024-12-12,522.34130859375,524.7818994700399,521.8651193703002,523.511980803434,23577500,-0.0064746404046607,0.0064746404046607,0.001705313467875,0.0016749266507869,1.018142177792571,0.103967594873153,3.038681708809215e-05,0.0179795722196343,0.0088731938966858,0.0688683418088773,0.1322288018523873,0.009131455899033,False,False,False,False,0.103967594873153,0.0064746404046607
2024-12-13,526.3394775390625,528.958578680959,523.1349494940644,526.2700231888497,28780400,0.0076251770231701,0.0076251770231701,0.0017148207620341,0.0014784913276053,1.1598449919970677,0.9160256040076228,0.0002363294344288,0.1482863686005768,0.0176317945648683,0.0746592415898783,1.7500120715587544,0.0090179332060966,False,False,False,False,0.9160256040076228,0.0076251770231701
2024-12-16,533.9191284179688,534.8914288475645,528.7899817598816,528.8693668170654,31979900,0.0142979834599237,0.0142979834599237,0.001337752610101,0.0013827030069033,0.9674909242419698,-0.1863001485684673,-4.49503968022757e-05,-0.0330492347506535,0.0122193276244324,0.0742120635754277,-0.609989268511255,0.0071208936085448,False,False,False,False,0.1863001485684673,0.0142979834599237
2024-12-17,531.5678100585938,533.234532805748,529.911018011913,532.1233843076452,28579100,-0.0044136105125809,0.0044136105125809,0.0013092972248326,0.0014085576883138,0.9295304237059429,-0.4038408421961017,-9.92604634812114e-05,-0.0730757410965387,0.0087829360387238,0.0764569183481572,-1.0706510137187013,0.0073159685667556,False,False,False,False,0.4038408421961017,0.0044136105125809
2024-12-18,512.3904418945312,532.6392598813255,510.9420129976954,530.922944302232,54703200,-0.0367438558215234,0.0367438558215234,0.0026124007561837,0.0016701745489549,1.5641483447453723,3.232971654531162,0.0009422262072287,0.4473414872066223,0.0314430148456124,0.1222216855671417,3.402820624107157,0.0113574988649704,True,True,True,True,3.232971654531162,0.0367438558215234
2024-12-19,510.1086730957031,517.6387480839205,509.7713925868022,517.0732431157651,46441800,-0.0044631287265089,0.0044631287265089,0.0026319883373826,0.001937910685761,1.3581577090839922,2.052498659449206,0.0006940776516215,0.3061291557396409,0.0477394818427288,0.1353288443526089,1.9093466373189396,0.0114206053993595,True,False,True,False,2.052498659449206,0.0044631287265089
2024-12-20,514.5631713867188,520.6745485653607,505.2672184506846,506.4081287524045,60530000,0.0086945423092757,0.0086945423092757,0.0026946902586769,0.0019925574971417,1.3523776666632612,2.019374901341495,0.0007021327615351,0.301864277860803,0.0633903674959131,0.1453426905824229,1.6407698894885452,0.0115303220877166,True,False,True,False,2.019374901341495,0.0086945423092757
2024-12-23,519.5764770507812,519.9540883119314,512.8789414988543,516.2773821985058,29672800,0.0096956826770668,0.0096956826770668,0.0027861276382795,0.0021277558999295,1.3094207086310077,1.7732009490881333,0.00065837173835,0.2695848322587413,0.0781915968858004,0.1504252526306799,1.27234777423206,0.0116736821667472,False,False,False,False,1.7732009490881333,0.0096956826770668
2024-12-24,526.621826171875,526.7112253012842,520.8881517500126,521.5241349732042,17558200,0.0134686810414731,0.0134686810414731,0.002965035298966,0.0023296861337878,1.2727187821413712,1.5628727807741123,0.0006353491651782,0.2411553856199988,0.0915553065629212,0.1524237340017525,0.9814749654102918,0.0119497703620676,False,False,False,False,1.5628727807741123,0.0134686810414731
2024-12-26,526.2640380859375,527.8937223215758,522.994783551006,524.9921323134935,19090500,-0.0006796332097432,0.0006796332097432,0.0029368225297744,0.0022748330464092,1.291005744096317,1.6676700919751468,0.0006619894833652,0.2554215611933499,0.1048705997270174,0.1545108781098852,0.9743712760422178,0.0119459080462172,False,False,False,False,1.6676700919751468,0.0006796332097432
2024-12-27,519.2683715820312,523.1338828752066,514.5979649367405,522.6966520264838,33839600,-0.0133822172124885,0.0133822172124885,0.0030534230889099,0.0021755271251749,1.4035325294619987,2.31252868431394,0.000877895963735,0.3389922939377414,0.1174092418530472,0.1626135887800471,1.362635519866729,0.0122300358752064,True,False,True,False,2.31252868431394,0.0133822172124885
2024-12-30,512.3621826171875,516.0885615458353,508.6059938701245,512.262836772703,34584000,-0.0133890802432624,0.0133890802432624,0.0031561533117251,0.0023151410102571,1.363266124068469,2.081773514189495,0.000841012301468,0.3098833824221374,0.1364245361238292,0.1617710553854037,1.0722489624924518,0.0125451658039446,True,False,True,False,2.081773514189495,0.0133890802432624
2024-12-31,508.009765625,514.3992253569596,507.0458744562585,513.6440635547258,29117000,-0.0085310918178243,0.0085310918178243,0.0031116642461075,0.0024491901850951,1.2704869817966646,1.550082975893508,0.0006624740610123,0.2394002772058413,0.1530548258442467,0.1542303793594471,0.5598472345085729,0.0124693230350245,False,False,False,False,1.550082975893508,0.0085310918178243
2025-01-02,507.0160827636719,513.3857099460889,502.52453474139946,511.06042287109295,36389800,-0.0019579465495393,0.0019579465495393,0.0031061256626366,0.0024146112105316,1.2863874933939303,1.6412042275382432,0.000691514452105,0.2518378972201878,0.1701537721244879,0.1450011363310018,0.5633343790440039,0.0124493380417633,False,False,False,False,1.6412042275382432,0.0019579465495393
2025-01-03,515.3134765625,516.3767439002675,509.3015977009679,510.1163791404504,29059500,0.0162326833246244,0.0162326833246244,0.0032186469551448,0.0024107833033357,1.3351042172439462,1.9203857385286036,0.000807863651809,0.2890093541565425,0.1775105574118869,0.147097081706798,0.7579946213134338,0.0126805537282058,False,False,False,False,1.9203857385286036,0.0162326833246244
2025-01-06,521.2359619140625,524.5946765405293,518.7418230577623,520.719278575862,36109700,0.0114274333305591,0.0114274333305591,0.0033415323665719,0.0026766168962083,1.248416376398719,1.4236026940412123,0.0006649154703636,0.2218758492383482,0.1807366937728526,0.1473269878084065,0.279237063605723,0.0129213008691253,False,False,False,False,1.4236026940412123,0.0114274333305591
2025-01-07,511.9348754882813,522.67678090554,510.0468799728483,522.2793368947259,36690300,-0.0180054205331932,0.0180054205331932,0.0035863447884294,0.0029016560202389,1.23596482953694,1.352246465782904,0.0006846887681905,0.2118519035634453,0.1899330667047122,0.14318343726051,0.1530822089349181,0.0133532262119231,False,False,False,False,1.352246465782904,0.0180054205331932
2025-01-08,512.0242919921875,513.6638621182858,507.3538855422856,511.8354863915311,30777800,0.0001746485738363,0.0001746485738363,0.003525256670396,0.0028627305245019,1.231431544193069,1.3262675133404362,0.0006625261458941,0.2081773496952728,0.2010438441274126,0.1353309874609343,0.0527115459784801,0.0132626248769779,False,False,False,False,1.3262675133404362,0.0001746485738363
2025-01-10,503.9952087402344,508.3575403275065,500.7458174123479,508.2581944885488,40532500,-0.0158053076528635,0.0158053076528635,0.0037634123264914,0.0027671444799783,1.3600346327130994,2.0632547680988944,0.000996267846513,0.3075101646539473,0.2182345642691626,0.1255746931897793,0.7109362413481162,0.0136627898668188,True,False,True,False,2.0632547680988944,0.0158053076528635
2025-01-13,502.3755187988281,502.83261280745984,496.5524449888724,498.0429966184263,31694200,-0.0032188760971935,0.0032188760971935,0.0034589207533344,0.0026613037667214,1.2997091112209325,1.7175465818646285,0.0007976169866129,0.2621404788300703,0.2261158307887855,0.1231124299068616,0.2926158477136595,0.0129530784419696,False,False,False,False,1.7175465818646285,0.0032188760971935
2025-01-14,501.89849853515625,506.94651670595886,498.4304916746537,505.5354479124467,33737200,-0.000949980366539,0.000949980366539,0.0034179022476615,0.0025847275943507,1.3223452464127652,1.8472677520585443,0.0008331746533108,0.2794068619584385,0.2391871952757257,0.1138497756766323,0.353269617297699,0.0129193821168702,False,False,False,False,1.8472677520585443,0.000949980366539
2025-01-15,513.4453125,514.5880322454942,508.2382987029594,509.79844685715614,34957600,0.0227456190893315,0.0227456190893315,0.0038771221107838,0.0024401866145151,1.5888629532352905,3.374603956469058,0.0014369354962686,0.46301863665779,0.2549238086785864,0.1216799412938539,1.7101818571448837,0.0138678819228575,True,False,True,False,3.374603956469058,0.0227456190893315
2025-01-16,509.8481140136719,515.790426445023,509.7189280346691,515.710913384707,28229000,-0.0070306584809777,0.0070306584809777,0.0037221199384397,0.0026002605977791,1.431441118485898,2.4724647686304686,0.0011218593406606,0.3586817119722994,0.274510356014734,0.1039915223199709,0.809405940789856,0.0134456574699159,True,False,True,False,2.4724647686304686,0.0070306584809777
2025-01-17,518.45361328125,520.7689538758897,509.8779677530645,519.5566069696355,51837900,0.0167376946689244,0.0167376946689244,0.0039827904035131,0.0025266877165581,1.576289138310473,3.3025470451621493,0.0014561026869549,0.4550734380033068,0.3009178149697263,0.0755395883598371,2.040726278507787,0.0140562972626023,True,False,True,False,3.3025470451621493,0.0167376946689244
2025-01-21,521.4942626953125,522.6568758608805,516.7841297495139,521.1762711033113,23628000,0.0058477124653462,0.0058477124653462,0.0026668752039575,0.0024173680094808,1.1032144023988852,0.5914920080915587,0.0002495071944767,0.0982281025231276,0.2834621457355515,0.0798980000261463,-2.318381475779204,0.0115138334404967,False,False,False,False,0.5914920080915587,0.0058477124653462
2025-01-22,528.1620483398438,530.4574953112844,525.926221004647,526.2342659003573,33593000,0.0127048735163707,0.0127048735163707,0.0028083694969951,0.0024760489682577,1.1342140373626004,0.7691419862790138,0.0003323205287373,0.1259399329650404,0.2744526845968215,0.0867034758637013,-1.7128811752050692,0.0117215385230625,False,False,False,False,0.7691419862790138,0.0127048735163707
2025-01-23,529.284912109375,529.404151376624,525.1213025176294,525.7075521398207,23096600,0.0021237267372425,0.0021237267372425,0.0027372846462818,0.0023812756437299,1.1495034829291273,0.8567613945259508,0.0003560090025519,0.1393300951679028,0.2663259754621765,0.0912512206051164,-1.3917170581623222,0.011613566529357,False,False,False,False,0.8567613945259508,0.0021237267372425
2025-01-24,526.2938232421875,530.4275923841087,524.8231652884439,529.6624839179889,19878300,-0.005667216991964,0.005667216991964,0.0026753957321414,0.0021852527669989,1.2242957760056656,1.2853744813958103,0.0004901429651425,0.2023658019616377,0.2629650239473213,0.0923011562721093,-0.6565380590361569,0.0115480414014167,False,False,False,False,1.2853744813958103,0.005667216991964
2025-01-27,510.9710083007813,514.7271665075501,506.936554378914,507.7812062861425,60771700,-0.0295468027282534,0.0295468027282534,0.0033670039146068,0.0024469877458972,1.37597906661043,2.154627725792994,0.0009200161687096,0.3191655261762654,0.2668655309751346,0.0929431616658007,0.5627094480515722,0.0128869952894182,True,False,True,False,2.154627725792994,0.0295468027282534
2025-01-28,518.5231323242188,519.7056389765987,508.5563122008364,511.9746158466005,33194200,0.0146717872366488,0.0146717872366488,0.0035818033540245,0.003148735885609,1.137536930421762,0.7881845292047692,0.0004330674684155,0.128865337620795,0.2605377197965069,0.0976936259547993,-1.3478093467083896,0.0133619311401048,False,False,False,False,0.7881845292047692,0.0146717872366488
2025-01-29,517.5493774414062,519.2983011374322,513.6441392716389,519.169115138246,26649000,-0.0018797046738474,0.0018797046738474,0.0034062529061632,0.0028980748992915,1.175350197814396,1.0048814720997623,0.0005081780068717,0.1615661438839206,0.2516664122938159,0.098220960528473,-0.9173222082650708,0.0130493355082505,False,False,False,False,1.0048814720997623,0.0018797046738474
2025-01-30,519.7553100585938,522.7860860608997,514.9458310521527,520.4111867008249,27431300,0.0042532073154022,0.0042532073154022,0.0032450752088705,0.0027224289513237,1.1919779237186623,1.1001701794557506,0.0005226462575467,0.175614048101404,0.2449529455777792,0.0986003234082181,-0.7032319477219471,0.012717729652243,False,False,False,False,1.1001701794557506,0.0042532073154022
2025-01-31,519.0001220703125,528.1720244019145,517.9070751282055,523.6009629833273,38755200,-0.0014540248801092,0.0014540248801092,0.0031744098696183,0.0027050358501051,1.1735185947701776,0.9943850826669736,0.0004693740195131,0.1600065817481033,0.2409832608048923,0.1003270552199199,-0.8071270394539704,0.0125528970596312,False,False,False,False,0.9943850826669736,0.0014540248801092
2025-02-03,514.846435546875,517.5691667149378,507.8309085723365,510.2356481268789,40580800,-0.0080354455746759,0.0080354455746759,0.003235144700511,0.0026718027792266,1.2108471200286366,1.208304108026373,0.0005633419212844,0.191320213850749,0.2379573766364204,0.1008652159525419,-0.4623711191736767,0.0126952756291051,False,False,False,False,1.208304108026373,0.0080354455746759
2025-02-04,521.1663208007812,521.8023039804046,514.9656364261884,515.3631410761267,26046800,0.0122005517976949,0.0122005517976949,0.0031204981567617,0.0025271885951231,1.234770591630388,1.3454026323539634,0.0005933095616386,0.2108851970603335,0.2340511687816099,0.1003237920648047,-0.2309120423429789,0.0124782223131355,False,False,False,False,1.3454026323539634,0.0122005517976949
2025-02-05,523.5313720703125,523.6903982021383,517.3406339590531,518.533087344952,21134100,0.0045277314691783,0.0045277314691783,0.0030104122764943,0.0022783167171049,1.3213317770497086,1.841459851079988,0.0007320955593894,0.2786401499859023,0.2368893838189876,0.1007412762059653,0.4144355495512625,0.0122667168880081,False,False,False,False,1.841459851079988,0.0045277314691783
2025-02-06,526.2640380859375,526.4727371352427,522.4283666892038,524.0381574961376,19434500,0.0052061042775719,0.0052061042775719,0.0027133206296661,0.0023120925107387,1.1735346302381435,0.9944769773146928,0.0004012281189274,0.1600202460892401,0.2342978009452773,0.1020107243171211,-0.7281347657637468,0.011565502718215,False,False,False,False,0.9944769773146928,0.0052061042775719
2025-02-07,519.6261596679688,528.7483284429109,518.9007772767695,526.8007131129621,29605500,-0.0126934310280962,0.0126934310280962,0.0028744133188068,0.0024167950992015,1.1893492004169035,1.085105723446352,0.0004576182196053,0.1734062671183711,0.2325592468164323,0.1027348059381982,-0.575783242668951,0.0119656874748654,False,False,False,False,1.085105723446352,0.0126934310280962
2025-02-10,525.9161987304688,527.0191921678618,523.4319464927245,523.8989568010895,20852800,0.0120322527318893,0.0120322527318893,0.0027693806746092,0.0025852096695261,1.0712402584804053,0.4082573998024884,0.000184171005083,0.0688170972879502,0.2206245934481324,0.1071060081065197,-1.4173574278784216,0.0115731340405228,False,False,False,False,0.4082573998024884,0.0120322527318893
2025-02-11,524.6641845703125,526.5820202342347,522.5178170831823,522.6470030660466,19325500,-0.0023834725505549,0.0023834725505549,0.0027647004526794,0.0026275726823689,1.0521880027260877,0.2990744102886435,0.0001371277703104,0.0508718081644939,0.2100611599148535,0.1127596240377167,-1.4117584473065703,0.0115552515611927,False,False,False,False,0.2990744102886435,0.0023834725505549
2025-02-12,524.9722290039062,525.8566374548477,518.6622518801204,519.0100229717194,25009400,0.0005869545653216,0.0005869545653216,0.0027641425056443,0.0025941578737485,1.0655259395027603,0.3755102838147352,0.0001699846318958,0.0634685171712865,0.199264242675496,0.1158973175573316,-1.1716899783900057,0.0115393431405027,False,False,False,False,0.3755102838147352,0.0005869545653216
2025-02-13,532.5243530273438,532.8422839525621,525.856597948036,526.6415998490472,28714800,0.0142832658654196,0.0142832658654196,0.0024507910016696,0.0023436025464676,1.0457366183372652,0.2621033847493202,0.000107188455202,0.0447215350233139,0.1783493875937722,0.1034920792189938,-1.2911891767842034,0.0109184084339982,False,False,False,False,0.2621033847493202,0.0142832658654196
2025-02-14,534.76025390625,535.445910069072,532.2958340155867,532.6337190649526,17862600,0.0041898929964029,0.0041898929964029,0.0024189160463148,0.0022479796432082,1.076040013806627,0.4357634149541659,0.0001709364031065,0.0732876486007801,0.1640796844251962,0.097123102924972,-0.9348139947150712,0.0107357453392737,False,False,False,False,0.4357634149541659,0.0041898929964029
2025-02-18,535.9725952148438,536.598631804005,532.6635533365213,536.330313079877,20565000,0.0022645085142621,0.0022645085142621,0.0021438936222958,0.0021018308061804,1.0200124653191642,0.1146856739309375,4.206281611543678e-05,0.0198148481226465,0.1423167549311632,0.0759343199100949,-1.613261394235928,0.0102192802233181,False,False,False,False,0.1146856739309375,0.0022645085142621
2025-02-19,536.1216430664062,537.4034956659445,533.0809200913482,535.177614880373,19666900,0.0002780499086753,0.0002780499086753,0.0021097751929702,0.001980028281355,1.065527807272735,0.3755209874664282,0.0001297469116151,0.0634702700787179,0.1405788633089427,0.0773087874567928,-0.9974104596236246,0.0101772138727948,False,False,False,False,0.3755209874664282,0.0002780499086753
2025-02-20,533.8460083007812,535.7042244561445,529.1060954227281,535.3365599110106,26550800,-0.0042536579380122,0.0042536579380122,0.0019664549877568,0.0019373704955758,1.0150123542437497,0.086031477695338,2.9084492180974112e-05,0.0149007840883954,0.1350269058651105,0.0820052342983609,-1.464859198373342,0.0099013279674963,False,False,False,False,0.086031477695338,0.0042536579380122
2025-02-21,522.7661743164062,535.0085763982402,522.398509843998,534.9886829724813,47093800,-0.0209731447485036,0.0209731447485036,0.002401817573144,0.0020649802751662,1.1631188936904944,0.9347873915288596,0.0003368372979778,0.1511050984837735,0.135615656030904,0.0820762533718292,0.1887201451886192,0.0109410665688996,False,False,False,False,0.9347873915288596,0.0209731447485036
2025-02-24,516.5952758789062,525.7373361801731,516.2574515413156,524.5548296972278,39268400,-0.0118745426755559,0.0118745426755559,0.0025107049884636,0.0021999007003948,1.1412810532825322,0.8096410187836149,0.0003108042880687,0.1321513624429769,0.1321049340549709,0.0806350244383845,0.0005757843856229,0.0111655880656634,False,False,False,False,0.8096410187836149,0.0118745426755559
2025-02-25,510.0865478515625,516.0487531882743,506.23098354843376,515.9692401349251,48940000,-0.0126793229893902,0.0126793229893902,0.0017984566684706,0.0017320625909255,1.038332377763325,0.2196718148939091,6.639407754508104e-05,0.0376159432787405,0.1180274549100947,0.0707153233730958,-1.1371158017209513,0.0094823694322333,False,False,False,False,0.2196718148939091,0.0126793229893902
2025-02-26,511.31884765625,516.3866991255621,508.1489386464173,512.282769284362,34457600,0.0024129506423441,0.0024129506423441,0.0015890176585555,0.0017370493790247,0.9147797856199638,-0.4883724999815062,-0.0001480317204691,-0.0890719141262291,0.1071305923227435,0.083788721157406,-2.341633858814786,0.0088860279849506,False,False,False,False,0.4883724999815062,0.0024129506423441
2025-02-27,497.1188354492188,515.800434214296,496.9002199954935,514.8663527597747,52448000,-0.0281642605856622,0.0281642605856622,0.0023787099432317,0.0018361983689083,1.2954536849119636,1.6931599595108004,0.0005425115743233,0.2588609696375841,0.1119953336104267,0.0894417575392733,1.6420253812954144,0.0107182153540061,False,False,False,False,1.6931599595108004,0.0281642605856622
2025-02-28,504.9690246582031,505.575167681001,493.7998053688424,496.97966053616966,47654000,0.0156679870365769,0.0156679870365769,0.0026061059885422,0.0025556115131086,1.019758275142601,0.1132289832513613,5.049447543359993e-05,0.019565614056448,0.1041929119081789,0.0903534493999072,-0.9366249812684824,0.0113235550271369,False,False,False,False,0.1132289832513613,0.0156679870365769
2025-03-03,493.9190368652344,509.8083050877629,490.4708934129811,508.29789058596987,44587200,-0.0221254793130171,0.0221254793130171,0.003093528635021,0.0031094875013329,0.9948676859755554,-0.0294118132539609,-1.595886631192622e-05,-0.0051455295850644,0.0959353063415205,0.0923988323580209,-1.0939622649658989,0.0121878118823131,False,False,False,False,0.0294118132539609,0.0221254793130171
2025-03-04,492.4285278320313,500.5669416036149,484.6677252997208,491.0671622880661,67875400,-0.0030222818428299,0.0030222818428299,0.0030380944369749,0.0030579530873404,0.9935059009087752,-0.0372158111943454,-1.9858650365505576e-05,-0.0065152774922775,0.0860435317743692,0.0922474340803332,-1.0033754346602466,0.0121222849291309,False,False,False,False,0.0372158111943454,0.0030222818428299
2025-03-05,498.8478393554688,500.4576300932126,488.1655538058739,493.0744390798085,46323700,0.0129517891713825,0.0129517891713825,0.0030569898155466,0.0030313374067864,1.0084624062972356,0.0484956127992133,2.5652408760235435e-05,0.0084268008677871,0.0759206119647418,0.0890452770515982,-0.7579718243545335,0.0121680061190182,False,False,False,False,0.0484956127992133,0.0129517891713825
2025-03-06,485.1248779296875,495.4394696358265,483.1374757756541,490.580287138397,57574300,-0.0278947800366716,0.0278947800366716,0.0038146082165839,0.0035897397398358,1.062641999990341,0.3589832572199084,0.0002248684767481,0.0607582599361961,0.0650265174622565,0.0759415193510312,-0.0562045316255903,0.0132747084770903,False,False,False,False,0.3589832572199084,0.0278947800366716
2025-03-07,488.6922302246094,490.172835031535,477.5031471015196,484.0913896771833,54714700,0.0073265672220626,0.0073265672220626,0.0038411832820944,0.0038183975113202,1.0059673647666494,0.0341972485118838,2.278577077411423e-05,0.0059496305615284,0.0573229866858709,0.0736958850906314,-0.6970993843301215,0.0133545196255959,False,False,False,False,0.0341972485118838,0.0073265672220626
2025-03-10,469.7523193359375,480.9215096966139,465.7079486891979,480.4047960555825,76668000,-0.03952732961962,0.03952732961962,0.0052424698776874,0.0040447063832432,1.2961311356014515,1.6970422342650506,0.0011977634944442,0.2593837776889017,0.0616218622143975,0.0823423640158684,2.401703155333176,0.0153840639552475,False,False,False,False,1.6970422342650506,0.03952732961962
2025-03-11,468.6293640136719,475.79393921809975,464.0682803902365,469.374639710155,68760800,-0.0023933882731169,0.0023933882731169,0.0051034230793093,0.004153712543481,1.2286413722390883,1.3102778416122338,0.0009497105358282,0.2059089834759281,0.0684764565237964,0.0881568462814099,1.5589546671557015,0.0148969395445852,False,False,False,False,1.3102778416122338,0.0023933882731169
2025-03-12,473.9158935546875,478.0297999193566,468.8182025802525,476.1417740872487,46971100,0.0112176788008863,0.0112176788008863,0.0052235784555899,0.0041957921446287,1.2449564410088458,1.4037748009947155,0.0010277863109611,0.2191005421631173,0.0768878932237275,0.093913587171764,1.51429258770926,0.0153397255997338,False,False,False,False,1.4037748009947155,0.0112176788008863
2025-03-13,465.3899536132813,473.2799425033812,463.4919809381716,473.2501326844151,46563300,-0.0181542021211802,0.0181542021211802,0.0055528089945848,0.0045186559037148,1.22886298777913,1.3115478564333911,0.0010341530908699,0.2060893416834234,0.0840189344493344,0.097951808753231,1.2462292303516287,0.0155357033375615,False,False,False,False,1.3115478564333911,0.0181542021211802
2025-03-14,476.638671875,477.5329967973217,470.13985820885455,470.7460316472692,43563000,0.0238830384574252,0.0238830384574252,0.0059191968367614,0.0051366107366267,1.1523545661255603,0.8731001310384883,0.0007825861001346,0.1418072980133038,0.0888732225988339,0.0982891305927509,0.5385547221268634,0.0162858677950377,False,False,False,False,0.8731001310384883,0.0238830384574252
2025-03-17,479.7290344238281,482.77970385821135,474.7903391011045,476.5889355359568,41744400,0.0064627303592567,0.0064627303592567,0.0059434085171365,0.0053761350023511,1.1055169772591835,0.6046874013336327,0.0005672735147853,0.1003130782839973,0.0902244940829948,0.0982513372281383,0.1026813933084389,0.0163611462296806,False,False,False,False,0.6046874013336327,0.0064627303592567
2025-03-18,471.55084228515625,476.5888828939309,469.4342544770144,476.39016090546806,39072300,-0.0171945056945403,0.0171945056945403,0.0062339315444049,0.0055588331782233,1.1214460561303248,0.695972363795828,0.0006750983661816,0.1146189740712511,0.094964700380425,0.0970192472237182,0.2025811810877587,0.0164529833962646,False,False,False,False,0.695972363795828,0.0171945056945403
2025-03-19,477.8609008789063,482.27290553437547,471.8788012950444,473.80658371122826,40430300,0.0132927606029747,0.0132927606029747,0.0064105517171012,0.0059347986802176,1.080163298288347,0.4593927705609525,0.0004757530368835,0.0771122318250798,0.0956467984677431,0.0968432220071738,-0.1913873398521406,0.0169540933194026,False,False,False,False,0.4593927705609525,0.0132927606029747
2025-03-20,476.2411193847656,481.4977754919485,473.1805035255189,473.8761063095329,36780500,-0.0033954084907411,0.0033954084907411,0.0064039869100666,0.0058619166549351,1.092473210903666,0.5299373337521203,0.0005420702551315,0.0884441267749895,0.0993239656020728,0.0950877808799066,-0.1144188951136022,0.0169589171090938,False,False,False,False,0.5299373337521203,0.0033954084907411
2025-03-21,477.8111572265625,478.5762960346407,469.9311160359985,471.0937291557362,42234900,0.0032913065617021,0.0032913065617021,0.005974946808308,0.0054686038513528,1.0925909008438972,0.5306117808976886,0.0005063429569551,0.0885518489600844,0.0961963031258883,0.0943591089340188,-0.0810144802358122,0.0166893352813638,False,False,False,False,0.5306117808976886,0.0032913065617021
2025-03-24,488.2964477539063,489.1423592971704,482.0665930507614,485.39050030859886,34567200,0.0217071104528689,0.0217071104528689,0.0063051406887675,0.0053377872605175,1.18122742271977,1.038562155032468,0.00096735342825,0.1665540866016945,0.0979164393338242,0.095307686681111,0.7201690614685069,0.0175306126346013,False,False,False,False,1.038562155032468,0.0217071104528689
2025-03-25,491.08294677734375,491.2421796862816,488.05761261924056,489.022941249908,26035200,0.0056903515796221,0.0056903515796221,0.0061767555583979,0.0054914384395732,1.1247973780213971,0.7151778241680231,0.0006853171188246,0.1176029110094884,0.1019157877203616,0.0943670001648632,0.1662352651003076,0.0174709466226118,False,False,False,False,0.7151778241680231,0.0056903515796221
2025-03-26,482.0466918945313,490.7843964317407,480.4942090197157,489.9285233558148,34627100,-0.0185720673907518,0.0185720673907518,0.0065158549147621,0.0055538116570602,1.1732221611222424,0.992686306821666,0.0009620432577018,0.1597539474093784,0.114357080797142,0.0842246547613669,0.5389973605811625,0.0178074222460269,False,False,False,False,0.992686306821666,0.0185720673907518
2025-03-27,479.2999877929688,484.2360865180512,477.9365920668743,480.0861907948712,33469800,-0.0057142998122445,0.0057142998122445,0.0057552825627693,0.0049996497454102,1.1511371507679606,0.8661234743141158,0.000755632817359,0.1407502805627772,0.1084515463434016,0.0777796791435914,0.4152592884800657,0.0168651433745737,False,False,False,False,0.8661234743141158,0.0057142998122445
2025-03-28,466.68109130859375,478.2052964153207,465.7953639122296,477.49872503017417,46363800,-0.0266805442926042,0.0266805442926042,0.0062216481887405,0.0046785440982309,1.3298257017804254,1.8901360869422463,0.0015431040905096,0.2850478823527781,0.1217256597582181,0.0838913240293738,1.946830908728702,0.0171912398388468,False,False,False,False,1.8901360869422463,0.0266805442926042
2025-03-31,466.6611633300781,467.5966072840796,455.1269671761036,459.6948832614754,53000300,-4.270240293874183e-05,4.270240293874183e-05,0.005732113177405,0.0045698613435158,1.2543297808232878,1.4574907113765092,0.0011622518338892,0.2266013907494013,0.1333130057749414,0.0815390622521986,1.1440944057698488,0.0166897901165965,False,False,False,False,1.4574907113765092,4.270240293874183e-05
2025-04-01,470.4229736328125,471.3484864500327,462.1828603541039,465.0489616231821,41156200,0.0080287998953992,0.0080287998953992,0.0057874406176279,0.0045057048822203,1.2844695267249713,1.630212913050067,0.0012817357354076,0.2503458134444022,0.1461560603217754,0.0786823429134639,1.3241821387705277,0.0168566574069787,False,False,False,False,1.630212913050067,0.0080287998953992
2025-04-02,473.8563232421875,477.24990051464846,463.6158828815237,463.8746401494549,49894500,0.0072719263264849,0.0072719263264849,0.0056725726873857,0.0040048647925449,1.4164205238452348,2.3863860675941573,0.0016677078948408,0.3481329312983534,0.1631413668433037,0.0836281999310573,2.2120715812077223,0.0166440534778067,True,False,True,False,2.3863860675941573,0.0072719263264849
2025-04-03,448.4891052246094,457.8537794541511,447.9716210778618,454.2412608622545,70456300,-0.0550197706035899,0.0550197706035899,0.0079216290913631,0.004328493045094,1.8301124684355408,4.757135433475916,0.0035931360462691,0.6043774231263518,0.1903223250028115,0.1243592343835118,3.329508260292392,0.0195106948518007,True,False,True,False,4.757135433475916,0.0550197706035899
2025-04-04,420.6339721679688,438.2486913787224,420.6339721679688,436.0294529358994,117088400,-0.0641213588856022,0.0641213588856022,0.0119794991694399,0.0096829951557886,1.2371687661413742,1.3591458796555875,0.0022965040136512,0.2128255159082381,0.200666119270147,0.1169781186969495,0.1039459069229178,0.0232969429387292,False,False,False,False,1.3591458796555875,0.0641213588856022
2025-04-07,421.6490783691406,441.0053994390423,400.4516930864392,406.6914794249544,161557000,0.0024103695117574,0.0024103695117574,0.010422899263765,0.0097821238482214,1.065504733479746,0.3753887582054713,0.0006407754155436,0.0634486150429091,0.1908693611378474,0.1198204814995473,-1.0634304294247028,0.0221803423299525,False,False,False,False,0.3753887582054713,0.0024103695117574
2025-04-08,414.0557861328125,441.0053554988176,407.8160004160076,436.0493338288811,101248100,-0.0181726863854932,0.0181726863854932,0.0107474174868046,0.009810157814413,1.095539714051754,0.5475105799534776,0.0009372596723916,0.0912471313832926,0.1851362685332156,0.1216922321145846,-0.7715294190800737,0.0223393749217664,False,False,False,False,0.5475105799534776,0.0181726863854932
2025-04-09,463.7552490234375,465.57642043659325,413.42884056901664,413.5681807581863,142876900,0.1133562186459695,0.1133562186459695,0.0234712134748376,0.0128795583272814,1.822361674089478,4.71271786378114,0.0105916551475562,0.6001332830295178,0.2041879055765356,0.1516558010459257,2.61081590497866,0.0342401282650264,True,True,True,True,4.71271786378114,0.1133562186459695
2025-04-10,444.0306701660156,453.39534429067385,430.54595489590434,451.3751243498341,108384100,-0.0434632955095036,0.0434632955095036,0.0250306964767274,0.0203090236913232,1.232491372168791,1.3323410821740638,0.0047216727854042,0.2090376266414766,0.2043353198244383,0.151659010535734,0.0310057859432646,0.0352989595691755,False,False,False,False,1.3323410821740638,0.0434632955095036
2025-04-11,452.2111206054688,453.5944394661005,439.2040723268698,442.5080869674275,52483800,0.0182555147724053,0.0182555147724053,0.024793560770374,0.0213657483077408,1.1604349360135138,0.9194064032259408,0.0034278124626332,0.1487948796832585,0.204684698907936,0.151522548684699,-0.3688547989050647,0.0351106625747919,False,False,False,False,0.9194064032259408,0.0182555147724053
2025-04-14,455.2762756347656,462.8097869672901,450.4496325846052,462.2226327115798,43941200,0.0067552821079809,0.0067552821079809,0.024797427723036,0.0213859168338068,1.1595213764151664,0.9141710563288138,0.0034115108892291,0.1480073134341238,0.2070694106654424,0.1502309570340434,-0.3931419888241452,0.0351145086137916,False,False,False,False,0.9141710563288138,0.0067552821079809
2025-04-15,455.7837829589844,460.152650240748,453.9526501626425,456.3311517478732,35404200,0.0011141030098419,0.0011141030098419,0.024503017922473,0.0210204398711143,1.1656757933093644,0.9494402467012336,0.0034825780513586,0.1533009989301172,0.2090035119083856,0.1492742363820722,-0.3731555714389722,0.0349608276446018,False,False,False,False,0.9494402467012336,0.0011141030098419
2025-04-16,442.0403442382813,450.4396905530406,435.6512868687369,446.86698749756175,48980600,-0.0306173824177917,0.0306173824177917,0.0252637445441423,0.0210022129551929,1.2029086933858386,1.162811271688575,0.0042615315889493,0.1847425350146685,0.2143850270678651,0.1463335272722225,-0.2025680143556778,0.0353271706002256,False,False,False,False,1.162811271688575,0.0306173824177917
2025-04-17,441.9607543945313,445.5931660897692,439.23393245815055,445.0159733415272,44837000,-0.0001800672964958,0.0001800672964958,0.0252522481695545,0.0209928507759997,1.202897521589796,1.1627472493436155,0.0042593973935547,0.1847332476531404,0.2191994831117726,0.1436705540454464,-0.2398976998984061,0.0353363975412121,False,False,False,False,1.1627472493436155,0.0001800672964958
2025-04-21,431.0236206054688,436.9648633110088,425.8685808388082,436.1189822025886,44149300,-0.0250581943818725,0.0250581943818725,0.0258693285763511,0.0208821797524123,1.238823191978446,1.368626917552085,0.0049871488239387,0.2141618902675051,0.2254799851771437,0.1405333129373387,-0.0805367401726668,0.0355937745250729,False,False,False,False,1.368626917552085,0.0250581943818725
2025-04-22,442.33892822265625,445.42397106891866,435.5119573980011,436.7061890853483,52304400,0.0259135013747691,0.0259135013747691,0.0260696394856382,0.021751614633545,1.1985151412821564,1.1376330901939162,0.0043180248520932,0.1810834083395388,0.2262064512640359,0.1402641223469752,-0.3217005330334936,0.0357638853546114,False,False,False,False,1.1376330901939162,0.0259135013747691
2025-04-23,452.3703308105469,461.14785116525866,450.6984308488603,455.9629568263105,55801100,0.0224247661628255,0.0224247661628255,0.0265401295219959,0.0225377115793716,1.17758759262354,1.0177033372445106,0.0040024179426242,0.1634679327816871,0.2284997023526458,0.1388374396713248,-0.4684022532028168,0.0361960021397174,False,False,False,False,1.0177033372445106,0.0224247661628255
2025-04-24,465.0987243652344,465.4072286279397,453.6341981671536,454.2810913346692,45956100,0.0277485331868784,0.0277485331868784,0.0269651889288526,0.0233911136607952,1.1527962849433613,0.8756314943412865,0.0035740752680574,0.1421905430603709,0.2276215321351954,0.1393241833972441,-0.6131813371641436,0.0366750174625854,False,False,False,False,0.8756314943412865,0.0277485331868784
2025-04-25,470.28363037109375,470.81107609503925,463.1481859616907,464.7205615859109,38697100,0.0110862880491042,0.0110862880491042,0.0270554414892161,0.0236476786083892,1.144105598577358,0.8258276742265784,0.0034077628808269,0.1346231951463676,0.227315177864375,0.1395214608689865,-0.664356451980151,0.0367677910381757,False,False,False,False,0.8258276742265784,0.0110862880491042
2025-04-28,470.1343688964844,472.5228018406058,463.7850969803822,470.751377450237,33550800,-0.0003174364505549,0.0003174364505549,0.0263436908113666,0.0236516136492482,1.113822135015468,0.6522818680418463,0.0026920771621184,0.1077974653962016,0.2184526570165461,0.1411922968456209,-0.7837197502448345,0.036291165034246,False,False,False,False,0.6522818680418463,0.0003174364505549
2025-04-29,473.23931884765625,474.1250461983433,467.3279300466541,467.9051531308386,30613100,0.0065826749322672,0.0065826749322672,0.0263870205971353,0.0236545018177532,1.1155179170728202,0.6619999065236515,0.002732518779382,0.1093187966824093,0.2125885273131965,0.1431539959339707,-0.7213890884220931,0.0363161284393226,False,False,False,False,0.6619999065236515,0.0065826749322672
2025-04-30,473.1795959472656,474.9012732295199,460.2024029412006,464.87977453427817,46810600,-0.0001262081717435,0.0001262081717435,0.0263225748978776,0.0235593379266436,1.1172883966365208,0.6721460148968917,0.002763236971234,0.1109046753355594,0.2056164704077544,0.144534274928895,-0.6552895160596981,0.0362773124660253,False,False,False,False,0.6721460148968917,0.0001262081717435
2025-05-01,479.3596801757813,484.8331859909613,478.4242058431775,481.0813574837799,43316500,0.0129762018239127,0.0129762018239127,0.0264380757991546,0.0229004930103227,1.154476272071406,0.8852590166331363,0.0035375827888319,0.1436467970428746,0.1953921636949804,0.1412872433062269,-0.3662423120532727,0.0363534104844077,False,False,False,False,0.8852590166331363,0.0129762018239127
2025-05-02,486.4752197265625,488.54521706431206,482.49448832227375,484.1962728644179,39218100,0.0147347508164033,0.0147347508164033,0.0236280135235045,0.01738329188835,1.3592370004060934,2.0586837671142995,0.0062447216351544,0.3069235131990743,0.1805194681986166,0.1095417866580982,1.1539344834222025,0.034130277042154,True,False,True,False,2.0586837671142995,0.0147347508164033
2025-05-05,483.5892333984375,486.67430655244186,481.7680620014255,482.2656534659239,28309500,-0.0059501094662259,0.0059501094662259,0.0195518686608284,0.0172727032167471,1.1319518673759987,0.7561781417290216,0.0022791654440812,0.1239434588911241,0.1760753653477609,0.1099432179792214,-0.4741711895906975,0.0304788740152225,False,False,False,False,0.7561781417290216,0.0059501094662259
2025-05-06,479.0910339355469,482.7134841287223,475.886543579374,477.2499393796006,32786300,-0.0093452257251783,0.0093452257251783,0.0196333920234997,0.0172922178426103,1.1353888900890696,0.7758747288250155,0.0023411741808894,0.1269752266873,0.1792516959299804,0.1075347573590571,-0.4861355577167477,0.0306739364064493,False,False,False,False,0.7758747288250155,0.0093452257251783
2025-05-07,480.9718627929688,483.4598199362607,474.4832814966688,479.75773849221946,38006300,0.0039181417592773,0.0039181417592773,0.01931849732788,0.0139466348118013,1.3851726662788275,2.207313597173955,0.0053718625160786,0.3258248006621709,0.1909805793939243,0.110059533505506,1.225193465512014,0.0301632016101113,True,False,True,False,2.207313597173955,0.0039181417592773
2025-05-08,485.9378662109375,490.32662643958486,481.8377175267332,486.1767003880921,39577600,0.0102719973419216,0.0102719973419216,0.0065743789515596,0.0058668095597188,1.1206054815037718,0.6911552727479223,0.0007075693918408,0.1138691477163907,0.166667372628268,0.0587280239099887,-0.8990294819522634,0.0179794648271493,False,False,False,False,0.6911552727479223,0.0102719973419216
2025-05-09,485.6194152832031,489.17222563016486,483.8579524315384,487.8486153265174,27767400,-0.0006555474292755,0.0006555474292755,0.0046857506374452,0.0045660065803659,1.0262251170627197,0.1502885914498285,0.0001197440570792,0.0258871350230423,0.1575098480473463,0.0653170144730607,-2.015136700385934,0.0146372050111721,False,False,False,False,0.1502885914498285,0.0006555474292755
2025-05-12,505.4036254882813,505.4434413067533,499.0643154796623,504.5477524292731,45090600,0.0399321474356398,0.0399321474356398,0.0059470632166614,0.0044053823453811,1.3499539314440292,2.0054851729839607,0.0015416808712802,0.3000704670117972,0.1650736274137732,0.0722598131167459,1.8682146240804336,0.0163228365243419,True,False,True,False,2.0054851729839607,0.0399321474356398
2025-05-13,513.1063842773438,514.8977013705513,505.97090943590337,506.707335072133,53269600,0.0151258319990389,0.0151258319990389,0.0061302201739661,0.0053916454662773,1.136985028468264,0.7850217380907684,0.0007385747076887,0.1283800471076196,0.164092264097448,0.0726173223538986,-0.491786475075269,0.0164548869693054,False,False,False,False,0.7850217380907684,0.0151258319990389
2025-05-14,516.1814575195312,516.7287959644325,513.2655789214306,514.2806849131285,47014500,0.0059751650924437,0.0059751650924437,0.0061646815463315,0.0054846836094467,1.1239812513001903,0.7105008370231652,0.0006799979368848,0.1168770709944719,0.1622710677006657,0.0733184826788332,-0.619134426240641,0.0164170917016258,False,False,False,False,0.7105008370231652,0.0059751650924437
2025-05-15,516.7487182617188,519.4158011315517,512.6883550423395,514.0318883953613,50153300,0.0010983526525131,0.0010983526525131,0.0052284638187635,0.0054864191726366,0.9529829300758468,-0.2694412839454562,-0.000257955353873,-0.0481582872660581,0.1506260265866294,0.0861903141263688,-2.306341679660638,0.0141584529786133,False,False,False,False,0.2694412839454562,0.0010983526525131
2025-05-16,518.9978637695312,519.1869509574169,514.6090729974479,518.1519218274547,48394600,0.0043430489313248,0.0043430489313248,0.0052472934685521,0.0054868458306753,0.9563406063308916,-0.2501994085437803,-0.0002395523621231,-0.0446411466114725,0.1391573068733987,0.0956323012236785,-1.9219285861894848,0.014064870350085,False,False,False,False,0.2501994085437803,0.0043430489313248
2025-05-19,519.4954223632812,520.0129368955124,511.76283198638407,511.76283198638407,52536200,0.0009582317737936,0.0009582317737936,0.0046202985710047,0.0044200537134618,1.045303715865036,0.2596225453833463,0.0002002448575428,0.0443074803813894,0.130664586379093,0.0961350656041489,-0.8982893542018513,0.0119948852414749,False,False,False,False,0.2596225453833463,0.0009582317737936
2025-05-20,517.7638549804688,518.4206490040874,514.171198352801,516.96766002425,42517600,-0.003338738980969,0.003338738980969,0.0039599361954876,0.0034645053657714,1.1430018941840852,0.8195026622830561,0.0004954308297162,0.1336580420152244,0.1282933180628772,0.0954446074103972,0.0562077219227241,0.011663025758718,False,False,False,False,0.8195026622830561,0.003338738980969
2025-05-21,510.568603515625,520.4806468794133,508.77728647765286,513.7830855259509,71292800,-0.0139942463760149,0.0139942463760149,0.0036529049896628,0.0025128818442099,1.4536716073935714,2.5998612968207917,0.0011400231454528,0.3740924989899343,0.1388245463732896,0.1093515683709593,2.151482197480079,0.0120842176775328,True,False,True,False,2.5998612968207917,0.0139942463760149
2025-05-22,511.5240173339844,515.2161678084017,509.8321942334835,511.1856284174264,55607200,0.0018695254757626,0.0018695254757626,0.002886419021144,0.0020474869174209,1.4097374672263587,2.34808739524016,0.0008389321037231,0.3434034935974401,0.148885193900143,0.1181042321943258,1.6470053281176364,0.0110313007846778,True,False,True,False,2.34808739524016,0.0018695254757626
2025-05-23,506.7869262695313,509.37440786318274,503.14455323986806,503.74166904926017,58368100,-0.0093038875115577,0.0093038875115577,0.002850075561264,0.0020704282535884,1.376563305839908,2.1579758325205263,0.0007796473076756,0.3195900349824508,0.1581335358919472,0.1237332402414081,1.3048757049883766,0.0113372450963646,True,False,True,False,2.1579758325205263,0.0093038875115577
2025-05-27,518.709228515625,519.1969191841325,512.1112214329714,513.6637044067394,47226300,0.0232528213361469,0.0232528213361469,0.0033906684954547,0.002424687556719,1.3983939852616445,2.2830811677165115,0.0009659809387356,0.3353244247525929,0.1695098838597668,0.1289326878749789,1.2860551007329506,0.0120566971534516,True,False,True,False,2.2830811677165115,0.0232528213361469
2025-05-28,516.4102783203125,521.1573196978349,515.8928245699911,519.6645455027536,46637200,-0.0044419102530573,0.0044419102530573,0.003367067452887,0.0025940957218341,1.2979734805261112,1.707600182320331,0.0007729717310528,0.2608041870455326,0.177084153377923,0.1296219602724098,0.6458784722254318,0.0122188378388561,False,False,False,False,1.707600182320331,0.0044419102530573
2025-05-29,517.4254150390625,523.943850597734,514.8280023627366,523.7946096140164,58513300,0.0019638266535384,0.0019638266535384,0.0033709081395095,0.0026058112814305,1.293611768254763,1.6826044657329609,0.000765096858079,0.2574381265297038,0.1844108259376302,0.129815347083582,0.5625475125452982,0.0121888805092506,False,False,False,False,1.6826044657329609,0.0019638266535384
2025-05-30,516.609375,518.1718194248762,509.46396914496165,516.937802360934,67662800,-0.0015783612240807,0.0015783612240807,0.0032050175498883,0.0022947911738619,1.3966488918007045,2.2730805397854428,0.0009102263760263,0.3340757185506117,0.193932272013017,0.1334101199479279,1.0504708832605418,0.012093381650267,True,False,True,False,2.2730805397854428,0.0015783612240807
2025-06-02,520.689697265625,520.9285314569356,513.4845216279213,514.7484234216115,44762800,0.0078672456578251,0.0078672456578251,0.0030497982225073,0.0021703576082094,1.4052053960929722,2.322115401088213,0.0008794406142979,0.3401834814910973,0.1955952704276182,0.1350059788499951,1.0709763544926465,0.0118718441493316,True,False,True,False,2.322115401088213,0.0078672456578251
2025-06-03,524.7598876953125,526.192953382638,520.172109482974,521.0379136751978,44070300,0.0077865275434772,0.0077865275434772,0.0030750244310326,0.0021797053492828,1.4107523441388083,2.3539033624788277,0.0008953190817498,0.3441231394916815,0.206604254457646,0.1376653329109563,0.9989362036627216,0.0117073470943312,True,False,True,False,2.3539033624788277,0.0077865275434772
2025-06-04,526.2228393554688,527.2876922621837,523.4362788655679,525.4664906934179,41359300,0.0027839707873116,0.0027839707873116,0.0029954416805227,0.0021550050665569,1.38999287148246,2.234936804682258,0.0008404366139657,0.3292986186995649,0.2167204240582593,0.1388706709343263,0.810669336324768,0.0113030955141465,True,False,True,False,2.234936804682258,0.0027839707873116
2025-06-05,522.261962890625,530.4821825867151,520.1422186545674,527.6260127928042,61031200,-0.0075554653697962,0.0075554653697962,0.0030371749026311,0.0021232370388111,1.4304455164986052,2.466759260435518,0.00091393786382,0.3579859457492172,0.2183284813126116,0.1403035513764395,0.9953950777902948,0.0116146717817216,True,False,True,False,2.466759260435518,0.0075554653697962
2025-06-06,527.3672485351562,529.2381970448477,525.6655248338539,527.446880166096,42467000,0.009727865514616,0.009727865514616,0.0030262923407091,0.0022336305701739,1.3548759499980767,2.033691843475025,0.0007926617705352,0.3037099003238064,0.2278205189429824,0.1393337700175903,0.5446589249055934,0.0116008537291831,True,False,True,False,2.033691843475025,0.009727865514616
2025-06-09,528.1436157226562,529.7856311828058,526.4617540692666,527.5863156876297,33688700,0.0014710740624249,0.0014710740624249,0.0030280266571742,0.0022140088340001,1.367666926469916,2.106993245052115,0.000814017823174,0.313106314752864,0.2421814779294734,0.1324103134033803,0.5356443542832052,0.0115665575760133,True,False,True,False,2.106993245052115,0.0014710740624249
2025-06-10,531.6366577148438,532.3233363181573,526.342277608641,528.6112629449328,40664800,0.006592035592448,0.006592035592448,0.0014769051916046,0.001231335879635,1.1994332464691897,1.1428944865503934,0.0002455693119696,0.1818491506187175,0.2362704121098195,0.1323328875584035,-0.4112451749160526,0.0082124066192344,False,False,False,False,1.1428944865503934,0.006592035592448
2025-06-11,529.8452758789062,534.1942808270467,527.5563674659288,533.039834702878,53701000,-0.0033752501665997,0.0033752501665997,0.0012595067116286,0.001118685685131,1.125880779891357,0.7213864881988062,0.0001408210264975,0.11856564479693,0.235779691994285,0.1327496003485771,-0.8829709987041124,0.0077716804274754,False,False,False,False,0.7213864881988062,0.0033752501665997
2025-06-12,531.0892333984375,532.0645538594068,528.282871317245,528.5316670205602,34104900,0.0023450233331291,0.0023450233331291,0.0012293032481796,0.0011209215102714,1.0966898546553143,0.5541017044416917,0.0001083817379081,0.0922964199482351,0.2345506594419732,0.1339530763943594,-1.061970679008072,0.0077096413445222,False,False,False,False,0.5541017044416917,0.0023450233331291
2025-06-13,524.4215698242188,529.3078908293887,523.1974536303323,525.1380723113464,55814400,-0.0126341715232772,0.0126341715232772,0.0013877191597099,0.0011620221860297,1.194227766383114,1.1130633796735234,0.0002256969736801,0.1774997558930397,0.2458335615999281,0.1182482373938671,-0.5778843491702857,0.0082971591827778,False,False,False,False,1.1130633796735234,0.0126341715232772
2025-06-16,531.7162475585938,532.7910620936354,527.8947792535579,527.9445262501218,37622100,0.0138140943673645,0.0138140943673645,0.0015596862888804,0.0014437205157155,1.0803242538306836,0.4603151604090504,0.0001159657731649,0.0772612311030221,0.2519286804856528,0.1055819534648712,-1.6543305333022214,0.008747512714457,False,False,False,False,0.4603151604090504,0.0138140943673645
2025-06-17,526.5313720703125,530.7608992855103,525.366964373918,529.1487078886557,42180900,-0.0097990619215869,0.0097990619215869,0.0016547896952912,0.0016622528097524,0.9955102410310914,-0.0257295153258136,-7.463114461179554e-06,-0.0044998682067505,0.2494883130562458,0.1107882908833582,-2.292554377704083,0.0090712200020304,False,False,False,False,0.0257295153258136,0.0097990619215869
2025-06-18,526.4417724609375,529.9846210200801,524.8594657253662,527.5464108599048,43983500,-0.0001701840356643,0.0001701840356643,0.0016436714799142,0.0015877549136406,1.035217378824157,0.2018206532836228,5.59165662735988e-05,0.0346114325139984,0.2445359825811845,0.1178443504154014,-1.78137135405475,0.0090273412847793,False,False,False,False,0.2018206532836228,0.0001701840356643
2025-06-20,524.292236328125,530.989797962704,522.3516174800588,529.6960723110417,61643500,-0.0040915000628153,0.0040915000628153,0.0014645729210456,0.0015456471682496,0.9475467306708836,-0.3005945767776054,-8.107424720398362e-05,-0.0538790232724749,0.223137406468064,0.1305477809228957,-2.12195433566313,0.0084539819414938,False,False,False,False,0.3005945767776054,0.0040915000628153
2025-06-23,529.6832275390625,530.2012624901581,521.7128229011945,524.8611059770333,50666100,0.0102299121945525,0.0102299121945525,0.0015657288990493,0.0015860940685847,0.9871601754657748,-0.0735813357513969,-2.0365169535404e-05,-0.0129229675424456,0.2053210834110697,0.137070529873674,-1.5922025774223825,0.0086743360432899,False,False,False,False,0.0735813357513969,0.0102299121945525
2025-06-24,537.7831420898438,538.6997215726698,534.2861174166954,534.9038188952696,45442000,0.015176253311772,0.015176253311772,0.0017094852408047,0.0014850837706797,1.1511035771553135,0.8659310736112877,0.000224401470125,0.1407211145314041,0.1963776373885174,0.1351448595670327,-0.4118286336263292,0.0087557883386456,False,False,False,False,0.8659310736112877,0.015176253311772
2025-06-25,539.157958984375,541.3000294115662,537.3845756916884,540.0546537700266,44804200,0.0025531900305483,0.0025531900305483,0.001175310320046,0.0013783703385145,0.8526810880975755,-0.8442422472618959,-0.0002030600184685,-0.1593696723266038,0.1716429325345576,0.1517063755275893,-2.1819294259057918,0.0074180885884153,False,False,False,False,0.8442422472618959,0.0025531900305483
2025-06-26,544.1992797851562,544.6476272131085,539.5167156535897,541.339901952907,43811400,0.0093069155947731,0.0093069155947731,0.001242198431238,0.0014032371726362,0.8852376885828396,-0.6576697481716774,-0.0001610387413982,-0.1218990953640526,0.1525077684140783,0.1629709468329958,-1.6837778089325874,0.0074324873835749,False,False,False,False,0.6576697481716774,0.0093069155947731
2025-06-27,546.0623779296875,547.9553124291843,542.5254624415982,545.2354314727291,57577100,0.0034177116013935,0.0034177116013935,0.0012500225687032,0.0014507061838548,0.8616648792256346,-0.7927587281879318,-0.0002006836151516,-0.1488888551095191,0.1321914193321172,0.1736037231815051,-1.619091280362478,0.0074328172271396,False,False,False,False,0.7927587281879318,0.0034177116013935
2025-06-30,549.5992431640625,550.7549250315776,546.9789678853869,549.2206440950201,45548700,0.0064561493284706,0.0064561493284706,0.001289213208701,0.0014666586969187,0.8790137824222676,-0.6933371615125302,-0.0001774454882176,-0.1289547017586018,0.1090398983166565,0.175995059850101,-1.3522800030748805,0.0074081652572562,False,False,False,False,0.6933371615125302,0.0064561493284706
2025-07-01,544.9664306640625,548.6727003482655,542.6450333450836,547.6962844543337,56166700,-0.0084651661859719,0.0084651661859719,0.0012989786930165,0.0014557356305581,0.8923177160392216,-0.6170961502997974,-0.0001567569375415,-0.1139330259200818,0.0863340729460975,0.1739919108202461,-1.1510138484143593,0.0077302904032252,False,False,False,False,0.6170961502997974,0.0084651661859719
2025-07-02,548.7623291015625,548.9616013728256,544.099649838931,544.1394799694398,36538300,0.0069412340936605,0.0069412340936605,0.0012865294125742,0.0015170483333055,0.8480477413471919,-0.870794622801286,-0.0002305189207312,-0.1648183460164686,0.06088699867069,0.1716296832652138,-1.3150717311432865,0.0077023203766692,False,False,False,False,0.870794622801286,0.0069412340936605
2025-07-03,554.1622314453125,555.1386472795501,551.1334998356798,551.1334998356798,26443500,0.0097920486748811,0.0097920486748811,0.0013746631364808,0.0015946534551198,0.8620450619332646,-0.7905800106063614,-0.0002199903186389,-0.1484477336601188,0.0369996810527058,0.1657557113779476,-1.1187995464601337,0.0078767045151616,False,False,False,False,0.7905800106063614,0.0097920486748811
2025-07-07,549.9878540039062,552.2893059767699,547.5469053516296,551.4723321808171,45349300,-0.0075612860695088,0.0075612860695088,0.0013747511265516,0.0015955495203812,0.8616160821026315,-0.7930383704433086,-0.0002207983938296,-0.1489454879211281,0.0116531093691885,0.1530022167987976,-1.0496488263402657,0.0078770793471191,False,False,False,False,0.7930383704433086,0.0075612860695088
2025-07-08,550.2966918945312,551.9604968449189,549.0612280892235,551.3328226115977,36153300,0.0005613782359973,0.0005613782359973,0.001280434904605,0.0015789062401548,0.8109632301405479,-1.0833152739206944,-0.0002984713355498,-0.209532564808808,-0.0140090138874421,0.1446804424974261,-1.351416594712476,0.0077131884466034,False,False,False,False,1.0833152739206944,0.0005613782359973
2025-07-09,554.1921997070312,555.5670993773455,551.0538285444961,552.4287282148103,43045500,0.007053984870394,0.007053984870394,0.0013280295482596,0.0015694195910146,0.8461915193763055,-0.8814320962110538,-0.000241390042755,-0.1670095627550108,-0.0380148077628358,0.1271864331907269,-1.0142178828046566,0.0077850517894447,False,False,False,False,0.8814320962110538,0.007053984870394
2025-07-10,553.3951416015625,555.2382732584896,550.7051180084419,554.8298167972696,34710900,-0.0014392693259186,0.0014392693259186,0.0012866461112,0.001549417260437,0.8304064657425757,-0.9718916915257156,-0.0002627711492369,-0.185839980301963,-0.0563992643088699,0.1204740910625065,-1.0744278280210011,0.0077659431447398,False,False,False,False,0.9718916915257156,0.0014392693259186
2025-07-11,552.1497802734375,553.733864104168,550.0077097543851,551.2530854493318,39618600,-0.0022529375880492,0.0022529375880492,0.0012803295252886,0.0015416914947521,0.8304706419194889,-0.9715239163424872,-0.0002613619694635,-0.1857627004398359,-0.0716156815707082,0.1165700485652778,-0.979213959966798,0.0077308346005838,False,False,False,False,0.9715239163424872,0.0022529375880492
2025-07-14,554.1524047851562,554.8896575344722,549.5893307950605,551.9405857278426,36453300,0.0036203972588645,0.0036203972588645,0.0012879376671676,0.0015061900130355,0.8550964061778749,-0.830400755102934,-0.0002182523458678,-0.1565410606382338,-0.0840575556000316,0.1115841975479503,-0.649585753458094,0.0077381650533512,False,False,False,False,0.830400755102934,0.0036203972588645
2025-07-15,554.660400390625,558.7253235687808,554.6006247913591,558.177370440617,43277700,0.0009162874718609,0.0009162874718609,0.0011291549598191,0.0012230956210344,0.9231943442526652,-0.4401510883646862,-9.394066121524232e-05,-0.0799155094898477,-0.096928318869176,0.0941574376393836,0.1806847106915349,0.0069714343164619,False,False,False,False,0.4401510883646862,0.0009162874718609
2025-07-16,555.228271484375,558.1375126628243,549.5194892045199,555.2183595594536,52314700,0.0010232938810764,0.0010232938810764,0.0009393728869957,0.0010008237496881,0.9385997157726362,-0.3518673418723209,-6.145086269234671e-05,-0.0633661784424108,-0.1039596893464476,0.0857636507475704,0.473318364484231,0.0065029264513967,False,False,False,False,0.3518673418723209,0.0010232938810764
2025-07-17,559.7216186523438,560.229741645841,555.1486333295833,555.9556343165032,40423800,0.0080602214222595,0.0080602214222595,0.0009083184418285,0.0010117041289788,0.8978103536508413,-0.5856194263629524,-0.0001033856871503,-0.1077964204543751,-0.1091245169588289,0.0826731611196059,0.0160644214696518,0.006006175750003,False,False,False,False,0.5856194263629524,0.0080602214222595
2025-07-18,559.1836547851562,562.6407884950407,557.9083608963978,561.0367592084838,50484700,-0.0009615897277655,0.0009615897277655,0.000909214134027,0.001023368231092,0.8884525690785423,-0.6392461941328843,-0.0001141540970649,-0.118274015954126,-0.1167687893822351,0.0758129354178794,-0.0198544821354582,0.0060298634884794,False,False,False,False,0.6392461941328843,0.0009615897277655
2025-07-21,562.0828857421875,563.9659084478778,559.9807060956166,560.0106243017523,39595200,0.0051713616939612,0.0051713616939612,0.0009192167430328,0.0009623833730817,0.955146118214068,-0.2570446758557101,-4.31666300489571e-05,-0.0458909468397116,-0.1163693855605969,0.076163435763954,0.9253579229187128,0.0058181101368586,False,False,False,False,0.2570446758557101,0.0051713616939612
2025-07-22,559.1737060546875,562.2622135594852,556.5434579032301,562.212410691865,43270600,-0.0051891533781175,0.0051891533781175,0.0008414929523062,0.0007500501531732,1.1219155795730065,0.6986630673943878,9.144279913294098e-05,0.1150375632474809,-0.1099713590211006,0.0888950782190091,2.531174129958368,0.0058936990835527,False,False,False,False,0.6986630673943878,0.0051891533781175
2025-07-23,561.7242431640625,561.7640732969975,557.5099110527195,560.2597104593184,40215300,0.0045508897809656,0.0045508897809656,0.0006318848855216,0.0007250288664315,0.8715306586779569,-0.7362207880941609,-9.31439809099306e-05,-0.1375042354349179,-0.1238826265194167,0.0678555724870207,-0.2007441454879296,0.0051818437952777,False,False,False,False,0.7362207880941609,0.0045508897809656
2025-07-24,562.9197387695312,564.1451688896942,561.2060703387892,563.0392899612859,42275500,0.0021259991161006,0.0021259991161006,0.0006298859784312,0.0007017362114775,0.8976107661665819,-0.5867632047418486,-7.185023304635233e-05,-0.1080187498932778,-0.1213150803977504,0.067434435064949,0.1971741958194847,0.0051811327379851,False,False,False,False,0.5867632047418486,0.0021259991161006
2025-07-25,564.2747192382812,565.5998159531918,562.1825124752501,562.8400440606903,30630800,0.0024041656907985,0.0024041656907985,0.0005490473132117,0.0006575933636185,0.8349343889215957,-0.9459434681053784,-0.0001085460504068,-0.1804021333603499,-0.1242402322975653,0.0686541583344232,-0.8180407775041505,0.0049164630105061,False,False,False,False,0.9459434681053784,0.0024041656907985
2025-07-28,566.0382080078125,566.9348420155121,564.7728868526946,565.6396634648174,31498700,0.0031203574831218,0.0031203574831218,0.0005471031914439,0.0006335132211827,0.8636018525746881,-0.7816584918912203,-8.641002973876547e-05,-0.1466434351669814,-0.1241279613004384,0.0686155834810531,-0.3281393631631831,0.0049120302048143,False,False,False,False,0.7816584918912203,0.0031203574831218
2025-07-29,565.1614990234375,569.9935327032099,564.434219030358,568.6485511909246,45463300,-0.0015500519571598,0.0015500519571598,0.0005078239883623,0.000551144529663,0.9213989453416466,-0.4504400023391112,-4.3320541300697095e-05,-0.0818621711069289,-0.1217733347678547,0.0692149478812126,0.576626362984796,0.0048417022947273,False,False,False,False,0.4504400023391112,0.0015500519571598
2025-07-30,565.9186401367188,568.508997161805,562.9595959750744,566.0780214636062,43433800,0.0013387932475465,0.0013387932475465,0.0004379573171658,0.0004574200715248,0.9574510268121256,-0.2438359086347968,-1.946275435890437e-05,-0.0434807061678908,-0.1182507187802452,0.0712861378482239,1.0488717002953354,0.0042824893009896,False,False,False,False,0.2438359086347968,0.0013387932475465
2025-07-31,562.9197387695312,572.5041444344463,561.7839416385068,572.4144506359528,64613600,-0.0053132644643072,0.0053132644643072,0.0004180073656905,0.0003567972736872,1.1715542592878518,0.9831280418664456,6.121009200333829e-05,0.1583312939732693,-0.1020932367807583,0.0923964421304787,2.8185558312544754,0.0043907128027743,False,False,False,False,0.9831280418664456,0.0053132644643072
2025-08-01,551.8309936523438,556.951993446216,549.6391201209816,556.7626938955674,69400800,-0.0198952295874945,0.0198952295874945,0.0007179433087784,0.0004091595793219,1.7546779913308383,4.3248421749289,0.0003087837294564,0.562285359360013,-0.0665565821297517,0.1709875950940247,3.677705047222692,0.0059877154354236,True,True,True,True,4.3248421749289,0.0198952295874945
2025-08-04,562.0131225585938,562.2323403030458,556.8822111512052,556.9818168836358,47669800,0.0182833708919342,0.0182833708919342,0.0009950519129255,0.001003593751636,0.9914887486131092,-0.0487755299376553,-8.541838710486842e-06,-0.0085476789302345,-0.059536691680207,0.1703418147923758,0.299333506644398,0.0069701550198911,False,False,False,False,0.0487755299376553,0.0182833708919342
2025-08-05,558.1973266601562,564.4640352064246,557.6592854470431,563.2983805936119,48666600,-0.006812667493779,0.006812667493779,0.0010411492057824,0.0012029998520952,0.8654607928414467,-0.7710054407108436,-0.0001618506463127,-0.144493205401832,-0.0562847237098582,0.1680526730953303,-0.524885918606818,0.007179794609074,False,False,False,False,0.7710054407108436,0.006812667493779
2025-08-06,565.2212524414062,565.6596271290572,558.5559991276681,559.0342039471559,41823700,0.0125047198579809,0.0125047198579809,0.0011477585219573,0.0013270727788129,0.8648798621157401,-0.7743345873563124,-0.0001793142568556,-0.1451646694235193,-0.0551924790432836,0.167399195561086,-0.537470864651818,0.0075111344103821,False,False,False,False,0.7743345873563124,0.0125047198579809
2025-08-07,567.1340942382812,571.1990173575662,563.0193682552224,569.5550971875249,44463000,0.0033785218076289,0.0033785218076289,0.0011571014353693,0.0013915661785301,0.8315101740914841,-0.9655666569135856,-0.0002344647431607,-0.1845117445954079,-0.0551260672579559,0.1673476065166864,-0.7731552307833626,0.0075067681745974,False,False,False,False,0.9655666569135856,0.0033785218076289
2025-08-08,572.4244995117188,572.6437172653317,568.0408133424522,568.3396913615944,35255500,0.009285074608191,0.009285074608191,0.0012382383180734,0.0014299486661105,0.8659320068051002,-0.7683050492235682,-0.0001917103480371,-0.1439488875839642,-0.0530353766151623,0.1659579121150248,-0.5478106455436125,0.0076590362892548,False,False,False,False,0.7683050492235682,0.009285074608191
2025-08-11,570.7307739257812,574.6661734544787,569.4555407796788,572.5639937844218,33112900,-0.0029632489385382,0.0029632489385382,0.0012339118860331,0.0014699571177811,0.8394203280540189,-0.920235843162116,-0.0002360452317479,-0.1750437110134579,-0.0539605091339235,0.1665827214187568,-0.7268653126103908,0.007715130264152,False,False,False,False,0.920235843162116,0.0029632489385382
2025-08-12,577.904052734375,578.2029307017501,570.3720239097617,573.0321290334282,42143300,0.0124902569526473,0.0124902569526473,0.0013890788220452,0.0015296045686979,0.908129362628439,-0.5264841584176329,-0.0001405257466527,-0.0963684406736006,-0.0547831556931111,0.1667494073711139,-0.2493879026984375,0.0080771784124721,False,False,False,False,0.5264841584176329,0.0124902569526473
2025-08-13,578.1930541992188,581.1620102059526,576.7982091868794,580.604084362888,41209300,0.0004999605467921,0.0004999605467921,0.0013882816522265,0.0015262921071912,0.90957795410563,-0.5181826979447358,-0.0001380104549646,-0.0947745737506661,-0.0563535754585239,0.1669705989158423,-0.2301063692746736,0.008081317148401,False,False,False,False,0.5181826979447358,0.0004999605467921
2025-08-14,577.7448120117188,579.7274406220099,575.7720953282917,576.1407825220163,45425000,-0.000775547238428,0.000775547238428,0.0013239159563697,0.0015141178022113,0.8743810781672255,-0.7198858550961954,-0.0001902018458415,-0.1342389821444075,-0.0576757035430255,0.1674766293944058,-0.4571579860320464,0.0079802710944901,False,False,False,False,0.7198858550961954,0.000775547238428
2025-08-15,575.2041625976562,577.6949138700501,573.4406912378071,577.6550229317031,49480200,-0.0044072263081911,0.0044072263081911,0.0013424149452967,0.0015115471260797,0.8881065777806051,-0.6412289705947214,-0.0001691321807829,-0.1186635231685898,-0.0576951789037487,0.1674836975583051,-0.3640255448958933,0.008070068346491,False,False,False,False,0.6412289705947214,0.0044072263081911
2025-08-18,574.9749755859375,575.6325679790418,573.1118984877381,574.3074712675442,29831000,-0.0003985240335935,0.0003985240335935,0.0013158307849323,0.0014700804122909,0.8950740203944225,-0.6013005640242631,-0.0001542496273586,-0.1108488597757879,-0.0609430745505525,0.1678527295472151,-0.2973188780418215,0.008031556582278,False,False,False,False,0.6013005640242631,0.0003985240335935
2025-08-19,567.1739501953125,574.4269858610731,566.1477315418194,574.2576318109441,53752600,-0.0136604719850851,0.0136604719850851,0.001475511967006,0.001440034817577,1.0246363136473835,0.1411836167490296,3.547714942898103e-05,0.024337733674525,-0.0654780660292003,0.1642228797620025,0.5469140465316987,0.0085598528566529,False,False,False,False,0.1411836167490296,0.0136604719850851
2025-08-20,563.8065185546875,566.3470728538312,556.7726389420532,566.2275216498264,76781100,-0.005954906710914,0.005954906710914,0.0014902622831432,0.0015585417253972,0.9561901737108882,-0.2510614945552304,-6.827944225398482e-05,-0.0447984592381591,-0.0608427772193624,0.1634309095240648,0.0981718698618687,0.0086301151585403,False,False,False,False,0.2510614945552304,0.005954906710914
2025-08-21,561.1962280273438,564.3943140175195,558.9046880126308,562.2622161511607,46436900,-0.004640513491222,0.004640513491222,0.0015072767763637,0.0015957821164272,0.9445379546791955,-0.3178370052745847,-8.85053400634145e-05,-0.0570594079044025,-0.0582948101199186,0.1630723984180198,0.0075757898179019,0.0086798808355082,False,False,False,False,0.3178370052745847,0.004640513491222
2025-08-22,569.85400390625,571.8665505027725,561.186237654488,562.5810219572568,51502100,0.0153095675800357,0.0153095675800357,0.0017358796231826,0.0017008475544832,1.0205968304490804,0.1180345021576129,3.503206869942435e-05,0.0203875840668588,-0.0482553242485582,0.1614182514077796,0.4252487418043533,0.0093033310053302,False,False,False,False,0.1180345021576129,0.0153095675800357
2025-08-25,568.2101440429688,571.1691275247927,567.0544013373471,568.2898651145814,34044700,-0.0028888723179458,0.0028888723179458,0.0017344885756295,0.0017659788380261,0.9821683806631832,-0.1021878738230424,-3.149026239655599e-05,-0.0179925182560177,-0.04182277840301,0.1599257799553042,0.1490082471609791,0.0093106262674328,False,False,False,False,0.1021878738230424,0.0028888723179458
2025-08-26,570.4916381835938,570.8004889189272,566.6957355547859,567.7219543005008,34103000,0.004007189993329,0.004007189993329,0.0017481434862023,0.001781688555875,0.9811723156877716,-0.1078960352695323,-3.3545069672725114e-05,-0.0190071817453655,-0.0386800289349318,0.1597255400498948,0.1231665717544041,0.0093373918033584,False,False,False,False,0.1078960352695323,0.004007189993329
2025-08-27,571.3684692382812,572.285048840458,568.2600159705794,569.4755344252939,36927100,0.0015357944836396,0.0015357944836396,0.0017487097835386,0.0017801026430301,0.982364579023322,-0.1010635175382075,-3.139285949153403e-05,-0.0177927777937123,-0.0373956325162229,0.1597850431297849,0.1226826637746576,0.0093384076424374,False,False,False,False,0.1010635175382075,0.0015357944836396
2025-08-28,574.9451904296875,575.8617699919798,570.3422863370614,571.9861459076477,46787900,0.0062404085801428,0.0062404085801428,0.001759421703518,0.0016211634664344,1.0852833412214271,0.4887342617251299,0.0001382582370836,0.0818410968831504,-0.0412201423707288,0.155923223179236,0.7892425306807486,0.0093195538410615,False,False,False,False,0.4887342617251299,0.0062404085801428
2025-08-29,568.2898559570312,572.9027323513419,566.4366907257225,572.5340452045847,56030400,-0.011643116921268,0.011643116921268,0.0014991637148212,0.001139848232728,1.315230985824564,1.806497973969444,0.0003593154820932,0.2740123048237019,-0.0556337950975444,0.1042205756984596,3.1629656400575645,0.0085322206552286,False,False,False,False,1.806497973969444,0.011643116921268
2025-09-02,563.527587890625,563.8762688061983,557.4700627066655,559.2335343759405,65876800,-0.0084153079572153,0.0084153079572153,0.001235699471664,0.0010959021265964,1.12756371365185,0.7310308967924055,0.0001397973450675,0.1200592995802638,-0.0492034461720195,0.110693843869935,1.5291071285876257,0.0078591900763427,False,False,False,False,0.7310308967924055,0.0084153079572153
2025-09-03,567.9610595703125,569.585034325084,564.6333889904666,567.1241403555323,54230200,0.0078365688928012,0.0078365688928012,0.0012506988452948,0.001064083815061,1.1753762509986838,1.005030775394007,0.0001866150302337,0.1615883099545854,-0.0338993704041986,0.1174161984031056,1.664912363178788,0.0078602305868737,False,False,False,False,1.005030775394007,0.0078365688928012
2025-09-04,573.1019897460938,573.470616113036,566.9249745111877,568.6286096639848,47526300,0.0090108341755341,0.0090108341755341,0.0011755259591072,0.0011109870560303,1.0580914986602166,0.3329056449194797,6.453890307690367e-05,0.0564668123623086,-0.0238177963149072,0.1160785489331088,0.6916403540113214,0.0076352464324809,False,False,False,False,0.3329056449194797,0.0090108341755341
2025-09-05,573.9288940429688,578.9701724080204,569.4156841594208,578.3424981949754,68342500,0.0014418172201142,0.0014418172201142,0.0011661903863988,0.0010805998338113,1.0792065202209349,0.4539097510671768,8.559055258751435e-05,0.0762260676101102,-0.0107809057046313,0.1118641161873877,0.7777916304187568,0.0076128125370081,False,False,False,False,0.4539097510671768,0.0014418172201142
2025-09-08,576.728515625,578.6912594012136,575.6326093036281,576.2303653317651,46371400,0.0048661349293409,0.0048661349293409,0.0011036570450697,0.0010467071577378,1.0544086155433263,0.3118001026720219,5.694988733180909e-05,0.0529800557715379,-0.0009344585368562,0.1083199677302627,0.4977338475824842,0.0074190681448089,False,False,False,False,0.3118001026720219,0.0048661349293409
2025-09-09,578.3624877929688,578.7908897662577,574.9052929899314,577.5255685086003,44007600,0.0028291680101725,0.0028291680101725,0.0011028803924277,0.001008272867939,1.093831270777033,0.5377199836821366,9.460752448872158e-05,0.089686460639659,0.0123020500457996,0.1022395041524958,0.7568934457901553,0.0073961415724247,False,False,False,False,0.5377199836821366,0.0028291680101725
2025-09-10,578.5517578125,581.6104078841153,576.4096872460331,581.5804896782814,49308000,0.0003271980130572,0.0003271980130572,0.0009469809322243,0.0009994781652477,0.9474753577929278,-0.3010035941814194,-5.249723302341912e-05,-0.0539543499701679,0.0144227545809712,0.1003865059214471,-0.6811384052418814,0.0068808364128624,False,False,False,False,0.3010035941814194,0.0003271980130572
2025-09-11,581.919189453125,582.7162176589113,579.4682684312116,581.0822703109691,44745800,0.0058035767293169,0.0058035767293169,0.000980412474529,0.0010019768487446,0.978478171184668,-0.1233354013385339,-2.156437421560833e-05,-0.0217568008417844,0.0180736432264153,0.0976389613269536,-0.407935966615044,0.0069941019166958,False,False,False,False,0.1233354013385339,0.0058035767293169
2025-09-12,584.4896240234375,585.6851967841828,581.9390971782137,582.875622079706,50745900,0.0044074405159107,0.0044074405159107,0.0009992365329113,0.0010386192396371,0.962081670334148,-0.2172990245184503,-3.938270672585874e-05,-0.0386559355226825,0.0228527955575015,0.0922576930932456,-0.6667057132895876,0.0070445038495454,False,False,False,False,0.2172990245184503,0.0044074405159107
2025-09-15,589.4910888671875,589.6006673309763,586.1136154844122,586.263084887294,44360300,0.0085205745677719,0.0085205745677719,0.0010524130801446,0.001097809391514,0.9586482756293778,-0.2369748205439605,-4.53963113693685e-05,-0.042231032968243,0.0266744200675189,0.0877913944215554,-0.7848770769591922,0.0071495309208119,False,False,False,False,0.2369748205439605,0.0085205745677719
2025-09-16,588.9929809570312,590.666758666618,588.3055311111864,590.4176835168099,36942100,-0.0008453367382261,0.0008453367382261,0.0010529688529403,0.001100717395703,0.9566205249874372,-0.2485952753567998,-4.774854276279588e-05,-0.0443484917802158,0.0299994384672975,0.0836830524212984,-0.8884466818109373,0.0071552703435726,False,False,False,False,0.2485952753567998,0.0008453367382261
2025-09-17,587.8173217773438,589.560847731768,582.2081448420756,588.9132280535239,69384800,-0.0019980443204416,0.0019980443204416,0.0008703525391914,0.000969005601156,0.8981914430145136,-0.5834355129967757,-9.865306196454644e-05,-0.1073720451891619,0.0234139495241131,0.0888899773819624,-1.4713244233518517,0.0063499952272761,False,False,False,False,0.5834355129967757,0.0019980443204416
2025-09-18,593.11767578125,595.9272507480725,590.7664209781601,592.7091584852494,61069300,0.0089765983841487,0.0089765983841487,0.000915470943806,0.0009529699474315,0.960650381760144,-0.2255013270374761,-3.749900362548747e-05,-0.0401447429067604,0.0236466353406831,0.0887170370898122,-0.7190431549564109,0.0062731144886632,False,False,False,False,0.2255013270374761,0.0089765983841487
2025-09-19,597.1326904296875,597.83011295333,593.6456386208329,595.1202047360832,58196100,0.0067465299591487,0.0067465299591487,0.0009394522448335,0.0009356360198659,1.0040787495207653,0.0233741385743466,3.816224967638829e-06,0.0040704539712673,0.0267031284344666,0.0869186895494824,-0.2603890438352111,0.0061107524956161,False,False,False,False,0.0233741385743466,0.0067465299591487
2025-09-22,600.667724609375,601.3360027595129,596.1990824942005,596.2190510860968,57154800,0.0059025600571564,0.0059025600571564,0.0007399096005742,0.000928351513541,0.797014481887267,-1.16325153206819,-0.0001884419129668,-0.2268824298585506,0.0143396277381961,0.1030305290059151,-2.341267776882886,0.0054829133798568,False,False,False,False,1.16325153206819,0.0059025600571564
2025-09-23,596.6779174804688,601.0367933292055,595.4609900615409,600.8372900448078,64635500,-0.0066644446780567,0.0066644446780567,0.0007759788401716,0.0009742535300157,0.7964855309881691,-1.1662827973007308,-0.000198274689844,-0.2275463155369335,0.0038619378741503,0.1156662440681247,-2.000655033587757,0.0057292498938291,False,False,False,False,1.1662827973007308,0.0066644446780567
2025-09-24,594.583251953125,598.3736318933126,591.8502333814113,598.0544387994095,49850300,-0.0035167228478133,0.0035167228478133,0.0007722886081173,0.0010028300926853,0.7701091279076029,-1.317438365339218,-0.0002305414845679,-0.2612230496210551,-0.0082488555196341,0.1293033696326517,-1.956439301002871,0.0058598075916537,False,False,False,False,1.317438365339218,0.0035167228478133
2025-09-25,592.0198364257812,593.6057566967052,587.0026056631178,590.6932034651784,70920200,-0.0043206014549962,0.0043206014549962,0.0007885975403543,0.001012106674743,0.7791644497893876,-1.2655449241208816,-0.0002235091343887,-0.249533151681543,-0.0198358742140256,0.1396117962502907,-1.6452569455930846,0.006023140061413,False,False,False,False,1.2655449241208816,0.0043206014549962
2025-09-26,594.4535522460938,594.7827296224774,589.5560723046866,592.8376791327265,54337400,0.0041024421733196,0.0041024421733196,0.0007664848728926,0.0009212769659454,0.8319809364885881,-0.9628688532241269,-0.0001547920930527,-0.1839457512977255,-0.0331252166230694,0.1419314598523331,-1.0626293482190017,0.005961602719827,False,False,False,False,0.9628688532241269,0.0041024421733196
2025-09-29,597.20654296875,600.5181027058711,595.8898943349653,597.5855809487724,48332900,0.0046204377093463,0.0046204377093463,0.0006522711458762,0.0007906109581097,0.8250216357180133,-1.0027506012363094,-0.0001383398122334,-0.1923456678785848,-0.0564431152581838,0.1270893372786804,-1.069346614990958,0.0051434776014706,False,False,False,False,1.0027506012363094,0.0046204377093463
2025-09-30,598.8424072265625,599.1815689140329,594.5832523790604,596.9073409482912,46533800,0.0027354487081807,0.0027354487081807,0.0005889364174965,0.0007024675076523,0.8383824320427935,-0.9261837262249604,-0.0001135310901557,-0.1762809197823319,-0.0712601262263136,0.1228517630454392,-0.8548578461765689,0.0044956242457738,False,False,False,False,0.9261837262249604,0.0027354487081807
2025-10-01,601.7150268554688,602.2536309055715,594.8226361779185,595.6504804045827,46899600,0.0047854855244389,0.0047854855244389,0.0005504254771895,0.0006073540165492,0.9062679461919868,-0.5371513998132346,-5.692853935971079e-05,-0.098420270314717,-0.0842605552397787,0.1106774976614001,-0.1279367113833533,0.0043805336503763,False,False,False,False,0.5371513998132346,0.0047854855244389
2025-10-02,604.188720703125,605.6150748101588,601.3958573858611,605.5153536087707,43765400,0.0041026447133416,0.0041026447133416,0.0004860620382945,0.0006183349923613,0.7860820498583281,-1.2259021508174135,-0.0001322729540667,-0.2406941028683639,-0.0991186010013123,0.1107344124755715,-1.2785140472776135,0.0041626257468835,False,False,False,False,1.2259021508174135,0.0041026447133416
2025-10-03,601.645263671875,605.7847287787447,599.859840058186,604.9668078782124,46482100,-0.004218592005638,0.004218592005638,0.0005017797199083,0.0006353513579581,0.7897672895843061,-1.20478310352212,-0.0001335716380498,-0.2360169470618254,-0.1147307517349091,0.1068557021078622,-1.135046543463705,0.0044190760304988,False,False,False,False,1.20478310352212,0.004218592005638
2025-10-06,606.1636962890625,607.8094613156995,604.4280726015548,606.9018036091138,41962100,0.0074820668598133,0.0074820668598133,0.0005340817752524,0.0006647776215453,0.8033991487423302,-1.1266628454961136,-0.0001306958462928,-0.2189036166264359,-0.1283249353548078,0.1018311975081058,-0.8894983412565483,0.0045287259311357,False,False,False,False,1.1266628454961136,0.0074820668598133
2025-10-07,602.9718627929688,608.1586438162234,601.4956480641417,607.4703970532165,58209500,-0.0052795418778261,0.0052795418778261,0.0005539511460624,0.000728562182708,0.760334751391326,-1.373452501536145,-0.0001746110366455,-0.2739964803198215,-0.1465090824027818,0.0933996311209225,-1.3649668246760451,0.004832871133457,False,False,False,False,1.373452501536145,0.0052795418778261
2025-10-08,609.88427734375,610.1934861561377,603.7200088104369,603.8695906281247,50629800,0.0113986962941344,0.0113986962941344,0.0006837743647285,0.0008249280169117,0.8288897342684685,-0.9805836426924556,-0.0001411536521831,-0.1876681432261348,-0.1531947720655802,0.0912971912868438,-0.377595089998375,0.0052186806737068,False,False,False,False,0.9805836426924556,0.0113986962941344
2025-10-09,609.1461181640625,610.0537759298148,605.9342796270852,609.9241018375851,45551000,-0.0012110596628714,0.0012110596628714,0.0006515595273825,0.0008054593722555,0.8089291028521307,-1.0949722714576269,-0.000153899844873,-0.2120440012989303,-0.1627091320884374,0.086913857728895,-0.5676294954526124,0.0052297873420307,False,False,False,False,1.0949722714576269,0.0012110596628714
2025-10-10,588.0000610351562,611.6198017284072,587.5511938507611,609.8443624637231,97614800,-0.0353311185349565,0.0353311185349565,0.0018804219324124,0.0008141139092999,2.309777429093839,7.505957150182379,0.0010663080231124,0.8371511688500143,-0.1189187768698026,0.2342071620294132,4.082155035035809,0.0096918241614821,True,True,True,True,7.505957150182379,0.0353311185349565
2025-10-13,600.4782104492188,601.415821078074,595.7103438165695,598.1541220292103,65872600,0.0209993034818872,0.0209993034818872,0.0022487924881718,0.0020289613824995,1.1083466188999218,0.620903262466961,0.0002198311056723,0.1028693723452375,-0.1116637566041286,0.238675109888301,0.8988500269247465,0.0105634782202003,False,False,False,False,0.620903262466961,0.0209993034818872
2025-10-14,596.4783935546875,601.1564623206032,588.6284235801336,593.7952358040048,69203200,-0.0066833363372635,0.0066833363372635,0.0022927448785678,0.0022582255346709,1.0152860479907435,0.087599937718832,3.451934389690249e-05,0.0151703934702975,-0.1086878123416029,0.2398639816089075,0.5163685059387045,0.0106882426280721,False,False,False,False,0.087599937718832,0.0066833363372635
2025-10-15,600.6876220703125,605.1562641092269,594.4136488911962,602.4731063786636,62805500,0.0070320169566184,0.0070320169566184,0.0023382019599395,0.0023062781669501,1.0138421260049628,0.0793252367561086,3.1923792989418595e-05,0.0137471987721949,-0.1026318501435351,0.2413451574618719,0.4822100022210548,0.0107581289032918,False,False,False,False,0.0793252367561086,0.0070320169566184
2025-10-16,598.4633178710938,606.7621549667239,593.9847524006545,603.5702851791965,70982000,-0.0037098027882145,0.0037098027882145,0.0022713852781167,0.002249277285413,1.0098289316515403,0.0563267759619095,2.210799270368699e-05,0.0097809419052351,-0.1001355659029353,0.2422351201984445,0.4537595858029353,0.0106474411692146,False,False,False,False,0.0563267759619095,0.0037098027882145
2025-10-17,602.393310546875,603.9693073296388,594.8525491800316,596.4285459627954,72024900,0.006545338741229,0.006545338741229,0.0022687110708644,0.0022235825589782,1.0202954064844565,0.1163071282448782,4.512851188621155e-05,0.0200921995665302,-0.0993344786231721,0.2426046223123396,0.4922687665692837,0.0106415796640935,False,False,False,False,0.1163071282448782,0.006545338741229
2025-10-20,609.98388671875,611.2406903321764,605.5252900595317,605.5951192469275,45761700,0.0125219698491406,0.0125219698491406,0.0023906705845388,0.0022940588154094,1.0421139024337347,0.2413426434697911,9.661176912940462e-05,0.0412512487138753,-0.0859277946945508,0.2425944289069273,0.5242455236151327,0.0109060235848845,False,False,False,False,0.2413426434697911,0.0125219698491406
2025-10-21,609.8244018554688,611.1609582497778,607.7696457807522,610.0837500489531,44538200,-0.0002614916879708,0.0002614916879708,0.0023463241395748,0.0022607205419882,1.0378656255812018,0.2169969925913171,8.560359758665818e-05,0.037166321239576,-0.0726921628557254,0.2417264834127743,0.4544743403547805,0.0107763076348121,False,False,False,False,0.2169969925913171,0.0002614916879708
2025-10-22,603.9493408203125,609.8542605281881,598.2139715066553,609.2657958565487,61478800,-0.0096807283120926,0.0096807283120926,0.0024276733006391,0.0022397827729584,1.0838878349941583,0.4807370175277392,0.0001878905276806,0.0805544244111066,-0.0556032891541173,0.2398680767441495,0.5676358247139901,0.0109896749603201,False,False,False,False,0.4807370175277392,0.0096807283120926
2025-10-23,609.0264282226562,609.8143961922938,602.9818500103868,603.3708114071275,42844300,0.0083713412613878,0.0083713412613878,0.0024790850582208,0.0023444733102791,1.0574166263064388,0.3290381458644663,0.0001346117479417,0.0558287884580686,-0.0403351921471367,0.2367361300515317,0.4062074537767969,0.011043051277718,False,False,False,False,0.3290381458644663,0.0083713412613878
2025-10-24,615.52978515625,616.8464337655934,613.5648269782704,614.4226241256162,47632500,0.0106216733944759,0.0106216733944759,0.0025750749721343,0.0024601543151423,1.046712783943913,0.26769750864566,0.0001149206569919,0.0456545713743013,-0.0288551760135353,0.2350547103078226,0.3169889566997418,0.0112124508274006,False,False,False,False,0.26769750864566,0.0106216733944759
2025-10-27,626.4918823242188,626.9506729134798,622.4422152319877,622.930958710038,54098600,0.0176524808090642,0.0176524808090642,0.0028653366062227,0.0027492799075663,1.0422134895530164,0.2419133485632174,0.0001160566986563,0.0413468067531165,-0.0171705522819503,0.23243094733458,0.2517623393361305,0.0117276305776466,False,False,False,False,0.2419133485632174,0.0176524808090642
2025-10-28,631.3095703125,633.0651018787079,627.648925370604,628.7560864561588,61195700,0.007660527880825,0.007660527880825,0.0029165376140005,0.002951229537734,0.9882449252794652,-0.0673649470433849,-3.4691923733513614e-05,-0.0118247118759867,-0.008947741886633,0.2295477164256485,-0.0125332111081379,0.0117837957299428,False,False,False,False,0.0673649470433849,0.007660527880825
2025-10-29,634.15234375,635.3891789092543,628.6463695521778,633.9728090539653,67422800,0.0044928704497534,0.0044928704497534,0.0029138226271741,0.0029756754481988,0.9792138551056984,-0.1191194087090437,-6.185282102467732e-05,-0.0210052179106781,-0.0050769892664311,0.2286573284625292,-0.0696598213201692,0.0117813040736068,False,False,False,False,0.1191194087090437,0.0044928704497534
2025-10-30,624.45703125,631.8880872300178,624.3473257513068,630.5614543099158,61628600,-0.0154066932443263,0.0154066932443263,0.003134357130255,0.0030615118492881,1.0237938915650044,0.1363559384639646,7.284528096693742e-05,0.0235152285896771,0.0081334773064709,0.2222043248173592,0.0692234559154022,0.0124095136656995,False,False,False,False,0.1363559384639646,0.0154066932443263
2025-10-31,627.4693603515625,632.5863121135939,625.0954113092228,632.5563592252307,66305100,0.0048123195343856,0.0048123195343856,0.003139719031046,0.003131913524325,1.002492248480159,0.0142823581199006,7.805506720988571e-06,0.0024891479793261,0.0200587820585285,0.2150666652710868,-0.0816938973645972,0.0123519356704995,False,False,False,False,0.0142823581199006,0.0048123195343856
2025-11-03,630.4716796875,634.2021534587442,628.2473125587718,633.4939381480045,37154300,0.0047733954789679,0.0047733954789679,0.0031065230109499,0.0031045803768618,1.0006257316133804,0.0035858876273332,1.942634088083258e-06,0.0006255359249824,0.0310352396860994,0.2080791172661894,-0.1461449094971637,0.0123069637178109,False,False,False,False,0.0035858876273332,0.0047733954789679
2025-11-04,617.6743774414062,625.354797701833,616.8864094378021,621.6941527131348,63830800,-0.0205068159132712,0.0205068159132712,0.003499178947411,0.0031669281732234,1.10491263331983,0.6012240803051905,0.0003322507741876,0.0997662669749925,0.0497233770508401,0.1962948108311424,0.2549374062017386,0.0131722443114691,False,False,False,False,0.6012240803051905,0.0205068159132712
2025-11-05,621.6941528320312,625.0056518350635,615.6395900613109,616.9163015661201,48688500,0.0064868348487344,0.0064868348487344,0.0034113276965598,0.0033640545585253,1.0140524290590711,0.080530422979071,4.727313803452307e-05,0.0139546090187852,0.0598045146630861,0.1888815950987094,-0.2427441679552725,0.0130248530591525,False,False,False,False,0.080530422979071,0.0064868348487344
2025-11-06,610.1136474609375,620.4572571227977,608.7471381645778,620.2078932237561,72115100,-0.0188030089759213,0.0188030089759213,0.0037634141776014,0.0034949827825796,1.0768047832337555,0.4401460882407005,0.0002684313950217,0.0739981219803283,0.074106620827049,0.178288246581775,-0.0006085586055218,0.0137173033737471,False,False,False,False,0.4401460882407005,0.0188030089759213
2025-11-07,608.1885375976562,608.3980251800011,597.1466973484642,606.7621834660789,81835400,-0.0031603184975974,0.0031603184975974,0.0025251138536765,0.002366480730736,1.0670333465555573,0.3841487994089492,0.0001586331229404,0.0648822244606513,0.0354931736075809,0.0344689124294752,0.8526248373284637,0.0111088571440452,False,False,False,False,0.3841487994089492,0.0031603184975974
2025-11-10,621.6442260742188,622.7214951546598,615.3203917446493,617.3451949289606,55919900,0.0218830166608125,0.0218830166608125,0.0025630095251295,0.0022487733466142,1.1397367053413308,0.8007908055991889,0.0003142361785152,0.1307972755040806,0.036889568765523,0.0375941749308562,2.497932376791726,0.0111870629230071,False,False,False,False,0.8007908055991889,0.0218830166608125
2025-11-11,619.9884643554688,621.1355017301039,615.9487814833327,618.9910087880348,44868800,-0.0026670733027628,0.0026670733027628,0.0025254558205348,0.0022675671393811,1.1137292372405987,0.6517494976543073,0.0002578886811536,0.1077140574208972,0.041516751963053,0.0402384200146804,1.645126857209924,0.0110696303914192,False,False,False,False,0.6517494976543073,0.0026670733027628
2025-11-12,619.4996948242188,623.2700450530867,616.2379957742788,623.2501373408774,47444400,-0.0007886635349668,0.0007886635349668,0.002476628548228,0.0022279103644906,1.111637428373059,0.6397619436032447,0.0002487181837374,0.1058340890400016,0.0461210964764433,0.0420262899277623,1.420848537098967,0.0110206215509169,False,False,False,False,0.6397619436032447,0.0007886635349668
2025-11-13,606.8519897460938,616.5472286099415,604.5378855310528,615.9686873362173,71333600,-0.0206272860954032,0.0206272860954032,0.0028883508431622,0.0022146595771768,1.304196307607788,1.7432614117708765,0.0006736912659854,0.2655869948180637,0.0589113991220848,0.062808047958498,3.2905909738278267,0.011997214167443,False,False,False,False,1.7432614117708765,0.0206272860954032
2025-11-14,607.310791015625,611.7893568378086,595.6505328274214,598.0244819828539,80087300,0.0007557492267729,0.0007557492267729,0.0028460805408185,0.0021049163401385,1.352111001538043,2.017846720324725,0.0007411642006799,0.3016670759799316,0.0729901429427549,0.0813499187486859,2.8110284134840726,0.0119221969759274,True,False,True,False,2.017846720324725,0.0007557492267729
2025-11-17,602.1240234375,610.9215891749508,598.3436886131177,604.7573208445992,63850400,-0.0085772284951815,0.0085772284951815,0.0027628496605743,0.0021102204113394,1.3092706552016438,1.7723410361090075,0.0006526292492348,0.2694702304147817,0.0844010920278002,0.0914737825264893,2.0231932393676684,0.0117355012350573,False,False,False,False,1.7723410361090075,0.0085772284951815
2025-11-18,594.792724609375,600.7774579901122,589.8353996813287,598.0943000892208,83327300,-0.0122504602365489,0.0122504602365489,0.0029128550586787,0.0022797731037641,1.277695159167075,1.591390964007678,0.0006330819549145,0.2450577978994051,0.0947956658607916,0.0971513170422249,1.546681368954627,0.0120035615612678,False,False,False,False,1.591390964007678,0.0122504602365489
2025-11-19,598.3436889648438,604.6176628042144,593.077155027408,595.5508254465173,73111500,0.0059523367141896,0.0059523367141896,0.0028545688703852,0.0022663439259324,1.2595479608024651,1.4873945976824,0.0005882249444528,0.2307528953252819,0.1023055894065004,0.1014694890874006,1.2658712197530004,0.0119377993935987,False,False,False,False,1.4873945976824,0.0059523367141896
2025-11-20,584.1798095703125,612.4676969147798,583.262167456246,610.0637948039835,117743200,-0.0239564910279077,0.0239564910279077,0.0033584029782408,0.0023551012735863,1.4260121277615805,2.4413527866705578,0.0010033017046545,0.3548818266975802,0.117258241318476,0.1146917980822664,2.071844624919569,0.0127899473178582,True,False,True,False,2.4413527866705578,0.0239564910279077
2025-11-21,588.568603515625,595.4609945768989,579.2623261905873,585.9751825584982,103344200,0.0074846648859223,0.0074846648859223,0.0033016032409965,0.0023415550921924,1.4100045102526724,2.34961774189925,0.000960048148804,0.3435929031457214,0.132155157907047,0.1234394795162612,1.7128859103040912,0.0126516732884226,True,False,True,False,2.34961774189925,0.0074846648859223
2025-11-24,603.6201782226562,605.1363301511908,593.6456226504143,593.7653733267485,60168100,0.0252516627026244,0.0252516627026244,0.0036276396315292,0.0024304669787598,1.492568984985865,2.8227709629800346,0.0011971726527694,0.4004987863125151,0.1501127568850169,0.1345471555088316,1.8609537190183327,0.0133388199786716,True,False,True,False,2.8227709629800346,0.0252516627026244
2025-11-25,607.3406982421875,608.7072074163303,595.8001307211132,601.9743827443708,57560900,0.006144759584675,0.006144759584675,0.0036067140144698,0.0026301195522204,1.3713118141054923,2.127881046141185,0.0009765944622493,0.3157678102461622,0.1664923829911244,0.1337742036040954,1.115876030156145,0.0132887257313402,True,False,True,False,2.127881046141185,0.006144759584675
2025-11-26,612.70703125,614.6221288317284,608.8368989020178,610.9514997668095,42393600,0.0087969797984384,0.0087969797984384,0.0036639149831656,0.002605044763665,1.406469107275864,2.329357365851305,0.0010588702195006,0.3410823844519274,0.1845967631092546,0.1316589719075604,1.1885678512858469,0.0134252355705227,True,False,True,False,2.329357365851305,0.0087969797984384
2025-11-28,617.6743774414062,617.7442066386661,613.8541054647261,614.5423522607352,23034400,0.0080745257441198,0.0080745257441198,0.0034917467524333,0.0025999016606668,1.3430303173611973,1.9658079350992843,0.0008918450917664,0.2949284916431146,0.1981674262619265,0.1283012605676844,0.75417080824504,0.0132018620470561,False,False,False,False,1.9658079350992843,0.0080745257441198
2025-12-01,615.599609375,617.8638528985133,610.961477711232,612.0686387329198,40957600,-0.0033646538335157,0.0033646538335157,0.0034799092285517,0.0026068410745627,1.3349142233902602,1.9192969384829712,0.000873068153989,0.2888670376458284,0.2124863207452517,0.1214619457678398,0.6288448321630662,0.0131561248217603,False,False,False,False,1.9192969384829712,0.0033646538335157
2025-12-02,620.4173583984375,622.1629056286581,616.018606165418,617.8838431924653,54541800,0.0077956428556114,0.0077956428556114,0.0035178959716853,0.002488357556556,1.413742153902594,2.3710371009871314,0.0010295384151292,0.346240198584937,0.2297670538782494,0.1144754817274005,1.0174505749977458,0.0132381538765297,True,False,True,False,2.3710371009871314,0.0077956428556114
2025-12-03,621.9335327148438,622.6317029281745,616.4575112334458,618.0434315384043,47841600,0.0024408161655125,0.0024408161655125,0.0031033240563383,0.002299867624098,1.3493489902730564,2.002018429393148,0.0008034564322403,0.2996222467129686,0.2397598528651482,0.1113721556478698,0.5374987446331734,0.0124518331401676,True,False,True,False,2.002018429393148,0.0024408161655125
2025-12-04,621.35498046875,623.3498916256304,617.9636071501104,623.339907329069,47067800,-0.0009306806613575,0.0009306806613575,0.003062111196477,0.0021019466363097,1.45679778143795,2.617776499739925,0.0009601645601672,0.3762407265291886,0.2578741587406684,0.1022623098344675,1.1574798963579125,0.0123735530598313,True,False,True,False,2.617776499739925,0.0009306806613575
2025-12-05,623.8884887695312,627.3197383563271,622.1230338136666,622.7913119974152,53614200,0.0040691027242473,0.0040691027242473,0.0027251156469089,0.0020099534258575,1.355810344583586,2.0390465896818277,0.0007151622210513,0.3043993158599283,0.2693942184346484,0.0935017534853858,0.374379047669423,0.0116193636593943,True,False,True,False,2.0390465896818277,0.0040691027242473
2025-12-08,622.6915893554688,627.2399842967836,620.10815265492,625.6141268554061,43462400,-0.0019202934538512,0.0019202934538512,0.0027188155608515,0.0019085239141664,1.4245645761473589,2.4330572853527954,0.0008102916466851,0.3538662064291176,0.2838434175330717,0.0824579687118344,0.8491937163860332,0.0115996696895595,True,False,True,False,2.4330572853527954,0.0019202934538512
2025-12-09,623.4595947265625,624.2775156033157,619.4199118254116,621.4248072711308,37156000,0.0012326040020516,0.0012326040020516,0.0022414684553,0.0018159351466028,1.2343328777425395,1.3428942201510587,0.0004255333086972,0.2105306441646262,0.287830085966099,0.0766877117688206,-1.0079768977133676,0.0105854695183701,False,False,False,False,1.3428942201510587,0.0012326040020516
2025-12-10,626.0130615234375,627.6090269272694,619.4099106697121,622.2626189242517,55031400,0.0040872768826384,0.0040872768826384,0.0022510610076131,0.0018207873701607,1.2363118530498272,1.3542351575712774,0.0004302736374523,0.212132635503855,0.2930510148702469,0.0672172823840337,-1.20383295034273,0.0105980781528272,False,False,False,False,1.3542351575712774,0.0040872768826384
2025-12-11,623.98828125,624.1877845427603,616.148234091509,622.2327496814814,58272800,-0.0032396477908374,0.0032396477908374,0.0022609343352503,0.0018157828943391,1.2451567543118622,1.4049227388318284,0.0004451514409111,0.219261429068841,0.2987223818716888,0.05482458326518,-1.4493672011787928,0.01062621372619,False,False,False,False,1.4049227388318284,0.0032396477908374
2025-12-12,612.0587158203125,621.953458575216,609.8044563667469,620.4972123256402,75158700,-0.0193033693518458,0.0193033693518458,0.0022080694719225,0.0018934084449791,1.1661876114357728,0.9523733289487764,0.0003146610269434,0.1537399767309488,0.2931300309673331,0.0630123617857895,-2.2121064865056264,0.0104986191383036,False,False,False,False,0.9523733289487764,0.0193033693518458
2025-12-15,608.9865112304688,616.8464661142882,607.7696446385382,616.7966055109866,49538200,-0.0050321003754035,0.0050321003754035,0.0022328203492169,0.0020433025250196,1.0927507414475852,0.531527781353561,0.0001895178241972,0.0886981332763485,0.2824815838321539,0.0770917913544109,-2.5136716523414617,0.0105651330442505,False,False,False,False,0.531527781353561,0.0050321003754035
2025-12-16,610.1934204101562,611.9489518835392,605.3657088583533,606.7123103516171,55152800,0.0019798711291272,0.0019798711291272,0.0021631713902463,0.0018860375609138,1.1469397190574326,0.8420692022979634,0.0002771338293324,0.1370972814544134,0.2758629363841355,0.0833528811931321,-1.6647973404566092,0.0103786082775742,False,False,False,False,0.8420692022979634,0.0019798711291272
2025-12-17,598.8822631835938,612.0886258751325,598.7526499708691,611.5001003103562,70654300,-0.0187109663710632,0.0187109663710632,0.0023631978767781,0.0018267217087031,1.2936824834998384,1.6830097144321752,0.000536476168075,0.2574927900029791,0.2764846859893142,0.0831669496655669,-0.2283586937203518,0.0108647373505954,False,False,False,False,1.6830097144321752,0.0187109663710632
2025-12-18,607.5601806640625,611.3704684542074,605.3757504118026,608.2484274799762,78875800,0.0143862099539903,0.0143862099539903,0.0025347306012593,0.0020360225306907,1.2449423142677083,1.4036938447106215,0.0004987080705685,0.2190891949217022,0.2759015009691352,0.0835257068080531,-0.6801774952708989,0.0112317577510963,False,False,False,False,1.4036938447106215,0.0143862099539903
2025-12-19,615.4799194335938,616.0484763883416,610.3131071204459,610.392920608793,60369800,0.0129510871592398,0.0129510871592398,0.0021285477974953,0.0020476145972222,1.0395256023193165,0.2265098411026924,8.093320027303562e-05,0.0387644574684423,0.2600956325076783,0.0960547890392139,-2.304218011960637,0.0099808310486671,False,False,False,False,0.2265098411026924,0.0129510871592398
2025-12-22,618.4302368164062,620.8671665076671,616.9920478025754,620.5674955378034,43703100,0.004782071028815,0.004782071028815,0.0020953957923653,0.0018375127933199,1.1403435121556629,0.8042682406546751,0.0002578829990454,0.1313295434690423,0.2494824645238443,0.097950644392112,-1.206249553416076,0.0099320902725749,False,False,False,False,0.8042682406546751,0.004782071028815
2025-12-23,621.3265380859375,621.6261480926279,617.0020349130734,617.42148892244,41120400,0.0046723786427916,0.0046723786427916,0.0014795804452999,0.001617896038766,0.9145089732887676,-0.4899244474410879,-0.0001383155934661,-0.0893679989645093,0.2249891252599931,0.1165979863742102,-2.6960767848563254,0.00847875690941,False,False,False,False,0.4899244474410879,0.0046723786427916
2025-12-24,623.144287109375,623.4938829346665,620.9370481838333,621.2067276835874,18468700,0.0029213225081327,0.0029213225081327,0.0014503565001429,0.0015510862662923,0.935058566155614,-0.3721606502599465,-0.0001007297661493,-0.0671461140555153,0.2058434290449093,0.1307044152393706,-2.088602306207289,0.0084183204348861,False,False,False,False,0.3721606502599465,0.0029213225081327
2025-12-26,623.1043090820312,624.7322611929134,622.3552536061636,623.873297918951,28959800,-6.415738798761732e-05,6.415738798761732e-05,0.0013729737627392,0.0014339478250133,0.9574781862976808,-0.2436802654466718,-6.097406227406274e-05,-0.0434523401213852,0.1866166928162436,0.1375024256160261,-1.673199813798878,0.0082426218514015,False,False,False,False,0.2436802654466718,6.415738798761732e-05
2025-12-29,620.088134765625,621.995763643064,617.9508150333834,619.3190849184411,32458300,-0.0048523142966389,0.0048523142966389,0.0013313207507801,0.0013895411281474,0.9581010045777236,-0.2401110732934787,-5.822037736731697e-05,-0.0428020738155537,0.1697301645433102,0.1437596551507597,-1.478385838752764,0.0081564703547601,False,False,False,False,0.2401110732934787,0.0048523142966389
2025-12-30,618.64990234375,621.3964390816567,618.4401448660525,619.0594201394988,31226800,-0.0023220939779831,0.0023220939779831,0.0013253919758033,0.0013648017311656,0.9711241900839268,-0.1654789486308435,-3.940975536226689e-05,-0.0293009197096585,0.1538217666755358,0.1472574284192797,-1.2435548301427424,0.008136861902129,False,False,False,False,0.1654789486308435,0.0023220939779831
2025-12-31,613.536376953125,619.1792861072609,613.2766946262738,618.8696789386981,40746500,-0.0082999702759163,0.0082999702759163,0.0013335094348522,0.0013652077901058,0.9767812962368084,-0.133059702861018,-3.169835525367016e-05,-0.0234925043656827,0.1353351315280048,0.145133626132615,-1.0943544933450486,0.0081464413320107,False,False,False,False,0.133059702861018,0.0082999702759163
2026-01-02,612.347900390625,622.0656280105537,609.381669736326,619.2791633693975,61859200,-0.0019389708422163,0.0019389708422163,0.0013313114592253,0.0013880616860849,0.9591154864164324,-0.2342973701086143,-5.675022685956927e-05,-0.0417437875571613,0.1182668298144983,0.1448819411777984,-1.104420717108528,0.0081217249177302,False,False,False,False,0.2342973701086143,0.0019389708422163
2026-01-05,617.2117309570312,620.0281869343077,615.9433108116908,618.5400731036631,46828400,0.0079115413556416,0.0079115413556416,0.0013930377793539,0.0014071645747321,0.9899608079738172,-0.0575317176011455,-1.4126795378177973e-05,-0.0100899245423584,0.098950297260921,0.134587869808898,-0.8101786732943038,0.0083390637790164,False,False,False,False,0.0575317176011455,0.0079115413556416
2026-01-06,622.6348876953125,623.2341686687002,617.7610283782293,618.4501618747352,43137500,0.0087481648826685,0.0087481648826685,0.0014530105711878,0.0015086836481352,0.9630982432823638,-0.211473337787368,-5.567307694736104e-05,-0.0375998544411084,0.0818503387458692,0.1290089855506507,-0.9259059954399828,0.0085229346278835,False,False,False,False,0.211473337787368,0.0087481648826685
2026-01-07,623.2341918945312,627.1492383750701,621.7760085257346,622.2553845556755,44880300,0.0009620661677244,0.0009620661677244,0.00145024861555,0.0015186860691944,0.9549364052040604,-0.2582464807058984,-6.843745364441605e-05,-0.0461105321280738,0.0618515018180096,0.1155959881851799,-0.9339600417025956,0.0085153117477722,False,False,False,False,0.2582464807058984,0.0009620661677244
2026-01-08,619.6885986328125,622.6348958217857,617.0219780933957,622.2454332860368,50435900,-0.0057052664995391,0.0057052664995391,0.0014812793687549,0.0015194315361179,0.9748904992056692,-0.1438953159813641,-3.815216736308591e-05,-0.0254301227983683,0.0500534634698598,0.1117983385698611,-0.6751762793063302,0.0086006948112255,False,False,False,False,0.1438953159813641,0.0057052664995391
2026-01-09,625.86083984375,627.0992684709724,618.280371644388,620.6273877403378,49688700,0.0099109542240346,0.0099109542240346,0.0015628005500704,0.0015910322316881,0.9822557450091848,-0.1016872139223784,-2.823168161768014e-05,-0.0179035717348286,0.0385516531079257,0.1062261827268056,-0.531462426621757,0.0088396764448672,False,False,False,False,0.1016872139223784,0.0099109542240346
2026-01-12,626.3801879882812,628.0580650499223,621.4763979710708,621.5263228144307,37388700,0.0008294699866321,0.0008294699866321,0.0015529932527205,0.0015012235575391,1.0344850005326531,0.1976236042647259,5.1769695181368754e-05,0.0339037188548977,0.0292837675972285,0.0978079097165363,0.0472349452212868,0.0088098279398563,False,False,False,False,0.1976236042647259,0.0008294699866321
2026-01-13,625.4513549804688,628.6772678768714,622.9145755930199,626.4800871429724,44481400,-0.0014839587378681,0.0014839587378681,0.0011825753179224,0.0013426465542869,0.8807793191339965,-0.6832193792000958,-0.0001600712363644,-0.1269481734882863,0.0152493600862667,0.0990725803646244,-1.435286464238769,0.0076129799831348,False,False,False,False,0.6832193792000958,0.0014839587378681
2026-01-14,618.769775390625,622.6648884214621,613.7860691564842,621.4563902550666,72598700,-0.0107402834678836,0.0107402834678836,0.0012726069727047,0.0013525264121939,0.9409109953279772,-0.3386220645304415,-7.991943948916242e-05,-0.0609067290689684,0.0077691169690009,0.0988922318720038,-0.6944513713357835,0.0079369620351256,False,False,False,False,0.3386220645304415,0.0107402834678836
2026-01-15,620.9970092773438,629.206628407055,619.9682771169513,625.8108857116995,53934900,0.0035929923439139,0.0035929923439139,0.0012815966770002,0.0013550801205247,0.9457718828492364,-0.3107657183788129,-7.348344352448672e-05,-0.0557538776460255,-0.001873440986021,0.0951428632977532,-0.5663108591906003,0.0079567457761342,False,False,False,False,0.3107657183788129,0.0035929923439139
2026-01-16,620.4776611328125,625.2915986535979,618.1006533744517,624.7123119754499,61058100,-0.0008366633443358,0.0008366633443358,0.0009321964200129,0.0009149698327388,1.0188274920742764,0.1078949336092063,1.7226587274092923e-05,0.0186524485198566,-0.0138154580601771,0.074612841943086,0.4351517209973044,0.0065933731073228,False,False,False,False,0.1078949336092063,0.0008366633443358
2026-01-20,607.2942504882812,614.2854351912486,606.2855126563834,609.7611716460692,81988900,-0.021476167073958,0.021476167073958,0.0011864591353612,0.000636610276872,1.863713449915968,4.949692979203854,0.0005498488584891,0.622570975860095,0.0063586309867424,0.1506560257965424,4.090193814786629,0.0077021086464165,True,False,True,False,4.949692979203854,0.021476167073958
2026-01-21,615.50390625,619.6386461402016,607.0944662344775,608.7024240227943,79837900,0.0134278565455814,0.0134278565455814,0.0011990358081637,0.0010110316914333,1.185952743443465,1.065641606918777,0.0001880041167303,0.1705464544557725,0.012947730836109,0.1547552812063623,1.018373798885154,0.0077428539060985,False,False,False,False,1.065641606918777,0.0134278565455814
2026-01-22,619.978271484375,621.6761428244047,617.0020437780021,621.5662350217955,42254800,0.0072431393614114,0.0072431393614114,0.0012286306726479,0.0011349033500261,1.0825861714299747,0.4732775586000684,9.37273226217154e-05,0.0793527818186256,0.0103488927535881,0.1531737965957876,0.450494083182731,0.0078368302349204,False,False,False,False,0.4732775586000684,0.0072431393614114
2026-01-23,621.935791015625,624.612469784726,617.8709699342951,618.949566020391,43645800,0.0031524261001239,0.0031524261001239,0.001216737340783,0.0011500887121241,1.0579508588826518,0.3320996788671082,6.664862865883993e-05,0.0563338851765455,0.0176339869606409,0.1517158443198109,0.2550814543425457,0.0077996452233439,False,False,False,False,0.3320996788671082,0.0031524261001239
2026-01-26,624.67236328125,626.81961915323,621.3365426117721,622.425196766994,35983000,0.0043904360035219,0.0043904360035219,0.0012274791438875,0.0011726637019283,1.0467443836361554,0.2678785973792585,5.481544195913503e-05,0.0456847603771949,0.0232755306822764,0.1505517499737477,0.1488473544733029,0.0078331960737435,False,False,False,False,0.2678785973792585,0.0043904360035219
2026-01-27,630.335205078125,631.2440322678261,626.5499998769385,628.1179690883873,38997200,0.0090244559025646,0.0090244559025646,0.0013089158320544,0.001237661574495,1.057571681166957,0.3299267206048195,7.125425755942082e-05,0.0559754132505066,0.028246918350871,0.149906465516687,0.1849719743845804,0.0080692619676369,False,False,False,False,0.3299267206048195,0.0090244559025646
2026-01-28,632.4225463867188,635.7982947738302,631.014348844542,634.6597767228699,50691700,0.0033060073594277,0.0033060073594277,0.0012963005626816,0.0012683621898505,1.0220271252602071,0.1262311097078546,2.793837283114804e-05,0.0217880327797936,0.0314764236806383,0.1490342463824287,-0.0650078162302632,0.0079903181225419,False,False,False,False,0.1262311097078546,0.0033060073594277
2026-01-29,628.6373291015625,632.8719797654484,617.4914101080947,631.8533057393616,79944000,-0.0060032496896941,0.0060032496896941,0.0013269474490758,0.001269310416198,1.0454081461416205,0.2602210052161494,5.763703287780349e-05,0.0444073796344324,0.0351618386478429,0.1483957227109757,0.0623032848769951,0.0081059344599264,False,False,False,False,0.2602210052161494,0.0060032496896941
2026-01-30,621.0868530273438,627.4688205124429,618.5200822009824,624.9220440060533,65650700,-0.012083575006611,0.012083575006611,0.0014040707274351,0.0013626443520601,1.0304014582472416,0.1742219997368006,4.142637537499737e-05,0.0299484915913699,0.0378338884456955,0.1477954431653755,-0.053353450454506,0.0083564059260458,False,False,False,False,0.1742219997368006,0.012083575006611
2026-02-02,625.3515014648438,627.6985176699922,617.8808797571519,617.9208683974972,49020300,0.0068429618898221,0.0068429618898221,0.0014471372469337,0.0014740009067237,0.9817750045692524,-0.104442198901001,-2.6863659789957712e-05,-0.0183931164628187,0.0390014220004127,0.1472534324353652,-0.3897670669810972,0.0084411471099654,False,False,False,False,0.104442198901001,0.0068429618898221
2026-02-03,615.7435913085938,629.1866011443993,610.1905958568021,627.5087242048245,81234000,-0.0154832649885579,0.0154832649885579,0.0016242762550176,0.0015347492621475,1.058333302434602,0.3342913526962163,8.952699287013326e-05,0.0566953144808932,0.0423406839515752,0.1468590425200457,0.0977442742578043,0.0090110839480377,False,False,False,False,0.3342913526962163,0.0154832649885579
2026-02-04,604.9871826171875,614.3253838343164,599.7138024298947,614.2455284678144,81850700,-0.0176233569529605,0.0176233569529605,0.0018583285764947,0.0019720106653566,0.9423521936980168,-0.3303629718249629,-0.0001136820888619,-0.0593761956206693,0.0412518668925972,0.147526894303672,-0.6820997824717434,0.009531505046144,False,False,False,False,0.3303629718249629,0.0176233569529605
2026-02-05,596.2781982421875,604.0483693053457,594.0110373128413,599.4541864003901,89354500,-0.0144999383160452,0.0144999383160452,0.0020676512163527,0.0023854587179353,0.8667730029477907,-0.7634855425881006,-0.0003178075015825,-0.1429781554581869,0.0364084857260915,0.151842523096789,-1.18139923867,0.0099244717677898,False,False,False,False,0.7634855425881006,0.0144999383160452
2026-02-06,608.8822631835938,610.6399955270392,598.0159600076653,599.434154665902,78019300,0.0209175871801926,0.0209175871801926,0.0024726466039629,0.0027934674233725,0.8851531910752682,-0.6581539790471219,-0.0003208208194095,-0.1219945516936195,0.031580264281329,0.155229557546418,-0.9893400355085428,0.0110841607271368,False,False,False,False,0.6581539790471219,0.0209175871801926
2026-02-09,613.54638671875,615.6837064208919,604.3080353554789,606.7748955946631,56797600,0.0076309503523362,0.0076309503523362,0.0024326509936118,0.0030438031343895,0.7992143007303162,-1.1506450039609566,-0.0006111521407776,-0.2241261580011836,0.0212691349680112,0.1647323658751466,-1.489660466329877,0.0109838650472861,False,False,False,False,1.1506450039609566,0.0076309503523362
2026-02-10,610.699951171875,616.2430108652889,610.2405694597212,614.5351423104305,53938900,-0.0046501109914586,0.0046501109914586,0.002453586505386,0.0031004408694048,0.7913669728708724,-1.1956157794133693,-0.0006468543640187,-0.2339934834378129,0.0078742748533757,0.1738024702689886,-1.391624399335968,0.0110032970739733,False,False,False,False,1.1956157794133693,0.0046501109914586
2026-02-11,612.337890625,616.7423712103644,606.9247331463698,615.6037921922693,58575100,0.0026784787459514,0.0026784787459514,0.0024585586202428,0.0030946819761581,0.7944462917947416,-1.1779690896927362,-0.0006361233559152,-0.2301098952969683,0.0027161887629416,0.1791749464985318,-1.2994343718797638,0.0110365512282568,False,False,False,False,1.1779690896927362,0.0026784787459514
2026-02-12,599.8836059570312,615.0344847338599,598.8149461335121,613.9358943887876,81378900,-0.0205485926946574,0.0205485926946574,0.0027654495930033,0.003121880252585,0.8858282090459471,-0.6542856455035949,-0.0003564306595817,-0.1212322421591193,-0.0003000868915659,0.1807216932929124,-0.6691623626586294,0.0116563436552252,False,False,False,False,0.6542856455035949,0.0205485926946574
2026-02-13,601.1619873046875,605.7162424752422,595.6689134343201,599.673873409497,69237500,0.0021287815177035,0.0021287815177035,0.00275707170977,0.003189238213657,0.8644922470712868,-0.77655589751925,-0.000432166503887,-0.1456129420062504,-0.0047930401095771,0.183145240030052,-0.7688974164633838,0.0116283772795898,False,False,False,False,0.77655589751925,0.0021287815177035
2026-02-17,600.542724609375,603.1894116444834,592.5927882610704,597.626419057608,69013800,-0.0010306404626511,0.0010306404626511,0.0027574339239815,0.0031631558625566,0.8717350784456022,-0.7350493172911732,-0.0004057219385751,-0.1372697103545139,-0.0125891480532956,0.1852873943572549,-0.6729036410368,0.0116277981806617,False,False,False,False,0.7350493172911732,0.0010306404626511
2026-02-18,605.027099609375,609.0021290003773,599.9634770047899,601.3517411914925,64250700,0.0074394623893686,0.0074394623893686,0.0023515537724357,0.0026990079034642,0.8712659823698601,-0.7377375717729097,-0.0003474541310284,-0.1378079728921722,-0.050608095490909,0.1161832462003652,-0.750537450562206,0.0108417118642809,False,False,False,False,0.7377375717729097,0.0074394623893686
2026-02-19,602.7100219726562,605.0570991965415,599.993476524114,602.0508799312083,60960800,-0.0038370609600061,0.0038370609600061,0.0021859694778378,0.0025853911046191,0.8455082381665028,-0.8853477839976821,-0.0003994216267812,-0.16781736714691,-0.0675262865710431,0.1070222193202482,-0.9371052218209058,0.01040170360972,False,False,False,False,0.8853477839976821,0.0038370609600061
2026-02-20,608.0433349609375,609.581373723881,598.4753818004266,599.3642756707148,74127300,0.0088099652226191,0.0088099652226191,0.0022111218972527,0.0026035311765578,0.8492780563419622,-0.8637440419721736,-0.0003924092793051,-0.1633686358760576,-0.0796623574557773,0.1033783631674268,-0.8097079103943001,0.0104695500520336,False,False,False,False,0.8637440419721736,0.0088099652226191
2026-02-23,600.652587890625,607.2443127599432,598.2955745850619,605.8460514657053,63859100,-0.0122294433914374,0.0122294433914374,0.0023507433926004,0.0027587927297567,0.8520913395359432,-0.8476219263849789,-0.0004080493371562,-0.1600615518708745,-0.0904821293081483,0.0998422311993446,-0.696893706469802,0.0107007505837823,False,False,False,False,0.8476219263849789,0.0122294433914374
2026-02-24,607.1044921875,608.2230768722754,598.9747284234804,601.6414099286677,55023700,0.010684210886763,0.010684210886763,0.0024456198265722,0.0029093257068246,0.8406139679841865,-0.9133954365635816,-0.0004637058802523,-0.1736227398656329,-0.1014475043202897,0.0962641088130516,-0.7497626730800585,0.0109657013719533,False,False,False,False,0.9133954365635816,0.010684210886763
2026-02-25,615.9033813476562,616.053216829597,610.2305417280922,610.3004608891118,55710700,0.0143891812415329,0.0143891812415329,0.0025712275590365,0.0031141941378751,0.8256478065272239,-0.9991621967041888,-0.0005429665788385,-0.1915869807384213,-0.1138256240197361,0.0909984522390292,-0.8545349377418677,0.0112791942647005,False,False,False,False,0.9991621967041888,0.0143891812415329
2026-02-26,608.4727783203125,614.8148183820397,603.2193924504018,614.8148183820397,96178900,-0.0121379270532569,0.0121379270532569,0.0027076271475261,0.0033701645671736,0.8034109591855523,-1.1265951632481377,-0.0006625374196475,-0.2188889161423351,-0.1258594714658426,0.0881377694158277,-1.0555003296893777,0.0114741178375418,False,False,False,False,1.1265951632481377,0.0121379270532569
2026-02-27,606.5252075195312,607.5539396831472,601.4316544188312,602.2206376135266,68125200,-0.0032058859216646,0.0032058859216646,0.002681865845232,0.0033145618355189,0.8091162507493851,-1.093899780768495,-0.0006326959902868,-0.211812675399848,-0.1386704742175565,0.0807712958930279,-0.90554695667084,0.0114406171683945,False,False,False,False,1.093899780768495,0.0032058859216646
2026-03-02,607.32421875,609.1518702196468,597.2369017749593,598.1058012495889,75264600,0.0013164916975326,0.0013164916975326,0.0025375862106813,0.0031848191498535,0.7967756068026864,-1.1646204563672962,-0.0006472329391721,-0.2271821871328169,-0.1515270081537659,0.0729986997145994,-1.0363907751074677,0.0112082111641329,False,False,False,False,1.1646204563672962,0.0013164916975326
2026-03-03,600.8224487304688,603.1994564784976,591.1246545665933,595.5790600436336,97015500,-0.0107633170095069,0.0107633170095069,0.0026066090763029,0.0030330610861592,0.8593988061096625,-0.8057449404480062,-0.0004264520098563,-0.1515221968560047,-0.1581834621734252,0.0663194551034989,0.1004420996376531,0.0112395537007916,False,False,False,False,0.8057449404480062,0.0107633170095069
2026-03-04,609.9808959960938,612.108218610738,602.6701065956436,603.3991678160902,70943900,0.0151281741547258,0.0151281741547258,0.0025957392348527,0.0028511169521987,0.9104288874754732,-0.5133062439229849,-0.0002553777173459,-0.0938394855824173,-0.1657102021765907,0.0473284401127287,1.5185524057625583,0.0113827027182972,False,False,False,False,0.5133062439229849,0.0151281741547258
2026-03-05,608.1431274414062,611.9883154244911,601.5015388569162,606.6350803018902,89602400,-0.0030173773994566,0.0030173773994566,0.002294261090932,0.002504069877931,0.9162128865299984,-0.4801598114867514,-0.000209808786999,-0.0875065324352215,-0.1671167190173184,0.0444797437539833,1.789807671159694,0.0107072581366735,False,False,False,False,0.4801598114867514,0.0030173773994566
2026-03-06,598.9946899414062,605.2368188486739,597.5764953219963,599.5539822531658,86302300,-0.0151575280345771,0.0151575280345771,0.0023137635358819,0.002078189391667,1.1133554743179048,0.6496075700109153,0.0002355741442148,0.1073784052346439,-0.1545988909826768,0.0745653856362672,3.513390214264508,0.0107534424791896,False,False,False,False,0.6496075700109153,0.0151575280345771
2026-03-09,606.99462890625,608.5027370453225,590.5853272955466,593.4816386137257,93068200,0.0132672092272629,0.0132672092272629,0.0020522369231209,0.0021467704031782,0.9559647925472916,-0.2523530890802526,-9.45334800572877e-05,-0.0450341944883009,-0.1507508731224109,0.0780529210376124,1.3544230917785485,0.0101285608023844,False,False,False,False,0.2523530890802526,0.0132672092272629
2026-03-10,607.004638671875,612.5176457382476,604.65756151405,607.0146358319374,64078900,1.6490562873494887e-05,1.6490562873494887e-05,0.0019940057917797,0.0020884591657539,0.9547736553709236,-0.2591791531177067,-9.445337397414028e-05,-0.0462809766755376,-0.1418586140561286,0.0793075504150194,1.2051518030809114,0.0099706079903285,False,False,False,False,0.2591791531177067,1.6490562873494887e-05
2026-03-11,606.9247436523438,611.6587648578186,604.2681201890963,608.1831666985171,60114800,-0.0001316304239933,0.0001316304239933,0.0019723995861154,0.0020678684188158,0.9538322497544997,-0.2645740775230753,-9.546883270044855e-05,-0.0472674618270717,-0.1325223129755915,0.0789015439086361,1.08052196351494,0.0099259180741444,False,False,False,False,0.2645740775230753,0.0001316304239933
2026-03-12,596.5078735351562,603.3792143506387,596.2981160455262,602.0009473234562,71836600,-0.0173123615629943,0.0173123615629943,0.0022649432006107,0.0019806311275223,1.1435462005709618,0.8226219253927383,0.0002843120730884,0.1341341364375604,-0.1143101113888651,0.0947253167534726,2.622786139348724,0.0105608775356286,False,False,False,False,0.8226219253927383,0.0173123615629943
2026-03-13,592.9722900390625,602.8398528802119,591.8237748266745,598.9747313072235,63145500,-0.0059447715342271,0.0059447715342271,0.0018780388474739,0.0020784744927711,0.9035659826501408,-0.5526355745409083,-0.0002004356452971,-0.101406141566456,-0.1133188063592319,0.0947514262453226,0.1257254403952992,0.009672964351987,False,False,False,False,0.5526355745409083,0.0059447715342271
2026-03-16,599.6239013671875,603.099499235842,598.3554812666724,599.2843027330098,49077200,0.0111549581481029,0.0111549581481029,0.0019979402280097,0.0021844944306716,0.9146007423765689,-0.489398545234005,-0.0001865542026618,-0.0892676560631597,-0.1105015420620774,0.0945868549486217,0.2244908767761821,0.0099940284344969,False,False,False,False,0.489398545234005,0.0111549581481029
2026-03-17,602.5502319335938,605.1369970937805,601.1120429286618,602.3804630878033,47106600,0.0048684067726689,0.0048684067726689,0.0020205793927507,0.0022616113747873,0.893424668480298,-0.6107525247299496,-0.0002410319820366,-0.1126932585354279,-0.1092727194711231,0.0943905533593268,-0.0362381503505283,0.0100499316710852,False,False,False,False,0.6107525247299496,0.0048684067726689
2026-03-18,594.15087890625,602.400426051188,593.8112802396884,600.7325461165636,56128000,-0.0140377423918654,0.0140377423918654,0.0021622920035682,0.0023274124784208,0.929054056217538,-0.4065707670491978,-0.0001651204748526,-0.0735883543287937,-0.1060617385429542,0.0944575133398569,0.3437882606259349,0.0103581829974551,False,False,False,False,0.4065707670491978,0.0140377423918654
2026-03-19,592.273193359375,595.0496606380132,586.3406715242521,588.7676039624899,75597600,-0.0031652882952852,0.0031652882952852,0.0021575880167497,0.0023449874208736,0.9200851132693324,-0.4579691954816042,-0.0001873994041239,-0.083289098795059,-0.1018353251253616,0.0934858333054464,0.1983854202775997,0.0103497128999021,False,False,False,False,0.4579691954816042,0.0031652882952852
2026-03-20,581.3269653320312,590.4254777892629,577.8113788279011,590.3156309505814,91964700,-0.0186546420961171,0.0186546420961171,0.0024279682012601,0.0022644739391435,1.0721996660197697,0.4137554880425733,0.0001634942621166,0.0697123009206431,-0.0901812782855265,0.0994278442116319,1.6081368400770777,0.0107866130215052,False,False,False,False,0.4137554880425733,0.0186546420961171
2026-03-23,588.0,595.0800170898438,585.9600219726562,590.52001953125,89936100,0.0114135862884888,0.0114135862884888,0.0024086788675605,0.002400479131755,1.0034158746464867,0.0195753936183358,8.199735805582663e-06,0.0034100537984449,-0.0820076980020606,0.1000644443854396,0.8536274030712017,0.0109224909422666,False,False,False,False,0.0195753936183358,0.0114135862884888
2026-03-24,583.97998046875,587.9299926757812,581.9299926757812,584.8099975585938,57750900,-0.0068602456772368,0.0068602456772368,0.0023415894760398,0.0022757462615331,1.028932581641282,0.1658042910342876,6.584321450665018e-05,0.0285219363782648,-0.0719004641898657,0.1005082636595697,0.9991457111255052,0.0106446809406872,False,False,False,False,0.1658042910342876,0.0068602456772368
2026-03-25,587.8200073242188,591.3699951171875,585.6900024414062,589.1400146484375,60475500,0.0065540888231844,0.0065540888231844,0.0021774970195403,0.0020613041683045,1.0563686102334429,0.3230322676428111,0.0001161928512357,0.0548371870969148,-0.0595792557980989,0.1001847163400502,1.142054866998453,0.0101700437233437,False,False,False,False,0.3230322676428111,0.0065540888231844
2026-03-26,573.7899780273438,584.6300048828125,573.4299926757812,582.5999755859375,81492100,-0.0241573536182215,0.0241573536182215,0.0026137454802259,0.0022587559648613,1.157161517617222,0.9006473853413656,0.0003549895153645,0.1459700388289227,-0.041336308049536,0.1027020909120794,1.823783188979149,0.0110488168600093,False,False,False,False,0.9006473853413656,0.0241573536182215
2026-03-27,562.5800170898438,571.02001953125,561.5700073242188,570.8099975585938,82702200,-0.0197300608605533,0.0197300608605533,0.0029927430772443,0.0030398642585532,0.9844989192605254,-0.0888322284592355,-4.712118130887656e-05,-0.0156224786582314,-0.0315267982124552,0.0950339068665472,0.1673541589377953,0.0116402189872511,False,False,False,False,0.0888322284592355,0.0197300608605533
2026-03-30,558.280029296875,568.0499877929688,555.5999755859375,567.3800048828125,70602600,-0.0076726954483297,0.0076726954483297,0.0030498801822974,0.0032667416980263,0.9336153464903848,-0.3804313264259019,-0.0002168615157288,-0.0686907601731868,-0.0236022268644736,0.084401724307163,-0.5342134142262606,0.0116090061954478,False,False,False,False,0.3804313264259019,0.0076726954483297
2026-03-31,577.1799926757812,578.6400146484375,564.2100219726562,564.2899780273438,95878000,0.0332934824576082,0.0332934824576082,0.0040424871634054,0.003419888415687,1.1820523572823225,1.0432896173788797,0.0006225987477183,0.1672522135040084,-0.007663506346473,0.0887282547363466,1.971364368320308,0.0140746312636529,False,False,False,False,1.0432896173788797,0.0332934824576082
2026-04-01,584.3099975585938,587.739990234375,580.4199829101562,581.47998046875,79435100,0.0122774961565679,0.0122774961565679,0.0039643624220242,0.0040202851192626,0.9860898678627262,-0.07971496031046,-5.592269723845959e-05,-0.0140077846558481,-0.0036719213001445,0.0865301563668736,-0.11944810676039,0.0139138954141526,False,False,False,False,0.07971496031046,0.0122774961565679
2026-04-02,584.97998046875,586.0499877929688,571.9199829101562,573.969970703125,50941700,0.0011459654937042,0.0011459654937042,0.0039565710925662,0.0039679256899387,0.9971384047334186,-0.0163989781584376,-1.1354597372475147e-05,-0.0028656974580597,0.0005601204487135,0.0843692964421727,-0.040605031110119,0.0139304924743897,False,False,False,False,0.0163989781584376,0.0011459654937042
2026-04-06,588.5,590.6099853515625,584.6900024414062,586.22998046875,35108500,0.0059993014749813,0.0059993014749813,0.0037628120546349,0.0036467836506929,1.0318166403756794,0.1823320008559275,0.000116028403942,0.0313209772188921,-0.003242750952074,0.0811204078422172,0.4260793194998991,0.0136879332769007,False,False,False,False,0.1823320008559275,0.0059993014749813
2026-04-07,588.5900268554688,588.97998046875,578.4000244140625,585.6400146484375,49948200,0.0001529651149704,0.0001529651149704,0.0035868166122813,0.0036479392609005,0.983244609011368,-0.0960203191791398,-6.112264861917035e-05,-0.0168973505112158,-0.0018359087532198,0.0806259110356535,-0.1868064690932383,0.0133030358404305,False,False,False,False,0.0960203191791398,0.0001529651149704
2026-04-08,606.0900268554688,609.9000244140625,602.1199951171875,608.7100219726562,63086000,0.0292986423876323,0.0292986423876323,0.004445226786101,0.0036553459781907,1.2160892054057435,1.238344989281583,0.0007898808079103,0.195640140561954,0.0102601471086547,0.090583079338478,2.0465190056146976,0.0149082411742011,False,False,False,False,1.238344989281583,0.0292986423876323
2026-04-09,610.1900024414062,610.5,603.030029296875,605.9299926757812,37837500,0.0067418538769227,0.0067418538769227,0.0044906620532303,0.0039781832025625,1.128822335365979,0.7382436952760973,0.0005124788506678,0.121174908183867,0.0186822656092017,0.0926498521538444,1.1062364395841349,0.0149820268619387,False,False,False,False,0.7382436952760973,0.0067418538769227
2026-04-10,611.0700073242188,613.6699829101562,609.5800170898438,611.8400268554688,34038500,0.0014411428001932,0.0014411428001932,0.004193021082913,0.0038240764093487,1.096479419883542,0.5528957633827403,0.0003689446735643,0.0921045197836092,0.0165807847765041,0.0904580760847432,0.8349031758795394,0.0144290238029076,False,False,False,False,0.5528957633827403,0.0014411428001932
2026-04-13,617.3900146484375,626.739990234375,608.1099853515625,609.47998046875,32972100,0.0102894078282564,0.0102894078282564,0.004263552687775,0.0037389472319602,1.140308333674946,0.8040666429152392,0.0005246054558148,0.1312986939724092,0.0282160265534474,0.0894944069362231,1.151833627909531,0.0144605210329274,False,False,False,False,0.8040666429152392,0.0102894078282564
2026-04-14,628.5999755859375,628.5999755859375,620.0999755859375,620.219970703125,49921100,0.0179941468163712,0.0179941468163712,0.0044629089161382,0.0039552909288571,1.128338975921506,0.7354737015368867,0.0005076179872811,0.1207466185003212,0.0387167402816214,0.0873896940280099,0.9386676441779026,0.0147505127232708,False,False,False,False,0.7354737015368867,0.0179941468163712
2026-04-15,637.4000244140625,637.8300170898438,628.2000122070312,629.0800170898438,50102400,0.0139023547611343,0.0139023547611343,0.0046324829995385,0.0042559241043013,1.0884787618408378,0.5070462968185258,0.0003765588952371,0.0847810901018743,0.0485904577134865,0.0806183301459045,0.4489131978160464,0.0149572934776978,False,False,False,False,0.5070462968185258,0.0139023547611343
2026-04-16,640.469970703125,642.1799926757812,635.260009765625,639.2100219726562,42320600,0.0048047958037543,0.0048047958037543,0.0044585108507939,0.0042929030872692,1.038577102757302,0.2210742633386352,0.0001656077635247,0.0378516059278881,0.0541624557263206,0.0756812462565168,-0.2155203647565207,0.0144511998333518,False,False,False,False,0.2210742633386352,0.0048047958037543
2026-04-17,648.8499755859375,650.0,644.0700073242188,645.5900268554688,53488900,0.012999291467006,0.012999291467006,0.0046174733794458,0.0042985440993126,1.0741947209949925,0.4251885734078038,0.0003189292801331,0.071571284117616,0.0619054748719544,0.0688346102097671,0.1404207740293139,0.0144936116715926,False,False,False,False,0.4251885734078038,0.012999291467006
2026-04-20,646.7899780273438,648.760009765625,642.52001953125,648.0399780273438,37138500,-0.0031798946747412,0.0031798946747412,0.004279589437854,0.0040148417653012,1.0659422433135255,0.3778960010332894,0.0002647476725528,0.0638591435192801,0.0616128170018862,0.0688132358526549,0.0326438146609432,0.013620309614624,False,False,False,False,0.3778960010332894,0.0031798946747412
2026-04-21,644.3300170898438,650.2000122070312,642.2100219726562,648.4099731445312,39580500,-0.003810589137301,0.003810589137301,0.0041638400754626,0.0039054106123593,1.0661721618427171,0.3792135978934961,0.0002584294631033,0.0640748153702151,0.0646460550804747,0.0675054507787645,-0.0084621271863185,0.0136846137793974,False,False,False,False,0.3792135978934961,0.003810589137301
2026-04-22,655.1099853515625,655.3300170898438,648.52001953125,650.1500244140625,37368400,0.016592094361584,0.016592094361584,0.0043920747000142,0.0039356079234083,1.1159838036433791,0.6646697682557181,0.0004564667766059,0.1097363509894511,0.0687067758110341,0.0676528312315899,0.6064724037633271,0.0136593475051338,False,False,False,False,0.6646697682557181,0.016592094361584
2026-04-23,651.4199829101562,656.9199829101562,645.52001953125,653.5499877929688,40099800,-0.0056485688690531,0.0056485688690531,0.0043810249499805,0.0038287807873904,1.144234991046962,0.8265691851969389,0.00055224416259,0.1347362836178378,0.0727017306370802,0.0690602811324522,0.8982667310864275,0.0138804061376016,False,False,False,False,0.8265691851969389,0.0056485688690531
2026-04-24,663.8800048828125,664.510009765625,656.530029296875,658.510009765625,45563100,0.0189468483704196,0.0189468483704196,0.0041564302793163,0.0032176525899487,1.2917585609770683,1.6719842686614594,0.0009387776893675,0.2560045155888341,0.0782034544750758,0.078425995461916,2.2671189580258404,0.0124358241708196,False,False,False,False,1.6719842686614594,0.0189468483704196
2026-04-27,664.22998046875,664.4299926757812,660.6900024414062,663.4000244140625,32717000,0.0005270280291516,0.0005270280291516,0.0037674327362987,0.0029838565411395,1.262605183713028,1.5049146615157778,0.0007835761951592,0.2331771925290747,0.0906434380344411,0.0821983044906637,1.7340230480158254,0.0109271545651567,False,False,False,False,1.5049146615157778,0.0005270280291516
2026-04-28,657.5499877929688,659.6400146484375,653.8099975585938,657.4099731445312,34147900,-0.0101076574130736,0.0101076574130736,0.003810727219236,0.0025702844986898,1.4826091124069756,2.7656938022824797,0.0012404427205461,0.3938034494558959,0.1137681485158952,0.0977125340814484,2.86590971744297,0.0111164195817205,True,False,True,False,2.7656938022824797,0.0101076574130736
2026-04-29,661.5700073242188,661.719970703125,656.5900268554688,658.6300048828125,31724900,0.0060950209096852,0.0060950209096852,0.0027394205249704,0.0019962754744494,1.372265781968757,2.1333479611645028,0.0007431450505209,0.3164632291787815,0.1212286992996339,0.1067863147809004,1.828272941900107,0.0095087630361375,True,False,True,False,2.1333479611645028,0.0060950209096852
2026-04-30,667.739990234375,668.9000244140625,657.5599975585938,665.3499755859375,40622200,0.0092830524552535,0.0092830524552535,0.0026748586759828,0.0020665658188113,1.294349616951165,1.6868328640665182,0.0006082928571715,0.2580083427010983,0.1348295056674812,0.1060156748007075,1.1618926848805464,0.0094450621422201,False,False,False,False,1.6868328640665182,0.0092830524552535
2026-05-01,674.1500244140625,675.969970703125,668.7999877929688,669.1599731445312,39172600,0.0095538127061706,0.0095538127061706,0.0027648207762947,0.0022018420577575,1.2556853324486763,1.4652589872598896,0.0005629787185372,0.2276815051678432,0.1463568657987764,0.1029053910843565,0.7902855089720329,0.0093765513353088,False,False,False,False,1.4652589872598896,0.0095538127061706
2026-05-04,672.8800048828125,676.72998046875,668.9000244140625,674.6599731445312,34542000,-0.0018856593838988,0.0018856593838988,0.002732384869419,0.0022301123451718,1.2252229692977976,1.2906879590646798,0.0005022725242472,0.203122843187137,0.1549469590971886,0.1000759003842761,0.4813934614123918,0.0095778851592798,False,False,False,False,1.2906879590646798,0.0018856593838988
2026-05-05,681.6099853515625,682.77001953125,677.510009765625,677.9600219726562,37101100,0.0128906103672786,0.0128906103672786,0.0028985293067336,0.0022628934263271,1.2808951906489767,1.6097294226257992,0.0006356358804064,0.2475592011824168,0.1681697866818702,0.0937692417605715,0.8466466509695986,0.009544836086539,False,False,False,False,1.6097294226257992,0.0128906103672786
2026-05-06,695.77001953125,695.9299926757812,686.47998046875,687.780029296875,38778500,0.0205615487438117,0.0205615487438117,0.0024628961477194,0.0023745419050176,1.0372089633436703,0.2132338504668845,8.835424270181103e-05,0.0365334165112775,0.1602144504793364,0.0977653261986415,-1.265080768172975,0.0086914478478491,False,False,False,False,0.2132338504668845,0.0205615487438117
2026-05-07,694.9400024414062,701.239990234375,691.77001953125,696.5800170898438,43779100,-0.0011936596059309,0.0011936596059309,0.0024188683772765,0.0023990587551884,1.0082572475747749,0.0473199072590424,1.980962208802256e-05,0.0082233430170396,0.154566872220995,0.1029806992149086,-1.4210772535011984,0.0088689108208447,False,False,False,False,0.0473199072590424,0.0011936596059309
2026-05-08,711.22998046875,711.22998046875,699.5,699.9199829101562,44320400,0.023170323660113,0.023170323660113,0.0029536553832203,0.0024202710754963,1.2203820527064886,1.2629460605597471,0.000533384307724,0.1991639676775851,0.1599198446156938,0.1023754749434193,0.3833351990169584,0.0094913950177832,False,False,False,False,1.2629460605597471,0.023170323660113
2026-05-11,713.2899780273438,714.5900268554688,708.9099731445312,710.3599853515625,36019100,0.0028922009583193,0.0028922009583193,0.0028561482961474,0.0022249369588672,1.2836985267221062,1.6257945341287725,0.0006312113372802,0.2497453854272455,0.1658421791884357,0.103962188794755,0.807055018863193,0.009523041948661,False,False,False,False,1.6257945341287725,0.0028922009583193
2026-05-12,707.239990234375,710.1799926757812,696.6400146484375,708.219970703125,45873000,-0.0085179820325505,0.0085179820325505,0.0026049149944052,0.0018520376873735,1.4065129517419903,2.329608625856789,0.0007528773070316,0.3411135573959492,0.176860526133217,0.1100956631791189,1.491911911148602,0.0097728950402848,True,False,True,False,2.329608625856789,0.0085179820325505
2026-05-13,714.7100219726562,716.6500244140625,704.8300170898438,709.9600219726562,40012500,0.0105068397544006,0.0105068397544006,0.0025220332081254,0.0018895699582062,1.3347127991596082,1.918142634239594,0.0006324632499191,0.2887161369924166,0.1870572784777442,0.1105383826981203,0.9196702180119836,0.0096611487682302,False,False,False,False,1.918142634239594,0.0105068397544006
2026-05-14,719.7899780273438,722.030029296875,714.219970703125,714.6199951171875,33327500,0.0070825755177463,0.0070825755177463,0.0025491100213742,0.0019093397443568,1.3350740898304294,1.920213087000275,0.0006397702770174,0.2889867883125774,0.1996140375969786,0.1070860703483107,0.8345880134073727,0.0096630673476473,False,False,False,False,1.920213087000275,0.0070825755177463
2026-05-15,708.9299926757812,715.1300048828125,705.5499877929688,710.1400146484375,51792700,-0.015202691553876,0.015202691553876,0.0026112502732123,0.0020190273494753,1.2933209022111185,1.6809375962240316,0.000592222923737,0.2572132532284454,0.2088961360525201,0.1035731879254672,0.4665021724608404,0.010533633347686,False,False,False,False,1.6809375962240316,0.015202691553876
2026-05-18,705.8800048828125,712.0700073242188,698.8499755859375,711.5399780273438,49834500,-0.0043115224277083,0.0043115224277083,0.0026197277687145,0.0021073713712667,1.2431258222606618,1.3932840522789618,0.0005123563974478,0.2176290320723659,0.2165846304801744,0.0980832249876113,0.0106481163555073,0.0105772946794499,False,False,False,False,1.3932840522789618,0.0043115224277083
2026-05-19,701.530029296875,706.489990234375,695.25,699.8099975585938,46827500,-0.0061815524003816,0.0061815524003816,0.0026434187692198,0.0020468977750133,1.291426861413559,1.6700833940127326,0.0005965209942065,0.255747701221226,0.2261682747727249,0.0918814339586294,0.3219303963172741,0.0106811071577373,False,False,False,False,1.6700833940127326,0.0061815524003816
2026-05-20,713.1500244140625,713.1500244140625,703.7899780273438,705.3200073242188,35933262,0.0164281053115588,0.0164281053115588,0.0026380038180438,0.0020598437924487,1.2806814903705752,1.608504767889022,0.000578160025595,0.2473923506013034,0.2330510747533176,0.0879745894941618,0.1630161155675246,0.0106716902996471,False,False,False,False,1.608504767889022,0.0164281053115588
