date,Close,High,Low,Open,Volume,returns,abs_return,RV,BPV,RV_to_BPV,jump_component,ratio_z
2023-05-17,325.34893798828125,325.9286513392728,321.3400610920875,322.5191284212314,47486100,0.0120316247162096,0.0120316247162096,,,,,
2023-05-18,331.39178466796875,331.6079515358574,325.72235952182035,325.7420001513761,64213500,0.0184030531857852,0.0184030531857852,,,,,
2023-05-19,330.64501953125,332.31537245568006,329.5838259221381,331.6079200448358,61554900,-0.0022559635618317,0.0022559635618317,,,,,
2023-05-22,331.7552795410156,332.76732644934293,330.3796561827026,330.3894914879063,43015900,0.0033522359546978,0.0033522359546978,,,,,
2023-05-23,327.5498962402344,331.1854214014878,327.1961850279305,330.0358299758091,48216700,-0.0127571888987719,0.0127571888987719,,,,,
2023-05-24,325.86968994140625,327.107739087204,323.8161199997777,325.59457124075004,62891200,-0.0051428210528703,0.0051428210528703,,,,,
2023-05-25,333.7991027832031,335.0666280785355,330.8022724961006,333.2292246578266,66862800,0.0240417459871583,0.0240417459871583,,,,,
2023-05-26,342.32781982421875,343.1630113895212,334.72272789307027,334.8209910158756,63007000,0.0252294921198348,0.0252294921198348,,,,,
2023-05-30,343.8803100585937,347.761448653529,342.45556969717313,346.56271048312635,72652200,0.0045248454968776,0.0045248454968776,,,,,
2023-05-31,341.92486572265625,344.4893915729224,340.47067986314727,342.29824749275286,65105400,-0.0057026388958815,0.0057026388958815,,,,,
2023-06-01,345.8748779296875,347.20132498528426,340.6181163131397,341.6694746335876,50488600,0.0114860631175471,0.0114860631175471,,,,,
2023-06-02,348.4688720703125,349.6282988963588,345.8748996800786,347.6336805484104,53372100,0.0074718212953272,0.0074718212953272,,,,,
2023-06-05,348.7145080566406,351.26919913842227,347.68282030519657,348.2526983996044,47266200,0.0007046524730618,0.0007046524730618,,,,,
2023-06-06,348.6555480957031,349.6184786308864,346.77883357493243,348.10531064293906,41390400,-0.0001690923220973,0.0001690923220973,,,,,
2023-06-07,342.74041748046875,350.8957446449476,342.1115576582304,348.94043798423246,69225900,-0.0171111063219422,0.0171111063219422,,,,,
2023-06-08,346.99493408203125,347.456743640052,342.80920211568684,343.0351742492655,47153900,0.0123368203535585,0.0123368203535585,,,,,
2023-06-09,348.3215026855469,351.4264313853431,346.8771217711748,348.44924174376325,53196900,0.0038157309188038,0.0038157309188038,,,,,
2023-06-12,354.20703125,354.3052943529786,349.00925194071897,349.98198769312216,44606500,0.0167556646526792,0.0167556646526792,,,,,
2023-06-13,356.92877197265625,357.76393338304973,353.75505666181834,356.9582479049561,57097800,0.0076546673647989,0.0076546673647989,,,,,
2023-06-14,359.52276611328125,359.8077201335218,354.1382955769709,356.9385992749848,69525600,0.0072412587246241,0.0072412587246241,0.002996092677730874,0.003007182439909484,0.9963122416414005,-1.1089762178609873e-05,
2023-06-15,363.8067626953125,365.29042457474895,357.636217766432,358.2552123333636,71138800,0.0118453526443192,0.0118453526443192,0.0029916450636874484,0.0027941143382427206,1.0706952907191905,0.00019753072544472774,
2023-06-16,361.5173950195313,366.351658257818,361.0752559946736,366.22391921096187,80932000,-0.0063126955142958,0.0063126955142958,0.00269282282178482,0.0028463582183939325,0.946059004233225,-0.00015353539660911252,
2023-06-20,360.9998779296875,362.397056132463,358.03830213467023,360.0651728884419,49204700,-0.0014325392560762,0.0014325392560762,0.0026897856189127068,0.002848684036779871,0.9442204134205134,-0.00015889841786716425,
2023-06-21,356.0802917480469,360.2914640047926,355.1554054556322,359.8585372284782,53378300,-0.0137213761477846,0.0137213761477846,0.0028668242964057303,0.0028123849798996478,1.0193569930486632,5.4439316506082504e-05,
2023-06-22,360.2815856933594,360.438986288893,354.4272564085089,354.8306667482636,47603000,0.0117296641462851,0.0117296641462851,0.0028416634487914275,0.00296214343593966,0.9593267545094375,-0.00012047998714823224,
2023-06-23,356.7099914550781,359.01235823948906,355.01764962720034,356.3852813802628,48922900,-0.0099628054062436,0.0099628054062436,0.0029144723319722583,0.0029514902386390727,0.9874578929036596,-3.701790666681441e-05,
2023-06-26,351.9281311035156,358.9729945543616,351.8395819991526,356.17866827388485,52685500,-0.0134961210295944,0.0134961210295944,0.002518612064706676,0.002209914444319367,1.1396875888932365,0.00030869762038730894,
2023-06-27,357.97918701171875,358.7073073891835,352.74476147658174,353.47285182722567,49428100,0.017047866121338,0.017047866121338,0.002172714531372934,0.0023920019566689276,0.9083247299674576,-0.0002192874252959936,
2023-06-28,358.6778564453125,360.6259969338408,356.080295758173,356.15902609665824,46498000,0.0019498019626497,0.0019498019626497,0.002156042032295873,0.00240368303101943,0.8969743533037592,-0.0002476409987235569,
2023-06-29,357.9595031738281,359.02215231347265,356.31637556095365,358.3825810596035,46151000,-0.0020047894585496,0.0020047894585496,0.0021275411226921643,0.0023069346569552147,0.922237271124176,-0.00017939353426305038,
2023-06-30,363.4793701171875,364.5321406265844,361.32458510548383,361.6394163650322,58712500,0.0153026815267389,0.0153026815267389,0.002229783538660684,0.0022203159894517905,1.0042640548705102,9.467549208893623e-06,
2023-07-03,364.3353576660156,364.9650501822504,363.0365774410757,364.1188942951923,19432900,0.0023522138556069,0.0023522138556069,0.002179488335213888,0.002268586783880342,0.960725131037723,-8.909844866645394e-05,
2023-07-05,364.3254699707031,366.0276603880261,362.7315262406466,362.77089140209085,34460900,-2.713936289176617e-05,2.713936289176617e-05,0.0021789925366511144,0.0022684998972646317,0.9605433702150722,-8.95073606135173e-05,
2023-07-06,361.55084228515625,361.9936178152119,358.6581182234109,360.6161373160052,49374700,-0.0076449421266718,0.0076449421266718,0.0022374090845578834,0.002264280930214677,0.9881322828372512,-2.687184565679365e-05,
2023-07-07,360.35052490234375,364.5223623431032,360.12424272442456,361.32462523858015,47133700,-0.0033254362535253,0.0033254362535253,0.0019556776512733333,0.001972625086178002,0.9914086893533811,-1.6947434904668497e-05,
2023-07-10,360.468505859375,361.1474122875821,357.5659631843357,360.0749443133993,48498800,0.0003273525061073,0.0003273525061073,0.0018035876745006129,0.0019003913935292634,0.9490611674214784,-9.680371902865055e-05,
2023-07-11,362.2494201660156,362.7020144344407,358.75649019433894,360.89160733391975,38214100,0.0049283900322122,0.0049283900322122,0.001813316900365506,0.0018024965596625064,1.006002974399588,1.0820340702999594e-05,
2023-07-12,366.82464599609375,368.1726100645608,364.34515118816057,366.35235412153,61975400,0.0125509494910005,0.0125509494910005,0.0016900909355381088,0.0016981908690315356,0.995230257304324,-8.099933493426782e-06,
2023-07-13,373.0528564453125,373.8793447436065,369.4221931900927,370.0027017557936,46960000,0.0168361858475375,0.0168361858475375,0.0019149541569652134,0.0019430476864287969,0.9855415131291926,-2.809352946358352e-05,0.07410874720961529
2023-07-14,372.9741516113281,376.70318269282194,372.0984493610609,373.4857786392497,55148500,-0.0002109972787215,0.0002109972787215,0.0018625628488998965,0.0018138922983102976,1.0268321060930339,4.8670550589598877e-05,0.8051748736742181
2023-07-17,376.4572143554688,377.3329166322363,373.21029383715927,373.6924045131907,40868900,0.0092952816788482,0.0092952816788482,0.0018086527311207475,0.0016995150380925363,1.064216962240418,0.00010913769302821124,1.5136306585657118
2023-07-18,379.5369262695313,380.90458816742535,373.889240508332,375.8177134466004,55262000,0.0081474942328624,0.0081474942328624,0.0018351842687390635,0.001804271554666539,1.0171330717887628,3.0912714072524545e-05,0.5745437354538135
2023-07-19,379.44830322265625,381.7408509867263,378.1200067532501,380.5995015032938,54093000,-0.0002335303608927,0.0002335303608927,0.0018331866364483228,0.0017763840722459226,1.0319765106487266,5.680256420240019e-05,0.7700934129060664
2023-07-20,370.7012939453125,377.9232550597698,369.67800988298177,376.4571954822207,71941700,-0.0233217634678728,0.0233217634678728,0.002188815124310737,0.0015321239962185187,1.4286148704106307,0.0006566911280922181,3.810970370850674
2023-07-21,369.5895080566406,373.8105290801638,369.1565812836216,373.0824085836359,60499600,-0.0030036486243894,0.0030036486243894,0.002060252008384887,0.001458595053758353,1.4124907410567777,0.0006016569546265337,2.718383847661753
2023-07-24,370.1798400878906,371.50810665869074,368.3202188458526,370.5635528672616,40380100,0.0015959897717784,0.0015959897717784,0.0019635417001738317,0.001254917064631193,1.5646784600469963,0.0007086246355426388,2.7822751516729474
2023-07-25,372.6888122558594,374.351637654843,370.8685562243706,370.888253820198,38894400,0.006754846095559,0.006754846095559,0.00182702436310306,0.0009104423739129353,2.0067435517646244,0.0009165819891901247,3.2902545889664383
2023-07-26,371.4490356445313,373.1413772776373,369.1466691250998,371.6458314264261,47075700,-0.003332118536722,0.003332118536722,0.0015474976377547623,0.0008935845642744667,1.731786447107254,0.0006539130734802956,1.9392527743419152
2023-07-27,370.5635070800781,378.5234068573083,369.2745758075157,376.90979558078055,63940200,-0.0023868302322845,0.0023868302322845,0.001549392868618957,0.0008999372712049845,1.721667629727541,0.0006494555974139725,1.66520574449703
2023-07-28,377.3132629394531,378.33651706389406,374.1056774417926,374.6173045040131,56902900,0.0180509394202926,0.0180509394202926,0.001871210101800919,0.000919424371442235,2.0351974125568217,0.0009517857303586839,2.179562076047791
2023-07-31,377.5100402832031,378.6907551113529,376.19159240697024,377.6182869887491,44019900,0.0005213865215014,0.0005213865215014,0.0016373098837969263,0.0008776668512475796,1.8655254912151857,0.0007596430325493466,1.5119864783006216
2023-08-01,376.6343383789063,377.3919451508952,374.5681026054184,376.1620464793932,41060600,-0.0023223730698246,0.0023223730698246,0.0016371703904498637,0.0008794685804442904,1.8615450589750429,0.0007577018100055733,1.3425408510440742
2023-08-02,368.3694152832031,373.16109557263337,367.1296678474969,373.16109557263337,72687100,-0.0221885115113967,0.0221885115113967,0.0021294996969962294,0.0009600858106381166,2.218030589974939,0.0011694138863581128,1.9194017656675197
2023-08-03,367.779052734375,369.9043211540575,365.7915173462568,365.9587967704652,47666400,-0.0016039228526285,0.0016039228526285,0.002073627125393252,0.0009760543579815263,2.1244996330752506,0.0010975727674117255,1.508044021001305
2023-08-04,366.0571899414063,372.0197359751691,365.55538170207865,369.7075205928436,61702800,-0.0046927798131652,0.0046927798131652,0.0020845907814918425,0.0009861675639682866,2.1138302025505262,0.0010984232175235559,1.3312772494633864
2023-08-07,369.1565551757813,369.2549530766585,365.53574062735606,367.8676237467124,37230400,0.0084312449679633,0.0084312449679633,0.0021555695135383945,0.0010457834555957874,2.061200626194987,0.001109786057942607,1.1025499636510918
2023-08-08,366.0178833007813,366.6672734711469,362.8890279564225,366.6476058999817,44726500,-0.0085386291478089,0.0085386291478089,0.0022041886729525974,0.0010617039470876396,2.076085973871443,0.0011424847258649578,1.0304203981368727
2023-08-09,361.9936218261719,366.4606222337156,361.2360150499196,366.3031915996586,51150900,-0.011055601279396,0.011055601279396,0.0021688886594759343,0.0008780614591580737,2.470087528446546,0.0012908272003178604,1.7004568252627448
2023-08-10,362.6626892089844,368.33989085090377,361.13762681764416,365.0044211596802,72035300,0.0018465790271673,0.0018465790271673,0.0018888413596866865,0.0009045492510698216,2.088157562954953,0.000984292108616865,0.7850262923303185
2023-08-11,360.35052490234375,362.0822321429167,358.82546229399486,360.1045451250728,48707200,-0.0063959334177272,0.0063959334177272,0.001929704804119058,0.0009200205226147144,2.097458433464944,0.0010096842815043435,0.7281289223315128
2023-08-14,364.3944396972656,364.51250518335536,358.83530286380505,359.5535445797935,42130800,0.0111596684650526,0.0111596684650526,0.0019678407428798165,0.0009131769440864225,2.154939144733358,0.001054663798793394,0.7936343096513585
2023-08-15,360.5275268554688,364.21722222188913,359.8584392753097,363.42022039807,45539900,-0.0106685952349814,0.0106685952349814,0.0020152780048931585,0.0010972040567002227,1.8367394766603304,0.0009180739481929358,-0.17828398188307545
2023-08-16,356.7099914550781,361.5213395998945,356.6115935528061,359.9864284102872,53190500,-0.010645208465172,0.010645208465172,0.0021285439317306693,0.0012670433943404954,1.6799297808095914,0.0008615005373901739,-0.9287224648508395
2023-08-17,352.8136901855469,358.45155731866623,352.40046098733217,358.1071796356024,62604300,-0.0109829750196031,0.0109829750196031,0.0017052650207604887,0.0013406598258857293,1.2719595141398952,0.0003646051948747594,-2.2896006725314577
2023-08-18,352.37091064453125,353.6303257433368,349.0058945064905,349.54706796393924,61191400,-0.001255783517345,0.001255783517345,0.0016978201079441279,0.00135479455262383,1.2531937810466984,0.00034302555532029783,-2.2034642577252335
2023-08-21,358.048095703125,358.72700217281374,353.3744807454022,353.83692384755506,50696500,0.0159829786733792,0.0159829786733792,0.001950728531866201,0.0013693880294539725,1.4245257661877118,0.0005813405024122284,-1.5569459578309977
2023-08-22,357.5364074707031,360.6652619530752,356.8476523209301,360.6554131567928,44530200,-0.0014301268888966,0.0014301268888966,0.0019071458490098573,0.0013699373992551074,1.3921408745004353,0.0005372084497547499,-1.4744724074290765
2023-08-23,363.17431640625,364.2664820763043,358.5007013012925,358.7171646756477,51770600,0.0156457334585266,0.0156457334585266,0.0021408318105223495,0.00139259171110739,1.5373004114895659,0.0007482400994149594,-0.9797506147052464
2023-08-24,355.41119384765625,366.7459290080147,355.20457928175483,366.6475611373719,66842500,-0.021607517785443,0.021607517785443,0.0026020196768128377,0.001855946681916564,1.4019905324682242,0.0007460729948962736,-1.2842047377314703
2023-08-25,358.1661682128906,359.8585100213993,352.8136466802501,356.2475442612524,69960500,0.007721624031611,0.007721624031611,0.002335806740543317,0.002103242821488017,1.1105739749491996,0.00023256391905530005,-1.8216639222933855
2023-08-28,360.8621215820313,361.7968265629238,358.392475423515,361.0884037220295,40910000,0.0074989149690421,0.0074989149690421,0.002391768622351437,0.0021922958959921563,1.0909880489782182,0.0001994727263592809,-1.6419715567967645
2023-08-29,368.7433166503906,369.0975431080189,360.34066992242833,360.6653499839977,58492400,0.021604832450416,0.021604832450416,0.002853143990886539,0.0023658418722059113,1.2059740866054869,0.0004873021186806276,-1.2308046726463358
2023-08-30,370.7996520996094,371.3801906583347,367.8478954803411,368.8515119480578,41731500,0.0055611122967086,0.0055611122967086,0.0023917399177717587,0.0024986656430022952,0.9572068693824681,-0.00010692572523053655,-1.6057218151448263
2023-08-31,371.9115295410156,373.6137202039194,370.8095450761535,370.8784266119136,35730700,0.0029941067255377,0.0029941067255377,0.002398132024338485,0.002512997128357243,0.9542915896231661,-0.00011486510401875804,-1.4381502874653465
2023-09-01,371.5179748535156,374.70586283279096,370.0322475419477,374.2827848655316,39801200,-0.0010587546551137,0.0010587546551137,0.002377230803383359,0.0024558265010350936,0.9679962336025743,-7.859569765173444e-05,-1.2684470929750906
2023-09-05,371.990234375,373.21028423077263,369.7862355695372,370.7111217591785,32344200,0.0012703547294669,0.0012703547294669,0.0023077587128122316,0.0023448555838272178,0.9841794644963007,-3.709687101498618e-05,-1.1156656060335954
2023-09-06,368.7137451171875,371.5572850441712,366.7065722559504,371.2129074367522,42998700,-0.0088470177542627,0.0088470177542627,0.002313120248232659,0.002214226859909761,1.0446627173183727,9.889338832289778e-05,-0.8916444111217844
2023-09-07,366.076904296875,366.854208721943,363.2136963758197,364.25664812381336,52060700,-0.0071771521354472,0.0071771521354472,0.002242405441359031,0.0022818988876758327,0.9826927273026429,-3.949344631680148e-05,-0.9865049789650653
2023-09-08,366.5885620117188,368.82207756727865,365.62434051892274,366.0277509497808,35800100,0.0013967023738656,0.0013967023738656,0.002240946364776619,0.002279093051035672,0.9832623392705627,-3.814668625905324e-05,-0.9090718561647405
2023-09-11,370.907958984375,371.4195860717581,367.6511893880525,369.6190274535924,39936600,0.0117138081047545,0.0117138081047545,0.0023372517008076314,0.002192674445664892,1.0659364893081056,0.0001445772551427393,-0.6160183253847528
2023-09-12,366.795166015625,370.88827258740463,366.5098211030943,369.23526587586855,41391000,-0.0111503813433576,0.0111503813433576,0.002337044504660039,0.0022108256907915065,1.0570912552691318,0.00012621881386853245,-0.6049479654743474
2023-09-13,368.19232177734375,369.79611455684034,365.8998037117071,367.031304560014,46300700,0.003801853685424,0.003801853685424,0.0022376796718175432,0.0020990206464114314,1.0660589144957524,0.00013865902540611185,-0.5035909088508638
2023-09-14,371.2030334472656,372.1869522435042,367.8774131385071,369.943618589153,48039400,0.0081437577015528,0.0081437577015528,0.002190679998052174,0.0019640033454235302,1.1154156143149347,0.0002266766526286437,-0.16044222841564448
2023-09-15,364.8469848632813,370.2683879074045,363.9122498464243,369.86497753312017,69811200,-0.0172711267482324,0.0172711267482324,0.002368346076924457,0.002163273990124987,1.0947970935422848,0.0002050720867994701,-0.23094895504404503
2023-09-18,365.2273559570313,366.3407987118216,363.6212415458056,363.9069995262197,36903500,0.0010420065653564,0.0010420065653564,0.0023678548623642676,0.0021600153201882513,1.0962213277996113,0.00020783954217601635,-0.17913815732031388
2023-09-19,364.4488830566406,365.24700863969736,361.4238722283556,363.9069563270103,37621700,-0.0021337496114747,0.0021337496114747,0.002116952142495042,0.0021276030273926034,0.994993951051755,-1.0650884897561545e-05,-0.6990113062310349
2023-09-20,359.197021484375,365.8677841776096,359.1181771883691,365.5130750564479,45514200,-0.0145152587743324,0.0145152587743324,0.0023255996168625305,0.002141106446588441,1.086167210681213,0.00018449317027408952,-0.025989648046892567
2023-09-21,352.61492919921875,356.30013348758865,352.44743768219166,355.5118408271102,69734800,-0.0184944349180911,0.0184944349180911,0.0024228547643467793,0.002031757101387648,1.1924923322241716,0.00039109766295913114,1.1564655117688019
2023-09-22,352.66424560546875,356.4972156395276,352.34892851338105,354.3590373875739,51589700,0.0001398493195097,0.0001398493195097,0.001955989497330711,0.0017737401474896392,1.1027486185611843,0.0001822493498410717,0.6287041014708431
2023-09-25,354.3392639160156,354.4279712684221,350.7132080525282,351.698551280886,39168000,0.0047383681183057,0.0047383681183057,0.0019188181520697343,0.0016838259680004408,1.1395584748870151,0.0002349921840692935,1.1015427060220457
2023-09-26,349.0184631347656,352.29967336301286,348.03311977474067,351.75771647282335,53657700,-0.0151300030639687,0.0151300030639687,0.0020915014190725128,0.0015419496373580695,1.3564006037551453,0.0005495517817144433,2.9103929645749336
2023-09-27,349.8363342285156,351.74790285785804,346.21024761051166,350.1713473809382,56066000,0.0023406048587583,0.0023406048587583,0.0016302110649668074,0.001408850502832823,1.1571213991043672,0.00022136056213398442,0.9196054579469294
2023-09-28,352.76275634765625,354.89110143517365,348.0626496696963,348.919893509747,56453300,0.0083303240253423,0.0083303240253423,0.0016686793933573991,0.0014133232403808764,1.1806778135960652,0.0002553561529765227,1.0590018130595154
2023-09-29,353.0188903808594,357.6303193180829,351.7872114054841,356.2409818254251,64829600,0.0007258166761203,0.0007258166761203,0.0016602415281208233,0.0014178412647752679,1.170964316928649,0.00024240026334555547,0.866199618445975
2023-10-02,355.965087890625,357.3642583710357,352.67404526804705,353.28495323022247,51625100,0.0083110889918333,0.0083110889918333,0.0017281947669312713,0.0014252041102396674,1.2125945712019115,0.0003029906566916038,1.202449847191606
2023-10-03,349.7180480957031,355.7187850269011,348.1020706923418,353.5214587002204,60478500,-0.0177054053574861,0.0177054053574861,0.0020400623446654898,0.0016386947283699956,1.2449312915619941,0.00040136761629549415,1.4079079699146317
2023-10-04,354.4772644042969,355.32464523779134,350.09247453990724,350.5555871096961,54786700,0.0135169566913612,0.0135169566913612,0.0021445007397173843,0.001914882827898998,1.119912251795752,0.0002296179118183863,-0.012222279592611077
2023-10-05,353.43280029296875,354.8713931304046,349.9348435109707,354.46739875798454,45897400,-0.0029508405694456,0.0029508405694456,0.0021016966870083162,0.0019617900086861696,1.0713158277403214,0.0001399066783221467,-0.6424368127516079
2023-10-06,359.3547058105469,360.54696275822704,349.64906850019884,350.4373310951315,75049100,0.0166165700844934,0.0166165700844934,0.002375856310860035,0.002013111294894317,1.1801912377550696,0.00036274501596571815,0.5732388583317236
2023-10-09,361.1874084472656,361.7293351903447,355.4921258364322,356.98983670606606,45304800,0.0050870214318993,0.0050870214318993,0.0022645207975936265,0.0019407218071549356,1.1668446189685344,0.00032379899043869084,0.3446080970639236
2023-10-10,363.1876831054688,365.8382589863909,361.0199458890347,361.52245052391424,46968800,0.0055227733966259,0.0055227733966259,0.0021706908194818074,0.0019182631082697358,1.1315918082998324,0.0002524277112120716,-0.16699008800284074
2023-10-11,365.7791748046875,365.9663924545984,362.7935855328113,364.517936467037,38215100,0.0071100697882634,0.0071100697882634,0.0022067898204304118,0.001931310031102554,1.1426388228153046,0.00027547978932785776,-0.07234081178948752
2023-10-12,364.5079956054688,368.26215071816847,362.1136188933288,366.2816313728331,49587900,-0.0034813167602262,0.0034813167602262,0.002152588597313843,0.0017492555750822454,1.2305740956192943,0.0004033330222315975,1.0371226660963113
2023-10-13,359.9261779785156,365.7200010485941,358.5269773449452,365.13865214466296,52469900,-0.0126495377741496,0.0126495377741496,0.0020143075840599717,0.001790159771793976,1.1252110654019278,0.00022414781226599563,-0.40872765719015924
2023-10-16,363.9956665039063,365.04999103567854,361.0987548405133,361.24655031919855,44201100,0.0112430131053751,0.0112430131053751,0.002139627150065362,0.0020100642484442628,1.0644570947030063,0.00012956290162109913,-1.1904641252811452
2023-10-17,362.8033752441406,364.498166736826,358.32990873374644,360.4483905820312,50999100,-0.0032809408400979,0.0032809408400979,0.002145838835457116,0.002019356660257038,1.0626348864910165,0.00012648217520007778,-1.3687778200880567
2023-10-18,358.044189453125,362.5176564466025,356.7139699865063,360.31049708114347,54280500,-0.0132046085067972,0.0132046085067972,0.0021095077839890634,0.0016657264728746418,1.2664190780065843,0.00044378131111442163,1.418466354939541
2023-10-19,354.6940002441406,360.6553146993433,353.89587464125333,359.4630578223605,72274200,-0.009400966388523,0.009400966388523,0.0018558418300876952,0.0018566562112896962,0.9995613721069905,-8.143812020009779e-07,-1.979399938903811
2023-10-20,349.4027404785156,354.76301044050285,349.1761006940264,354.1914944866745,72559700,-0.0150302055677911,0.0150302055677911,0.0020817293516655865,0.002077566409028986,1.0020037591186055,4.162942636600549e-06,-1.7479355606744509
2023-10-23,350.4570617675781,353.99444057612124,345.9737317484537,348.08238082629725,60665200,0.0030129522606165,0.0030129522606165,0.0020683551005657645,0.002036087596319532,1.015847797660847,3.226750424623233e-05,-1.4303142364471884
2023-10-24,353.8663330078125,354.6348995548222,350.5752900977818,352.27008172327623,47082100,0.0096810581409369,0.0096810581409369,0.0019331609945782628,0.002026278298926155,0.9540451553978343,-9.311730434789214e-05,-1.9933603081670173
2023-10-25,345.20513916015625,351.64929222134697,344.6237902703507,351.47193765909213,71190500,-0.0247804048707447,0.0247804048707447,0.002541751029031448,0.0023724858045479393,1.07134509473525,0.00016926522448350865,-0.5725602902801331
2023-10-26,338.623046875,344.9391003796654,337.3322496918458,344.00301231388727,78621400,-0.0192513140067987,0.0192513140067987,0.0028429698216526165,0.003112345117329812,0.9134494133772987,-0.0002693752956771955,-2.019571586323428
2023-10-27,340.2489013671875,343.7271621038448,339.0369182513592,341.3524810806448,63476700,0.0047898800499498,0.0047898800499498,0.002865385962698189,0.0032477150220203187,0.8822775222795587,-0.0003823290593221295,-1.9780298530962546
2023-10-30,344.0818786621094,345.4022350230032,341.37218469520366,342.73193313591645,55298500,0.0112022357903051,0.0112022357903051,0.0029218018491696087,0.0031008552512531776,0.9422567686733503,-0.0001790534020835689,-1.2746112242260341
2023-10-31,345.72735595703125,346.10179117581265,341.5396474517011,344.1114087821121,47671900,0.004770827450172,0.004770827450172,0.002631081264856026,0.0028088767870638473,0.9367022708056649,-0.00017779552220782138,-1.214353002994407
2023-11-01,351.7281188964844,352.2897717671252,346.46638953800874,346.5649298772897,58992700,0.0172080117849644,0.0172080117849644,0.0027444888162513658,0.0028751802112401102,0.9545449727019458,-0.00013069139498874446,-0.9491810795875073
2023-11-02,358.1131286621094,358.3496014034231,355.0191366352463,356.24098262937144,58162400,0.0179904506790826,0.0179904506790826,0.0030594376718215835,0.003284446541758158,0.9314926070265318,-0.00022500886993657467,-1.0670357768125294
2023-11-03,362.3205261230469,363.61132326122464,359.1772790267946,359.40391877963543,53280500,0.0116803130097674,0.0116803130097674,0.002919756982454844,0.0034817468023310713,0.8385896931103753,-0.0005619898198762274,-1.6854040769695404
2023-11-06,363.7986145019531,364.3602674355303,361.53233679599015,363.089166078038,38848700,0.0040712063290568,0.0040712063290568,0.002910453916379993,0.0035123121389152683,0.8286432985648162,-0.0006018582225352752,-1.573838838328637
2023-11-07,367.2374267578125,368.1045035244266,363.6408999815297,364.8430199017285,50777400,0.0094081206031519,0.0094081206031519,0.0029684656236729657,0.003510796471051067,0.845524839776389,-0.0005423308473781014,-1.285311587444535
2023-11-08,367.4739074707031,368.3114552322413,365.1879039548286,367.611839886679,35663400,0.0006437377784714,0.0006437377784714,0.0029183269296064207,0.00348142879622365,0.8382555268032387,-0.0005631018666172292,-1.2163428629765054
2023-11-09,364.6459655761719,369.30661967147313,364.1532939757189,368.1636480202756,53859400,-0.0077253905086243,0.0077253905086243,0.0029658890217321315,0.0034200673308184253,0.8672019392736317,-0.00045417830908629385,-0.9132044487693407
2023-11-10,372.8440246582031,372.9918201228677,365.8382189302241,366.3703126733044,58309800,0.0222332421895363,0.0222332421895363,0.0033001952740910707,0.003466471103521593,0.9520331125040672,-0.0001662758294305221,-0.0613970877199493
2023-11-13,371.6813354492188,372.735659990496,369.7402079575448,371.26750810516944,40733500,-0.0031233057098004,0.0031233057098004,0.003183544968960306,0.003517606102508047,0.9050316823962876,-0.0003340611335477411,-0.4502627457444749
2023-11-14,379.6822814941406,380.59867352227815,377.56379963116063,378.0860303236189,67792600,0.021297939637894,0.021297939637894,0.0036263826289834604,0.0035540429807788807,1.0203541849650692,7.233964820457968e-05,0.7295694130066297
2023-11-15,379.9680786132813,382.0668646539616,378.6083000477536,381.57419300385976,54141400,0.000752443881115,0.000752443881115,0.0034525871149599066,0.0033842232845054626,1.020200744663464,6.836383045444403e-05,1.2150139534148707
2023-11-16,380.2932434082031,380.5297161682242,377.9382585819302,379.1994967525258,45343500,0.0008554027551593,0.0008554027551593,0.0033649406597953016,0.0031632832180929897,1.0637494109123378,0.00020165744170231193,1.6936322023974228
2023-11-17,380.3819580078125,381.39686046284913,378.6576071328274,379.564106182027,46571900,0.0002332522470731,0.0002332522470731,0.003139087986996008,0.003092462660540182,1.0150770863140128,4.662532645582614e-05,1.0145869896928004
2023-11-20,385.0130310058594,385.6732242470782,380.39176852820106,380.39176852820106,44429600,0.0121012799385611,0.0121012799385611,0.003276451081822675,0.0030510785936036723,1.0738664971434944,0.0002253724882190027,1.678832659153571
2023-11-21,382.77630615234375,383.5251766695304,381.0322593676381,383.3083999445706,43337000,-0.0058264189740599,0.0058264189740599,0.00321667535315576,0.0027849960422634576,1.1550017681682099,0.00043167931089230227,2.2268200905140394
2023-11-22,384.3429870605469,387.30887987612056,383.3379477672656,384.8455217423324,44121000,0.0040845878867966,0.0040845878867966,0.002619290745802697,0.002073021870723346,1.2635133197551554,0.0005462688750793514,2.7174331190097503
2023-11-24,383.801025390625,384.5301697094144,382.8058191726008,383.93895779702086,15718800,-0.0014110941465815,0.0014110941465815,0.00225066884150485,0.0019372300675301627,1.161797392693941,0.0003134387739746874,1.580728222109709
2023-11-27,383.4660949707031,385.41705561071353,382.5891249320893,383.30843642206605,34139700,-0.0008730478142688,0.0008730478142688,0.0022284881030979428,0.0018548804212547318,1.2014187424494376,0.000373607681843211,1.67173619836419
2023-11-28,384.4710693359375,385.05241822113135,382.362420433784,382.71715962576826,35491100,0.002617336380255,0.002617336380255,0.002109848466123757,0.0017745202495694577,1.188968379839936,0.0003353282165542992,1.4021215757878103
2023-11-29,384.0966491699219,388.3632022739312,383.7517730189987,386.934442535945,38811700,-0.0009743323499561,0.0009743323499561,0.002088036995092613,0.001649569214535217,1.2658074463889282,0.00043846778055739596,1.7185427883606155
2023-11-30,383.1309509277344,384.8257422916776,380.1650885935478,384.36262982390576,52834400,-0.0025173722948622,0.0025173722948622,0.0017982584887720789,0.0011671350468113579,1.5407458577179787,0.000631123441960721,2.705904919069308
2023-12-01,384.2247924804688,384.8160045109527,380.411518485772,382.0668881148927,40490100,0.0028509392234638,0.0028509392234638,0.0014827300275914597,0.0008483305916054067,1.7478210054708698,0.000634399435986053,2.803351485612148
2023-12-04,380.6578063964844,380.93370129993264,377.0514465419392,380.4311666267525,51186900,-0.0093269527832628,0.0093269527832628,0.0014332923638065318,0.0008154029483944963,1.7577718680422252,0.0006178894154120355,2.3158287791165315
2023-12-05,381.6135864257813,382.8058433095871,378.5787124502714,378.7560970843749,42933000,0.0025077171704903,0.0025077171704903,0.0014230062882399515,0.0007919775991539599,1.7967759312385805,0.0006310286890859917,2.0777201900836006
2023-12-06,379.4064331054688,384.6484667815277,379.0615869999134,384.5499264355296,41994100,-0.0058005294267676,0.0058005294267676,0.0013681396965872972,0.0008053132273472255,1.6988913755881956,0.0005628264692400717,1.5510689419275139
2023-12-07,384.7075500488281,385.53523475354353,381.2884078381228,382.3821544599071,49593500,0.0138754220202328,0.0138754220202328,0.001560252634499427,0.0009239266780927257,1.688719106715565,0.0006363259564067013,1.3682637629877503
2023-12-08,386.422119140625,386.8655056109294,382.7861997326639,382.9734173768901,46687500,0.0044469094777942,0.0044469094777942,0.0015203459798923803,0.000751048396151343,2.024298284482345,0.0007692975837410373,2.0920233016147773
2023-12-11,389.7229309082031,389.9889928166888,385.7914211700645,385.998334821996,41198000,0.0085057082247331,0.0085057082247331,0.001098375994038096,0.0007013843751291047,1.566011495245979,0.0003969916189089912,0.6397058729213217
2023-12-12,392.8268127441406,392.9450491247109,388.629240812153,389.76237955300553,39221200,0.0079327816234532,0.0079327816234532,0.0011515499797666209,0.0007028828353765002,1.6383242295990788,0.00044866714439012066,0.7778695247539956
2023-12-13,397.822509765625,398.43341782409794,392.9943334222213,393.7629000232505,55408100,0.0126371157530989,0.0126371157530989,0.0008576444415044648,0.000835178404748346,1.026899685897516,2.246603675611883e-05,-1.1748927775636009
2023-12-14,397.4776611328125,400.3449837671013,394.4723459280101,399.0443534222716,55447800,-0.0008672163468423,0.0008672163468423,0.000857830333902468,0.0008513819083728942,1.0075740692468997,6.448425529573861e-06,-1.231581405295197
2023-12-15,399.3990478515625,400.58147183446255,397.6550010435614,398.25604602017006,62896600,0.0048223029246808,0.0048223029246808,0.0008803532255263188,0.0008576375345469045,1.026486353575249,2.2715690979414286e-05,-1.1577972229567066
2023-12-18,401.9147033691406,402.8131603407083,399.4661904298243,399.7919899279148,46610000,0.0062788483998788,0.0062788483998788,0.0009197227561442148,0.000900765095857363,1.0210461754946305,1.895766028685178e-05,-1.177279023385032
2023-12-19,403.9683227539063,404.0867952971535,402.1812915891065,402.3688831593652,35711900,0.0050965804302795,0.0050965804302795,0.0007992569120751015,0.0008402792723936594,0.9511800877799833,-4.102236031855791e-05,-1.3482713581150227
2023-12-20,397.9654846191406,405.2617306717357,397.78777579004617,403.1686352259005,54042400,-0.0149711864006157,0.0149711864006157,0.0009894461762557966,0.0009227513185686285,1.0722782577982388,6.66948576871681e-05,-0.9501985073616811
2023-12-21,402.5959777832031,402.9613083279881,399.3378620611597,401.89499509252914,45568900,0.011568243091311,0.011568243091311,0.0011065865662704959,0.0011857443842202622,0.9332420891018429,-7.915781794976635e-05,-1.27240981066267
2023-12-22,403.19818115234375,404.7680024555693,401.3222957659305,403.8103093187193,34314000,0.0014946831633781,0.0014946831633781,0.001106829457338865,0.0012109696540203569,0.9140026371959432,-0.0001041401966814918,-1.250160608838119
2023-12-26,405.6665344238281,406.3378989802427,403.9584747640765,404.0572119353973,22722500,0.0061032726143537,0.0061032726143537,0.0011433171814579854,0.001221709815273541,0.9358336711095314,-7.839263381555564e-05,-1.1173475835415243
2023-12-27,406.4922790527344,406.77875835861545,405.0895463807411,405.9489842983844,31980500,0.0020334567568273,0.0020334567568273,0.001140601678112466,0.0012371987866476876,0.9219227260988825,-9.659710853522174e-05,-1.0884568010468525
2023-12-28,406.2947692871094,407.8950804007767,405.9391646926511,407.6481227170023,27029200,-0.0004860061929286,0.0004860061929286,0.00113988855660386,0.0012348983794808624,0.9230626386302786,-9.50098228770025e-05,-1.0116553934785475
2023-12-29,404.5364379882813,406.6306645016134,402.620043921107,406.2750297554996,42662100,-0.0043371148996668,0.0043371148996668,0.0011523619589858317,0.0012269359960695664,0.9392192931639227,-7.457403708373473e-05,-0.8808123298083061
2024-01-02,397.6907348632813,401.1481421130462,395.369326823485,400.90118445234873,58026900,-0.0170671588507934,0.0170671588507934,0.0014355220157681627,0.0013014414630379573,1.1030246511565882,0.00013408055273020532,-0.3872426577750905
2024-01-03,393.4826049804688,396.1201263177863,393.0479871898376,395.0631401920244,47002800,-0.0106377941581497,0.0106377941581497,0.0014616926320981131,0.0015498904901362193,0.9430941356183464,-8.81978580381062e-05,-0.7342019585559779
2024-01-04,391.4576110839844,394.7273288112789,391.2402870894419,391.6156676387613,39432800,-0.0051596245101006,0.0051596245101006,0.001482025711776172,0.001613257884586328,0.9186539399162419,-0.00013123217281015595,-0.7240179819517828
2024-01-05,391.9217834472656,394.6975849712644,390.5289387089642,391.6254463311151,44922800,0.0011850513833863,0.0011850513833863,0.0014497839169266408,0.001496437174954347,0.9688237776977644,-4.6653258027706205e-05,-0.49817409606023266
2024-01-08,400.0220642089844,400.3085134140137,392.9985720771255,393.1467406566581,42473800,0.0204574182501385,0.0204574182501385,0.0016757625421481796,0.0014375956882172688,1.1656702617314165,0.00023816685393091073,0.22735447395142952
2024-01-09,400.8123168945313,401.74088018825046,396.8214723223469,397.01905052593867,39132900,0.0019735739640957,0.0019735739640957,0.00165988253243624,0.0014416013971535273,1.151415735107994,0.00021828113528271262,0.482037221068159
2024-01-10,403.5288391113281,404.5364155681049,400.2393761596448,401.12841775635377,33962800,0.0067546774775857,0.0067546774775857,0.0016331611278581513,0.001356553661214329,1.2039045520663112,0.0002766074666438222,1.0147759516723294
2024-01-11,404.3685302734375,406.196023220601,399.32069938087903,404.8031782223695,54536200,0.0020787082525333,0.0020787082525333,0.0015745531315719044,0.001221140845675825,1.2894115671812516,0.0003534122858960794,2.5062159292515656
2024-01-12,404.5758972167969,406.245333338748,403.1830524563775,405.4056713013919,39595000,0.0005126852744257,0.0005126852744257,0.0014151192832052972,0.001205600344616093,1.173788054660786,0.0002095189385892041,1.2972732868195966
2024-01-16,404.5364379882813,406.1169732179159,401.8791708584222,403.3411712214197,43903000,-9.75370831218419e-05,9.75370831218419e-05,0.0014143767324956505,0.0011991098548782158,1.1795222320471193,0.00021526687761743465,1.2218607473184198
2024-01-17,402.2544860839844,402.6298665315489,398.01671455845167,401.2271639757204,54386000,-0.0056568757070957,0.0056568757070957,0.0014231223697637949,0.001152415179128896,1.2349042216187442,0.00027070719063489895,1.5078361199650063
2024-01-18,407.9641723632813,408.546988831904,404.1807942207987,405.5242294407698,59562500,0.0140944194257135,0.0140944194257135,0.0015823510914830642,0.0012273888526576275,1.2892011264864007,0.00035496223882543676,1.6939360736282905
2024-01-19,416.0544738769531,416.21253038631954,409.584195676436,410.1670120974889,70325100,0.0196368407947817,0.0196368407947817,0.0019419814758003594,0.0015422832738356434,1.2591600445556739,0.000399698201964716,1.3167884817445057
2024-01-22,416.5978088378906,419.5613006311132,415.995216497246,418.2573570070079,44880600,0.0013050706743605,0.0013050706743605,0.0017195482630234546,0.0013104920775922223,1.3121393806384505,0.0004090561854312323,1.5115032728283035
2024-01-23,418.3265075683594,418.5438315032085,415.4519169444807,417.2892673649532,33003800,0.0041409770125626,0.0041409770125626,0.0016028717054223617,0.001291820664871337,1.2407850013624027,0.0003110510405510247,0.9322949537135866
2024-01-24,420.6479187011719,424.6190172669874,420.1540033688027,422.2383417474242,46948000,0.005533939973517,0.005533939973517,0.0016312621192939652,0.0013134873802323071,1.2419320838891164,0.00031777473906165806,0.8506904690055596
2024-01-25,421.1615905761719,423.8188573538376,418.820436831776,423.14710962158966,44367200,0.0012203994682719,0.0012203994682719,0.0015955015575510037,0.0013046011913628523,1.2229803008874016,0.0002909003661881514,0.6402907019181944
2024-01-26,418.6524963378906,421.02328381753233,418.0005245054045,419.2748344573637,37137000,-0.005975374176248,0.005975374176248,0.0016270717077152884,0.0013145036027615799,1.2377841371427576,0.00031256810495370853,0.668149486679602
2024-01-29,422.9397277832031,423.1373059908431,418.45496775635394,419.10693966612337,38694700,0.01018846992327,0.01018846992327,0.001730640425073101,0.001406822531461726,1.2301767894454458,0.0003238178936113749,0.5333683700140782
2024-01-30,420.1243591308594,422.4754008774362,419.2155718239364,421.90247237056735,36739000,-0.0066789207646146,0.0066789207646146,0.0017564378420001892,0.0013974382083918368,1.2568983955444348,0.00035899963360835245,0.679656970496761
2024-01-31,411.8957824707031,417.72397777360334,411.7179801736245,415.72857054302847,64010600,-0.0197803984364202,0.0197803984364202,0.0018564140930655087,0.0013197698559215076,1.406619559263458,0.000536644237144001,1.7509237255628602
2024-02-01,416.74603271484375,417.23994807927374,412.7255544132952,413.6936393802105,51008600,0.0117066398223577,0.0117066398223577,0.0018802968444447557,0.0015972902601481189,1.1771791836196341,0.0002830065842966368,-0.2930248391876073
2024-02-02,423.7892456054688,425.0042580366374,417.6449376290023,418.64262610680913,59602400,0.0167592673991792,0.0167592673991792,0.002134548163116716,0.0018958676767093696,1.1258951188099902,0.00023868048640734627,-1.0948685876480202
2024-02-05,423.236083984375,424.3819410907607,419.8280559423624,423.8485342072988,39889200,-0.0013061278816806,0.0013061278816806,0.002134849786378753,0.0018921710504445615,1.1282541215695985,0.0002426787359341917,-1.4847027100707713
2024-02-06,422.3865661621094,424.9845659772475,420.0454120005449,424.381973516064,35846100,-0.0020092132298159,0.0020092132298159,0.001720380762720521,0.0018328735855370642,0.9386248873330886,-0.00011249282281654326,-3.0532702306566146
2024-02-07,426.7330017089844,427.5627759324522,423.8682985252067,425.1722423676001,37712700,0.0102376006235332,0.0102376006235332,0.0018212942350557318,0.0018442440570852967,0.9875559734399603,-2.2949822029564833e-05,-2.138638144796564
2024-02-08,427.5232543945313,428.2838731760965,426.1699311674683,426.8515066116603,29889900,0.0018501542255614,0.0018501542255614,0.001779091637887891,0.0018519411730877702,0.9606631483448169,-7.284953519987925e-05,-2.021950341728626
2024-02-09,431.73138427734375,432.5216669047471,427.86899286829663,428.65924534950017,36943900,0.0097949160528128,0.0097949160528128,0.0018707109903703908,0.0018787332756167216,0.9957299498814182,-8.022285246330786e-06,-1.5192754114015499
2024-02-12,430.0422058105469,433.7959804927143,429.3606002277538,431.6227409321858,33203300,-0.0039202422760269,0.0039202422760269,0.0018858164436825263,0.0019389708614389886,0.9725862730515639,-5.315441775646237e-05,-1.5244962930644963
2024-02-13,423.3348388671875,426.0217396052204,420.1540227739736,422.08030471766,64491700,-0.0157199097613098,0.0157199097613098,0.0021329224931036653,0.0020349058328559583,1.0481676639110824,9.801666024770702e-05,-0.8720229237076027
2024-02-14,427.947998046875,428.3727579939155,423.6608166168909,426.0118584018304,45092700,0.0108382411522217,0.0108382411522217,0.0022183897216118483,0.0021772919131565946,1.0188756538371884,4.109780845525362e-05,-0.993077994070717
2024-02-15,429.2223205566406,429.6866021844067,426.0809960674444,428.6395040700747,38796100,0.0029733261195125,0.0029733261195125,0.002028577730876893,0.001793162711607165,1.1312848063066914,0.00023541501926972806,-0.10217357207375043
2024-02-16,425.3302917480469,429.69648676562633,424.6190524047314,429.5977278079396,53716500,-0.0091089902806499,0.0091089902806499,0.001725945918410265,0.001795450629338764,0.96128843099735,-6.950471092849898e-05,-1.2574573334524586
2024-02-20,422.1198120117188,424.8462041800542,418.3462915915546,423.3348244505183,53999500,-0.0075768356889034,0.0075768356889034,0.0017816511480018293,0.0018953737824469843,0.9399998905237912,-0.00011372263444515496,-1.2849536461540987
2024-02-21,420.43060302734375,420.5195343175768,416.499056197841,419.3835049137998,49779000,-0.0040097570839745,0.0040097570839745,0.0017805816092557412,0.0019071003305098763,0.9336591162876525,-0.00012651872125413514,-1.2004927787110728
2024-02-22,432.739013671875,433.7762238764086,428.4320560275247,429.2025627884872,53887800,0.0288553751184295,0.0288553751184295,0.0025825897908505323,0.002078237690861651,1.2426825873703473,0.0005043520999888813,1.086805270247046
2024-02-23,431.4646911621094,435.22832371062657,430.48674841765705,434.29976044260496,39853900,-0.0029491274481702,0.0029491274481702,0.0025897977686939245,0.002200454811188012,1.1769374928884402,0.00038934295750591265,0.6255978477723935
2024-02-26,431.2374572753906,433.2625281912728,431.0497670405967,432.27469754338847,33043200,-0.0005267957020516,0.0005267957020516,0.0025543701858594535,0.0021072652261554035,1.2121730829866963,0.00044710495970405,0.9082161504648969
2024-02-27,432.2747192382813,432.6599575342669,429.7359871107177,432.34387462219166,33713200,0.0024024269489089,0.0024024269489089,0.0024563369217269196,0.002002363685176495,1.2267186724925097,0.0004539732365504245,1.0210768972316346
2024-02-28,429.9730224609375,431.35600944379297,429.0148255551466,430.13107897744095,32938800,-0.0053388420361772,0.0053388420361772,0.0024402321734341725,0.0018149904035989284,1.344487645001019,0.0006252417698352441,1.790274543847965
2024-02-29,433.6576232910156,434.7343550023722,429.7260467420334,432.8970045993775,42495200,0.0085328680829952,0.0085328680829952,0.002121777848852436,0.0015228122883394952,1.393328557366755,0.0005989655605129407,2.1705775136500782
2024-03-01,440.1872253417969,441.1454223300951,434.487453034906,434.5467204654234,43853000,0.0149448122086089,0.0149448122086089,0.00220807984487261,0.0014149416267479082,1.5605448331798997,0.000793138218124702,2.621500877836209
2024-03-04,438.6165771484375,440.6120144586767,438.369619473107,440.1872243459957,34325700,-0.0035745176825113,0.0035745176825113,0.0019399839777780052,0.0014644700115758128,1.3247003779138675,0.00047551396620219236,1.1350133015598562
2024-03-05,430.7435607910156,435.5839552943135,428.37277316164136,435.5740673406185,57917100,-0.0181127044003931,0.0181127044003931,0.0022663480684307217,0.00156204771090893,1.4508827435955658,0.0007043003575217916,1.632180383472776
2024-03-06,433.45025634765625,436.6112966097188,431.5733839817126,434.9616361652984,46234500,0.0062641142615307,0.0062641142615307,0.0023015502581093666,0.0017079598100408172,1.3475435689873545,0.0005935904480685495,0.9846818044844783
2024-03-07,440.0291748046875,441.2837088767111,435.4950055955854,437.0360491430509,44526700,0.0150639903616635,0.0150639903616635,0.00242366559719869,0.0018264314945226326,1.3269950745303778,0.0005972341026760574,0.7908954868143834
2024-03-08,433.6773681640625,443.18032361793377,433.0056506081804,440.3847462089413,72096000,-0.0145401647674154,0.0145401647674154,0.0026316589180039153,0.0021420214358184066,1.2285866397029925,0.0004896374821855088,0.2026594846300577
2024-03-11,432.0672607421875,433.3217948100284,430.1409789239274,432.1857955963207,45860000,-0.0037195940338188,0.0037195940338188,0.0025495539172986858,0.002166659480064059,1.1767210956579601,0.0003828944372346269,-0.13770588098729267
2024-03-12,438.2609558105469,438.6165603792511,431.148562974468,434.3787885378619,55300900,0.0142332501989369,0.0142332501989369,0.0027367710290214747,0.002153018775397436,1.2711319846787128,0.0005837522536240388,0.32889086075625207
2024-03-13,434.8924560546875,437.28301956013377,433.7762025649882,437.26324365300286,37928700,-0.0077157494236797,0.0077157494236797,0.002549188255286765,0.0020578976630896985,1.2387342193972122,0.0004912905921970663,0.08167639334412832
2024-03-14,433.7959899902344,436.6508050498592,431.079455553198,436.12725598238745,52195200,-0.0025244186261062,0.0025244186261062,0.002438093473412885,0.002037873396641671,1.196391040498767,0.00040022007677121413,-0.24117196480895578
2024-03-15,428.6395263671875,433.5292704242378,427.4738631872197,430.7633564210296,73069800,-0.0119580536070892,0.0119580536070892,0.002572247851269929,0.0020427477889690257,1.2592097101562116,0.0005295000623009032,0.11967171181527933
2024-03-18,432.7275695800781,436.2488941036103,432.490156226249,433.96399055564586,47323800,0.0094920596019884,0.0094920596019884,0.0025793733428246548,0.00211263131575379,1.2209292381450525,0.00046674202707086467,-0.23092254287906558
2024-03-19,433.8057556152344,434.2113053461235,428.6226579939233,430.7196534725341,43004100,0.0024885057740082,0.0024885057740082,0.002528157564755287,0.0021020123784471906,1.202732006089755,0.0004261451863080963,-0.521397968378674
2024-03-20,438.94927978515625,439.2855827153711,433.30131642838063,435.0026331369198,43653500,0.0117870043982359,0.0117870043982359,0.0026510128855668355,0.0019663411033195247,1.3481958349400651,0.0006846717822473107,0.6251657997780136
2024-03-21,441.0264892578125,444.4587956988073,440.8286799784682,444.0038011516447,39345700,0.004721069383695,0.004721069383695,0.0018406687084672171,0.0019200797170457519,0.9586418168612723,-7.941100857853474e-05,-2.609636948124636
2024-03-22,441.5309143066406,442.6288417267343,439.6614311607801,440.51210455310553,28253900,0.0011430986850656,0.0011430986850656,0.0018332780303654652,0.0019261163824258018,0.9518002375622736,-9.283835206033665e-05,-2.2439158692493475
2024-03-25,439.9285278320313,441.4122331500876,437.73264275386543,438.7316504748345,27789200,-0.0036357616996006,0.0036357616996006,0.0018462192797900478,0.0019306566847417314,0.9562649301561458,-8.443740495168365e-05,-1.9110912027763116
2024-03-26,438.5041809082031,442.371709837362,438.2766685525834,441.4517895723345,34142000,-0.0032429306375541,0.0032429306375541,0.001850964223665191,0.0019290298817077201,0.9595311307601831,-7.80656580425291e-05,-1.6666156010990392
2024-03-27,439.9977416992188,441.689187485108,437.1292508062664,441.5902677606485,41359200,0.0034002480622677,0.0034002480622677,0.0018340226762628936,0.0018747920655214187,0.978253914122905,-4.0769389258525114e-05,-1.3842675028639186
2024-03-28,439.1867065429688,440.7990046001888,438.83060154444735,439.9483311269896,36839600,-0.001844972094149,0.001844972094149,0.0017646167605692839,0.001684334977042679,1.0476637869668668,8.02817835266049e-05,-0.8887552048419185
2024-04-01,440.1164855957031,442.6684455730439,438.2074283944994,440.13625746716383,38729000,0.0021148095618828,0.0021148095618828,0.0015457417681017291,0.0016065511364761029,0.9621491236763516,-6.080936837437375e-05,-1.3185177537322603
2024-04-02,436.3181457519531,436.63467679175466,433.2716175055322,435.2993359937669,44259700,-0.0086677625202606,0.0086677625202606,0.0016080946985467777,0.0015336449574444376,1.048544313167761,7.444974110234017e-05,-0.6928993142254716
2024-04-03,437.2973937988281,439.1767477180673,434.1816188556079,434.1914896972789,39949800,0.0022418293005727,0.0022418293005727,0.0012850504364636645,0.0013859454827464155,0.9272012878292908,-0.000100895046282751,-1.372594076937652
2024-04-04,430.6108703613281,442.0947658921196,430.38335799892496,441.4814756351281,57267700,-0.0154086693488611,0.0154086693488611,0.0014832384000846837,0.0012919820951367623,1.1480332472623593,0.0001912563049479214,0.19816678026673196
2024-04-05,435.6850891113281,438.3557705556081,431.22407246732575,432.0351718909734,54744600,0.0117148804074711,0.0117148804074711,0.001393553017429743,0.001231471591182561,1.131616049779547,0.00016208142624718198,0.1599261431924448
2024-04-08,435.813720703125,437.6930747609312,434.42893509137633,436.6149191708532,28144900,0.0002951962556514,0.0002951962556514,0.0011822237667955054,0.0011519495224606672,1.0262808775424201,3.0274244334838225e-05,-0.5726388546578914
2024-04-09,437.426025390625,438.4250331404944,432.6880511524698,438.1480760138876,39443600,0.0036927007201233,0.0036927007201233,0.0011820244256274843,0.0010705008409295266,1.1041788856523649,0.00011152358469795768,0.05687374194631641
2024-04-10,433.6079406738281,434.4684849523185,431.54064816251855,432.2528279423145,61502200,-0.0087668433598919,0.0087668433598919,0.0010562965568988276,0.0009488475926440839,1.113241541726763,0.00010744896425474366,0.19856863753214957
2024-04-11,440.5318603515625,441.48142324592834,433.2023528987265,435.47738569459614,45474600,0.015842007140161,0.015842007140161,0.0012477329579587261,0.0011364110625949205,1.0979591795856063,0.00011132189536380561,0.13654440859729078
2024-04-12,433.509033203125,437.43590803860127,432.1341485615993,436.30830763057895,53665000,-0.0160701366177557,0.0160701366177557,0.0014996095594722268,0.0014888916098917942,1.0071986096967875,1.0717949580432663e-05,-0.566137392957131
2024-04-15,426.3773498535156,437.3468744561604,425.5365774509986,437.2578557574557,63453600,-0.0165878818820566,0.0165878818820566,0.0016317723387352693,0.0017293223616925773,0.9435906080218435,-9.7550022957308e-05,-1.026778549818689
2024-04-16,426.4169006347656,429.0480082692235,425.03211508664594,426.2190611910081,47619000,9.27557409203224e-05,9.27557409203224e-05,0.0015416817468750428,0.0016946353714183278,0.9097424572135123,-0.0001529536245432851,-1.2187256009680065
2024-04-17,421.2140197753906,428.41493461701685,420.2842287497744,428.3951627476,56880500,-0.012276442678599,0.012276442678599,0.0016862001307286975,0.001650349411115995,1.0217231086770042,3.5850719612702574e-05,-0.10237368305120265
2024-04-18,418.8104553222656,423.5879732317038,418.236739020357,421.8569836696365,46549400,-0.0057226213849271,0.0057226213849271,0.0015800150535598904,0.001673292725865822,0.94425501834554,-9.327767230593153e-05,-0.9346194878258904
2024-04-19,410.1456298828125,418.1576452072608,408.58280678519526,417.63340383171146,75231000,-0.020906152169912,0.020906152169912,0.0019947937559857444,0.0018527426113989262,1.0766707386729566,0.00014205114458681824,0.8109720991757331
2024-04-22,414.2702941894531,416.6046426178408,409.4433016315649,412.7766879173197,47807700,0.0100063538367974,0.0100063538367974,0.0020936141984891354,0.0021748160537576337,0.9626626559390169,-8.120185526849831e-05,-0.7717425001799285
2024-04-23,420.452392578125,421.6492396704174,414.31973225972354,416.19908616824654,44384700,0.0148126114757894,0.0148126114757894,0.002299808894085541,0.0023891193389978856,0.9626178385254686,-8.931044491234481e-05,-0.7795816919939353
2024-04-24,421.8767700195313,425.0617919025949,419.5918662975575,423.5484137206893,48440300,0.0033820004395284,0.0033820004395284,0.002300730221938524,0.0024504895502308363,0.9388859551438589,-0.00014975932829231235,-1.0805921758631816
2024-04-25,419.8391418457031,420.6996860627022,413.59769082942586,414.6857171994804,57392200,-0.0048416149094483,0.0048416149094483,0.002312609769984961,0.0024663561340256624,0.9376625451938476,-0.0001537463640407014,-1.0463270663549253
2024-04-26,426.3179931640625,427.8511432460282,422.28232799556,422.9747056964863,41874900,0.0153138883206033,0.0153138883206033,0.0025437210234526826,0.002576692300820036,0.9872040300051114,-3.2971277367353606e-05,-0.34120615608426
2024-04-29,428.0490112304688,429.0480492004489,425.3091127708003,428.42488809783015,30022200,0.0040521706154945,0.0040521706154945,0.0025556686906667288,0.0026453735185603022,0.9660899199057554,-8.970482789357349e-05,-0.6289488749148192
2024-04-30,419.9776306152344,427.86105287563,419.8985129455039,426.4663662313873,43665900,-0.019036251827386,0.019036251827386,0.002842917467194751,0.002736018670973887,1.039070930821833,0.00010689879622086422,0.361768289855251
2024-05-01,416.9409484863281,425.4673333739,416.0903052961823,418.5532463597159,52251700,-0.0072568479925352,0.0072568479925352,0.002890553511368607,0.002898752509799787,0.9971715424468071,-8.19899843118024e-06,-0.2603535110299684
2024-05-02,422.2624816894531,423.1625997737883,416.0606049995212,420.6798568179414,36559000,0.0126825137757893,0.0126825137757893,0.0028139725759391606,0.0027597752931528756,1.0196382955238243,5.4197282786285026e-05,0.15838355668123713
2024-05-03,430.7493591308594,431.738496056238,427.9204118275236,429.7206482763679,48515300,0.0198992724062168,0.0198992724062168,0.0030727151952746317,0.003150769444438232,0.9752269245528635,-7.805424916360049e-05,-0.44817165500337375
2024-05-06,435.4674987792969,435.5565174735854,431.7780074570127,432.5495329935745,30227200,0.0108937762303821,0.0108937762303821,0.003191302415002919,0.0034895715971152994,0.9145255588511356,-0.0002982691821123802,-1.3268104297176986
2024-05-07,435.5367431640625,437.1688129223332,434.8047613716881,435.9126199952162,30996100,0.0001589989613758,0.0001589989613758,0.003177691657064239,0.0034414404660820367,0.9233609264442494,-0.0002637488090177979,-1.0959479590591565
2024-05-08,435.279541015625,436.6841285638898,432.79679796970544,432.9155197428744,24896700,-0.000590715080986,0.000590715080986,0.003101183058874262,0.003223428902439308,0.9620758368603889,-0.00012224584356504593,-0.3430925072223007
2024-05-09,436.2291259765625,436.8028422580396,433.69693803654405,435.54661913008255,24580100,0.0021791758881703,0.0021791758881703,0.002854962676196933,0.0028255525593301697,1.0104086249500648,2.941011686676334e-05,0.8200248057148449
2024-05-10,437.25787353515625,439.4834316514472,435.7148223227463,437.73267013361465,27116600,0.0023554970705333,0.0023554970705333,0.0026022617517328915,0.0024148890880232653,1.0775905877578014,0.0001873726637096262,2.0536492429247017
2024-05-13,438.2667236328125,439.265761468491,436.85226524194286,439.1668417504732,22994200,0.0023045624244491,0.0023045624244491,0.0023324149343680123,0.002420999122512009,0.9634100701151506,-8.858418814399653e-05,-0.33716680559700324
2024-05-14,441.0857849121094,441.6199272591331,437.65347886134185,437.8414172762935,34478300,0.006411697037303,0.006411697037303,0.002373516189638699,0.002442420771861484,0.9717884063972034,-6.890458222278502e-05,-0.24016837859466553
2024-05-15,447.9801025390625,448.2273867676871,442.0452810520728,443.5586593238126,41464700,0.0155094373135413,0.0155094373135413,0.002463347790580439,0.002488269771746511,0.9899842125443741,-2.4921981166071798e-05,0.2030635759925511
2024-05-16,447.0701293945313,449.7506820761332,446.9019628312132,447.7921800487347,34780400,-0.0020333461197787,0.0020333461197787,0.0024347338915080333,0.002349879569106419,1.036110072838278,8.485432240161418e-05,1.1253213203881787
2024-05-17,446.85247802734375,447.8020409618968,444.6565929882727,447.1986517798775,35803700,-0.0004869579752908,0.0004869579752908,0.0019979038210262163,0.002022833173588091,0.9876760214893772,-2.4929352561874583e-05,0.1639859856738579
2024-05-20,449.9682312011719,450.6309359616545,446.8821291745392,447.07006758388434,24474200,0.0069484695832485,0.0069484695832485,0.0019460579334683557,0.0017953243444867257,1.083958973454863,0.00015073358898163008,2.134279734650539
2024-05-21,450.84857177734375,451.03651019690585,447.9207351039447,448.11857455171366,23167700,0.0019545391549518,0.0019545391549518,0.0017304646980439077,0.0017379663982852861,0.9956836333264097,-7.501700241378372e-06,0.1512800928153619
2024-05-22,450.759521484375,451.8574790262237,448.1580868774821,451.10572540067176,25120000,-0.0001975365880671,0.0001975365880671,0.0017190657917745625,0.0017128521127260919,1.0036276798226211,6.213679048470587e-06,0.2641331901433561
2024-05-23,448.7318115234375,455.5766213852706,446.9414763015437,455.546948488236,40899200,-0.0045085779514384,0.0045085779514384,0.001715951831987367,0.0015977860339006274,1.0739559587952243,0.00011816579808673964,1.660902806040181
2024-05-24,452.9752502441406,454.2413442542049,448.6428258419646,450.34414249793184,29669500,0.0094120812108547,0.0094120812108547,0.0015700239292111807,0.0015669679737509376,1.0019502347919262,3.0559554602431135e-06,0.05067004711100391
2024-05-28,454.68646240234375,454.745808203998,451.7289526043386,454.1918939311823,26216800,0.0037705990277618,0.0037705990277618,0.001567821259542262,0.0015015459466179578,1.044138051901496,6.627531292430428e-05,0.8936687226800891
2024-05-29,451.4816589355469,453.2620933201024,450.3936022845126,450.5320959428548,29739200,-0.007073338276298,0.007073338276298,0.0012554744902775474,0.0013264454105212603,0.9464954081933737,-7.097092024371289e-05,-1.133834715653715
2024-05-30,446.6447448730469,450.69034126496246,445.3193050797845,450.5518476128299,30536800,-0.0107712250892729,0.0107712250892729,0.0013188319374145673,0.0013015536986778972,1.013275087116437,1.72782387366701e-05,0.29189795288685433
2024-05-31,445.8138732910156,447.5646648820336,438.2469822206981,446.8722569938479,55941300,-0.0018619839736481,0.0018619839736481,0.0011614527660596043,0.0009366310902215779,1.2400322583620842,0.00022482167583802643,3.2770957778771352
2024-06-03,448.2075805664063,450.6309477096741,443.03438403283286,449.63194002907153,32997500,0.0053549341239778,0.0053549341239778,0.0007941470432349249,0.000611778755753799,1.2980951622885664,0.00018236828748112595,2.9076512521919944
2024-06-04,449.43408203125,450.6309291046102,446.2292884655988,447.9503768344026,23767400,0.0027327212610944,0.0027327212610944,0.0006829404481681243,0.0006320442953839656,1.0805262434229226,5.089615278415873e-05,0.5022411129165365
2024-06-05,458.4946594238281,458.5737770997196,449.47373506895633,453.0049613036528,33817400,0.0199594478566566,0.0199594478566566,0.0010812947262409996,0.0007175736596868477,1.5068762790329866,0.00036372106655415196,3.317652860513962
2024-06-06,458.3363342285156,459.4936376169888,457.16915999813136,459.17710658249314,21966800,-0.0003453748793015,0.0003453748793015,0.0010810650657413477,0.0007263798892079708,1.4882915700214636,0.0003546851765333769,2.487011250022481
2024-06-07,457.9307861328125,460.6805853594163,456.8229576941896,457.9703600587807,25829700,-0.0008852181054491,0.0008852181054491,0.0010770998692839798,0.0007187971678820461,1.498475393910749,0.0003583027014019337,2.1118743931526067
2024-06-10,459.7804870605469,460.1365920375163,456.5163473996493,456.8032055496993,20660800,0.0040311228303714,0.0040311228303714,0.0010878014541082304,0.0007158755383542672,1.5195399141713755,0.00037192591575396317,1.8981354153992775
2024-06-11,462.9358215332031,463.0545433124852,457.0109014117994,458.5045077273031,22053300,0.0068392565355204,0.0068392565355204,0.0011292658760987061,0.0007359718778795121,1.5343872640247556,0.000393293998219194,1.7162403379909243
2024-06-12,468.999267578125,471.3237453921932,466.170350458156,466.862728194943,34532600,0.013012776698708,0.013012776698708,0.001257488374610984,0.0007195663315159085,1.7475642196346741,0.0005379220430950754,2.2228884917631353
2024-06-13,471.5413208007813,473.1931926237643,469.26631811798,472.530457651749,25859000,0.0054055283608301,0.0054055283608301,0.0010461654656880553,0.0007805208934081037,1.3403426795149946,0.0002656445722799516,0.491217130904236
2024-06-14,473.9844970703125,474.05374389556346,470.87859282283176,471.3434883571342,23372600,0.0051678794187082,0.0051678794187082,0.001068737946931544,0.0008228459449116355,1.2988311524659875,0.0002458920020199085,0.268028202450166
2024-06-17,479.7907409667969,481.5711753074278,472.94593054199913,474.25156830496593,37054500,0.0121754379686916,0.0121754379686916,0.0012167421085913018,0.0009163673609856475,1.3277885708222632,0.0003003747476056543,0.32694948910339217
2024-06-18,479.9391174316406,480.6216243226489,478.1784549180695,479.74130815889504,24438600,0.0003092046469691,0.0003092046469691,0.0011685564865556795,0.0009009478683862571,1.2970300808289301,0.00026760861816942235,0.14986111847572184
2024-06-20,476.2397155761719,481.55137557735753,474.40980638490623,481.1359550087394,33918700,-0.0077379255561195,0.0077379255561195,0.001224611755159487,0.0009040996862075577,1.3545096562265018,0.00032051206895192935,0.33454042723080435
2024-06-21,474.9637145996094,477.29809320933606,473.47013851655726,475.9627524549559,37456800,-0.0026829208168884,0.0026829208168884,0.001231770798565555,0.0009353108318724011,1.3169641113849497,0.0002964599666931538,0.09718337068460048
2024-06-24,469.5564575195313,475.4709918159273,469.41777397286,473.73725096126896,37751000,-0.0114498690734708,0.0114498690734708,0.0013425430252209814,0.0009169073668135418,1.4642079165386344,0.0004256356584074396,0.7141089102137331
2024-06-25,474.9260864257813,475.2232870328967,470.7056564005063,471.64684204643737,29014700,0.0113706426751934,0.0113706426751934,0.0013832472673481868,0.0010656667829672696,1.2980110569803425,0.00031758048438091714,-0.16813310380050356
2024-06-26,475.9068908691406,476.45179897488026,473.6877123216575,474.1037931822905,22737100,0.0020630432781588,0.0020630432781588,0.0013732859978875848,0.0010606204513456665,1.294794943983234,0.0003126655465419182,-0.2639993523323047
2024-06-27,477.1353454589844,478.6115224234326,474.8468100949917,475.6591987285754,26222100,0.0025779660614547,0.0025779660614547,0.0013298997925306547,0.0009492980164665161,1.4009297074914548,0.00038060177606413857,0.21843146456555065
2024-06-28,474.65863037109375,482.6734937308387,474.0146754920727,477.9279885965007,34881600,-0.0052043209789629,0.0052043209789629,0.001240965459458946,0.0009388690509767889,1.3217662869681979,0.00030209640848215713,-0.4309923541932524
2024-07-01,477.4425048828125,478.0071860471244,471.83508819375936,475.5799670851858,24898300,0.0058478712861886,0.0058478712861886,0.0012716960737206527,0.0009710128809148617,1.3096593245215198,0.000300683192805791,-0.5545812004624208
2024-07-02,482.4555358886719,482.5149760168708,475.81777272205466,475.9465697445,26723600,0.0104450188853267,0.0104450188853267,0.0013521191737633424,0.0010439725747649405,1.295167331448131,0.0003081465989984019,-0.6598152362287767
2024-07-03,486.477783203125,486.6065802178196,481.7025582982194,481.7025582982194,18064900,0.0083024710575532,0.0083024710575532,0.0014135824339340135,0.0010945142966372746,1.2915157328479183,0.0003190681372967389,-0.8729968804493583
2024-07-05,491.5502014160156,491.9861158127836,487.0226538424265,487.319884695154,28495900,0.0103728395781899,0.0103728395781899,0.0011227986761062824,0.0012189633193145054,0.9211094856715607,-9.616464320822294e-05,-2.8776541629816363
2024-07-08,492.71923828125,493.2740329338848,490.8963372463012,491.916766364616,22109400,0.0023754418613393,0.0023754418613393,0.0011283221163356331,0.0012571876194617743,0.8974969995478392,-0.00012886550312614115,-2.4070665660929924
2024-07-09,493.145263671875,495.3545558753344,491.6294799402582,494.2350497416093,25614500,0.00086426768851,0.00086426768851,0.0011282854638788207,0.0012548072264331243,0.899170358690115,-0.00012652176255430365,-2.021317364124549
2024-07-10,498.2870178222656,498.8418124743257,493.7595004189231,495.0672133936126,28046900,0.0103724688929037,0.0103724688929037,0.001219623623539534,0.0012255820998246648,0.9951382479509261,-5.958476285130828e-06,-1.383176683450608
2024-07-11,487.3594665527344,498.6040196443068,486.170633904284,498.3959792217848,49966600,-0.0221742768714659,0.0221742768714659,0.001664546748353303,0.001447071103324532,1.150286772038456,0.00021747564502877102,-0.5558173604288942
2024-07-12,490.2226257324219,494.9780167524356,487.4684559718065,487.9340904027109,37109400,0.0058576510126826,0.0058576510126826,0.0015295264663292467,0.001540609262926726,0.992806224872084,-1.1082796597479318e-05,-1.3289358528602826
2024-07-15,491.5403137207031,496.3551756664707,489.49945539424647,491.9960314409882,31151400,0.0026843318820875,0.0026843318820875,0.0015075123671226996,0.001521427892938361,0.9908536409249169,-1.3915525815661389e-05,-1.2056253221882234
2024-07-16,491.728515625,493.80901063185854,488.5681514050572,492.99662197224063,25950600,0.0003828086500421,0.0003828086500421,0.0014809519318989388,0.001424205637968285,1.0398441716686404,5.6746293930653785e-05,-0.8480487565871696
2024-07-17,477.2939147949219,484.2585985960934,477.2245881354205,483.74344074557246,56268800,-0.0297942919802634,0.0297942919802634,0.0022204104767746696,0.001436207795338775,1.5460231339650372,0.0007842026814358946,1.7598700596435828
2024-07-18,475.0351257324219,481.1973379206018,471.8450410259871,481.0190175278677,49347400,-0.0047437244946917,0.0047437244946917,0.0022428177913425005,0.001654459436522005,1.3556196917449599,0.0005883583548204954,0.7583972907304289
2024-07-19,470.8245544433594,477.2146398442787,469.536644785116,474.69823041742177,42042900,-0.0089032214622922,0.0089032214622922,0.0022622096518370737,0.0016881910124333726,1.3400199593387871,0.0005740186394037011,0.6844107884383532
2024-07-22,477.8387756347656,478.8592047028753,473.2715913896256,476.6895495582666,40300000,0.0147878573809275,0.0147878573809275,0.0024736923136460323,0.0018467479431299044,1.3394856200319196,0.0006269443705161279,0.673523788044007
2024-07-23,476.1545715332031,479.9291705375837,475.67905054622,476.9372401363334,23282500,-0.0035308544997724,0.0035308544997724,0.0023550597453449724,0.0017242594491788876,1.3658383872951831,0.0006308002961660849,0.8559990106759092
2024-07-24,459.0747680664063,469.7843305630981,458.2128560235188,469.4177730491382,58818600,-0.0365294414440593,0.0365294414440593,0.003560168322713,0.0018900130423560064,1.8836739445327064,0.0016701552803569935,2.6982430830489244
2024-07-25,454.0121765136719,463.5923452973431,451.39672062533685,459.4115523476991,59256800,-0.0110890719893404,0.0110890719893404,0.0036788796927302177,0.00251795324732712,1.4610595715529884,0.0011609264454030977,0.8972198905892356
2024-07-26,458.6685485839844,461.6010387689682,455.4982676790012,458.35151444667815,39992100,0.0102038146377894,0.0102038146377894,0.0037763516168785706,0.0026746154757978733,1.411923190847475,0.0011017361410806973,0.6946295873702841
2024-07-29,459.58990478515625,463.5626575995967,457.3310894463461,461.3830856787975,28218500,0.0020067476797756,0.0020067476797756,0.0037532936962767823,0.002658973929147964,1.4115571631345327,0.0010943197671288182,0.6688822208130474
2024-07-30,453.2790832519531,462.2251842275536,449.9304820263373,461.5217893097708,41317200,-0.0138265669100611,0.0138265669100611,0.00391027005021535,0.0026066119127544094,1.5001351106706804,0.0013036581374609403,0.9635108309148316
2024-07-31,466.6933288574219,468.3973496671703,462.076620963173,463.5230477398301,44552100,0.0291643449652173,0.0291643449652173,0.004651730647950714,0.00310380554983155,1.4987184516772234,0.0015479250981191637,0.8989139883716463
2024-08-01,455.3893737792969,471.1317265292964,451.7435713453564,467.3769606006557,56653900,-0.024519539029669,0.024519539029669,0.005184007416516667,0.004091798888347659,1.2669262488142619,0.0010922085281690076,0.013604041060751809
2024-08-02,444.5806884765625,449.35591337831903,440.340454930092,446.7008203668183,66323200,-0.0240212546779252,0.0240212546779252,0.005653432291903547,0.004978277817777082,1.1356200876768139,0.0006751544741264654,-0.5533830159548225
2024-08-05,431.3249816894531,438.1807014186111,419.5157470887135,420.76401989618296,87483500,-0.0302697410454368,0.0302697410454368,0.0065640467908247456,0.006117205907214344,1.0730465657668018,0.0004468408836104014,-0.8752289104825829
2024-08-06,435.44635009765625,442.91630484411263,430.5225248808415,433.1677313628738,63164400,0.0095097733783896,0.0095097733783896,0.00665373562189567,0.006555291244735714,1.0150175443751661,9.844437715995653e-05,-1.1812162444422836
2024-08-07,430.7305603027344,444.8283608872693,430.3342827318256,442.3416715112024,54929200,-0.0108888526881841,0.0108888526881841,0.00666471462382639,0.00635666173125651,1.0484614260744984,0.0003080528925698805,-1.0626220940640136
2024-08-08,443.9070129394531,444.8184483377776,433.088456770268,436.9621327982493,47890100,0.0301323656758106,0.0301323656758106,0.007080975530274731,0.006668021390856117,1.0619305360934954,0.0004129541394186139,-0.969476472216353
2024-08-09,446.2252807617188,447.8599446984154,441.46985903291545,442.5893651317929,33574000,0.0052088281264491,0.0052088281264491,0.007073795345339237,0.0068898656385707165,1.026695688481768,0.00018392970676852066,-1.1386014900801487
2024-08-12,447.1862487792969,450.1484591172227,444.3825252809175,447.1961655445336,27795000,0.0021512334605074,0.0021512334605074,0.0070712175130876525,0.0069058529206712255,1.0239455711432026,0.000165364592416427,-1.1680957277903201
2024-08-13,458.2822265625,458.54973738352265,451.4463394555369,451.58505324925886,40084500,0.02451003776448,0.02451003776448,0.00767181292184134,0.006970760267974705,1.1005704725046181,0.0007010526538666351,-0.8565033089789115
2024-08-14,458.4307556152344,460.788617480026,454.1409690027498,459.2035073738891,34733700,0.0003240470178163,0.0003240470178163,0.006784218093705908,0.006761226235551335,1.0034005456042396,2.2991858154573427e-05,-1.1646009186305537
2024-08-15,470.01220703125,470.4084846096922,464.02831582443696,464.4047901058715,38280600,0.0249494102224027,0.0249494102224027,0.0073841882420701025,0.006707584094298804,1.1008715117483785,0.0006766041477712986,-0.6708997349490156
2024-08-16,470.6165161132813,471.9836994318874,467.267914706038,468.22890368838864,38383600,0.0012849047670007,0.0012849047670007,0.007306571869923743,0.006551129712248825,1.115314791624786,0.0007554421576749177,-0.5555575899869425
2024-08-19,476.7984924316406,476.8381292557489,468.9718976593746,470.755191935789,23737700,0.0130503823590073,0.0130503823590073,0.00725820362372138,0.006495452405621433,1.117428497734789,0.0007627512180999468,-0.4968278521622082
2024-08-20,475.79791259765625,478.4530054535782,474.1037784441942,475.887072779306,29209300,-0.0021007431828949,0.0021007431828949,0.007250149812143297,0.006335915040728799,1.144294038909546,0.0009142347714144981,-0.3330854761302142
2024-08-21,478.0171203613281,479.8697414618623,474.866672813873,476.58058013398335,25658800,0.004653337788698,0.004653337788698,0.005937403272504064,0.005714975893965999,1.038920090419438,0.00022242737853806534,-0.8080706112165555
2024-08-22,470.4381713867188,481.0288529409239,469.40782556843743,480.3353445521879,37739600,-0.0159820085579081,0.0159820085579081,0.006069860352464339,0.00565405860486218,1.0735404028611575,0.0004158017476021585,-0.529537308950429
2024-08-23,475.5403442382813,478.2548773617484,470.8641963105765,474.7873956850109,36061500,0.0107871843655728,0.0107871843655728,0.006082105865838831,0.005892700880976332,1.0321423042995383,0.0001894049848624995,-0.7087426167678442
2024-08-26,470.9236450195313,475.9168271905872,468.8431499287544,474.9954750129997,27452600,-0.0097557559235208,0.0097557559235208,0.0061732536032278575,0.006014422998431675,1.0264082863539195,0.00015883060479618231,-0.6718013727994758
2024-08-27,472.3304443359375,473.400396779738,467.32734562030106,469.2889603736487,27510000,0.002982866176492,0.002982866176492,0.005990977141336322,0.005426721093905734,1.1039773442685774,0.0005642560474305881,0.03317279070350344
2024-08-28,466.9707336425781,472.588037228048,463.54288867121295,471.8648389451947,37372400,-0.0114122477206422,0.0114122477206422,0.0052706575221234285,0.004356922265017827,1.2097203487980666,0.0009137352571056013,1.8802788075791537
2024-08-29,466.287109375,473.4895530413343,465.0090862780714,468.882762161012,41081500,-0.0014650279019139,0.0014650279019139,0.004671596034649353,0.0034580013468778767,1.3509526359401778,0.0012135946877714762,3.3147908562169452
2024-08-30,471.8450012207031,472.4691527766626,466.1385374963052,470.62644840577417,33466500,0.0118489854667515,0.0118489854667515,0.004234973814938898,0.002343115986453808,1.8074110882356806,0.0018918578284850898,3.903015509287109
2024-09-03,457.5193176269531,468.9322743417684,455.1416220906215,468.8035075692745,44985200,-0.0308314362650206,0.0308314362650206,0.004269294054145124,0.0024647943665810526,1.7321096283042532,0.0018044996875640714,2.627127852627582
2024-09-04,456.33050537109375,460.13485493215927,453.47728855135824,454.4085575268009,32505100,-0.0026017686857304,0.0026017686857304,0.004185627464730844,0.0024281410029601013,1.7237991779012107,0.0017574864617707427,2.13876958686683
2024-09-05,456.7565002441406,461.0363402813741,453.6852962003829,454.7057252932336,34452400,0.0009330872114813,0.0009330872114813,0.0040679310036101,0.0019165652900485911,2.1225110486619347,0.002151365713561509,2.7563120846104656
2024-09-06,444.521240234375,456.9348232587385,444.0258857158704,456.0530777034609,50624400,-0.0271525883045259,0.0271525883045259,0.003897234594024408,0.0017098193065653044,2.2793254112057006,0.0021874152874591037,2.5182419413263295
2024-09-09,450.2376098632813,451.2283188768992,445.6407357617946,448.8506232910241,32981200,0.0127776269616595,0.0127776269616595,0.004033370454344849,0.002237198840811448,1.8028663258568096,0.0017961716135334008,1.1577822424833313
2024-09-10,454.3985900878906,454.9038613489134,448.0283385228492,452.0010610232758,29680300,0.0091992992743437,0.0091992992743437,0.0041133697560821825,0.002339015347135027,1.7585903235395595,0.0017743544089471553,0.9466371515239262
2024-09-11,464.2660827636719,465.0091145713216,447.087190998894,455.6370151696974,57843000,0.0214830774936702,0.0214830774936702,0.003974150423464985,0.002636974761509799,1.5070870155729466,0.0013371756619551863,0.26600741545674433
2024-09-12,468.8233337402344,469.635722410282,462.5125219845072,464.29578616525714,40067800,0.0097681682645672,0.0097681682645672,0.004069462528240128,0.002953907320908164,1.377654098839158,0.001115555207331964,-0.11400712893673631
2024-09-13,470.9236450195313,472.1025912298367,467.8623576257768,468.0902315957997,29111800,0.0044699580288679,0.0044699580288679,0.0034669699825742363,0.0029721374898985997,1.1664904447918116,0.0004948324926756366,-0.6792702904182265
2024-09-16,468.8431091308594,469.4573438624681,465.524258227229,468.7935857753576,22585600,-0.0044277780174614,0.0044277780174614,0.0034849242204858894,0.002976886766509475,1.170660657869802,0.0005080374539764144,-0.6792726634110333
2024-09-17,469.0908508300781,473.1626810286975,466.5942747357859,471.8648545022235,30084400,0.0005282711055488,0.0005282711055488,0.003314890811130558,0.0029374967951719707,1.1284746987907754,0.0003773940159585874,-0.793330343163764
2024-09-18,467.0598449707031,474.3811686272041,466.4554967698822,470.2895659274543,39909200,-0.0043390643302289,0.0043390643302289,0.0033293051684719437,0.0029257421094846144,1.1379352806520664,0.00040356305898732936,-0.7669269054679474
2024-09-19,478.8691101074219,481.7124704668982,476.0257799819862,478.12607832269657,52782500,0.0249699063612772,0.0249699063612772,0.00393114783958717,0.0029791120284445726,1.319570329028434,0.0009520358111425975,-0.3315038265828514
2024-09-20,477.9576110839844,479.19599722698985,473.8560616660125,478.0071344360898,34577700,-0.0019052546902758,0.0019052546902758,0.0036793532374769402,0.002783034484117735,1.3220652702919535,0.0008963187533592054,-0.3670087989295716
2024-09-23,479.2245788574219,480.3158962480575,477.7959506872309,479.1352933813507,24843000,0.0026472881060153,0.0026472881060153,0.003569998025256332,0.002625651091328295,1.3596620042346526,0.0009443469339280373,-0.3189236733862098
2024-09-24,481.5361633300781,482.4885720219182,476.3772551624619,480.6333475885268,25952600,0.0048119970594284,0.0048119970594284,0.0034979785673169687,0.0025999507086211593,1.3454018784733281,0.0008980278586958094,-0.42264713007605126
2024-09-25,481.9826049804688,483.9370455260504,480.7325477988355,480.9111187457759,26549900,0.0009266901632274,0.0009266901632274,0.0034899398313487317,0.002553483447208299,1.366736814042892,0.0009364563841404326,-0.41076019555712345
2024-09-26,485.603759765625,489.8003586045488,481.9627351584917,489.4729482643536,32020200,0.0074849580837895,0.0074849580837895,0.003415725030827514,0.0025381163085636824,1.3457716729933742,0.0008776087222638314,-0.5041536495406583
2024-09-27,482.9052734375,486.76456175281504,481.7246705523257,486.6256530479584,22851100,-0.0055724690601436,0.0055724690601436,0.0034446311355003857,0.002576366146343093,1.3370114882116861,0.0008682649891572926,-0.5288951040867712
2024-09-30,484.2148742675781,484.55218506630086,479.10555878077656,481.9429538811356,30281100,0.0027082501251524,0.0027082501251524,0.003311567297649485,0.002026226776823886,1.6343517594019623,0.001285340520825599,0.4396181075278555
2024-10-01,477.4685363769531,484.14538839099305,473.6291095550639,483.8477701398877,42735400,-0.014030497950528,0.014030497950528,0.002557844708225228,0.001959910634265281,1.305082315237346,0.0005979340739599472,-0.5491331849898908
2024-10-02,478.1431579589844,480.0579058985266,473.9465592247254,476.56569049834064,23744000,0.001411915944733,0.001411915944733,0.0025530690145661723,0.001987214540671396,1.284747551063912,0.0005658544738947765,-0.5489080692871828
2024-10-03,477.7860107421875,480.722621801194,475.2065415805555,475.9506174766113,25337200,-0.0007472253072887,0.0007472253072887,0.0025527567084817947,0.0019490744849681282,1.3097276313293578,0.0006036822235136665,-0.38569703297449404
2024-10-04,483.4707946777344,484.02636896280734,478.57974271825753,483.5997726861492,30686600,0.0118279531102824,0.0118279531102824,0.0019553941316257572,0.0014179764682604387,1.3790032312910085,0.0005374176633653185,0.06168517032322076
2024-10-07,478.29205322265625,482.7267473414919,477.0717576974764,481.55607504831227,24975100,-0.0107693731746109,0.0107693731746109,0.0019081057794284584,0.0014334243492830903,1.3311520628087379,0.0004746814301453681,-0.08865085821940899
2024-10-08,485.4351196289063,486.11967189958807,480.0281860924304,480.8317856664436,28272000,0.0148241066909058,0.0148241066909058,0.0020432328114728757,0.0013737609145105245,1.4873278092941566,0.0006694718969623512,1.3020755105988229
2024-10-09,489.2547302246094,489.8301659101601,484.0958218394654,485.1375160516646,24995000,0.0078376319379847,0.0078376319379847,0.0016431386672691546,0.0012266331817386781,1.339551784291458,0.00041650548553047646,0.15124573855809142
2024-10-10,488.69915771484375,490.5643129343177,485.663330270901,486.972911204982,25750400,-0.0011361937947883,0.0011361937947883,0.0015490124923635722,0.0011720350764073018,1.3216434589243167,0.0003769774159562704,0.017989560164354892
2024-10-11,489.4630432128906,490.4849365346354,486.298268176488,486.86374286155046,20644500,0.0015618793132915,0.0015618793132915,0.0015314714345730197,0.0011437334353064925,1.339010810821162,0.00038773799926652714,0.10064425761556414
2024-10-14,493.5703430175781,494.8898242812604,491.3480460359973,491.8539970558773,26060100,0.008356427692516,0.008356427692516,0.0015816961001813535,0.0011605608491295153,1.362872184916209,0.00042113525105183817,0.2480777530472752
2024-10-15,486.9729309082031,494.5624998251386,484.8200577578031,493.89777863008,34784500,-0.0134568495714577,0.0134568495714577,0.001762503830209237,0.0013335981830038528,1.321615350614305,0.00042890564720538416,-0.29140731830392386
2024-10-16,487.0324096679688,487.8062474023501,483.718795252719,487.3002660956879,22996800,0.0001221323074149,0.0001221323074149,0.0017436912672478867,0.0011659902660586235,1.4954595402773436,0.0005777010011892632,1.6162972621603715
2024-10-17,487.3697204589844,492.5683211220585,487.3101968083786,492.5187281720624,27210700,0.0006923441442918,0.0006923441442918,0.00112067438397107,0.001091393975330658,1.0268284499477296,2.9280408640412108e-05,-2.970876490714918
2024-10-18,490.5643005371094,491.6556179545978,489.4035287665701,490.15753539620334,25335000,0.0065333475936387,0.0065333475936387,0.001159729019315557,0.0010905764808794838,1.063409159878733,6.915253843607313e-05,-2.1825297714266925
2024-10-21,491.5068054199219,492.3104049952959,487.4292536147581,489.35393242594535,30336500,0.0019194234846317,0.0019194234846317,0.0011564050715126627,0.0010902647064330582,1.0606645016474863,6.614036507960447e-05,-1.8824489515311957
2024-10-22,492.0425109863281,493.5207623873369,488.0840368199485,488.8380434331737,26685800,0.0010893314863719,0.0010893314863719,0.001134436398899916,0.0010865445236712937,1.0440772321660616,4.7891875228622425e-05,-1.7376218303111357
2024-10-23,484.5025329589844,490.3460236255654,481.2186803721017,489.69123319300365,39346600,-0.0154424579007406,0.0154424579007406,0.0013720471502574397,0.00110207297411993,1.244969418974365,0.0002699741761375096,-0.37398405734635576
2024-10-24,488.4313049316406,489.10592652945246,485.5740484273458,488.22294186566177,22024900,0.0080761777913865,0.0080761777913865,0.0013812472004594383,0.0012324590252714577,1.1207246424725634,0.00014878817518798062,-1.0858270156366163
2024-10-25,491.4076232910156,496.3284372626755,490.5246386010865,491.2290523233431,38762100,0.0060751362854157,0.0060751362854157,0.001387102069919555,0.001285822496204879,1.0787663725075614,0.00010127957371467594,-1.2233840995762013
2024-10-28,491.4869689941406,494.58232014940006,491.1893507201843,494.5227964946088,20477800,0.0001614531281789,0.0001614531281789,0.0013797935182917659,0.0012276759389036383,1.1239069485421165,0.00015211757938812754,-0.8934089434929866
2024-10-29,496.2093505859375,497.38995346166206,489.9491943003024,491.8044187402905,28014100,0.0095624889617242,0.0095624889617242,0.0012743798406950925,0.0011989837888861851,1.0628832954271614,7.539605180890735e-05,-1.1917586022500222
2024-10-30,492.459228515625,496.3978717307463,491.9731085864843,495.4454629981242,29756000,-0.0075862430239303,0.0075862430239303,0.0013299374172782326,0.0013112774199585558,1.0142303962804962,1.8659997319676793e-05,-1.3601757430495955
2024-10-31,480.0281982421875,488.5404136876197,479.92898206139125,488.4908207354854,41245200,-0.0255668239311214,0.0255668239311214,0.001983041557543342,0.0016020600846339635,1.237807231179113,0.0003809814729093784,0.09695029243831696
2024-11-01,483.5798645019531,486.8736476423335,481.36749827680495,481.66511651625655,33655800,0.0073716326803077,0.0073716326803077,0.001897482051137683,0.001698019394315322,1.1174678319282618,0.00019946265682236112,-0.606441085949254
2024-11-04,482.171142578125,485.5145189767317,480.4250346737851,482.9747421757978,23291600,-0.0029173625761442,0.0029173625761442,0.001790013656964341,0.00148102862898886,1.2086286665413306,0.000308985027975481,0.0336771880659864
2024-11-05,488.3221435546875,488.986864708101,483.6691863103744,483.7584717889176,24353600,0.0126761996795481,0.0126761996795481,0.0017309455560967583,0.0013566139863123853,1.2759307906016062,0.000374331569784373,0.6097238383132693
2024-11-06,501.5865478515625,502.4100088623021,495.6538016210877,496.6062103649232,43082200,0.0268008521833027,0.0268008521833027,0.002387802759452682,0.0018762772130033816,1.272627916015936,0.0005115255464493002,0.6231188449184202
2024-11-07,509.483642578125,510.2674413018148,504.3247343609714,504.38425801250014,32853100,0.0156215768144946,0.0156215768144946,0.002630545485284521,0.0025311374476155953,1.0392740575042936,9.940803766892575e-05,-1.021983733831043
2024-11-08,510.0789184570313,510.8527258947588,508.3625422286576,508.98757082027066,22924500,0.0011677085238246,0.0011677085238246,0.002629469561491846,0.002539289435789963,1.0355139215053002,9.018012570188296e-05,-0.9521923953746962
2024-11-11,509.7813720703125,511.5076186893174,506.8844228762925,511.2992556117253,24167500,-0.0005835042268529,0.0005835042268529,0.002559980154894353,0.00236372180122232,1.0830293791640557,0.000196258353672033,-0.5130756851237637
2024-11-12,508.858642578125,510.5948198239138,505.802983947209,509.711895702093,25835300,-0.0018116895690364,0.0018116895690364,0.002382175573600067,0.00236280070578534,1.0081999585353465,1.937486781472715e-05,-1.0201271904834677
2024-11-13,508.203857421875,510.9122744153452,505.9220366929146,508.352696828286,24567400,-0.0012876008046995,0.0012876008046995,0.0023838185731318152,0.002366332131381388,1.0073896819125805,1.7486441750427188e-05,-1.1103534310843857
2024-11-14,504.6719970703125,508.739588052962,503.7592505809421,507.8665643683169,28679500,-0.0069739537190578,0.0069739537190578,0.00243197526319324,0.0023733321393373838,1.0247091938308428,5.8643123855856277e-05,-0.9137887364671993
2024-11-15,492.647705078125,499.3542886691706,490.58411760662926,498.9673849410941,51461100,-0.0241143830634515,0.0241143830634515,0.002970794102944812,0.002617798832642958,1.1348443073242058,0.0003529952703018543,0.2821198430579392
2024-11-18,496.0704345703125,498.1737145612043,492.8064433987384,494.1953790330812,27080800,0.0069235973886639,0.0069235973886639,0.00301504611723177,0.002876771925100836,1.0480657472093784,0.00013827419213093385,-0.6846390253503237
2024-11-19,499.4832763671875,499.9694265575256,493.1536656807539,493.49100674201975,24523000,0.0068561949565164,0.0068561949565164,0.0030608668834263297,0.0029249130278581072,1.0464813327006104,0.00013595385556822246,-0.7044241910751333
2024-11-20,499.195556640625,499.5031055797306,492.6377521945281,499.18562594048456,29565500,-0.0005762007264265,0.0005762007264265,0.0028227293846873184,0.0027352150381478747,1.0319954172958568,8.751434653944375e-05,-0.7846702592240548
2024-11-21,500.9913024902344,502.95564359753246,493.6298978588017,502.2413294830984,34526700,0.0035908245799219,0.0035908245799219,0.0027703987581330055,0.002661395708217662,1.0409570999076807,0.00010900304991534344,-0.6267100742005759
2024-11-22,501.7948913574219,502.5290365817057,498.8086569561695,500.4357175118036,23826600,0.0016027126103884,0.0016027126103884,0.002736060164958129,0.00266889501987238,1.0251658999644582,6.716514508574908e-05,-0.768273282351602
2024-11-25,502.5885620117188,507.41018976726633,500.2769794512125,505.87241468402135,26375200,0.0015804139680537,0.0015804139680537,0.0027385318061559495,0.002670448624838981,1.0254950350602883,6.808318131696842e-05,-0.7011646809116988
2024-11-26,505.2870788574219,506.1105398394157,503.2235216050594,504.0667834357268,26557100,0.0053548735271143,0.0053548735271143,0.0026757652815042414,0.002569791292096136,1.0412383642726348,0.00010597398940810545,-0.507012748927385
2024-11-27,501.3087158203125,504.2254957213914,497.9653396767726,504.1560716487184,24957400,-0.0079046301865892,0.0079046301865892,0.002680697376672848,0.0023316148305014433,1.1497170723074916,0.00034908254617140467,0.6503946102972334
2024-11-29,505.7136535644531,506.308920336892,501.3186525359816,501.93375043277575,15334000,0.0087484965037252,0.0087484965037252,0.0021035710818235777,0.00214419431601133,0.9810543130888808,-4.062323418775214e-05,-1.1742569018872901
2024-12-02,511.2198486328125,512.1822183655047,506.586752593205,506.97368662654696,25147200,0.0108291227805996,0.0108291227805996,0.0021665000136474985,0.0022592281567064172,0.9589558306523139,-9.27281430589187e-05,-1.289344230180601
2024-12-03,512.787353515625,513.0651709231122,509.31499924035353,509.890434903682,18597900,0.0030615138328288,0.0030615138328288,0.0021673618761954136,0.002253215837377404,0.9618971428489873,-8.585396118199065e-05,-1.1516173688531577
2024-12-04,519.126953125,519.3849091600352,515.4958283369896,516.2101727842456,26086200,0.012287220612956,0.012287220612956,0.0021576516282710892,0.0017786539857081575,1.2130811532812193,0.00037899764256293174,2.0166275033122147
2024-12-05,517.6883544921875,519.9007209183162,517.3014204692249,519.1765063776851,18169600,-0.0027750353326048,0.0027750353326048,0.0014470667716170533,0.001174566402464098,1.2320008205421868,0.00027250036915295534,2.4550198879054173
2024-12-06,522.321533203125,522.5596278540572,518.2241495179821,518.3531275460812,23762600,0.008909933293634,0.008909933293634,0.0012824200207429057,0.0011847513379319465,1.0824381283092246,9.766868281095922e-05,0.3563332013259417
2024-12-09,518.2538452148438,522.1924580312864,517.102973878682,521.3987891581372,20674400,-0.0078181913431978,0.0078181913431978,0.0013421805934251462,0.001293102041883296,1.0379541211383219,4.9078551541850094e-05,-0.2592213940071446
2024-12-10,516.4879150390625,521.2301883413037,515.0592867380795,519.4840803564292,24350000,-0.0034132804108391,0.0034132804108391,0.001353490599405409,0.0013333592754017252,1.0150981992438748,2.0131324003683747e-05,-0.5258008939070323
2024-12-11,525.7342529296875,526.4188051823884,520.4463971119644,520.8531319621538,32168600,0.0177439720113433,0.0177439720113433,0.001665056923050188,0.001424830545471256,1.1685999632324546,0.00024022637757893195,1.4097530104552571
2024-12-12,522.3412475585938,524.7818381497026,521.8650583907863,523.5119196314856,23577500,-0.0064747572538526,0.0064747572538526,0.001705321488714242,0.0015911908246660652,1.0717265725008995,0.00011413066404817674,0.09527411551986727
2024-12-13,526.3394165039062,528.9585173420876,523.1348888305102,526.2699621617475,28780400,0.0076251779107775,0.0076251779107775,0.001714828796409691,0.0014045779976459465,1.2208854184557358,0.0003102507987637446,1.792174960836698
2024-12-16,533.9190673828125,534.8913677012594,528.7899213110657,528.8693063591745,31979900,0.0142979851061438,0.0142979851061438,0.0013377577039743243,0.001313576112498858,1.0184089762636326,2.4181591475466334e-05,-0.6162836604099075
2024-12-17,531.5678100585938,533.234532805748,529.911018011913,532.1233843076452,28579100,-0.0044134961972165,0.0044134961972165,0.0013093004518568553,0.0013381348366782396,0.9784518091667337,-2.8834384821384328e-05,-1.0357600289057076
2024-12-18,512.3905029296875,532.6393233284896,510.942073860317,530.9230075449514,54703200,-0.0367437367030784,0.0367437367030784,0.002612395229480245,0.0015866627721328427,1.6464716229325658,0.0010257324573474025,3.6374510294036346
2024-12-19,510.108642578125,517.6387171158508,509.77136208940215,517.0732121815271,46441800,-0.0044633076705961,0.0044633076705961,0.002631984337565513,0.0018410211398278609,1.4296328709248871,0.000790963197737652,1.8811666835347878
2024-12-20,514.563232421875,520.674610325421,505.2672783831969,506.4081888202465,60530000,0.0086947207503883,0.0086947207503883,0.0026946884853289743,0.001892939341896963,1.4235471922880307,0.0008017491434320113,1.6155297254243504
2024-12-23,519.5764770507812,519.9540883119314,512.8789414988543,516.2773821985058,29672800,0.0096955640615962,0.0096955640615962,0.002786123760089992,0.002021379073406957,1.3783281902657116,0.000764744686683035,1.225560926009487
2024-12-24,526.621826171875,526.7112253012842,520.8881517500126,521.5241349732042,17558200,0.0134686810414731,0.0134686810414731,0.00296503142077651,0.0022132102860776236,1.339697108507166,0.0007518211346988863,0.9219387861279774
2024-12-26,526.2640380859375,527.8937223215758,522.994783551006,524.9921323134935,19090500,-0.0006796332097432,0.0006796332097432,0.0029368186515849066,0.0021610998530679857,1.3589463010770553,0.0007757187985169209,0.9295562751735057
2024-12-27,519.2683715820312,523.1338828752066,514.5979649367405,522.6966520264838,33839600,-0.0133822172124885,0.0133822172124885,0.0030534192107203924,0.002066759977179974,1.477394203697849,0.0009866592335404183,1.3938285853322872
2024-12-30,512.3621215820312,516.088500066774,508.6059332824244,512.2627757493814,34584000,-0.0133891993682913,0.0133891993682913,0.0031561536793685524,0.0021993958693221154,1.435009369341647,0.000956757810046437,1.0689901680769736
2024-12-31,508.009765625,514.3992253569596,507.0458744562585,513.6440635547258,29117000,-0.0085309726927952,0.0085309726927952,0.003111661274256469,0.0023267393614941866,1.3373484481124782,0.0007849219127622825,0.5033405176709531
2025-01-02,507.0160827636719,513.3857099460889,502.52453474139946,511.06042287109295,36389800,-0.0019579465495393,0.0019579465495393,0.0031061219619987197,0.0022938872443698135,1.3540865923652001,0.0008122347176289062,0.5148227560530025
2025-01-03,515.3134765625,516.3767439002675,509.3015977009679,510.1163791404504,29059500,0.0162326833246244,0.0162326833246244,0.0032186461795248077,0.0022902512513709758,1.4053681567024936,0.0009283949281538319,0.7358196812299125
2025-01-06,521.2359008789062,524.5946151120777,518.7417623146622,520.7192176012078,36109700,0.0114273162335736,0.0114273162335736,0.0033415289147296972,0.002542789160099524,1.3141195373819001,0.0007987397546301732,0.21529952686242532
2025-01-07,511.9349060058594,522.6768120634671,510.0469103778788,522.2793680289604,36690300,-0.0180052438239824,0.0180052438239824,0.003586330808593746,0.0027565620550072034,1.3010158077447578,0.0008297687535865428,0.08665211117201338
2025-01-08,512.0243530273438,513.6639233488847,507.3539460207125,511.83554740418106,30777800,0.0001747081652376,0.0001747081652376,0.0035252372156578935,0.002719585483954061,1.2962406353678866,0.0008056517317038326,-0.013517802386734435
2025-01-10,503.9952392578125,508.3575711092296,500.7458477331711,508.2582252642564,40532500,-0.0158053663051663,0.0158053663051663,0.003763396336535362,0.002628787447138867,1.4316092161164975,0.0011346088893964949,0.7123167334204918
2025-01-13,502.3755187988281,502.83261280745984,496.5524449888724,498.0429966184263,31694200,-0.0032189366485174,0.0032189366485174,0.0034589093469431964,0.0025282385144351238,1.3681103769262093,0.0009306708325080727,0.25185105223002957
2025-01-14,501.89849853515625,506.94651670595886,498.4304916746537,505.5354479124467,33737200,-0.000949980366539,0.000949980366539,0.0034178893281436888,0.0024554898324388665,1.3919378866859073,0.0009623994957048223,0.32676111988004874
2025-01-15,513.4453735351562,514.5880934164899,508.2383591191385,509.7985074587959,34957600,0.0227457379630483,0.0227457379630483,0.0038771145854563363,0.0023181760393288045,1.6724849708044178,0.0015589385461275318,1.9493626991716166
2025-01-16,509.84814453125,515.7904573182853,509.7189585445146,515.7109442532102,28229000,-0.0070307174984817,0.0070307174984817,0.0037221131959042832,0.0024702523008919767,1.506774508239614,0.0012518608950123065,0.8375318577557438
2025-01-17,518.45361328125,520.7689538758897,509.8779677530645,519.5566069696355,51837900,0.0167376348127115,0.0167376348127115,0.003982782666345131,0.0024003663781155403,1.65923948221267,0.0015824162882295905,2.0819540209788356
2025-01-21,521.4943237304688,522.6569370321079,516.784190233401,521.1763321012501,23628000,0.0058478295043186,0.0058478295043186,0.0026668775893515587,0.0022965056906960614,1.1612762816813396,0.0003703718986554972,-2.1111160960561666
2025-01-22,528.1619873046875,530.457434010863,525.9261602278661,526.2342050879784,33593000,0.0127046409159715,0.0127046409159715,0.002808364374792934,0.002352249105700775,1.1939060229576641,0.00045611526909215914,-1.6034935398608203
2025-01-23,529.2849731445312,529.4042124255304,525.1213630726537,525.7076127624492,23096600,0.002123957614922,0.002123957614922,0.0027372774018156864,0.002262217181304845,1.2099976184589083,0.0004750602205108416,-1.32226057704368
2025-01-24,526.2938842773438,530.427653898665,524.8232261530454,529.6625453438141,19878300,-0.0056672163365865,0.0056672163365865,0.0026753907803488434,0.002076000011001728,1.2887238758047466,0.0005993907693471155,-0.6658287093115494
2025-01-27,510.9709777832031,514.7271357656366,506.9365241022923,507.78117595907423,60771700,-0.0295469784245618,0.0295469784245618,0.0033670093453734267,0.002324649774593775,1.4483942407891532,0.001042359570779652,0.5195073128662718
2025-01-28,518.5231323242188,519.7056389765987,508.5563122008364,511.9746158466005,33194200,0.014671846961327,0.014671846961327,0.003581810537330241,0.0029913173284443367,1.1974023963525782,0.0005904932088859043,-1.2833735029944395
2025-01-29,517.5493774414062,519.2983011374322,513.6441392716389,519.169115138246,26649000,-0.0018797046738474,0.0018797046738474,0.0034062600894689014,0.002753187063691775,1.2372061943736632,0.0006530730257771262,-0.8983328275453347
2025-01-30,519.7553100585938,522.7860860608997,514.9458310521527,520.4111867008249,27431300,0.0042532073154022,0.0042532073154022,0.0032450792022128403,0.0025863243221771358,1.2547069887511915,0.0006587548800357046,-0.7014233079318619
2025-01-31,519.0001220703125,528.1720244019145,517.9070751282055,523.6009629833273,38755200,-0.0014540248801092,0.0014540248801092,0.003174415895479599,0.002569801242392643,1.2352768156201928,0.0006046146530869563,-0.7920590171172799
2025-02-03,514.8463745117188,517.5691053570011,507.8308483688725,510.23558763833256,40580800,-0.0080355641248992,0.0080355641248992,0.0032351526315941136,0.002538230095824026,1.2745702751364762,0.0006969225357700876,-0.4807171194762631
2025-02-04,521.1663818359375,521.8023650900426,514.9656967351663,515.3632014316573,26046800,0.012200787460537,0.012200787460537,0.0031205118383337716,0.002400854853249826,1.2997503093990914,0.0007196569850839458,-0.26579665003263403
2025-02-05,523.5313720703125,523.6903982021383,517.3406339590531,518.533087344952,21134100,0.0045276143565594,0.0045276143565594,0.0030104275737933995,0.002164432484507117,1.3908623139515168,0.0008459950892862824,0.3537512069310172
2025-02-06,526.2640380859375,526.4727371352427,522.4283666892038,524.0381574961376,19434500,0.0052061042775719,0.0052061042775719,0.002713342290381296,0.0021965168938238022,1.2352931580042525,0.0005168253965574937,-0.7176823320567645
2025-02-07,519.6260986328125,528.748266336267,518.9007163268166,526.8006512350846,29605500,-0.0126935484878482,0.0126935484878482,0.0028744379406516482,0.00229598381785064,1.2519417246339835,0.000578454122801008,-0.5815280307818482
2025-02-10,525.916259765625,527.0192533310259,523.432007239571,523.8990176021349,20852800,0.0120324862465428,0.0120324862465428,0.002769409061884404,0.002455982735851734,1.1276174793321476,0.00031342632603266994,-1.2959478908282926
2025-02-11,524.6641845703125,526.5820202342347,522.5178170831823,522.6470030660466,19325500,-0.0023835886054565,0.0023835886054565,0.002764729003377297,0.002496230575468868,1.1075615492202666,0.000268498427908429,-1.2868664363769806
2025-02-12,524.97216796875,525.856576316867,518.6621915785847,519.0099626297507,25009400,0.0005868383017242,0.0005868383017242,0.0027641709198728583,0.0024644860015877535,1.121601387912949,0.0002996849182851048,-1.0830164529625879
2025-02-13,532.5243530273438,532.8422839525621,525.856597948036,526.6415998490472,28714800,0.0142833821290169,0.0142833821290169,0.0024508173294327212,0.0022264525178999164,1.100772331648211,0.00022436481153280483,-1.1883651149694758
2025-02-14,534.7603149414062,535.445971182486,532.295894769465,532.6337798573957,17862600,0.0041900071319473,0.0041900071319473,0.002418942500655034,0.002135613195148522,1.1326688307368356,0.0002833293055065117,-0.8793237172733126
2025-02-18,535.9725341796875,536.5985706975572,532.6634926781901,536.3302520039847,20565000,0.0022642805013286,0.0022642805013286,0.0021439210477200384,0.001996768177953625,1.0736955202867977,0.00014715286976641363,-1.524626989561969
2025-02-19,536.12158203125,537.4034344848549,533.0808594023651,535.1775539526902,19666900,0.0002780499403344,0.0002780499403344,0.0021098012495777796,0.0018810554807844224,1.121605009065425,0.00022874576879335713,-0.978167700000486
2025-02-20,533.845947265625,535.7041632085364,529.106034929491,535.3364987054381,26550800,-0.0042536584233045,0.0042536584233045,0.0019664869587561517,0.001840526753171126,1.0684370413893758,0.0001259602055850256,-1.3931753329179024
2025-02-21,522.7662353515625,535.0086388627485,522.3985708362279,534.9887454346671,47093800,-0.0209729136632696,0.0209729136632696,0.002401838870333127,0.0019617524626467987,1.224333302017403,0.0004400864076863284,0.14583725524773555
2025-02-24,516.5953369140625,525.7373982954535,516.2575125365582,524.5548916727963,39268400,-0.0118745412808889,0.0118745412808889,0.002510726259958989,0.0020899209767146526,1.2013498538618625,0.0004208052832443362,-0.03932378431863204
2025-02-25,510.0865783691406,516.0487840625606,506.23101383534026,515.9692710044544,48940000,-0.0126793813100353,0.0126793813100353,0.0017984690363427407,0.001645469011642346,1.0929826229590827,0.00015300002470039465,-1.1131374769174485
2025-02-26,511.3188171386719,516.3866683055141,508.14890831803217,512.2827387092531,34457600,0.0024128311300617,0.0024128311300617,0.0015890276971483352,0.0016502041247482189,0.9629279634668119,-6.11764275998837e-05,-2.1737834166654353
2025-02-27,497.1188049316406,515.8004025498751,496.900189491336,514.866321152696,52448000,-0.0281642622905146,0.0281642622905146,0.002378720077856354,0.0017443903843379573,1.3636397558790385,0.0006343296935183969,1.7215762632854317
2025-02-28,504.9690856933594,505.5752287894212,493.7998650539851,496.97972060565854,47654000,0.0156681692945802,0.0156681692945802,0.0026061218344321894,0.00242784097643905,1.0734318514776147,0.0001782808579931395,-0.9340655856011523
2025-03-03,493.9190673828125,509.80833658708485,490.4709237175102,508.2979219919685,44587200,-0.0221255383955207,0.0221255383955207,0.0030935470953718735,0.0029540306829033015,1.0472291683617354,0.000139516412468572,-1.0680007137959109
2025-03-04,492.4285278320313,500.5669416036149,484.6677252997208,491.0671622880661,67875400,-0.0030223436294283,0.0030223436294283,0.003038111365580852,0.0029050701709165,1.0457962069199793,0.0001330411946643519,-0.9783425752643086
2025-03-05,498.8478393554688,500.4576300932126,488.1655538058739,493.0744390798085,46323700,0.0129517891713825,0.0129517891713825,0.0030570009936635965,0.002879787099804883,1.0615371510868705,0.00017721389385871346,-0.7505322423797133
2025-03-06,485.1248779296875,495.4394696358265,483.1374757756541,490.580287138397,57574300,-0.0278947800366716,0.0278947800366716,0.0038146204551961663,0.003410270273917145,1.1185683681354006,0.00040435018127902124,-0.09208626235054031
2025-03-07,488.6922302246094,490.172835031535,477.5031471015196,484.0913896771833,54714700,0.0073265672220626,0.0073265672220626,0.0038411955207066154,0.0036274941962733047,1.0589115551591664,0.00021370132443331068,-0.6913650085572045
2025-03-10,469.7522888183594,480.92147845342646,465.7079184343633,480.4047648459635,76668000,-0.0395273945848748,0.0395273945848748,0.005242484270161652,0.0038424814961968063,1.364348605282949,0.0014000027739648458,2.4886040717921554
2025-03-11,468.62939453125,475.7939702022416,464.0683106107926,469.37467027626616,68760800,-0.0023932581869383,0.0023932581869383,0.005103431229637758,0.003946026447904589,1.2933089265906395,0.0011574047817331685,1.5588324406183398
2025-03-12,473.9158935546875,478.0297999193566,468.8182025802525,476.1417740872487,46971100,0.0112176136799625,0.0112176136799625,0.005223584591670577,0.003985999860281659,1.3104828837855171,0.001237584731388918,1.525897345851488
2025-03-13,465.3899230957031,473.2799114684233,463.4919505450515,473.2501016514119,46563300,-0.0181542676953915,0.0181542676953915,0.005552817648034142,0.00429272223117483,1.2935422673538441,0.001260095416859312,1.2421863737784937
2025-03-14,476.6386413574219,477.5329662224829,470.13982810737366,470.7460015069771,43563000,0.023883040004983,0.023883040004983,0.005919202242870241,0.0048797785006516525,1.2130063366769173,0.001039423742218589,0.49343657035082106
2025-03-17,479.72900390625,482.77967314656735,474.7903088976975,476.5889052181335,41744400,0.0064627307717095,0.0064627307717095,0.005943412972132073,0.005107327678984797,1.1637030842151619,0.0008360852931472759,0.05260113179433431
2025-03-18,471.5508728027344,476.5889137375583,469.4342848576123,476.3901917362346,39072300,-0.0171943773628704,0.0171943773628704,0.006233932618840167,0.005280889753901494,1.1804701308590224,0.0009530428649386731,0.15384913153280158
2025-03-19,477.8608703613281,482.272874735034,471.8787711595005,473.8065534525706,40430300,0.0132926320226134,0.0132926320226134,0.006410549373159454,0.005638050827969583,1.1370151793165137,0.0007724985451898706,-0.2356654806721785
2025-03-20,476.24114990234375,481.4978063463737,473.1805338469725,473.8761366755608,36780500,-0.003395280547752,0.003395280547752,0.0064039836931752475,0.005568811074755087,1.1499732361555992,0.0008351726184201609,-0.16028016600548795
2025-03-21,477.8111877441406,478.5763266010879,469.93114605028205,471.0937592442753,42234900,0.0032913063511417,0.0032913063511417,0.0059749532831453525,0.005195167605028002,1.1500982715865906,0.0007797856781173503,-0.12664492824800438
2025-03-24,488.2964477539063,489.1423592971704,482.0665930507614,485.39050030859886,34567200,0.0217070465833322,0.0217070465833322,0.006305144423884772,0.005070890446303166,1.243399850706973,0.0012342539775816062,0.6905481038740778
2025-03-25,491.08294677734375,491.2421796862816,488.05761261924056,489.022941249908,26035200,0.0056903515796221,0.0056903515796221,0.006176757814579208,0.005216860654759028,1.1839990031063075,0.00095989715982018,0.11968119437856167
2025-03-26,482.0466918945313,490.7843964317407,480.4942090197157,489.9285233558148,34627100,-0.0185720673907518,0.0185720673907518,0.006515857747683639,0.00527612049217145,1.2349713690867512,0.001239737255512189,0.5039807456523588
2025-03-27,479.2999877929688,484.2360865180512,477.9365920668743,480.0861907948712,33469800,-0.0057142998122445,0.0057142998122445,0.005755285299658954,0.004749658570993072,1.211726109073904,0.0010056267286658819,0.38013886015636117
2025-03-28,466.6810607910156,478.2052651441426,465.7953334525717,477.4986938052008,46363800,-0.0266806096853954,0.0266806096853954,0.006221648703799742,0.004444601004721323,1.3998216481503587,0.0017770476990784196,2.052922380842044
2025-03-31,466.6611633300781,467.5966072840796,455.1269671761036,459.6948832614754,53000300,-4.263701014754066e-05,4.263701014754066e-05,0.005732111072422716,0.004341347223666091,1.3203530556540424,0.0013907638487566255,1.1534729765651706
2025-04-01,470.4229736328125,471.3484864500327,462.1828603541039,465.0489616231821,41156200,0.0080287998953992,0.0080287998953992,0.005787438139168733,0.004280396503701945,1.3520799145974927,0.0015070416354667875,1.3535990191066691
2025-04-02,473.8563232421875,477.24990051464846,463.6158828815237,463.8746401494549,49894500,0.0072719263264849,0.0072719263264849,0.005672570208926616,0.0038045984185103147,1.4909773870819467,0.001867971790416301,2.349451781916062
2025-04-03,448.4891052246094,457.8537794541511,447.9716210778618,454.2412608622545,70456300,-0.0550197706035899,0.0550197706035899,0.007921626612903979,0.004112045258432009,1.9264444127068352,0.0038095813544719694,3.5919003787571833
2025-04-04,420.6339721679688,438.2486913787224,420.6339721679688,436.0294529358994,117088400,-0.0641213588856022,0.0641213588856022,0.011979496690980774,0.009198821515936326,1.3022860232940838,0.0027806751750444475,0.036115640865034895
2025-04-07,421.6490478515625,441.0053675205171,400.4516641030583,406.6914499899583,161557000,0.0024102971350327,0.0024102971350327,0.010422891300591531,0.0092929943165938,1.1215858899192652,0.0011298969839977305,-0.9301147550875154
2025-04-08,414.0557556152344,441.0053229949478,407.8159703583268,436.04930169029,101248100,-0.0181726877127967,0.0181726877127967,0.010747410194549015,0.009319627060483393,1.1532017456062844,0.0014277831340656216,-0.6997458641929318
2025-04-09,463.7552490234375,465.57642043659325,413.42884056901664,413.5681807581863,142876900,0.1133562923499975,0.1133562923499975,0.023471224353214235,0.012235560589540706,1.9182794430586274,0.011235663763673529,2.7088835522961032
2025-04-10,444.0306701660156,453.39534429067385,430.54595489590434,451.3751243498341,108384100,-0.0434632955095036,0.0434632955095036,0.025030704974204735,0.01929355521312747,1.2973609424339618,0.005737149761077264,-0.04512569066267471
2025-04-11,452.2111206054688,453.5944394661005,439.2040723268698,442.5080869674275,52483800,0.0182555147724053,0.0182555147724053,0.024793569193930623,0.02029744356754065,1.2215119165834314,0.004496125626389971,-0.38363255958816167
2025-04-14,455.2762756347656,462.8097869672901,450.4496325846052,462.2226327115798,43941200,0.0067552821079809,0.0067552821079809,0.024797436141261432,0.020316604958939537,1.220550194846914,0.004480831182321895,-0.4031682022402398
2025-04-15,455.7837829589844,460.152650240748,453.9526501626425,456.3311517478732,35404200,0.0011141030098419,0.0011141030098419,0.024503030753881182,0.019969407996784653,1.22702840053278,0.004533622757096529,-0.3865771140570009
2025-04-16,442.0403442382813,450.4396905530406,435.6512868687369,446.86698749756175,48980600,-0.0306173824177917,0.0306173824177917,0.02526376079390987,0.019952095783893942,1.2662209056907043,0.005311665010015929,-0.2432848572068799
2025-04-17,441.9607238769531,445.5931353213716,439.2339021288606,445.0159426129849,44837000,-0.0001801363469235,0.0001801363469235,0.02525226531301541,0.019943205697133717,1.266208938347596,0.005309059615881694,-0.2736377725982053
2025-04-21,431.0236206054688,436.9648633110088,425.8685808388082,436.1189822025886,44149300,-0.0250581253314447,0.0250581253314447,0.02586934226064474,0.019838071260486586,1.3040250698247677,0.0060312710001581525,-0.13672508230827662
2025-04-22,442.3388977050781,445.4239403384991,435.51192735142513,436.7061589563807,52304400,0.0259134323833755,0.0259134323833755,0.02606965236716156,0.020664029442182107,1.2615957812151,0.005405622924979453,-0.34107278778817757
2025-04-23,452.3703308105469,461.14785116525866,450.6984308488603,455.9629568263105,55801100,0.0224248351542195,0.0224248351542195,0.026540145497755768,0.021410821918789145,1.2395668694280888,0.005129323578966623,-0.46144282317876656
2025-04-24,465.0987243652344,465.4072286279397,453.6341981671536,454.2810913346692,45956100,0.0277485331868784,0.0277485331868784,0.026965204904612437,0.022221556903289696,1.2134705512294905,0.00474364800132274,-0.5786319190682548
2025-04-25,470.2835998535156,470.8110455432342,463.1481559071448,464.72053142933055,38697100,0.0110862231572451,0.0110862231572451,0.027055456026160454,0.022465290188077677,1.2043225704922689,0.004590165838082777,-0.6195260494004561
2025-04-28,470.1343688964844,472.5228018406058,463.7850969803822,470.751377450237,33550800,-0.0003173715586957,0.0003173715586957,0.026343701817682308,0.02246903005070983,1.172444994653878,0.0038746717669724783,-0.7087018137659086
2025-04-29,473.23931884765625,474.1250461983433,467.3279300466541,467.9051531308386,30613100,0.0065826749322672,0.0065826749322672,0.026387031609031573,0.022471773964513404,1.1742300207674303,0.00391525764451817,-0.65854108032802
2025-04-30,473.1795959472656,474.9012732295199,460.2024029412006,464.87977453427817,46810600,-0.0001262081717435,0.0001262081717435,0.026322585909773825,0.022381368267959233,1.1760936862585283,0.003941217641814591,-0.6037955982345714
2025-05-01,479.3596496582031,484.8331551249222,478.4241753851547,481.0813268565942,43316500,0.0129761381606963,0.0129761381606963,0.026438085158841478,0.02175546558483336,1.215238766357295,0.004682619574008118,-0.3668408217832975
2025-05-02,486.4752502441406,488.5452477117453,482.4945185901325,484.19630323903306,39218100,0.0147348772116478,0.0147348772116478,0.02362802660801216,0.01651412562175342,1.4307767271000937,0.007113900986258741,0.9915636946035037
2025-05-05,483.5892028808594,486.6742758401759,481.768031598775,482.26562303187217,28309500,-0.0059502353046612,0.0059502353046612,0.0195518832428568,0.016409077767563993,1.1915284649028373,0.003142805475292807,-0.44175111288829494
2025-05-06,479.0910034179688,482.7134533803981,475.8865132659184,477.2499089792982,32786300,-0.0093452263176861,0.0093452263176861,0.019633406965506427,0.0164276205759214,1.1951461183784504,0.003205786389585026,-0.44878997570955415
2025-05-07,480.9718627929688,483.4598199362607,474.4832814966688,479.75773849221946,38006300,0.0039182054581924,0.0039182054581924,0.0193185127208122,0.013249315295100329,1.458076307381431,0.006069197425711872,1.0697633935962214
2025-05-08,485.9378967285156,490.3266572327833,481.8377477868162,486.1767309206693,39577600,0.0102720601433191,0.0102720601433191,0.006574378925062067,0.005573477688021274,1.1795828911618267,0.0010009012370407935,-0.8651358644319029
2025-05-09,485.619384765625,489.172194889319,483.8579220246552,487.8485846688506,27767400,-0.0006556730732575,0.0006556730732575,0.004685750775694626,0.004337716949609805,1.0802343329746604,0.0003480338260848214,-1.8527619701894822
2025-05-12,505.4036560058594,505.4434718267356,499.0643456144565,504.5477828951714,45090600,0.0399322706608089,0.0399322706608089,0.0059470731962172185,0.004185131934340123,1.42100017144499,0.001761941261877095,1.9002480243228939
2025-05-13,513.1063842773438,514.8977013705513,505.97090943590337,506.707335072133,53269600,0.0151257716164542,0.0151257716164542,0.006130228326851943,0.005122081039446764,1.1968237674572342,0.0010081472874051787,-0.5030604066202944
2025-05-14,516.1814575195312,516.7287959644325,513.2655789214306,514.2806849131285,47014500,0.0059751650924437,0.0059751650924437,0.006164689699217362,0.005210466708720764,1.1831358002728458,0.0009542229904965982,-0.6205942549003592
2025-05-15,516.7487182617188,519.4158011315517,512.6883550423395,514.0318883953613,50153300,0.0010983526525131,0.0010983526525131,0.005228471971649344,0.005212112172862559,1.003138804047995,1.6359798786784625e-05,-2.1020190074784235
2025-05-16,518.9978637695312,519.1869509574169,514.6090729974479,518.1519218274547,48394600,0.0043430489313248,0.0043430489313248,0.005247301596565743,0.005212514799621705,1.0066737070840668,3.4786796944037864e-05,-1.7832951056372819
2025-05-19,519.4954223632812,520.0129368955124,511.76283198638407,511.76283198638407,52536200,0.0009582317737936,0.0009582317737936,0.00462031015957166,0.004199067814539877,1.100318061921546,0.0004212423450317823,-0.8906708751871316
2025-05-20,517.7638549804688,518.4206490040874,514.171198352801,516.96766002425,42517600,-0.003338738980969,0.003338738980969,0.003959951359666927,0.003291296506162164,1.2031584976476193,0.0006686548535047633,0.007780982340240329
2025-05-21,510.568603515625,520.4806468794133,508.77728647765286,513.7830855259509,71292800,-0.0139942463760149,0.0139942463760149,0.0036529170596056146,0.0023872511535306374,1.5301771052463895,0.0012656659060749772,2.28647697028174
2025-05-22,511.5240173339844,515.2161678084017,509.8321942334835,511.1856284174264,55607200,0.0018695254757626,0.0018695254757626,0.0028864310910868486,0.0019451288015415744,1.4839279994205337,0.0009413022895452742,1.7032988109854268
2025-05-23,506.7869262695313,509.37440786318274,503.14455323986806,503.74166904926017,58368100,-0.0093038875115577,0.0093038875115577,0.00285008907002233,0.001966924233297363,1.449008061304133,0.0008831648367249672,1.3223361820726445
2025-05-27,518.709228515625,519.1969191841325,512.1112214329714,513.6637044067394,47226300,0.0232528213361469,0.0232528213361469,0.0033906820454068297,0.00230347124225597,1.4719880080144039,0.0010872108031508595,1.3164471120636807
2025-05-28,516.4102783203125,521.1573196978349,515.8928245699911,519.6645455027536,46637200,-0.0044419102530573,0.0044419102530573,0.003367081002839146,0.0024644089991153334,1.366283358017217,0.0009026720037238127,0.606949975442344
2025-05-29,517.4254150390625,523.943850597734,514.8280023627366,523.7946096140164,58513300,0.0019638266535384,0.0019638266535384,0.003370921689461679,0.002475538793352915,1.3616921288056412,0.0008953828961087641,0.5225728030071154
2025-05-30,516.609375,518.1718194248762,509.46396914496165,516.937802360934,67662800,-0.0015783612240807,0.0015783612240807,0.003205032752049882,0.0021800685883686644,1.4701522553692652,0.0010249641636812176,1.078482123261108
2025-06-02,520.689697265625,520.9285314569356,513.4845216279213,514.7484234216115,44762800,0.0078672456578251,0.0078672456578251,0.003049809699848112,0.0020618526070646593,1.479159901827294,0.0009879570927834526,1.102262951091323
2025-06-03,524.7599487304688,526.1930145844751,520.1721699845227,521.0379742774489,44070300,0.0077866438541066,0.0077866438541066,0.0030750362221779715,0.002070732545656076,1.484999223404633,0.0010043036765218956,1.0300166154104926
2025-06-04,526.2228393554688,527.2876922621837,523.4362788655679,525.4664906934179,41359300,0.0027838544766825,0.0027838544766825,0.0029954528129965442,0.0020472654243650517,1.463148245140499,0.0009481873886314925,0.8210051970974943
2025-06-05,522.261962890625,530.4821825867151,520.1422186545674,527.6260127928042,61031200,-0.0075554653697962,0.0075554653697962,0.0030371855359381246,0.0020170830033009886,1.5057315593695062,0.001020102532637136,1.0380236789413444
2025-06-06,527.3673095703125,529.2382582965394,525.6655856720602,527.4469412104685,42467000,0.0097279812501929,0.0097279812501929,0.003026303935554265,0.00212195613968302,1.426185904109374,0.000904347795871245,0.5241537713123331
2025-06-09,528.1436157226562,529.7856311828058,526.4617540692666,527.5863156876297,33688700,0.001470958326848,0.001470958326848,0.0030280377467745935,0.0021033059812709197,1.4396563190225447,0.0009247317655036737,0.5247387438634789
2025-06-10,531.6366577148438,532.3233363181573,526.342277608641,528.6112629449328,40664800,0.006592035592448,0.006592035592448,0.001476906439898595,0.0011697663359564034,1.2625653470281082,0.0003071401039421917,-0.4907272713159326
2025-06-11,529.8452758789062,534.1942808270467,527.5563674659288,533.039834702878,53701000,-0.0033752501665997,0.0033752501665997,0.001259509786592595,0.0010627492179144991,1.1851429908028648,0.00019676056867809575,-0.9484696133723702
2025-06-12,531.0892944335938,532.0646150066514,528.2829320298816,528.5317277617894,34104900,0.0023451382576069,0.0023451382576069,0.001229306862157929,0.0010648738611079825,1.1544154730954301,0.00016443300104994644,-1.1136470529167952
2025-06-13,524.421630859375,529.3079524332428,523.197514523019,525.1381334298933,55814400,-0.0126341700620907,0.0126341700620907,0.0013877227367664752,0.001103921778453617,1.2570843005836962,0.00028380095831285817,-0.6470374944390237
2025-06-16,531.7162475585938,532.7910620936354,527.8947792535579,527.9445262501218,37622100,0.0138139779817005,0.0138139779817005,0.0015596866504255,0.0013715328501928026,1.1371850482518502,0.0001881538002326973,-1.6196961269664072
2025-06-17,526.5313720703125,530.7608992855103,525.366964373918,529.1487078886557,42180900,-0.0097990619215869,0.0097990619215869,0.0016547900568362865,0.0015791367380812269,1.0479080227384137,7.565331875505964e-05,-2.162255638308434
2025-06-18,526.4418334960938,529.9846824659908,524.8595265770714,527.5464720231317,43983500,-0.0001700680966262,0.0001700680966262,0.0016436718020107347,0.001508361952203004,1.0897064856416638,0.00013530984980773082,-1.7352579491423374
2025-06-20,524.2921752929688,530.9897361478553,522.3515566708186,529.6960106468011,61643500,-0.0040917324162414,0.0040917324162414,0.0014645751445442493,0.0014683589110228439,0.9974231324166114,-3.783766478594611e-06,-1.9987346775032857
2025-06-23,529.6832275390625,530.2012624901581,521.7128229011945,524.8611059770333,50666100,0.0102300286089406,0.0102300286089406,0.0015657335043794672,0.0015067879482813138,1.0391200076728702,5.894555609815334e-05,-1.5436895237912924
2025-06-24,537.7831420898438,538.6997215726698,534.2861174166954,534.9038188952696,45442000,0.015176253311772,0.015176253311772,0.0017094898461348185,0.0014108309404511669,1.21169007364422,0.0002986589056836516,-0.4766909635835392
2025-06-25,539.157958984375,541.3000294115662,537.3845756916884,540.0546537700266,44804200,0.0025531900305483,0.0025531900305483,0.001175314925376141,0.0013094531798942986,0.8975616260453195,-0.00013413825451815764,-1.9820988064914886
2025-06-26,544.1992797851562,544.6476272131085,539.5167156535897,541.339901952907,43811400,0.0093069155947731,0.0093069155947731,0.0012422030365681562,0.0013330766723099038,0.9318316510750388,-9.087363574174765e-05,-1.578017777246449
2025-06-27,546.0623779296875,547.9553124291843,542.5254624415982,545.2354314727291,57577100,0.0034177116013935,0.0034177116013935,0.001250027174033308,0.0013781722329675905,0.9070181100236288,-0.00012814505893428245,-1.5055512470401073
2025-06-30,549.5992431640625,550.7549250315776,546.9789678853869,549.2206440950201,45548700,0.0064561493284706,0.0064561493284706,0.0012892178140311381,0.001393327120378225,0.9252800689626813,-0.00010410930634708682,-1.2797218510341035
2025-07-01,544.9664306640625,548.6727003482655,542.6450333450836,547.6962844543337,56166700,-0.0084651661859719,0.0084651661859719,0.001298983298346692,0.001382948769987497,0.9392851901219998,-8.396547164080505e-05,-1.1042774374107198
2025-07-02,548.7623291015625,548.9616013728256,544.099649838931,544.1394799694398,36538300,0.0069412340936605,0.0069412340936605,0.0012865322065789908,0.0014411967515873716,0.892683254498021,-0.00015466454500838076,-1.2210750136470987
2025-07-03,554.1622314453125,555.1386472795501,551.1334998356798,551.1334998356798,26443500,0.0097920486748811,0.0097920486748811,0.0013746665780828865,0.0015149229976968636,0.9074167995157452,-0.0001402564196139771,-1.0555784812016134
2025-07-07,549.9878540039062,552.2893059767699,547.5469053516296,551.4723321808171,45349300,-0.0075612860695088,0.0075612860695088,0.0013747545681536447,0.0015157728861341317,0.9069660638011913,-0.0001410183179804869,-0.9994913739860116
2025-07-08,550.2966918945312,551.9604968449189,549.0612280892235,551.3328226115977,36153300,0.0005613782359973,0.0005613782359973,0.0012804360944733914,0.0014999632710001403,0.8536449653328022,-0.0002195271765267489,-1.2406291717784765
2025-07-09,554.1921997070312,555.5670993773455,551.0538285444961,552.4287282148103,43045500,0.007053984870394,0.007053984870394,0.0013280310786258154,0.0014909521527293995,0.8907268259378184,-0.00016292107410358406,-0.9841723878671658
2025-07-10,553.3951416015625,555.2382732584896,550.7051180084419,554.8298167972696,34710900,-0.0014392693259186,0.0014392693259186,0.0012866476415662445,0.0014719499386806588,0.8741110059215025,-0.00018530229711441427,-1.028679128898839
2025-07-11,552.1497802734375,553.733864104168,550.0077097543851,551.2530854493318,39618600,-0.0022529375880492,0.0022529375880492,0.0012803310556547581,0.0014646098519698416,0.8741789179778929,-0.0001842787963150835,-0.9369197116587107
2025-07-14,554.1524047851562,554.8896575344722,549.5893307950605,551.9405857278426,36453300,0.0036203972588645,0.0036203972588645,0.00128793865851946,0.0014308811689638158,0.9001017599890082,-0.0001429425104443557,-0.642447801880126
2025-07-15,554.660400390625,558.7253235687808,554.6006247913591,558.177370440617,43277700,0.0009162874718609,0.0009162874718609,0.0011291559880927205,0.0011619438380251418,0.9717818978341086,-3.278784993242137e-05,0.12622854044232606
2025-07-16,555.228271484375,558.1375126628243,549.5194892045199,555.2183595594536,52314700,0.0010232938810764,0.0010232938810764,0.0009393771307808626,0.0009507873516927603,0.9879991873139843,-1.1410220911897717e-05,0.41336631727934886
2025-07-17,559.7216186523438,560.229741645841,555.1486333295833,555.9556343165032,40423800,0.0080602214222595,0.0080602214222595,0.0009083226856136193,0.0009611254965909562,0.9450614813938193,-5.280281097733695e-05,-0.025371088036287372
2025-07-18,559.1836547851562,562.6407884950407,557.9083608963978,561.0367592084838,50484700,-0.0009615897277655,0.0009615897277655,0.0009092184172606733,0.0009722070766571701,0.9352106553131906,-6.298865939649676e-05,-0.05524966921457612
2025-07-21,562.0828857421875,563.9659084478778,559.9807060956166,560.0106243017523,39595200,0.0051713616939612,0.0051713616939612,0.000919219124864322,0.0009142669796073595,1.0054165198650062,4.9521452569625075e-06,0.8499644321799121
2025-07-22,559.1737060546875,562.2622135594852,556.5434579032301,562.212410691865,43270600,-0.0051891533781175,0.0051891533781175,0.000841492952306207,0.0007125476455146027,1.1809637679715856,0.00012894530679160427,2.566578865130981
2025-07-23,561.7242431640625,561.7640732969975,557.5099110527195,560.2597104593184,40215300,0.0045508897809656,0.0045508897809656,0.0006318848855216335,0.0006887774231099861,0.9174006933452176,-5.689253758835253e-05,-0.21782000833262533
2025-07-24,562.9197387695312,564.1451688896942,561.2060703387892,563.0392899612859,42275500,0.0021259991161006,0.0021259991161006,0.0006298859784312028,0.0006666494009036774,0.9448534380700861,-3.6763422472474634e-05,0.15158333529268767
2025-07-25,564.2747192382812,565.5998159531918,562.1825124752501,562.8400440606903,30630800,0.0024041656907985,0.0024041656907985,0.0005490473132117847,0.0006247136954376614,0.8788783041279952,-7.566638222587666e-05,-0.7719554356301821
2025-07-28,566.0382080078125,566.9348420155121,564.7728868526946,565.6396634648174,31498700,0.0031203574831218,0.0031203574831218,0.0005471031914439593,0.0006018375601235885,0.9090545816575665,-5.473436867962922e-05,-0.33467098304726256
2025-07-29,565.1614990234375,569.9935327032099,564.434219030358,568.6485511909246,45463300,-0.0015500519571598,0.0015500519571598,0.0005078239883623427,0.0005235873031798879,0.9698936266754172,-1.5763314817545207e-05,0.5147802055717693
2025-07-30,565.9186401367188,568.508997161805,562.9595959750744,566.0780214636062,43433800,0.0013387932475465,0.0013387932475465,0.00043795731716589684,0.0004345490679485612,1.0078431861180268,3.4082492173356164e-06,0.9875702053958595
2025-07-31,562.9197387695312,572.5041444344463,561.7839416385068,572.4144506359528,64613600,-0.0053132644643072,0.0053132644643072,0.00041800736569057165,0.0003389574100028717,1.2332150097766863,7.904995568769997e-05,2.932453955774593
2025-08-01,551.8309936523438,556.951993446216,549.6391201209816,556.7626938955674,69400800,-0.0198952295874945,0.0198952295874945,0.0007179433087784475,0.0003887016003558728,1.8470294645587773,0.00032924170842257475,3.9196859586920962
2025-08-04,562.0131225585938,562.2323403030458,556.8822111512052,556.9818168836358,47669800,0.0182833708919342,0.0182833708919342,0.0009950519129255265,0.0009534140640542128,1.0436723669611676,4.16378488713137e-05,0.16357076661483314
2025-08-05,558.1973266601562,564.4640352064246,557.6592854470431,563.2983805936119,48666600,-0.006812667493779,0.006812667493779,0.001041149205782468,0.0011428498594904545,0.9110113608857332,-0.00010170065370798654,-0.47140511850776695
2025-08-06,565.2212524414062,565.6596271290572,558.5559991276681,559.0342039471559,41823700,0.0125047198579809,0.0125047198579809,0.0011477585219573025,0.0012607191398723095,0.9103998548586737,-0.00011296061791500698,-0.48005449813074463
2025-08-07,567.1340942382812,571.1990173575662,563.0193682552224,569.5550971875249,44463000,0.0033785218076289,0.0033785218076289,0.0011571014353693964,0.0013219878696036085,0.87527386746472,-0.0001648864342342121,-0.6457537377637658
2025-08-08,572.4244995117188,572.6437172653317,568.0408133424522,568.3396913615944,35255500,0.009285074608191,0.009285074608191,0.0012382383180734246,0.0013584512328050663,0.9115073755843159,-0.00012021291473164174,-0.48641653448223443
2025-08-11,570.7307739257812,574.6661734544787,569.4555407796788,572.5639937844218,33112900,-0.0029632489385382,0.0029632489385382,0.001233911886033179,0.0013964592618920767,0.8836003453200199,-0.0001625473758588977,-0.6131529982512886
2025-08-12,577.904052734375,578.2029307017501,570.3720239097617,573.0321290334282,42143300,0.0124902569526473,0.0124902569526473,0.0013890788220452437,0.0014531243402630797,0.955925644872041,-6.404551821783603e-05,-0.2677965450156937
2025-08-13,578.1930541992188,581.1620102059526,576.7982091868794,580.604084362888,41209300,0.0004999605467921,0.0004999605467921,0.0013882816522265441,0.0014499775018316416,0.9574504780059263,-6.16958496050975e-05,-0.25306513895377475
2025-08-14,577.7448120117188,579.7274406220099,575.7720953282917,576.1407825220163,45425000,-0.000775547238428,0.000775547238428,0.0013239159563697264,0.001438411912100757,0.9204011349128688,-0.0001144959557310306,-0.42085472817283115
2025-08-15,575.2041625976562,577.6949138700501,573.4406912378071,577.6550229317031,49480200,-0.0044072263081911,0.0044072263081911,0.001342414945296794,0.001435969769775761,0.9348490292427422,-9.35548244789669e-05,-0.3528581784963699
2025-08-18,574.9749755859375,575.6325679790418,573.1118984877381,574.3074712675442,29831000,-0.0003985240335935,0.0003985240335935,0.0013158307849323763,0.0013965763916764294,0.94218317936255,-8.074560674405313e-05,-0.30280259859359704
2025-08-19,567.1739501953125,574.4269858610731,566.1477315418194,574.2576318109441,53752600,-0.0136604719850851,0.0136604719850851,0.001475511967006043,0.001368033076698209,1.0785645406814561,0.00010747889030783401,0.36580064029853826
2025-08-20,563.8065185546875,566.3470728538312,556.7726389420532,566.2275216498264,76781100,-0.005954906710914,0.005954906710914,0.0014902622831432346,0.0014806146391273583,1.0065159723272508,9.647644015876216e-06,0.0019574425935462688
2025-08-21,561.1962280273438,564.3943140175195,558.9046880126308,562.2622161511607,46436900,-0.004640513491222,0.004640513491222,0.0015072767763637874,0.001515993010605842,0.9942504786096795,-8.716234242054548e-06,-0.06856737994076838
2025-08-22,569.85400390625,571.8665505027725,561.186237654488,562.5810219572568,51502100,0.0153095675800357,0.0153095675800357,0.0017358796231826549,0.0016158051767590693,1.0743124531042951,0.00012007444642358556,0.27010723220055616
2025-08-25,568.2101440429688,571.1691275247927,567.0544013373471,568.2898651145814,34044700,-0.0028888723179458,0.0028888723179458,0.0017344885756295741,0.0016776798961248235,1.0338614533296666,5.680867950475063e-05,0.045085974929980094
2025-08-26,570.4916381835938,570.8004889189272,566.6957355547859,567.7219543005008,34103000,0.004007189993329,0.004007189993329,0.0017481434862023154,0.0016926041280812887,1.0328129638818648,5.5539358121026606e-05,0.0247388212136182
2025-08-27,571.3684692382812,572.285048840458,568.2600159705794,569.4755344252939,36927100,0.0015357944836396,0.0015357944836396,0.001748709783538617,0.0016910975108786438,1.034067977919286,5.761227265997323e-05,0.024470615039150052
2025-08-28,574.9451904296875,575.8617699919798,570.3422863370614,571.9861459076477,46787900,0.0062404085801428,0.0062404085801428,0.0017594217035180673,0.0015401052931127068,1.1424035170751865,0.00021931641040536052,0.5846365056664683
2025-08-29,568.2898559570312,572.9027323513419,566.4366907257225,572.5340452045847,56030400,-0.011643116921268,0.011643116921268,0.001499163714821268,0.0010828558210916241,1.3844536692890148,0.00041630789372964377,3.388165745406856
2025-09-02,563.527587890625,563.8762688061983,557.4700627066655,559.2335343759405,65876800,-0.0084153079572153,0.0084153079572153,0.0012356994716640124,0.0010411070202665934,1.186909172265105,0.00019459245139741895,1.4883038716404078
2025-09-03,567.9610595703125,569.585034325084,564.6333889904666,567.1241403555323,54230200,0.0078365688928012,0.0078365688928012,0.0012506988452948386,0.0010108796243080015,1.2372381589459829,0.00023981922098683718,1.6667684647843717
2025-09-04,573.1019897460938,573.470616113036,566.9249745111877,568.6286096639848,47526300,0.0090108341755341,0.0090108341755341,0.00117552595910723,0.00105543770322881,1.113780524905491,0.00012008825587841998,0.6251300892006805
2025-09-05,573.9288940429688,578.9701724080204,569.4156841594208,578.3424981949754,68342500,0.0014418172201142,0.0014418172201142,0.0011661903863988236,0.001026569842120744,1.1360068633904576,0.00013962054427807966,0.7196033582124961
2025-09-08,576.728515625,578.6912594012136,575.6326093036281,576.2303653317651,46371400,0.0048661349293409,0.0048661349293409,0.0011036570450697022,0.0009943717998509986,1.1099038058350805,0.00010928524521870361,0.43733738708221875
2025-09-09,578.3624877929688,578.7908897662577,574.9052929899314,577.5255685086003,44007600,0.0028291680101725,0.0028291680101725,0.0011028803924277378,0.0009578592245420654,1.1514013376600347,0.00014502116788567233,0.7064415504202898
2025-09-10,578.5517578125,581.6104078841153,576.4096872460331,581.5804896782814,49308000,0.0003271980130572,0.0003271980130572,0.0009469809322243322,0.0009495042569853638,0.9973424818872924,-2.523324761031587e-06,-0.682255889537934
2025-09-11,581.919189453125,582.7162176589113,579.4682684312116,581.0822703109691,44745800,0.0058035767293169,0.0058035767293169,0.000980412474529052,0.0009518780063074275,1.0299770222996505,2.853446822162454e-05,-0.432573001737998
2025-09-12,584.4896240234375,585.6851967841828,581.9390971782137,582.875622079706,50745900,0.0044074405159107,0.0044074405159107,0.00099923653291131,0.0009866882776553105,1.0127175477201555,1.2548255255999527e-05,-0.6633691418190989
2025-09-15,589.4910888671875,589.6006673309763,586.1136154844122,586.263084887294,44360300,0.0085205745677719,0.0085205745677719,0.0010524130801446597,0.001042918921938327,1.0091034480309238,9.494158206332665e-06,-0.7637045115348331
2025-09-16,588.9929809570312,590.666758666618,588.3055311111864,590.4176835168099,36942100,-0.0008453367382261,0.0008453367382261,0.0010529688529403026,0.0010456815259179437,1.0069689736709864,7.287327022358981e-06,-0.849080058147636
2025-09-17,587.8173217773438,589.560847731768,582.2081448420756,588.9132280535239,69384800,-0.0019980443204416,0.0019980443204416,0.0008703525391914568,0.0009205553210982031,0.9454646768573827,-5.020278190674633e-05,-1.3499852655089764
2025-09-18,593.11767578125,595.9272507480725,590.7664209781601,592.7091584852494,61069300,0.0089765983841487,0.0089765983841487,0.0009154709438060693,0.000905321450059979,1.0112109281685724,1.0149493746090224e-05,-0.7033069577884917
2025-09-19,597.1326904296875,597.83011295333,593.6456386208329,595.1202047360832,58196100,0.0067465299591487,0.0067465299591487,0.0009394522448335467,0.0008888542188726125,1.0569249994955423,5.0598025960934146e-05,-0.2866847049261364
2025-09-22,600.667724609375,601.3360027595129,596.1990824942005,596.2190510860968,57154800,0.0059025600571564,0.0059025600571564,0.0007399096005742047,0.0008819339378640268,0.8389626125129127,-0.00014202433728982208,-2.0804857812396866
2025-09-23,596.6779174804688,601.0367933292055,595.4609900615409,600.8372900448078,64635500,-0.0066644446780567,0.0066644446780567,0.0007759788401716895,0.0009255408535149587,0.8384058220928094,-0.0001495620133432692,-1.821775599678571
2025-09-24,594.583251953125,598.3736318933126,591.8502333814113,598.0544387994095,49850300,-0.0035167228478133,0.0035167228478133,0.0007722886081173855,0.0009526885880510457,0.8106411872711609,-0.00018039997993366018,-1.7873211631771673
2025-09-25,592.0198364257812,593.6057566967052,587.0026056631178,590.6932034651784,70920200,-0.0043206014549962,0.0043206014549962,0.000788597540354323,0.0009615013410058824,0.8201731050414608,-0.00017290380065155945,-1.53395463122771
2025-09-26,594.4535522460938,594.7827296224774,589.5560723046866,592.8376791327265,54337400,0.0041024421733196,0.0041024421733196,0.0007664848728926344,0.0008752131176481475,0.8757694068300927,-0.00010872824475551316,-1.040049974025084
2025-09-29,597.20654296875,600.5181027058711,595.8898943349653,597.5855809487724,48332900,0.0046204377093463,0.0046204377093463,0.0006522711458762663,0.0007510804102042333,0.868443827071593,-9.880926432796701e-05,-1.0660186147829696
2025-09-30,598.8424072265625,599.1815689140329,594.5832523790604,596.9073409482912,46533800,0.0027354487081807,0.0027354487081807,0.0005889364174965827,0.0006673441322696938,0.8825078232029405,-7.84077147731111e-05,-0.867176399484344
2025-10-01,601.7150268554688,602.2536309055715,594.8226361779185,595.6504804045827,46899600,0.0047854855244389,0.0047854855244389,0.0005504254771895776,0.0005769863157218239,0.9539662591494599,-2.656083853224637e-05,-0.18246680569171567
2025-10-02,604.188720703125,605.6150748101588,601.3958573858611,605.5153536087707,43765400,0.0041026447133416,0.0041026447133416,0.00048606203829451404,0.0005874182427432468,0.8274547893245559,-0.00010135620444873272,-1.238040251070519
2025-10-03,601.645263671875,605.7847287787447,599.859840058186,604.9668078782124,46482100,-0.004218592005638,0.004218592005638,0.0005017797199083291,0.0006035837900602579,0.8313339890361116,-0.0001018040701519288,-1.1073412060593486
2025-10-06,606.1636962890625,607.8094613156995,604.4280726015548,606.9018036091138,41962100,0.0074820668598133,0.0074820668598133,0.000534081775252494,0.000631538740468093,0.8456833144656106,-9.745696521559907e-05,-0.8832137811330112
2025-10-07,602.9718627929688,608.1586438162234,601.4956480641417,607.4703970532165,58209500,-0.0052795418778261,0.0052795418778261,0.0005539511460624301,0.0006921340735726264,0.8003523698856062,-0.0001381829275101963,-1.3134892083006693
2025-10-08,609.88427734375,610.1934861561377,603.7200088104369,603.8695906281247,50629800,0.0113986962941344,0.0113986962941344,0.0006837743647285948,0.0007836816160661621,0.8725155097562827,-9.990725133756729e-05,-0.40936904205998387
2025-10-09,609.1461181640625,610.0537759298148,605.9342796270852,609.9241018375851,45551000,-0.0012110596628714,0.0012110596628714,0.0006515595273825604,0.0007651864036428171,0.8515043187917164,-0.00011362687626025676,-0.582001049042958
2025-10-10,588.0000610351562,611.6198017284072,587.5511938507611,609.8443624637231,97614800,-0.0353311185349565,0.0353311185349565,0.001880421932412416,0.0007734082138349699,2.4313446622040416,0.001107013718577446,4.252713259101327
2025-10-13,600.4782104492188,601.415821078074,595.7103438165695,598.1541220292103,65872600,0.0209993034818872,0.0209993034818872,0.0022487924881718544,0.0019275133133745447,1.1666806514736017,0.0003212791747973097,0.5479488101463093
2025-10-14,596.4783935546875,601.1564623206032,588.6284235801336,593.7952358040048,69203200,-0.0066833363372635,0.0066833363372635,0.0022927448785678467,0.002145314257937397,1.0687221557797302,0.00014743062063044985,0.2559395023792618
2025-10-15,600.6876220703125,605.1562641092269,594.4136488911962,602.4731063786636,62805500,0.0070320169566184,0.0070320169566184,0.0023382019599395665,0.0021909642586026403,1.067202237899961,0.00014723770133692618,0.23374375185711127
2025-10-16,598.4633178710938,606.7621549667239,593.9847524006545,603.5702851791965,70982000,-0.0037098027882145,0.0037098027882145,0.0022713852781167092,0.0021368134211423714,1.062977822791095,0.00013457185697433784,0.21390704271754032
2025-10-17,602.393310546875,603.9693073296388,594.8525491800316,596.4285459627954,72024900,0.006545338741229,0.006545338741229,0.0022687110708644515,0.0021124034310293282,1.0739951647204804,0.0001563076398351233,0.24299818922427766
2025-10-20,609.98388671875,611.2406903321764,605.5252900595317,605.5951192469275,45761700,0.0125219698491406,0.0125219698491406,0.0023906705845388996,0.0021793558746390205,1.0969620025618259,0.0002113147098998791,0.27273832073216525
2025-10-21,609.8244018554688,611.1609582497778,607.7696457807522,610.0837500489531,44538200,-0.0002614916879708,0.0002614916879708,0.0023463241395748993,0.0021476845148888295,1.0924901321907385,0.00019863962468606982,0.22425986003805415
2025-10-22,603.9493408203125,609.8542605281881,598.2139715066553,609.2657958565487,61478800,-0.0096807283120926,0.0096807283120926,0.0024276733006391186,0.0021277936343105028,1.1409345631517456,0.00029987966632861584,0.3188127667007152
2025-10-23,609.0264282226562,609.8143961922938,602.9818500103868,603.3708114071275,42844300,0.0083713412613878,0.0083713412613878,0.002479085058220817,0.0022272496447651472,1.113070132954146,0.0002518354134556696,0.19669022147313964
2025-10-24,615.52978515625,616.8464337655934,613.5648269782704,614.4226241256162,47632500,0.0106216733944759,0.0106216733944759,0.002575074972134303,0.0023371465993852537,1.1018029304672767,0.00023792837274904917,0.13112195883435834
2025-10-27,626.4918823242188,626.9506729134798,622.4422152319877,622.930958710038,54098600,0.0176524808090642,0.0176524808090642,0.0028653366062227335,0.002611815912188045,1.0970668311084382,0.00025352069403468836,0.08395429154826174
2025-10-28,631.3095703125,633.0651018787079,627.648925370604,628.7560864561588,61195700,0.007660527880825,0.007660527880825,0.002916537614000543,0.002803668060847354,1.0402578160836473,0.00011286955315318887,-0.10993920417865366
2025-10-29,634.15234375,635.3891789092543,628.6463695521778,633.9728090539653,67422800,0.0044928704497534,0.0044928704497534,0.002913822627174196,0.00282689167578893,1.030751426427051,8.69309513852664e-05,-0.1505249987358781
2025-10-30,624.45703125,631.8880872300178,624.3473257513068,630.5614543099158,61628600,-0.0154066932443263,0.0154066932443263,0.0031343571302550562,0.002908436256823713,1.0776777805947415,0.00022592087343134342,-0.04744936148396928
2025-10-31,627.4693603515625,632.5863121135939,625.0954113092228,632.5563592252307,66305100,0.0048123195343856,0.0048123195343856,0.0031397190310460525,0.002975317848108811,1.0552549984001673,0.00016440118293724153,-0.1529608889925848
2025-11-03,630.4716796875,634.2021534587442,628.2473125587718,633.4939381480045,37154300,0.0047733954789679,0.0047733954789679,0.003106523010949967,0.00294935135801879,1.0532902438035583,0.0001571716529311768,-0.19457610591581215
2025-11-04,617.6743774414062,625.354797701833,616.8864094378021,621.6941527131348,63830800,-0.0205068159132712,0.0205068159132712,0.00349917894741104,0.0030085817645622427,1.1630659298103474,0.0004905971828487975,0.09815204213221747
2025-11-05,621.6941528320312,625.0056518350635,615.6395900613109,616.9163015661201,48688500,0.0064868348487344,0.0064868348487344,0.0034113276965598823,0.0031958518305990912,1.0674236095358645,0.00021547586596079105,-0.24884559047033225
2025-11-06,610.1136474609375,620.4572571227977,608.7471381645778,620.2078932237561,72115100,-0.0188030089759213,0.0188030089759213,0.003763414177601425,0.0033202336434507004,1.1334787191934268,0.00044318053415072457,-0.07885347248327054
2025-11-07,608.1885375976562,608.3980251800011,597.1466973484642,606.7621834660789,81835400,-0.0031603184975974,0.0031603184975974,0.0025251138536765347,0.002248156694199253,1.123192996374271,0.0002769571594772816,0.8414284573785769
2025-11-10,621.6442260742188,622.7214951546598,615.3203917446493,617.3451949289606,55919900,0.0218830166608125,0.0218830166608125,0.002563009525129532,0.0021363346792835445,1.1997228477277166,0.0004266748458459876,2.5620672828258466
2025-11-11,619.9884643554688,621.1355017301039,615.9487814833327,618.9910087880348,44868800,-0.0026670733027628,0.0026670733027628,0.0025254558205348556,0.0021541887824121277,1.1723465655164196,0.00037126703812272784,1.661190572466211
2025-11-12,619.4996948242188,623.2700450530867,616.2379957742788,623.2501373408774,47444400,-0.0007886635349668,0.0007886635349668,0.002476628548228073,0.0021165148462661196,1.1701446614453253,0.0003601137019619534,1.4318111929295645
2025-11-13,606.8519897460938,616.5472286099415,604.5378855310528,615.9686873362173,71333600,-0.0206272860954032,0.0206272860954032,0.0028883508431622436,0.0021039265983179858,1.372838218534514,0.0007844242448442579,3.4283551912484547
2025-11-14,607.310791015625,611.7893568378086,595.6505328274214,598.0244819828539,80087300,0.0007557492267729,0.0007557492267729,0.0028460805408185783,0.001999670523131659,1.4232747384610978,0.0008464100176869193,2.911050561725328
2025-11-17,602.1240234375,610.9215891749508,598.3436886131177,604.7573208445992,63850400,-0.0085772284951815,0.0085772284951815,0.002762849660574345,0.002004709390772522,1.378179637054362,0.0007581402698018233,2.04853069220664
2025-11-18,594.792724609375,600.7774579901122,589.8353996813287,598.0943000892208,83327300,-0.0122504602365489,0.0122504602365489,0.002912855058678733,0.002165784448575928,1.3449422728074474,0.0007470706101028049,1.5415123487310296
2025-11-19,598.3436889648438,604.6176628042144,593.077155027408,595.5508254465173,73111500,0.0059523367141896,0.0059523367141896,0.0028545688703852713,0.002153026729635828,1.325839958739437,0.0007015421407494432,1.2480738099895101
2025-11-20,584.1798095703125,612.4676969147798,583.262167456246,610.0637948039835,117743200,-0.0239564910279077,0.0239564910279077,0.0033584029782408797,0.0022373462099070335,1.5010653976437687,0.0011210567683338462,2.187569569679714
2025-11-21,588.568603515625,595.4609945768989,579.2623261905873,585.9751825584982,103344200,0.0074846648859223,0.0074846648859223,0.0033016032409965207,0.002224477337582864,1.4842152739501815,0.0010771259034136568,1.7831423649605334
2025-11-24,603.6201782226562,605.1363301511908,593.6456226504143,593.7653733267485,60168100,0.0252516627026244,0.0252516627026244,0.0036276396315292527,0.0023089436298218582,1.5711252473535422,0.0013186960017073945,1.983600148289706
2025-11-25,607.3406982421875,608.7072074163303,595.8001307211132,601.9743827443708,57560900,0.006144759584675,0.006144759584675,0.003606714014469811,0.00249861357460947,1.4434861201110443,0.0011081004398603412,1.1149573026030688
2025-11-26,612.70703125,614.6221288317284,608.8368989020178,610.9514997668095,42393600,0.0087969797984384,0.0087969797984384,0.0036639149831656772,0.002474792525481818,1.4804937971324883,0.001189122457683859,1.2103495815060903
2025-11-28,617.6743774414062,617.7442066386661,613.8541054647261,614.5423522607352,23034400,0.0080745257441198,0.0080745257441198,0.003491746752433361,0.002469906577633548,1.4137161235381024,0.0010218401747998126,0.7305847211779285
2025-12-01,615.599609375,617.8638528985133,610.961477711232,612.0686387329198,40957600,-0.0033646538335157,0.0033646538335157,0.0034799092285517233,0.0024764990208345833,1.4051728667265895,0.00100341020771714,0.6008394828441057
2025-12-02,620.4173583984375,622.1629056286581,616.018606165418,617.8838431924653,54541800,0.0077956428556114,0.0077956428556114,0.0035178959716853377,0.002363939678728242,1.488149635686941,0.001153956292957096,1.0419885677265162
2025-12-03,621.9335327148438,622.6317029281745,616.4575112334458,618.0434315384043,47841600,0.0024408161655125,0.0024408161655125,0.003103324056338372,0.0021848742428931304,1.4203673581821643,0.0009184498134452417,0.5145276328483346
2025-12-04,621.35498046875,623.3498916256304,617.9636071501104,623.339907329069,47067800,-0.0009306806613575,0.0009306806613575,0.0030621111964770414,0.0019968493044942863,1.5334713488820524,0.001065261891982755,1.2155537206484364
2025-12-05,623.8884887695312,627.3197383563271,622.1230338136666,622.7913119974152,53614200,0.0040691027242473,0.0040691027242473,0.0027251156469089415,0.001909455754564713,1.4271687837721956,0.0008156598923442285,0.34805427972088626
2025-12-08,622.6915893554688,627.2399842967836,620.10815265492,625.6141268554061,43462400,-0.0019202934538512,0.0019202934538512,0.0027188155608515886,0.001813097718458102,1.4995416591024828,0.0009057178423934865,0.8713371222634594
2025-12-09,623.4595947265625,624.2775156033157,619.4199118254116,621.4248072711308,37156000,0.0012326040020516,0.0012326040020516,0.002241468455300065,0.001725138389272668,1.2992977660447786,0.000516330066027397,-1.0442041891512817
2025-12-10,626.0130615234375,627.6090269272694,619.4099106697121,622.2626189242517,55031400,0.0040872768826384,0.0040872768826384,0.002251061007613105,0.0017297480016526716,1.3013808979471864,0.0005213130059604333,-1.220829377509669
2025-12-11,623.98828125,624.1877845427603,616.148234091509,622.2327496814814,58272800,-0.0032396477908374,0.0032396477908374,0.0022609343352503965,0.0017249937496222393,1.3106913203282762,0.0005359405856281572,-1.4213468370197173
2025-12-12,612.0587158203125,621.953458575216,609.8044563667469,620.4972123256402,75158700,-0.0193033693518458,0.0193033693518458,0.002208069471922562,0.0017987380227301975,1.2275659067744975,0.00040933144919236427,-2.116916197552749
2025-12-15,608.9865112304688,616.8464661142882,607.7696446385382,616.7966055109866,49538200,-0.0050321003754035,0.0050321003754035,0.00223282034921693,0.001941137398768654,1.150263938365879,0.000291682950448276,-2.3798951541511166
2025-12-16,610.1934204101562,611.9489518835392,605.3657088583533,606.7123103516171,55152800,0.0019798711291272,0.0019798711291272,0.002163171390246328,0.0017917356828681837,1.2073049674288763,0.0003714357073781444,-1.630165932339459
2025-12-17,598.8822631835938,612.0886258751325,598.7526499708691,611.5001003103562,70654300,-0.0187109663710632,0.0187109663710632,0.00236319787677812,0.0017353856232679634,1.361771035262988,0.0006278122535101568,-0.273191441486401
2025-12-18,607.5601806640625,611.3704684542074,605.3757504118026,608.2484274799762,78875800,0.0143862099539903,0.0143862099539903,0.0025347306012593203,0.0019342214041561984,1.310465593966009,0.000600509197103122,-0.7177575561442007
2025-12-19,615.4799194335938,616.0484763883416,610.3131071204459,610.392920608793,60369800,0.0129510871592398,0.0129510871592398,0.0021285477974953243,0.0019452338673611744,1.0942374761255962,0.00018331393013414988,-2.1736427870516644
2025-12-22,618.4302368164062,620.8671665076671,616.9920478025754,620.5674955378034,43703100,0.004782071028815,0.004782071028815,0.002095395792365398,0.0017456371536539222,1.200361591742803,0.0003497586387114758,-1.207316503130723
2025-12-23,621.3265380859375,621.6261480926279,617.0020349130734,617.42148892244,41120400,0.0046723786427916,0.0046723786427916,0.0014795804452999006,0.0015370012368277433,0.9626410245144923,-5.74207915278427e-05,-2.485586248715051
2025-12-24,623.144287109375,623.4938829346665,620.9370481838333,621.2067276835874,18468700,0.0029213225081327,0.0029213225081327,0.0014503565001429681,0.0014735319529777108,0.9842721749006462,-2.317545283474264e-05,-1.9772002273320832
2025-12-26,623.1043090820312,624.7322611929134,622.3552536061636,623.873297918951,28959800,-6.415738798761732e-05,6.415738798761732e-05,0.001372973762739268,0.0013622504337626644,1.00787177505019,1.072332897660358e-05,-1.6164680215558112
2025-12-29,620.088134765625,621.995763643064,617.9508150333834,619.3190849184411,32458300,-0.0048523142966389,0.0048523142966389,0.001331320750780181,0.0013200640717401233,1.0085273732397089,1.125667904005776e-05,-1.433224873091426
2025-12-30,618.64990234375,621.3964390816567,618.4401448660525,619.0594201394988,31226800,-0.0023220939779831,0.0023220939779831,0.0013253919758033745,0.0012965616446073594,1.022235989562028,2.8830331196015146e-05,-1.218459237797979
2025-12-31,613.536376953125,619.1792861072609,613.2766946262738,618.8696789386981,40746500,-0.0082999702759163,0.0082999702759163,0.0013335094348522235,0.001296947400600599,1.0281908381440088,3.6562034251624506e-05,-1.0795418871589046
2026-01-02,612.347900390625,622.0656280105537,609.381669736326,619.2791633693975,61859200,-0.0019389708422163,0.0019389708422163,0.0013313114592253615,0.0013186586017806842,1.0095952488594024,1.2652857444677259e-05,-1.0737606318595834
2026-01-05,617.2117309570312,620.0281869343077,615.9433108116908,618.5400731036631,46828400,0.0079115413556416,0.0079115413556416,0.001393037779353964,0.0013368063459955348,1.0420640083934918,5.623143335842912e-05,-0.8181199343509561
2026-01-06,622.6348876953125,623.2341686687002,617.7610283782293,618.4501618747352,43137500,0.0087481648826685,0.0087481648826685,0.0014530105711878416,0.0014332494657284425,1.0137876245077515,1.976110545939911e-05,-0.9095358572520013
2026-01-07,623.2341918945312,627.1492383750701,621.7760085257346,622.2553845556755,44880300,0.0009620661677244,0.0009620661677244,0.0014502486155500175,0.001442751765734712,1.0051962160042742,7.4968498153056475e-06,-0.9221249892309507
2026-01-08,619.6885986328125,622.6348958217857,617.0219780933957,622.2454332860368,50435900,-0.0057052664995391,0.0057052664995391,0.001481279368754907,0.0014434599593120935,1.0262005254796518,3.7819409442813555e-05,-0.6833660947772984
2026-01-09,625.86083984375,627.0992684709724,618.280371644388,620.6273877403378,49688700,0.0099109542240346,0.0099109542240346,0.0015628005500704662,0.0015114806201037391,1.033953415799142,5.131992996672708e-05,-0.5461300482251531
2026-01-12,626.3801879882812,628.0580650499223,621.4763979710708,621.5263228144307,37388700,0.0008294699866321,0.0008294699866321,0.0015529932527205117,0.0014261623796621857,1.088931579508056,0.00012683087305832602,-0.003049319057924522
2026-01-13,625.4513549804688,628.6772678768714,622.9145755930199,626.4800871429724,44481400,-0.0014839587378681,0.0014839587378681,0.0011825753179224275,0.0012755142265725608,0.9271361254042068,-9.293890865013331e-05,-1.3111514376816877
2026-01-14,618.769775390625,622.6648884214621,613.7860691564842,621.4563902550666,72598700,-0.0107402834678836,0.0107402834678836,0.001272606972704785,0.0012849000915842502,0.9904326266610284,-1.2293118879465326e-05,-0.6758390257939483
2026-01-15,620.9970092773438,629.206628407055,619.9682771169513,625.8108857116995,53934900,0.0035929923439139,0.0035929923439139,0.0012815966770002576,0.0012873261144985071,0.9955493503676173,-5.729437498249541e-06,-0.5550891337049703
2026-01-16,620.4776611328125,625.2915986535979,618.1006533744517,624.7123119754499,61058100,-0.0008366633443358,0.0008366633443358,0.0009321964200129548,0.0008692213411019189,1.0724499916571328,6.297507891103585e-05,0.3774874491882248
2026-01-20,607.2942504882812,614.2854351912486,606.2855126563834,609.7611716460692,81988900,-0.021476167073958,0.021476167073958,0.0011864591353612228,0.0006047797630284756,1.9618036314904923,0.0005816793723327472,4.207762474568199
2026-01-21,615.50390625,619.6386461402016,607.0944662344775,608.7024240227943,79837900,0.0134278565455814,0.0134278565455814,0.00119903580816371,0.0009604801068617162,1.2483713088878576,0.0002385557013019938,0.7782735496490216
2026-01-22,619.978271484375,621.6761428244047,617.0020437780021,621.5662350217955,42254800,0.0072431393614114,0.0072431393614114,0.0012286306726479053,0.0010781581825248805,1.1395643909789206,0.00015047249012302487,0.2867594897067424
2026-01-23,621.935791015625,624.612469784726,617.8709699342951,618.949566020391,43645800,0.0031524261001239,0.0031524261001239,0.0012167373407830327,0.0010925842765179834,1.1136324830343702,0.00012415306426504934,0.1306477020985185
2026-01-26,624.67236328125,626.81961915323,621.3365426117721,622.425196766994,35983000,0.0043904360035219,0.0043904360035219,0.0012274791438875313,0.0011140305168319765,1.101836193301216,0.00011344862705555477,0.04740349859498464
2026-01-27,630.335205078125,631.2440322678261,626.5499998769385,628.1179690883873,38997200,0.0090244559025646,0.0090244559025646,0.0013089158320544311,0.0011757784957702599,1.113233348596797,0.00013313733628417127,0.07685726973969963
2026-01-28,632.4225463867188,635.7982947738302,631.014348844542,634.6597767228699,50691700,0.0033060073594277,0.0033060073594277,0.0012963005626816548,0.0012049440803579814,1.075818026589692,9.135648232367331e-05,-0.11834577831441835
2026-01-29,628.6373291015625,632.8719797654484,617.4914101080947,631.8533057393616,79944000,-0.0060032496896941,0.0060032496896941,0.001326947449075882,0.0012058448953881746,1.1004296275174952,0.00012110255368770733,-0.019151158250152015
2026-01-30,621.0868530273438,627.4688205124429,618.5200822009824,624.9220440060533,65650700,-0.012083575006611,0.012083575006611,0.0014040707274351819,0.0012945121344571753,1.084633113944465,0.00010955859297800659,-0.10911215391524387
2026-02-02,625.3515014648438,627.6985176699922,617.8808797571519,617.9208683974972,49020300,0.0068429618898221,0.0068429618898221,0.0014471372469337742,0.0014003008613875454,1.033447373230792,4.683638554622881e-05,-0.3628894828512093
2026-02-03,615.7435913085938,629.1866011443993,610.1905958568021,627.5087242048245,81234000,-0.0154832649885579,0.0154832649885579,0.00162427625501765,0.001458011799040141,1.1140350551943177,0.00016626445597750896,0.009769362675738944
2026-02-04,604.9871826171875,614.3253838343164,599.7138024298947,614.2455284678144,81850700,-0.0176233569529605,0.0176233569529605,0.0018583285764947567,0.0018734101320888499,0.9919496775768596,-1.5081555594093207e-05,-0.575835437508424
2026-02-05,596.2781982421875,604.0483693053457,594.0110373128413,599.4541864003901,89354500,-0.0144999383160452,0.0144999383160452,0.0020676512163527927,0.0022661857820385637,0.9123926346818848,-0.000198534565685771,-0.9234970566480872
2026-02-06,608.8822631835938,610.6399955270392,598.0159600076653,599.434154665902,78019300,0.0209175871801926,0.0209175871801926,0.002472646603962987,0.0026537940522038876,0.9317402011318612,-0.00018114744824090055,-0.7982372720229737
2026-02-09,613.54638671875,615.6837064208919,604.3080353554789,606.7748955946631,56797600,0.0076309503523362,0.0076309503523362,0.002432650993611898,0.0028916129776700833,0.8412782112950696,-0.00045896198405818555,-1.1401698822817656
2026-02-10,610.699951171875,616.2430108652889,610.2405694597212,614.5351423104305,53938900,-0.0046501109914586,0.0046501109914586,0.0024535865053860587,0.002945418825934616,0.8330178661798656,-0.0004918323205485571,-1.0843504384596163
2026-02-11,612.337890625,616.7423712103644,606.9247331463698,615.6037921922693,58575100,0.0026784787459514,0.0026784787459514,0.002458558620242877,0.002939947877350257,0.8362592545207805,-0.0004813892571073801,-1.0324286766335988
2026-02-12,599.8836059570312,615.0344847338599,598.8149461335121,613.9358943887876,81378900,-0.0205485926946574,0.0205485926946574,0.00276544959300331,0.0029657862399557833,0.9324507463641547,-0.0002003366469524731,-0.5995509978130513
2026-02-13,601.1619873046875,605.7162424752422,595.6689134343201,599.673873409497,69237500,0.0021287815177035,0.0021287815177035,0.0027570717097700026,0.0030297763029742005,0.9099918390224072,-0.0002727045932041979,-0.6716418377241793
2026-02-17,600.542724609375,603.1894116444834,592.5927882610704,597.626419057608,69013800,-0.0010306404626511,0.0010306404626511,0.0027574339239815012,0.0030049980694288325,0.9176158720480022,-0.0002475641454473313,-0.6003168813201706
2026-02-18,605.027099609375,609.0021290003773,599.9634770047899,601.3517411914925,64250700,0.0074394623893686,0.0074394623893686,0.0023515537724357735,0.002564057508291013,0.9171220867051159,-0.00021250373585523933,-0.7746345477484677
2026-02-19,602.7100219726562,605.0570991965415,599.993476524114,602.0508799312083,60960800,-0.0038370609600061,0.0038370609600061,0.002185969477837863,0.002456121549388167,0.8900086717542134,-0.00027015207155030394,-0.9462278973355335
2026-02-20,608.0433349609375,609.581373723881,598.4753818004266,599.3642756707148,74127300,0.0088099652226191,0.0088099652226191,0.002211121897252794,0.002473354617730004,0.8939769014125917,-0.00026223272047720984,-0.8228244311744292
2026-02-23,600.652587890625,607.2443127599432,598.2955745850619,605.8460514657053,63859100,-0.0122294433914374,0.0122294433914374,0.0023507433926004233,0.0026208530932688824,0.896938252143098,-0.00027010970066845916,-0.7121680735098361
2026-02-24,607.1044921875,608.2230768722754,598.9747284234804,601.6414099286677,55023700,0.010684210886763,0.010684210886763,0.002445619826572227,0.002763859421483372,0.8848568084044068,-0.0003182395949111452,-0.7531231079722565
2026-02-25,615.9033813476562,616.053216829597,610.2305417280922,610.3004608891118,55710700,0.0143891812415329,0.0143891812415329,0.0025712275590365763,0.002958484430981415,0.869102954239183,-0.0003872568719448387,-0.8409838823055719
2026-02-26,608.4727783203125,614.8148183820397,603.2193924504018,614.8148183820397,96178900,-0.0121379270532569,0.0121379270532569,0.002707627147526172,0.0032016563388150014,0.8456957465111076,-0.0004940291912888294,-1.010946413582581
2026-02-27,606.5252075195312,607.5539396831472,601.4316544188312,602.2206376135266,68125200,-0.0032058859216646,0.0032058859216646,0.002681865845232087,0.003148833743742996,0.8517013165783,-0.00046696789851090933,-0.8735641349429171
2026-03-02,607.32421875,609.1518702196468,597.2369017749593,598.1058012495889,75264600,0.0013164916975326,0.0013164916975326,0.0025375862106813652,0.003025578192360858,0.8387111650554592,-0.0004879919816794926,-0.9855538907186804
2026-03-03,600.8224487304688,603.1994564784976,591.1246545665933,595.5790600436336,97015500,-0.0107633170095069,0.0107633170095069,0.002606609076302948,0.0028814080318513018,0.9046303222206972,-0.0002747989555483537,0.06273091362181706
2026-03-04,609.9808959960938,612.108218610738,602.6701065956436,603.3991678160902,70943900,0.0151281741547258,0.0151281741547258,0.002595739234852759,0.002708561104588801,0.9583461973426033,-0.00011282186973604223,1.5395900908234006
2026-03-05,608.1431274414062,611.9883154244911,601.5015388569162,606.6350803018902,89602400,-0.0030173773994566,0.0030173773994566,0.002294261090932049,0.002378866384034519,0.9644346173999984,-8.460529310247e-05,1.8397826905993226
2026-03-06,598.9946899414062,605.2368188486739,597.5764953219963,599.5539822531658,86302300,-0.0151575280345771,0.0151575280345771,0.002313763535881924,0.001974279922083712,1.1719531308609525,0.0003394836137982117,3.66934218164262
2026-03-09,606.99462890625,608.5027370453225,590.5853272955466,593.4816386137257,93068200,0.0132672092272629,0.0132672092272629,0.0020522369231209363,0.0020394318830193126,1.006278728997149,1.2805040101623692e-05,1.2898086136640272
2026-03-10,607.004638671875,612.5176457382476,604.65756151405,607.0146358319374,64078900,1.6490562873494887e-05,1.6490562873494887e-05,0.0019940057917797803,0.0019840362074662245,1.005024900390446,9.969584313555737e-06,1.148132089877327
2026-03-11,606.9247436523438,611.6587648578186,604.2681201890963,608.1831666985171,60114800,-0.0001316304239933,0.0001316304239933,0.0019723995861154167,0.001964474997875072,1.0040339471099997,7.924588240344754e-06,1.0276949736659053
2026-03-12,596.5078735351562,603.3792143506387,596.2981160455262,602.0009473234562,71836600,-0.0173123615629943,0.0173123615629943,0.002264943200610745,0.0018815995711462174,1.2037328427062755,0.0003833436294645278,2.7334299917870784
2026-03-13,592.9722900390625,602.8398528802119,591.8237748266745,598.9747313072235,63145500,-0.0059447715342271,0.0059447715342271,0.001878038847473975,0.001974550768132548,0.9511220870001483,-9.65119206585729e-05,0.07200468621215893
2026-03-16,599.6239013671875,603.099499235842,598.3554812666724,599.2843027330098,49077200,0.0111549581481029,0.0111549581481029,0.001997940228009786,0.002075269709138083,0.9627376235542829,-7.732948112829704e-05,0.16671568608475154
2026-03-17,602.5502319335938,605.1369970937805,601.1120429286618,602.3804630878033,47106600,0.0048684067726689,0.0048684067726689,0.002020579392750701,0.0021485308060480274,0.9404470194529451,-0.00012795141329732633,-0.08015038756091954
2026-03-18,594.15087890625,602.400426051188,593.8112802396884,600.7325461165636,56128000,-0.0140377423918654,0.0140377423918654,0.0021622920035682456,0.002211041854499851,0.9779516381237239,-4.87498509316054e-05,0.2836997734105155
2026-03-19,592.273193359375,595.0496606380132,586.3406715242521,588.7676039624899,75597600,-0.0031652882952852,0.0031652882952852,0.0021575880167497125,0.002227738049829989,0.9685106455466655,-7.015003308027653e-05,0.14407145958391496
2026-03-20,581.3269653320312,590.4254777892629,577.8113788279011,590.3156309505814,91964700,-0.0186546420961171,0.0186546420961171,0.0024279682012601786,0.002151250242186366,1.128631227389231,0.00027671795907381266,1.621702534635841
2026-03-23,588.0,595.0800170898438,585.9600219726562,590.52001953125,89936100,0.0114135862884888,0.0114135862884888,0.0024086788675605863,0.0022804551751672533,1.0562272364699863,0.000128223692393333,0.8128258025835461
2026-03-24,583.97998046875,587.9299926757812,581.9299926757812,584.8099975585938,57750900,-0.0068602456772368,0.0068602456772368,0.0023415894760398077,0.0021619589484565,1.0830869280434545,0.00017963052758330784,0.9776696025009435
2026-03-25,587.8200073242188,591.3699951171875,585.6900024414062,589.1400146484375,60475500,0.0065540888231844,0.0065540888231844,0.002177497019540316,0.001958238959889355,1.111966958140466,0.0002192580596509612,1.1440566108416308
2026-03-26,573.7899780273438,584.6300048828125,573.4299926757812,582.5999755859375,81492100,-0.0241573536182215,0.0241573536182215,0.0026137454802259296,0.0021458181666182967,1.2180647553865493,0.00046792731360763284,1.9236774726324137
2026-03-27,562.5800170898438,571.02001953125,561.5700073242188,570.8099975585938,82702200,-0.0197300608605533,0.0197300608605533,0.00299274307724434,0.0028878710456255556,1.0363146518531845,0.00010487203161878419,0.1188478710008945
2026-03-30,558.280029296875,568.0499877929688,555.5999755859375,567.3800048828125,70602600,-0.0076726954483297,0.0076726954483297,0.0030498801822974866,0.0031034046131250617,0.9827529963056679,-5.352443082757511e-05,-0.548281131244558
2026-03-31,577.1799926757812,578.6400146484375,564.2100219726562,564.2899780273438,95878000,0.0332934824576082,0.0332934824576082,0.004042487163405411,0.003248893994902719,1.24426563924455,0.0007935931685026918,2.0416965946337826
2026-04-01,584.3099975585938,587.739990234375,580.4199829101562,581.47998046875,79435100,0.0122774961565679,0.0122774961565679,0.003964362422024237,0.0038192708632995617,1.0379893345923434,0.000145091558724675,-0.15810662322624588
2026-04-02,584.97998046875,586.0499877929688,571.9199829101562,573.969970703125,50941700,0.0011459654937042,0.0011459654937042,0.003956571092566245,0.0037695294054417845,1.0496193734035986,0.00018704168712446083,-0.08121204855846813
2026-04-06,588.5,590.6099853515625,584.6900024414062,586.22998046875,35108500,0.0059993014749813,0.0059993014749813,0.0037628120546349684,0.003464444468158315,1.0861227793428203,0.00029836758647665317,0.38031761638448747
2026-04-07,588.5900268554688,588.97998046875,578.4000244140625,585.6400146484375,49948200,0.0001529651149704,0.0001529651149704,0.003586816612281396,0.0034655422978555383,1.0349943252751241,0.00012127431442585795,-0.21995006330708428
2026-04-08,606.0900268554688,609.9000244140625,602.1199951171875,608.7100219726562,63086000,0.0292986423876323,0.0292986423876323,0.004445226786101097,0.0034725786792812346,1.2800939004270981,0.000972648106819862,2.1376571653152885
2026-04-09,610.1900024414062,610.5,603.030029296875,605.9299926757812,37837500,0.0067418538769227,0.0067418538769227,0.004490662053230354,0.0037792740424344115,1.188234037227346,0.0007113880107959421,1.095406311717367
2026-04-10,611.0700073242188,613.6699829101562,609.5800170898438,611.8400268554688,34038500,0.0014411428001932,0.0014411428001932,0.00419302108291306,0.0036328725888813166,1.1541888630353072,0.0005601484940317434,0.8043507999550913
2026-04-13,617.3900146484375,626.739990234375,608.1099853515625,609.47998046875,32972100,0.0102894078282564,0.0102894078282564,0.004263552687775087,0.00355199987036219,1.2003245617631009,0.0007115528174128972,1.152595574020691
2026-04-14,628.5999755859375,628.5999755859375,620.0999755859375,620.219970703125,49921100,0.0179941468163712,0.0179941468163712,0.004462908916138281,0.003757526382414278,1.1877252378121115,0.0007053825337240034,0.9289446729061568
2026-04-15,637.4000244140625,637.8300170898438,628.2000122070312,629.0800170898438,50102400,0.0139023547611343,0.0139023547611343,0.004632482999538547,0.0040431278990863155,1.1457671177271975,0.0005893551004522313,0.41478552770364824
2026-04-16,640.469970703125,642.1799926757812,635.260009765625,639.2100219726562,42320600,0.0048047958037543,0.0048047958037543,0.004458510850793947,0.004078257932905762,1.0932390555340021,0.0003802529178881849,-0.25057353504603874
2026-04-17,648.8499755859375,650.0,644.0700073242188,645.5900268554688,53488900,0.012999291467006,0.012999291467006,0.004617473379445852,0.0040836168943470435,1.1307312852578866,0.0005338564850988084,0.10587735936206703
2026-04-20,646.7899780273438,648.760009765625,642.52001953125,648.0399780273438,37138500,-0.0031798946747412,0.0031798946747412,0.004279589437854075,0.0038140996770362093,1.1220444666458167,0.0004654897608178661,-0.001846179212502563
2026-04-21,644.3300170898438,650.2000122070312,642.2100219726562,648.4099731445312,39580500,-0.003810589137301,0.003810589137301,0.004163840075462612,0.003710140081741342,1.1222864861502286,0.0004536999937212703,-0.04211364748250142
2026-04-22,655.1099853515625,655.3300170898438,648.52001953125,650.1500244140625,37368400,0.016592094361584,0.016592094361584,0.004392074700014274,0.003738827527237935,1.1747197933088203,0.0006532471727763393,0.5863025518077675
2026-04-23,651.4199829101562,656.9199829101562,645.52001953125,653.5499877929688,40099800,-0.0056485688690531,0.0056485688690531,0.0043810249499805195,0.00363734174802095,1.2044578853125918,0.0007436832019595695,0.8977836536956307
2026-04-24,663.8800048828125,664.510009765625,656.530029296875,658.510009765625,45563100,0.0189468483704196,0.0189468483704196,0.004156430279316391,0.0030567699604513534,1.3597458536600724,0.0010996603188650378,2.4110646448689845
2026-04-27,664.22998046875,664.4299926757812,660.6900024414062,663.4000244140625,32717000,0.0005270280291516,0.0005270280291516,0.0037674327362987653,0.0028346637140825295,1.329058088118977,0.0009327690222162358,1.8042411078390321
2026-04-28,657.5499877929688,659.6400146484375,653.8099975585938,657.4099731445312,34147900,-0.0101076574130736,0.0101076574130736,0.0038107272192360077,0.0024417702737553836,1.5606411709547112,0.001368956945480624,3.0663147227911263
2026-04-29,661.5700073242188,661.719970703125,656.5900268554688,658.6300048828125,31724900,0.0060950209096852,0.0060950209096852,0.0027394205249704423,0.001896461700726989,1.444490296809218,0.0008429588242434534,1.8537129389140932
2026-04-30,667.739990234375,668.9000244140625,657.5599975585938,665.3499755859375,40622200,0.0092830524552535,0.0092830524552535,0.002674858675982891,0.001963237527870819,1.362473281001226,0.000711621148112072,1.126077498055381
2026-05-01,674.1500244140625,675.969970703125,668.7999877929688,669.1599731445312,39172600,0.0095538127061706,0.0095538127061706,0.002764820776294717,0.002091749954869635,1.3217740341565014,0.000673070821425082,0.7394075594724315
2026-05-04,672.8800048828125,676.72998046875,668.9000244140625,674.6599731445312,34542000,-0.0018856593838988,0.0018856593838988,0.00273238486941909,0.0021186067279132274,1.2897083887345238,0.0006137781415058627,0.42702862826032206
2026-05-05,681.6099853515625,682.77001953125,677.510009765625,677.9600219726562,37101100,0.0128906103672786,0.0128906103672786,0.0028985293067336827,0.0021497487550108307,1.348310726998923,0.000748780551722852,0.805375651595154
2026-05-06,695.77001953125,695.9299926757812,686.47998046875,687.780029296875,38778500,0.0205615487438117,0.0205615487438117,0.0024628961477194625,0.002255814809766769,1.0917989087828108,0.00020708133795269363,-1.1940957633688511
2026-05-07,694.9400024414062,701.239990234375,691.77001953125,696.5800170898438,43779100,-0.0011936596059309,0.0011936596059309,0.0024188683772765167,0.0022791058174290693,1.061323418499763,0.00013976255984744735,-1.3269819297821994
2026-05-08,711.22998046875,711.22998046875,699.5,699.9199829101562,44320400,0.023170323660113,0.023170323660113,0.00295365538322036,0.0022992575217215196,1.2846126870594616,0.0006543978614988403,0.32934919227743553
2026-05-11,713.2899780273438,714.5900268554688,708.9099731445312,710.3599853515625,36019100,0.0028922009583193,0.0028922009583193,0.002856148296147479,0.0021136901109239073,1.3512616070759014,0.0007424581852235718,0.7732409659821367
2026-05-12,707.239990234375,710.1799926757812,696.6400146484375,708.219970703125,45873000,-0.0085179820325505,0.0085179820325505,0.0026049149944052104,0.0017594358030048921,1.480539949202095,0.0008454791914003182,1.5449384993944897
2026-05-13,714.7100219726562,716.6500244140625,704.8300170898438,709.9600219726562,40012500,0.0105068397544006,0.0105068397544006,0.0025220332081254296,0.0017950914602959818,1.4049608412206398,0.0007269417478294477,0.9104348191383376
2026-05-14,719.7899780273438,722.030029296875,714.219970703125,714.6199951171875,33327500,0.0070825755177463,0.0070825755177463,0.0025491100213742342,0.0018138727571389707,1.4053411471899255,0.0007352372642352636,0.8255884246648254
2026-05-15,708.9299926757812,715.1300048828125,705.5499877929688,710.1400146484375,51687900,-0.015202691553876,0.015202691553876,0.002611250273212352,0.00191807598200156,1.3613904233801246,0.000693174291210792,0.43382050694133334
