contractSymbol,lastTradeDate,strike,lastPrice,bid,ask,change,percentChange,volume,openInterest,impliedVolatility,inTheMoney,contractSize,currency,type,expiry,ticker
QQQ260520C00570000,2026-05-20 14:57:43+00:00,570.0,139.83,140.19,144.5,10.330002,7.9768357,3.0,1,2.4570351074218753,True,REGULAR,USD,call,2026-05-20,QQQ
QQQ260520C00575000,2026-05-20 14:57:43+00:00,575.0,134.81,135.17,139.5,10.169998,8.159498,3.0,4,2.376957182617187,True,REGULAR,USD,call,2026-05-20,QQQ
QQQ260520C00585000,2026-05-08 16:23:55+00:00,585.0,121.82,125.19,129.5,-1.7799988,-1.4401284,2.0,2,2.2182661730957025,True,REGULAR,USD,call,2026-05-20,QQQ
QQQ260520C00600000,2026-05-20 15:05:52+00:00,600.0,114.37,110.17,114.5,9.650002,9.215051,5.0,35,1.982421962890625,True,REGULAR,USD,call,2026-05-20,QQQ
QQQ260520C00610000,2026-05-20 18:58:57+00:00,610.0,100.9,100.16,104.5,-1.6500015,-1.6089727,4.0,4,1.8261727441406248,True,REGULAR,USD,call,2026-05-20,QQQ
QQQ260520C00615000,2026-05-20 18:13:38+00:00,615.0,97.22,95.17,99.5,8.410004,9.469659,31.0,36,1.7485364135742185,True,REGULAR,USD,call,2026-05-20,QQQ
QQQ260520C00620000,2026-05-20 16:06:38+00:00,620.0,91.28,90.16,94.5,8.599998,10.4015465,7.0,51,1.6709000830078127,True,REGULAR,USD,call,2026-05-20,QQQ
QQQ260520C00625000,2026-05-19 18:56:17+00:00,625.0,81.28,85.16,89.5,3.0999985,3.9652066,1.0,7,1.5937520312499998,True,REGULAR,USD,call,2026-05-20,QQQ
QQQ260520C00630000,2026-05-20 18:24:19+00:00,630.0,80.89,80.17,84.5,9.269997,12.943306,1.0,18,1.5161157006835935,True,REGULAR,USD,call,2026-05-20,QQQ
QQQ260520C00635000,2026-05-20 15:12:23+00:00,635.0,74.61,75.17,79.5,8.230003,12.398319,1.0,5,1.4384793701171876,True,REGULAR,USD,call,2026-05-20,QQQ
QQQ260520C00640000,2026-05-20 14:24:18+00:00,640.0,70.02,70.16,74.5,7.8099976,12.554248,7.0,10,1.361331318359375,True,REGULAR,USD,call,2026-05-20,QQQ
QQQ260520C00643000,2026-05-20 17:10:33+00:00,643.0,68.65,67.2,71.5,13.350002,24.141054,8.0,6,1.3144565527343748,True,REGULAR,USD,call,2026-05-20,QQQ
QQQ260520C00645000,2026-05-20 19:22:50+00:00,645.0,67.43,65.16,69.5,14.650002,27.75673,84.0,69,1.2836949877929684,True,REGULAR,USD,call,2026-05-20,QQQ
QQQ260520C00647000,2026-05-20 19:33:21+00:00,647.0,64.72,63.2,67.5,6.580002,11.3175125,10.0,4,1.2524451440429685,True,REGULAR,USD,call,2026-05-20,QQQ
QQQ260520C00649000,2026-05-20 19:47:50+00:00,649.0,63.47,61.17,65.5,10.830002,20.573713,77.0,11,1.2211953002929685,True,REGULAR,USD,call,2026-05-20,QQQ
QQQ260520C00650000,2026-05-20 19:53:48+00:00,650.0,62.56,60.16,64.5,10.810001,20.888891,91.0,42,1.2055703784179688,True,REGULAR,USD,call,2026-05-20,QQQ
QQQ260520C00651000,2026-05-20 18:38:12+00:00,651.0,60.61,59.2,63.5,6.9400024,12.930879,24.0,3,1.1899454565429686,True,REGULAR,USD,call,2026-05-20,QQQ
QQQ260520C00652000,2026-05-20 19:33:44+00:00,652.0,59.66,58.17,62.5,12.240002,25.811897,31.0,3,1.1743205346679688,True,REGULAR,USD,call,2026-05-20,QQQ
QQQ260520C00653000,2026-05-20 19:33:44+00:00,653.0,58.67,57.2,61.5,8.449997,16.82596,28.0,9,1.1586956127929686,True,REGULAR,USD,call,2026-05-20,QQQ
QQQ260520C00654000,2026-05-20 15:41:51+00:00,654.0,57.1,56.2,60.5,10.529999,22.61112,16.0,20,1.1430706909179689,True,REGULAR,USD,call,2026-05-20,QQQ
QQQ260520C00655000,2026-05-20 15:43:09+00:00,655.0,56.26,55.16,59.5,4.579998,8.862226,59.0,22,1.1274457690429687,True,REGULAR,USD,call,2026-05-20,QQQ
QQQ260520C00657000,2026-05-20 19:34:01+00:00,657.0,54.93,53.2,57.5,6.720001,13.939019,55.0,13,1.0961959252929687,True,REGULAR,USD,call,2026-05-20,QQQ
QQQ260520C00658000,2026-05-20 19:33:54+00:00,658.0,53.79,52.2,56.5,7.799999,16.960207,50.0,1,1.080571003417969,True,REGULAR,USD,call,2026-05-20,QQQ
QQQ260520C00660000,2026-05-20 19:49:38+00:00,660.0,52.17,50.17,54.5,15.599998,42.657913,85.0,22,1.049321159667969,True,REGULAR,USD,call,2026-05-20,QQQ
QQQ260520C00662000,2026-05-20 17:19:35+00:00,662.0,48.29,48.2,52.5,7.209999,17.551117,39.0,2,1.017583037109375,True,REGULAR,USD,call,2026-05-20,QQQ
QQQ260520C00664000,2026-05-20 19:49:42+00:00,664.0,48.24,46.2,50.5,11.130001,29.991919,118.0,67,0.9860841235351563,True,REGULAR,USD,call,2026-05-20,QQQ
QQQ260520C00665000,2026-05-20 19:53:43+00:00,665.0,47.59,45.16,49.5,9.93,26.367498,78.0,27,0.9702151416015624,True,REGULAR,USD,call,2026-05-20,QQQ
QQQ260520C00666000,2026-05-20 17:07:45+00:00,666.0,43.81,44.2,48.5,4.6900024,11.988759,97.0,1,0.9543461596679688,True,REGULAR,USD,call,2026-05-20,QQQ
QQQ260520C00669000,2026-05-20 19:38:25+00:00,669.0,42.95,41.29,45.5,8.25,23.775215,38.0,4,0.9067392138671875,True,REGULAR,USD,call,2026-05-20,QQQ
QQQ260520C00670000,2026-05-20 19:25:12+00:00,670.0,42.01,40.17,44.5,10.209999,32.106915,91.0,199,0.8906260937499999,True,REGULAR,USD,call,2026-05-20,QQQ
QQQ260520C00671000,2026-05-20 19:23:31+00:00,671.0,40.78,39.2,43.5,12.789999,45.694885,51.0,1,0.8745129736328124,True,REGULAR,USD,call,2026-05-20,QQQ
QQQ260520C00672000,2026-05-20 19:50:54+00:00,672.0,40.05,38.2,42.5,9.439999,30.83959,56.0,13,0.8586439916992188,True,REGULAR,USD,call,2026-05-20,QQQ
QQQ260520C00674000,2026-05-20 19:54:35+00:00,674.0,38.71,36.2,40.5,10.919998,39.2947,50.0,10,0.8264177514648436,True,REGULAR,USD,call,2026-05-20,QQQ
QQQ260520C00675000,2026-05-20 19:58:59+00:00,675.0,37.51,35.17,39.5,11.069998,41.86837,230.0,180,0.8103046313476561,True,REGULAR,USD,call,2026-05-20,QQQ
QQQ260520C00676000,2026-05-20 19:58:59+00:00,676.0,36.6,34.18,38.5,15.159998,70.70894,30.0,1,0.7939473730468749,True,REGULAR,USD,call,2026-05-20,QQQ
QQQ260520C00677000,2026-05-20 19:15:03+00:00,677.0,34.29,33.18,37.5,14.140001,70.173706,15.0,6,0.7778342529296876,True,REGULAR,USD,call,2026-05-20,QQQ
QQQ260520C00678000,2026-05-20 17:16:48+00:00,678.0,30.62,32.2,36.13,9.120001,42.418606,28.0,7,0.7004424487304688,True,REGULAR,USD,call,2026-05-20,QQQ
QQQ260520C00679000,2026-05-20 17:47:24+00:00,679.0,31.86,31.21,35.13,11.560001,56.94582,29.0,43,0.6850617431640625,True,REGULAR,USD,call,2026-05-20,QQQ
QQQ260520C00680000,2026-05-20 20:01:08+00:00,680.0,32.7,30.17,34.13,11.700001,55.71429,79.0,177,0.6694368994140626,True,REGULAR,USD,call,2026-05-20,QQQ
QQQ260520C00681000,2026-05-20 19:15:08+00:00,681.0,30.23,29.26,33.13,11.809999,64.11509,35.0,75,0.6538120556640626,True,REGULAR,USD,call,2026-05-20,QQQ
QQQ260520C00682000,2026-05-20 20:00:13+00:00,682.0,30.74,28.22,32.13,10.66,53.08765,64.0,77,0.6381872119140625,True,REGULAR,USD,call,2026-05-20,QQQ
QQQ260520C00683000,2026-05-20 20:00:13+00:00,683.0,29.79,27.2,31.13,12.740002,74.72142,41.0,41,0.6225623681640625,True,REGULAR,USD,call,2026-05-20,QQQ
QQQ260520C00684000,2026-05-20 19:40:10+00:00,684.0,28.13,26.18,30.13,8.699999,44.77611,28.0,82,0.6066933862304689,True,REGULAR,USD,call,2026-05-20,QQQ
QQQ260520C00685000,2026-05-20 19:41:38+00:00,685.0,27.01,25.17,29.14,10.27,61.35006,111.0,177,0.5925333715820313,True,REGULAR,USD,call,2026-05-20,QQQ
QQQ260520C00686000,2026-05-20 19:57:33+00:00,686.0,26.45,24.23,28.14,10.870001,69.76894,50.0,77,0.5766643896484375,True,REGULAR,USD,call,2026-05-20,QQQ
QQQ260520C00687000,2026-05-20 19:57:33+00:00,687.0,25.55,23.21,27.14,10.15,65.90909,46.0,133,0.56055126953125,True,REGULAR,USD,call,2026-05-20,QQQ
QQQ260520C00688000,2026-05-20 20:00:16+00:00,688.0,24.92,23.92,24.47,9.75,64.27159,74.0,146,1.0000000000000003e-05,True,REGULAR,USD,call,2026-05-20,QQQ
QQQ260520C00689000,2026-05-20 18:41:32+00:00,689.0,22.57,22.92,23.47,8.219999,57.282223,46.0,188,1.0000000000000003e-05,True,REGULAR,USD,call,2026-05-20,QQQ
QQQ260520C00690000,2026-05-20 20:06:46+00:00,690.0,22.07,21.92,22.47,9.74,78.99432,217.0,765,1.0000000000000003e-05,True,REGULAR,USD,call,2026-05-20,QQQ
QQQ260520C00691000,2026-05-20 18:53:13+00:00,691.0,19.87,20.93,21.47,8.470001,74.298256,61.0,331,1.0000000000000003e-05,True,REGULAR,USD,call,2026-05-20,QQQ
QQQ260520C00692000,2026-05-20 20:14:40+00:00,692.0,19.91,19.93,20.47,9.91,99.1,151.0,255,1.0000000000000003e-05,True,REGULAR,USD,call,2026-05-20,QQQ
QQQ260520C00693000,2026-05-20 19:02:25+00:00,693.0,18.44,18.93,19.47,8.68,88.934425,592.0,682,1.0000000000000003e-05,True,REGULAR,USD,call,2026-05-20,QQQ
QQQ260520C00694000,2026-05-20 20:00:16+00:00,694.0,18.98,17.93,18.48,10.059999,112.78026,207.0,302,1.0000000000000003e-05,True,REGULAR,USD,call,2026-05-20,QQQ
QQQ260520C00695000,2026-05-20 19:48:35+00:00,695.0,17.46,16.94,17.48,9.339999,115.02463,548.0,451,1.0000000000000003e-05,True,REGULAR,USD,call,2026-05-20,QQQ
QQQ260520C00696000,2026-05-20 19:56:45+00:00,696.0,16.22,14.54,16.48,8.7699995,117.71812,767.0,725,1.0000000000000003e-05,True,REGULAR,USD,call,2026-05-20,QQQ
QQQ260520C00697000,2026-05-20 20:13:06+00:00,697.0,15.41,13.37,15.49,8.68,128.97475,512.0,1246,1.0000000000000003e-05,True,REGULAR,USD,call,2026-05-20,QQQ
QQQ260520C00698000,2026-05-20 20:09:26+00:00,698.0,14.52,12.3,14.49,8.570001,144.03363,1576.0,1611,1.0000000000000003e-05,True,REGULAR,USD,call,2026-05-20,QQQ
QQQ260520C00699000,2026-05-20 20:00:46+00:00,699.0,13.69,11.31,13.5,8.36,156.84802,956.0,980,1.0000000000000003e-05,True,REGULAR,USD,call,2026-05-20,QQQ
QQQ260520C00700000,2026-05-20 20:09:54+00:00,700.0,12.2,10.32,12.5,7.5,159.57448,4369.0,2391,1.0000000000000003e-05,True,REGULAR,USD,call,2026-05-20,QQQ
QQQ260520C00701000,2026-05-20 20:12:58+00:00,701.0,10.95,9.41,11.51,6.8399997,166.42334,4125.0,3060,1.0000000000000003e-05,True,REGULAR,USD,call,2026-05-20,QQQ
QQQ260520C00702000,2026-05-20 20:10:36+00:00,702.0,10.47,8.45,10.53,6.92,194.92957,9339.0,3480,1.0000000000000003e-05,True,REGULAR,USD,call,2026-05-20,QQQ
QQQ260520C00703000,2026-05-20 20:07:37+00:00,703.0,9.42,7.48,9.55,6.4,211.92053,8253.0,3528,1.0000000000000003e-05,True,REGULAR,USD,call,2026-05-20,QQQ
QQQ260520C00704000,2026-05-20 20:12:48+00:00,704.0,8.28,6.52,8.58,5.71,222.17902,15436.0,3833,1.0000000000000003e-05,True,REGULAR,USD,call,2026-05-20,QQQ
QQQ260520C00705000,2026-05-20 20:14:20+00:00,705.0,7.29,5.0,7.5,5.14,239.06976,52325.0,6335,1.0000000000000003e-05,True,REGULAR,USD,call,2026-05-20,QQQ
QQQ260520C00706000,2026-05-20 20:11:49+00:00,706.0,6.36,4.0,6.71,4.55,251.38124,67497.0,3608,1.0000000000000003e-05,True,REGULAR,USD,call,2026-05-20,QQQ
QQQ260520C00707000,2026-05-20 20:13:50+00:00,707.0,5.6,3.81,5.77,4.1499996,286.20682,77912.0,6540,1.0000000000000003e-05,True,REGULAR,USD,call,2026-05-20,QQQ
QQQ260520C00708000,2026-05-20 20:13:50+00:00,708.0,4.79,3.5,6.84,3.57,292.62296,93624.0,2883,0.2500075,True,REGULAR,USD,call,2026-05-20,QQQ
QQQ260520C00709000,2026-05-20 20:14:23+00:00,709.0,3.95,2.33,4.21,3.04,334.0659,106116.0,3386,0.06934524414062501,True,REGULAR,USD,call,2026-05-20,QQQ
QQQ260520C00710000,2026-05-20 20:14:55+00:00,710.0,3.24,3.0,4.0,2.51,343.8356,189126.0,7544,0.13807014282226562,True,REGULAR,USD,call,2026-05-20,QQQ
QQQ260520C00711000,2026-05-20 20:14:40+00:00,711.0,2.62,1.7,4.88,2.04,351.72418,153405.0,4099,0.24927508544921873,True,REGULAR,USD,call,2026-05-20,QQQ
QQQ260520C00712000,2026-05-20 20:14:54+00:00,712.0,2.05,2.0,3.35,1.5999999,355.55548,144963.0,3970,0.18384605224609374,True,REGULAR,USD,call,2026-05-20,QQQ
QQQ260520C00713000,2026-05-20 20:14:57+00:00,713.0,1.62,1.57,1.69,1.27,362.85712,114084.0,2801,0.108407353515625,True,REGULAR,USD,call,2026-05-20,QQQ
QQQ260520C00714000,2026-05-20 20:14:47+00:00,714.0,1.18,1.09,1.26,0.91999996,353.84613,82616.0,2067,0.11072666625976563,False,REGULAR,USD,call,2026-05-20,QQQ
QQQ260520C00715000,2026-05-20 20:14:44+00:00,715.0,0.89,0.44,1.5,0.69,345.00003,92316.0,4672,0.15479360839843753,False,REGULAR,USD,call,2026-05-20,QQQ
QQQ260520C00716000,2026-05-20 20:14:55+00:00,716.0,0.62,0.6,0.67,0.48000002,342.85718,72313.0,2190,0.116219775390625,False,REGULAR,USD,call,2026-05-20,QQQ
QQQ260520C00717000,2026-05-20 20:14:47+00:00,717.0,0.42,0.43,0.46,0.29,223.07693,76174.0,1283,0.11731839721679688,False,REGULAR,USD,call,2026-05-20,QQQ
QQQ260520C00718000,2026-05-20 20:14:58+00:00,718.0,0.3,0.29,0.3,0.22000001,275.00003,42781.0,1570,0.11744046630859376,False,REGULAR,USD,call,2026-05-20,QQQ
QQQ260520C00719000,2026-05-20 20:14:58+00:00,719.0,0.2,0.19,0.24,0.120000005,150.0,22306.0,1478,0.12525288818359376,False,REGULAR,USD,call,2026-05-20,QQQ
QQQ260520C00720000,2026-05-20 20:14:47+00:00,720.0,0.14,0.05,0.17,0.09,180.00002,21700.0,3828,0.1289149609375,False,REGULAR,USD,call,2026-05-20,QQQ
QQQ260520C00721000,2026-05-20 20:14:57+00:00,721.0,0.09,0.1,0.12,0.050000004,125.000015,11279.0,1352,0.13233289550781252,False,REGULAR,USD,call,2026-05-20,QQQ
QQQ260520C00722000,2026-05-20 20:14:40+00:00,722.0,0.06,0.07,0.12,0.02,50.0,17629.0,1157,0.1450280810546875,False,REGULAR,USD,call,2026-05-20,QQQ
QQQ260520C00723000,2026-05-20 20:14:52+00:00,723.0,0.04,0.03,0.05,0.02,100.0,4305.0,917,0.13477427734375003,False,REGULAR,USD,call,2026-05-20,QQQ
QQQ260520C00724000,2026-05-20 20:14:59+00:00,724.0,0.02,0.02,0.03,0.01,100.0,4491.0,1684,0.13477427734375003,False,REGULAR,USD,call,2026-05-20,QQQ
QQQ260520C00725000,2026-05-20 20:14:51+00:00,725.0,0.01,0.01,0.02,0.0,0.0,8516.0,5397,0.13868048828125001,False,REGULAR,USD,call,2026-05-20,QQQ
QQQ260520C00726000,2026-05-20 20:12:27+00:00,726.0,0.01,0.0,0.02,-0.01,-50.0,2986.0,952,0.148446015625,False,REGULAR,USD,call,2026-05-20,QQQ
QQQ260520C00727000,2026-05-20 20:02:20+00:00,727.0,0.01,0.0,0.01,0.0,0.0,1895.0,453,0.1445398046875,False,REGULAR,USD,call,2026-05-20,QQQ
QQQ260520C00728000,2026-05-20 20:12:33+00:00,728.0,0.01,0.0,0.01,0.0,0.0,1458.0,556,0.15430533203125002,False,REGULAR,USD,call,2026-05-20,QQQ
QQQ260520C00729000,2026-05-20 19:46:45+00:00,729.0,0.01,0.0,0.01,-0.01,-50.0,1688.0,2130,0.16407085937500002,False,REGULAR,USD,call,2026-05-20,QQQ
QQQ260520C00730000,2026-05-20 19:47:37+00:00,730.0,0.01,0.0,0.01,0.0,0.0,4984.0,2722,0.17188328125000002,False,REGULAR,USD,call,2026-05-20,QQQ
QQQ260520C00731000,2026-05-20 19:33:14+00:00,731.0,0.01,0.0,0.01,0.0,0.0,1525.0,484,0.179695703125,False,REGULAR,USD,call,2026-05-20,QQQ
QQQ260520C00732000,2026-05-20 19:54:49+00:00,732.0,0.01,0.0,0.01,0.0,0.0,822.0,1132,0.1914143359375,False,REGULAR,USD,call,2026-05-20,QQQ
QQQ260520C00733000,2026-05-20 19:50:50+00:00,733.0,0.01,0.0,0.01,0.0,0.0,464.0,796,0.1992267578125,False,REGULAR,USD,call,2026-05-20,QQQ
QQQ260520C00734000,2026-05-20 19:00:26+00:00,734.0,0.01,0.0,0.01,0.0,0.0,51.0,357,0.20703917968749996,False,REGULAR,USD,call,2026-05-20,QQQ
QQQ260520C00735000,2026-05-20 20:13:11+00:00,735.0,0.01,0.0,0.01,0.0,0.0,1095.0,1268,0.21875781249999998,False,REGULAR,USD,call,2026-05-20,QQQ
QQQ260520C00736000,2026-05-20 18:01:34+00:00,736.0,0.01,0.0,0.01,0.0,0.0,17.0,252,0.22657023437499998,False,REGULAR,USD,call,2026-05-20,QQQ
QQQ260520C00737000,2026-05-20 14:05:36+00:00,737.0,0.01,0.0,0.01,0.0,0.0,8.0,197,0.23438265625,False,REGULAR,USD,call,2026-05-20,QQQ
QQQ260520C00738000,2026-05-20 14:43:13+00:00,738.0,0.01,0.0,0.01,0.0,0.0,11.0,311,0.242195078125,False,REGULAR,USD,call,2026-05-20,QQQ
QQQ260520C00739000,2026-05-19 16:43:37+00:00,739.0,0.01,0.0,0.01,0.0,0.0,107.0,252,0.2500075,False,REGULAR,USD,call,2026-05-20,QQQ
QQQ260520C00740000,2026-05-20 17:53:28+00:00,740.0,0.01,0.0,0.01,0.0,0.0,13.0,3255,0.257819921875,False,REGULAR,USD,call,2026-05-20,QQQ
QQQ260520C00741000,2026-05-20 19:30:59+00:00,741.0,0.01,0.0,0.01,-0.01,-50.0,110.0,400,0.2695385546875,False,REGULAR,USD,call,2026-05-20,QQQ
QQQ260520C00742000,2026-05-19 17:43:17+00:00,742.0,0.01,0.0,0.01,0.0,0.0,128.0,733,0.27735097656249996,False,REGULAR,USD,call,2026-05-20,QQQ
QQQ260520C00743000,2026-05-20 14:16:48+00:00,743.0,0.01,0.0,0.01,0.0,0.0,1.0,293,0.28516339843749994,False,REGULAR,USD,call,2026-05-20,QQQ
QQQ260520C00744000,2026-05-18 19:38:51+00:00,744.0,0.02,0.0,0.01,0.0,0.0,24.0,346,0.2929758203124999,False,REGULAR,USD,call,2026-05-20,QQQ
QQQ260520C00745000,2026-05-19 15:13:56+00:00,745.0,0.04,0.0,0.01,0.03,300.0,64.0,541,0.304694453125,False,REGULAR,USD,call,2026-05-20,QQQ
QQQ260520C00746000,2026-05-19 13:37:46+00:00,746.0,0.01,0.0,0.01,0.0,0.0,6.0,337,0.31250687499999996,False,REGULAR,USD,call,2026-05-20,QQQ
QQQ260520C00747000,2026-05-18 19:29:09+00:00,747.0,0.02,0.0,1.52,0.0,0.0,31.0,726,0.6098671826171876,False,REGULAR,USD,call,2026-05-20,QQQ
QQQ260520C00748000,2026-05-18 13:31:21+00:00,748.0,0.04,0.0,0.21,0.0,0.0,1.0,225,0.48242705078125003,False,REGULAR,USD,call,2026-05-20,QQQ
QQQ260520C00749000,2026-05-18 19:28:14+00:00,749.0,0.01,0.0,0.01,0.0,0.0,22.0,27,0.335944140625,False,REGULAR,USD,call,2026-05-20,QQQ
QQQ260520C00750000,2026-05-20 19:46:47+00:00,750.0,0.01,0.0,0.01,0.0,0.0,6.0,1203,0.3437565625,False,REGULAR,USD,call,2026-05-20,QQQ
QQQ260520C00751000,2026-05-18 19:59:38+00:00,751.0,0.01,0.0,0.01,0.0,0.0,326.0,309,0.35156898437499995,False,REGULAR,USD,call,2026-05-20,QQQ
QQQ260520C00752000,2026-05-18 16:38:28+00:00,752.0,0.01,0.0,0.21,0.0,0.0,11.0,11,0.5268602001953125,False,REGULAR,USD,call,2026-05-20,QQQ
QQQ260520C00753000,2026-05-18 14:17:50+00:00,753.0,0.03,0.0,0.21,0.0,0.0,3.0,3,0.5380905566406251,False,REGULAR,USD,call,2026-05-20,QQQ
QQQ260520C00755000,2026-05-18 17:05:22+00:00,755.0,0.02,0.0,0.01,0.0,0.0,138.0,218,0.38281867187499996,False,REGULAR,USD,call,2026-05-20,QQQ
QQQ260520C00760000,2026-05-20 13:38:05+00:00,760.0,0.01,0.0,0.01,0.0,0.0,2.0,104,0.42188078125,False,REGULAR,USD,call,2026-05-20,QQQ
QQQ260520C00765000,2026-05-19 13:38:27+00:00,765.0,0.01,0.0,0.01,0.0,0.0,331.0,648,0.46094289062500005,False,REGULAR,USD,call,2026-05-20,QQQ
QQQ260520C00770000,2026-05-18 15:06:53+00:00,770.0,0.01,0.0,0.01,0.0,0.0,99.0,99,0.500005,False,REGULAR,USD,call,2026-05-20,QQQ
QQQ260520C00775000,2026-05-14 19:25:47+00:00,775.0,0.04,0.0,0.4,0.0,0.0,,40,0.7617211328125001,False,REGULAR,USD,call,2026-05-20,QQQ
QQQ260520C00780000,2026-05-14 19:00:13+00:00,780.0,0.04,0.0,2.13,0.0,0.0,,45,1.0913131372070315,False,REGULAR,USD,call,2026-05-20,QQQ
QQQ260520C00790000,2026-05-14 17:50:05+00:00,790.0,0.04,0.0,2.13,0.0,0.0,,10,1.210453166503906,False,REGULAR,USD,call,2026-05-20,QQQ
QQQ260520C00800000,2026-05-14 16:05:16+00:00,800.0,0.04,0.0,4.8,0.0,0.0,,31,1.5896016613769528,False,REGULAR,USD,call,2026-05-20,QQQ
QQQ260520P00490000,2026-05-13 14:15:29+00:00,490.0,0.03,0.0,4.8,0.0,0.0,,1,4.226078936157227,False,REGULAR,USD,put,2026-05-20,QQQ
QQQ260520P00535000,2026-05-18 18:01:34+00:00,535.0,0.02,0.0,4.8,0.0,0.0,908.0,281,3.3833023229980466,False,REGULAR,USD,put,2026-05-20,QQQ
QQQ260520P00540000,2026-05-19 20:04:50+00:00,540.0,0.01,0.0,0.01,0.0,0.0,1.0,3664,1.5625021874999998,False,REGULAR,USD,put,2026-05-20,QQQ
QQQ260520P00545000,2026-05-18 14:42:06+00:00,545.0,0.01,0.0,4.8,0.0,0.0,659.0,2982,3.2031269921874994,False,REGULAR,USD,put,2026-05-20,QQQ
QQQ260520P00550000,2026-05-19 13:33:37+00:00,550.0,0.01,0.0,4.8,0.0,0.0,3.0,4,3.113283466796875,False,REGULAR,USD,put,2026-05-20,QQQ
QQQ260520P00555000,2026-05-15 13:37:53+00:00,555.0,0.03,0.0,4.8,0.0,0.0,1.0,1,3.0244165014648434,False,REGULAR,USD,put,2026-05-20,QQQ
QQQ260520P00560000,2026-05-13 18:22:06+00:00,560.0,0.05,0.0,4.8,0.0,0.0,,5,2.9365260961914066,False,REGULAR,USD,put,2026-05-20,QQQ
QQQ260520P00570000,2026-05-19 13:33:59+00:00,570.0,0.01,0.0,4.8,0.0,0.0,15.0,197,2.760745285644531,False,REGULAR,USD,put,2026-05-20,QQQ
QQQ260520P00575000,2026-05-12 15:07:29+00:00,575.0,0.1,0.0,4.8,0.0,0.0,,2,2.673831440429688,False,REGULAR,USD,put,2026-05-20,QQQ
QQQ260520P00580000,2026-05-19 19:51:45+00:00,580.0,0.01,0.0,4.8,0.0,0.0,8.0,49,2.5869175952148433,False,REGULAR,USD,put,2026-05-20,QQQ
QQQ260520P00585000,2026-05-19 19:30:44+00:00,585.0,0.01,0.0,4.8,0.0,0.0,5.0,9,2.500736170043945,False,REGULAR,USD,put,2026-05-20,QQQ
QQQ260520P00590000,2026-05-20 13:38:20+00:00,590.0,0.01,0.0,2.13,0.0,0.0,2.0,3381,2.0449267626953125,False,REGULAR,USD,put,2026-05-20,QQQ
QQQ260520P00595000,2026-05-19 19:51:11+00:00,595.0,0.01,0.0,0.01,0.0,0.0,6190.0,6177,1.0625046875000002,False,REGULAR,USD,put,2026-05-20,QQQ
QQQ260520P00600000,2026-05-19 17:27:20+00:00,600.0,0.01,0.0,0.01,0.0,0.0,1112.0,1136,1.000005,False,REGULAR,USD,put,2026-05-20,QQQ
QQQ260520P00605000,2026-05-19 17:34:09+00:00,605.0,0.01,0.0,0.01,0.0,0.0,3000.0,3060,0.9687503125,False,REGULAR,USD,put,2026-05-20,QQQ
QQQ260520P00610000,2026-05-19 19:29:59+00:00,610.0,0.01,0.0,1.52,0.0,0.0,10.0,93,1.6367205664062499,False,REGULAR,USD,put,2026-05-20,QQQ
QQQ260520P00615000,2026-05-19 19:13:42+00:00,615.0,0.01,0.0,1.52,0.0,0.0,150.0,207,1.5654318603515622,False,REGULAR,USD,put,2026-05-20,QQQ
QQQ260520P00620000,2026-05-19 19:52:49+00:00,620.0,0.01,0.0,0.01,0.0,0.0,250.0,425,0.8281267187499999,False,REGULAR,USD,put,2026-05-20,QQQ
QQQ260520P00625000,2026-05-19 14:28:13+00:00,625.0,0.02,0.0,1.52,0.0,0.0,5.0,114,1.4223661694335936,False,REGULAR,USD,put,2026-05-20,QQQ
QQQ260520P00630000,2026-05-20 19:27:15+00:00,630.0,0.01,0.0,3.02,0.0,0.0,4.0,626,1.553713168945312,False,REGULAR,USD,put,2026-05-20,QQQ
QQQ260520P00635000,2026-05-20 18:33:59+00:00,635.0,0.01,0.0,0.01,0.0,0.0,142.0,1512,0.6875031250000001,False,REGULAR,USD,put,2026-05-20,QQQ
QQQ260520P00640000,2026-05-20 20:08:02+00:00,640.0,0.01,0.0,0.01,0.0,0.0,14.0,625,0.6562534375000001,False,REGULAR,USD,put,2026-05-20,QQQ
QQQ260520P00643000,2026-05-19 19:20:05+00:00,643.0,0.01,0.0,0.2,0.0,0.0,894.0,908,0.8476577734374999,False,REGULAR,USD,put,2026-05-20,QQQ
QQQ260520P00644000,2026-05-20 16:07:48+00:00,644.0,0.01,0.0,0.2,-0.01,-50.0,3.0,384,0.8359391406249999,False,REGULAR,USD,put,2026-05-20,QQQ
QQQ260520P00645000,2026-05-19 19:32:20+00:00,645.0,0.01,0.0,0.01,0.0,0.0,330.0,324,0.6093789062500001,False,REGULAR,USD,put,2026-05-20,QQQ
QQQ260520P00646000,2026-05-20 14:26:58+00:00,646.0,0.01,0.0,4.8,0.0,0.0,1001.0,725,1.4614284741210937,False,REGULAR,USD,put,2026-05-20,QQQ
QQQ260520P00647000,2026-05-20 17:52:52+00:00,647.0,0.01,0.0,0.01,-0.01,-50.0,1001.0,894,0.5937540625000001,False,REGULAR,USD,put,2026-05-20,QQQ
QQQ260520P00648000,2026-05-20 19:25:36+00:00,648.0,0.01,0.0,1.5,-0.03,-75.0,9.0,40,1.0913131372070315,False,REGULAR,USD,put,2026-05-20,QQQ
QQQ260520P00649000,2026-05-20 14:26:58+00:00,649.0,0.01,0.0,2.13,-0.01,-50.0,89.0,595,1.158207333984375,False,REGULAR,USD,put,2026-05-20,QQQ
QQQ260520P00650000,2026-05-20 19:02:10+00:00,650.0,0.01,0.0,0.01,-0.01,-50.0,2525.0,1006,0.5625043750000001,False,REGULAR,USD,put,2026-05-20,QQQ
QQQ260520P00651000,2026-05-20 17:52:00+00:00,651.0,0.01,0.0,2.13,-0.01,-50.0,1444.0,171,1.1279340478515625,False,REGULAR,USD,put,2026-05-20,QQQ
QQQ260520P00652000,2026-05-20 15:29:57+00:00,652.0,0.01,0.0,1.52,0.0,0.0,2952.0,639,1.0366259106445317,False,REGULAR,USD,put,2026-05-20,QQQ
QQQ260520P00653000,2026-05-20 14:58:55+00:00,653.0,0.01,0.0,3.63,-0.02,-66.66667,5051.0,409,1.2460975195312498,False,REGULAR,USD,put,2026-05-20,QQQ
QQQ260520P00654000,2026-05-20 16:19:28+00:00,654.0,0.01,0.0,2.13,-0.01,-50.0,2020.0,939,1.0830123974609376,False,REGULAR,USD,put,2026-05-20,QQQ
QQQ260520P00655000,2026-05-20 15:15:21+00:00,655.0,0.01,0.0,0.01,-0.01,-50.0,12514.0,1475,0.5312546875,False,REGULAR,USD,put,2026-05-20,QQQ
QQQ260520P00656000,2026-05-20 17:18:35+00:00,656.0,0.01,0.0,0.02,0.0,0.0,2420.0,840,0.5468795312500001,False,REGULAR,USD,put,2026-05-20,QQQ
QQQ260520P00657000,2026-05-20 17:40:01+00:00,657.0,0.01,0.0,1.52,-0.01,-50.0,1611.0,608,0.9648441015625,False,REGULAR,USD,put,2026-05-20,QQQ
QQQ260520P00658000,2026-05-20 17:40:38+00:00,658.0,0.01,0.0,1.52,-0.02,-66.66667,365.0,520,0.9506840869140624,False,REGULAR,USD,put,2026-05-20,QQQ
QQQ260520P00659000,2026-05-20 18:19:52+00:00,659.0,0.01,0.0,3.63,-0.01,-50.0,438.0,1329,1.1474652001953123,False,REGULAR,USD,put,2026-05-20,QQQ
QQQ260520P00660000,2026-05-20 19:35:19+00:00,660.0,0.01,0.0,0.01,-0.01,-50.0,4231.0,4133,0.507817421875,False,REGULAR,USD,put,2026-05-20,QQQ
QQQ260520P00661000,2026-05-20 16:52:41+00:00,661.0,0.01,0.0,4.8,-0.03,-75.0,3488.0,438,1.2036172631835935,False,REGULAR,USD,put,2026-05-20,QQQ
QQQ260520P00662000,2026-05-20 17:42:10+00:00,662.0,0.01,0.0,3.02,-0.01,-50.0,3610.0,1015,1.0463914868164066,False,REGULAR,USD,put,2026-05-20,QQQ
QQQ260520P00663000,2026-05-20 18:47:25+00:00,663.0,0.01,0.0,0.01,-0.03,-75.0,2098.0,469,0.48438015625,False,REGULAR,USD,put,2026-05-20,QQQ
QQQ260520P00664000,2026-05-20 17:55:27+00:00,664.0,0.01,0.0,1.52,-0.03,-75.0,4815.0,921,0.8642591699218749,False,REGULAR,USD,put,2026-05-20,QQQ
QQQ260520P00665000,2026-05-20 18:08:27+00:00,665.0,0.01,0.0,0.01,-0.02,-66.66667,7903.0,1252,0.4687553125,False,REGULAR,USD,put,2026-05-20,QQQ
QQQ260520P00666000,2026-05-20 17:55:50+00:00,666.0,0.01,0.0,4.8,-0.03,-75.0,10064.0,957,1.1167036352539061,False,REGULAR,USD,put,2026-05-20,QQQ
QQQ260520P00667000,2026-05-20 18:06:08+00:00,667.0,0.01,0.0,4.8,-0.03,-75.0,12611.0,834,1.0991255981445316,False,REGULAR,USD,put,2026-05-20,QQQ
QQQ260520P00668000,2026-05-20 18:07:19+00:00,668.0,0.01,0.0,4.8,-0.02,-66.66667,6654.0,1615,1.0815475610351561,False,REGULAR,USD,put,2026-05-20,QQQ
QQQ260520P00669000,2026-05-20 18:09:44+00:00,669.0,0.01,0.0,4.8,-0.03,-75.0,15989.0,1826,1.0639695239257816,False,REGULAR,USD,put,2026-05-20,QQQ
QQQ260520P00670000,2026-05-20 20:14:43+00:00,670.0,0.01,0.0,0.01,-0.03,-75.0,17084.0,1739,0.42188078125,False,REGULAR,USD,put,2026-05-20,QQQ
QQQ260520P00671000,2026-05-20 20:02:41+00:00,671.0,0.01,0.0,4.8,-0.03,-75.0,5154.0,1628,1.0285693103027347,False,REGULAR,USD,put,2026-05-20,QQQ
QQQ260520P00672000,2026-05-20 19:11:40+00:00,672.0,0.01,0.0,0.01,-0.04,-80.00001,6325.0,2440,0.398443515625,False,REGULAR,USD,put,2026-05-20,QQQ
QQQ260520P00673000,2026-05-20 19:03:40+00:00,673.0,0.01,0.0,0.05,-0.03,-75.0,12764.0,2614,0.46680220703125,False,REGULAR,USD,put,2026-05-20,QQQ
QQQ260520P00674000,2026-05-20 19:53:23+00:00,674.0,0.01,0.0,0.01,-0.049999997,-83.333336,11732.0,1614,0.38281867187499996,False,REGULAR,USD,put,2026-05-20,QQQ
QQQ260520P00675000,2026-05-20 19:57:59+00:00,675.0,0.01,0.0,0.01,-0.049999997,-83.333336,5393.0,2267,0.37500625,False,REGULAR,USD,put,2026-05-20,QQQ
QQQ260520P00676000,2026-05-20 19:59:01+00:00,676.0,0.01,0.0,0.01,-0.049999997,-83.333336,1776.0,2051,0.367193828125,False,REGULAR,USD,put,2026-05-20,QQQ
QQQ260520P00677000,2026-05-20 19:58:52+00:00,677.0,0.01,0.0,0.01,-0.07,-87.5,1536.0,2059,0.35547519531249994,False,REGULAR,USD,put,2026-05-20,QQQ
QQQ260520P00678000,2026-05-20 20:14:12+00:00,678.0,0.01,0.0,0.01,-0.060000002,-85.71429,4401.0,3517,0.3437565625,False,REGULAR,USD,put,2026-05-20,QQQ
QQQ260520P00679000,2026-05-20 20:14:09+00:00,679.0,0.01,0.0,0.01,-0.07,-87.5,6234.0,4131,0.335944140625,False,REGULAR,USD,put,2026-05-20,QQQ
QQQ260520P00680000,2026-05-20 20:07:23+00:00,680.0,0.01,0.0,0.01,-0.080000006,-88.88889,6110.0,7968,0.32813171874999997,False,REGULAR,USD,put,2026-05-20,QQQ
QQQ260520P00681000,2026-05-20 20:02:51+00:00,681.0,0.01,0.0,0.01,-0.1,-90.90909,2894.0,1635,0.32031929687499994,False,REGULAR,USD,put,2026-05-20,QQQ
QQQ260520P00682000,2026-05-20 20:01:56+00:00,682.0,0.01,0.0,0.9,-0.11,-91.66667,2661.0,1916,0.5327195166015625,False,REGULAR,USD,put,2026-05-20,QQQ
QQQ260520P00683000,2026-05-20 20:06:44+00:00,683.0,0.01,0.0,0.01,-0.14,-93.33333,2652.0,3635,0.3007882421875,False,REGULAR,USD,put,2026-05-20,QQQ
QQQ260520P00684000,2026-05-20 20:14:55+00:00,684.0,0.01,0.01,0.02,-0.17999999,-94.73685,6979.0,2087,0.31250687499999996,False,REGULAR,USD,put,2026-05-20,QQQ
QQQ260520P00685000,2026-05-20 20:14:41+00:00,685.0,0.01,0.0,0.01,-0.21,-95.454544,8177.0,4999,0.28125718749999995,False,REGULAR,USD,put,2026-05-20,QQQ
QQQ260520P00686000,2026-05-20 20:14:22+00:00,686.0,0.01,0.0,0.02,-0.26000002,-96.2963,8433.0,2309,0.2929758203124999,False,REGULAR,USD,put,2026-05-20,QQQ
QQQ260520P00687000,2026-05-20 20:14:49+00:00,687.0,0.01,0.0,0.01,-0.3,-96.7742,6496.0,4278,0.26563234375,False,REGULAR,USD,put,2026-05-20,QQQ
QQQ260520P00688000,2026-05-20 20:14:50+00:00,688.0,0.01,0.01,0.02,-0.37,-97.36842,5414.0,3073,0.273444765625,False,REGULAR,USD,put,2026-05-20,QQQ
QQQ260520P00689000,2026-05-20 20:13:50+00:00,689.0,0.02,0.01,0.02,-0.45,-95.74468,6734.0,2519,0.26563234375,False,REGULAR,USD,put,2026-05-20,QQQ
QQQ260520P00690000,2026-05-20 20:14:57+00:00,690.0,0.01,0.01,0.02,-0.57,-98.27586,30955.0,10609,0.25391371093750004,False,REGULAR,USD,put,2026-05-20,QQQ
QQQ260520P00691000,2026-05-20 20:13:16+00:00,691.0,0.02,0.01,0.03,-0.69,-97.1831,15478.0,4585,0.25586681640625003,False,REGULAR,USD,put,2026-05-20,QQQ
QQQ260520P00692000,2026-05-20 20:14:29+00:00,692.0,0.02,0.01,0.03,-0.84000003,-97.674416,9940.0,2999,0.2461012890625,False,REGULAR,USD,put,2026-05-20,QQQ
QQQ260520P00693000,2026-05-20 20:14:58+00:00,693.0,0.01,0.01,0.03,-1.04,-99.04762,13470.0,3709,0.23633576171874998,False,REGULAR,USD,put,2026-05-20,QQQ
QQQ260520P00694000,2026-05-20 20:14:55+00:00,694.0,0.01,0.01,0.02,-1.21,-99.18033,24874.0,2535,0.2148516015625,False,REGULAR,USD,put,2026-05-20,QQQ
QQQ260520P00695000,2026-05-20 20:14:52+00:00,695.0,0.03,0.02,0.03,-1.45,-97.97297,30825.0,6367,0.2148516015625,False,REGULAR,USD,put,2026-05-20,QQQ
QQQ260520P00696000,2026-05-20 20:12:14+00:00,696.0,0.03,0.02,0.04,-1.71,-98.27586,21207.0,2809,0.21289849609375,False,REGULAR,USD,put,2026-05-20,QQQ
QQQ260520P00697000,2026-05-20 20:14:58+00:00,697.0,0.03,0.03,0.04,-1.99,-98.514854,29982.0,3451,0.20215641601562498,False,REGULAR,USD,put,2026-05-20,QQQ
QQQ260520P00698000,2026-05-20 20:14:23+00:00,698.0,0.04,0.03,0.05,-2.29,-98.283264,29153.0,2420,0.19727365234375,False,REGULAR,USD,put,2026-05-20,QQQ
QQQ260520P00699000,2026-05-20 20:14:45+00:00,699.0,0.03,0.03,0.04,-2.68,-98.89299,39455.0,2926,0.179695703125,False,REGULAR,USD,put,2026-05-20,QQQ
QQQ260520P00700000,2026-05-20 20:14:56+00:00,700.0,0.05,0.02,0.06,-3.04,-98.38188,69703.0,7046,0.179695703125,False,REGULAR,USD,put,2026-05-20,QQQ
QQQ260520P00701000,2026-05-20 20:14:45+00:00,701.0,0.07,0.05,0.27,-3.38,-97.971016,34602.0,3437,0.225593681640625,False,REGULAR,USD,put,2026-05-20,QQQ
QQQ260520P00702000,2026-05-20 20:14:48+00:00,702.0,0.07,0.07,0.29,-3.89,-98.23232,53378.0,2707,0.2148516015625,False,REGULAR,USD,put,2026-05-20,QQQ
QQQ260520P00703000,2026-05-20 20:14:34+00:00,703.0,0.1,0.1,0.11,-4.31,-97.73243,57116.0,2344,0.161141201171875,False,REGULAR,USD,put,2026-05-20,QQQ
QQQ260520P00704000,2026-05-20 20:14:58+00:00,704.0,0.14,0.05,0.2,-4.81,-97.17172,71064.0,3744,0.16895362304687503,False,REGULAR,USD,put,2026-05-20,QQQ
QQQ260520P00705000,2026-05-20 20:14:58+00:00,705.0,0.31,0.19,0.3,-5.05,-94.21642,104382.0,3526,0.17115086669921875,False,REGULAR,USD,put,2026-05-20,QQQ
QQQ260520P00706000,2026-05-20 20:14:59+00:00,706.0,0.3,0.29,0.35,-5.8599997,-95.12986,75170.0,2191,0.1626060302734375,False,REGULAR,USD,put,2026-05-20,QQQ
QQQ260520P00707000,2026-05-20 20:14:57+00:00,707.0,0.43,0.25,0.51,-6.3700004,-93.676476,72995.0,923,0.16529155029296877,False,REGULAR,USD,put,2026-05-20,QQQ
QQQ260520P00708000,2026-05-20 20:14:59+00:00,708.0,0.58,0.58,1.0,-7.4300003,-92.75905,93540.0,1061,0.19336744140625,False,REGULAR,USD,put,2026-05-20,QQQ
QQQ260520P00709000,2026-05-20 20:14:36+00:00,709.0,0.81,0.79,0.87,-7.35,-90.07353,88515.0,1305,0.16126327026367188,False,REGULAR,USD,put,2026-05-20,QQQ
QQQ260520P00710000,2026-05-20 20:14:59+00:00,710.0,1.18,1.1,1.5,-7.9600005,-87.08972,110861.0,2840,0.18824053955078124,False,REGULAR,USD,put,2026-05-20,QQQ
QQQ260520P00711000,2026-05-20 20:14:46+00:00,711.0,1.51,1.44,2.8,-9.25,-85.96654,71453.0,879,0.2541578491210938,False,REGULAR,USD,put,2026-05-20,QQQ
QQQ260520P00712000,2026-05-20 20:14:54+00:00,712.0,1.97,1.8,1.99,-9.23,-82.41071,49215.0,714,0.1695639685058594,False,REGULAR,USD,put,2026-05-20,QQQ
QQQ260520P00713000,2026-05-20 20:14:31+00:00,713.0,2.45,2.0,2.89,-8.99,-78.583916,17756.0,839,0.1991046887207031,False,REGULAR,USD,put,2026-05-20,QQQ
QQQ260520P00714000,2026-05-20 20:14:36+00:00,714.0,3.05,1.09,4.32,-9.73,-76.13458,10416.0,659,0.2603833728027344,True,REGULAR,USD,put,2026-05-20,QQQ
QQQ260520P00715000,2026-05-20 20:13:27+00:00,715.0,3.67,2.0,4.45,-10.19,-73.52092,6228.0,884,0.2310867907714844,True,REGULAR,USD,put,2026-05-20,QQQ
QQQ260520P00716000,2026-05-20 20:11:13+00:00,716.0,4.49,2.15,5.73,-10.43,-69.906166,3685.0,325,0.27808339111328123,True,REGULAR,USD,put,2026-05-20,QQQ
QQQ260520P00717000,2026-05-20 20:10:16+00:00,717.0,5.15,3.0,6.53,-9.85,-65.66667,2001.0,399,0.29041236938476556,True,REGULAR,USD,put,2026-05-20,QQQ
QQQ260520P00718000,2026-05-20 20:14:19+00:00,718.0,6.09,3.88,6.35,-10.049999,-62.26766,1110.0,136,0.22669230346679686,True,REGULAR,USD,put,2026-05-20,QQQ
QQQ260520P00719000,2026-05-20 20:11:25+00:00,719.0,7.17,4.5,7.25,-10.309999,-58.981693,1128.0,125,0.24024197265624997,True,REGULAR,USD,put,2026-05-20,QQQ
QQQ260520P00720000,2026-05-20 20:07:20+00:00,720.0,7.79,5.75,8.19,-11.000001,-58.541782,1638.0,187,0.25586681640625003,True,REGULAR,USD,put,2026-05-20,QQQ
QQQ260520P00721000,2026-05-20 19:45:12+00:00,721.0,9.12,6.53,10.86,-7.7599993,-45.97156,200.0,9,0.411138701171875,True,REGULAR,USD,put,2026-05-20,QQQ
QQQ260520P00722000,2026-05-20 19:32:35+00:00,722.0,10.22,7.5,10.15,-10.28,-50.146343,113.0,48,0.29175512939453113,True,REGULAR,USD,put,2026-05-20,QQQ
QQQ260520P00723000,2026-05-20 20:00:54+00:00,723.0,10.5,8.6,11.13,-6.709999,-38.988956,25.0,0,0.30884480224609373,True,REGULAR,USD,put,2026-05-20,QQQ
QQQ260520P00724000,2026-05-20 15:34:47+00:00,724.0,11.65,9.5,12.11,-9.360001,-44.550217,74.0,0,0.3254461987304687,True,REGULAR,USD,put,2026-05-20,QQQ
QQQ260520P00725000,2026-05-20 15:57:26+00:00,725.0,13.86,12.56,13.1,-6.6899996,-32.55474,11.0,1,0.3425358715820312,True,REGULAR,USD,put,2026-05-20,QQQ
QQQ260520P00726000,2026-05-20 15:59:12+00:00,726.0,14.4,13.55,14.1,-10.93,-43.150414,2.0,0,0.36035795898437495,True,REGULAR,USD,put,2026-05-20,QQQ
QQQ260520P00727000,2026-05-15 19:15:45+00:00,727.0,16.92,14.55,15.1,0.0,0.0,80.0,0,0.37793590820312495,True,REGULAR,USD,put,2026-05-20,QQQ
QQQ260520P00728000,2026-05-20 19:39:29+00:00,728.0,15.7,15.55,16.09,-11.599999,-42.490845,24.0,0,0.3940490283203125,True,REGULAR,USD,put,2026-05-20,QQQ
QQQ260520P00729000,2026-05-20 19:39:29+00:00,729.0,16.7,16.54,17.09,-3.039999,-15.400198,21.0,0,0.411138701171875,True,REGULAR,USD,put,2026-05-20,QQQ
QQQ260520P00730000,2026-05-20 17:39:00+00:00,730.0,19.19,17.54,18.09,-11.25,-36.95795,70.0,0,0.4278621667480469,True,REGULAR,USD,put,2026-05-20,QQQ
QQQ260520P00731000,2026-05-18 19:17:38+00:00,731.0,28.84,16.96,20.77,0.0,0.0,6.0,0,0.6119423571777345,True,REGULAR,USD,put,2026-05-20,QQQ
QQQ260520P00732000,2026-05-20 15:40:26+00:00,732.0,21.01,18.12,21.82,-7.1900005,-25.496456,34.0,1,0.6355016918945313,True,REGULAR,USD,put,2026-05-20,QQQ
QQQ260520P00733000,2026-05-20 16:29:36+00:00,733.0,24.26,19.09,22.73,-4.92,-16.860863,45.0,0,0.6462437719726561,True,REGULAR,USD,put,2026-05-20,QQQ
QQQ260520P00734000,2026-05-20 16:29:36+00:00,734.0,25.24,20.11,23.82,0.8899994,3.6550283,9.0,0,0.6733431103515627,True,REGULAR,USD,put,2026-05-20,QQQ
QQQ260520P00735000,2026-05-20 19:39:29+00:00,735.0,22.6,20.5,24.85,-0.48999977,-2.1221297,15.0,0,0.6945831323242189,True,REGULAR,USD,put,2026-05-20,QQQ
QQQ260520P00736000,2026-05-20 16:28:23+00:00,736.0,26.85,21.84,25.81,10.02,59.536545,2.0,0,0.7092314233398438,True,REGULAR,USD,put,2026-05-20,QQQ
QQQ260520P00737000,2026-05-20 16:28:23+00:00,737.0,27.84,22.5,26.88,4.99,21.838072,2.0,0,0.7341335180664061,True,REGULAR,USD,put,2026-05-20,QQQ
QQQ260520P00738000,2026-05-18 19:01:31+00:00,738.0,34.98,23.5,27.73,0.0,0.0,4.0,2,0.7376735217285155,True,REGULAR,USD,put,2026-05-20,QQQ
QQQ260520P00739000,2026-05-15 17:38:12+00:00,739.0,25.37,24.5,28.82,0.0,0.0,9.0,0,0.5083056982421875,True,REGULAR,USD,put,2026-05-20,QQQ
QQQ260520P00740000,2026-05-20 15:02:43+00:00,740.0,30.08,25.5,29.84,8.799999,41.35338,1.0,0,0.5241746801757812,True,REGULAR,USD,put,2026-05-20,QQQ
QQQ260520P00741000,2026-05-20 15:02:43+00:00,741.0,31.02,26.5,30.73,9.700001,45.49719,1.0,0,0.5290574438476563,True,REGULAR,USD,put,2026-05-20,QQQ
QQQ260520P00742000,2026-05-20 15:02:08+00:00,742.0,32.02,27.5,31.82,8.9,38.494804,3.0,0,0.5505416040039064,True,REGULAR,USD,put,2026-05-20,QQQ
QQQ260520P00743000,2026-05-20 16:00:21+00:00,743.0,33.83,28.5,32.73,11.500002,51.500237,5.0,0,0.5566450585937501,True,REGULAR,USD,put,2026-05-20,QQQ
QQQ260520P00744000,2026-05-20 16:00:21+00:00,744.0,34.82,29.5,33.82,-10.209999,-22.67377,15.0,0,0.5783733569335938,True,REGULAR,USD,put,2026-05-20,QQQ
QQQ260520P00745000,2026-05-20 15:00:08+00:00,745.0,35.05,30.5,34.73,-6.959999,-16.567482,13.0,2,0.5839885351562499,True,REGULAR,USD,put,2026-05-20,QQQ
QQQ260520P00748000,2026-05-20 16:09:46+00:00,748.0,36.93,33.5,37.82,-8.079998,-17.951563,4.0,2,0.632816171875,True,REGULAR,USD,put,2026-05-20,QQQ
QQQ260520P00749000,2026-05-20 16:28:05+00:00,749.0,39.86,34.5,38.73,9.280001,30.346634,12.0,0,0.637698935546875,True,REGULAR,USD,put,2026-05-20,QQQ
QQQ260520P00750000,2026-05-20 16:28:05+00:00,750.0,40.84,37.2,39.85,-8.040001,-16.448448,51.0,0,0.7956563403320311,True,REGULAR,USD,put,2026-05-20,QQQ
QQQ260520P00795000,2026-05-15 19:50:27+00:00,795.0,86.71,80.5,84.86,0.0,0.0,1.0,0,1.2075234936523436,True,REGULAR,USD,put,2026-05-20,QQQ
QQQ260520P00800000,2026-05-15 19:50:27+00:00,800.0,91.69,85.5,89.86,0.0,0.0,1.0,3,1.2626989990234374,True,REGULAR,USD,put,2026-05-20,QQQ
QQQ260521C00560000,2026-05-14 19:42:35+00:00,560.0,161.04,150.19,154.41,0.0,0.0,,11,1.8276375805664062,True,REGULAR,USD,call,2026-05-21,QQQ
QQQ260521C00595000,2026-05-20 19:41:36+00:00,595.0,117.13,115.24,119.41,12.909996,12.387254,10.0,21,1.4375028125,True,REGULAR,USD,call,2026-05-21,QQQ
QQQ260521C00620000,2026-05-19 15:45:59+00:00,620.0,79.83,90.19,94.22,0.0,0.0,2.0,3,1.126957490234375,True,REGULAR,USD,call,2026-05-21,QQQ
QQQ260521C00625000,2026-05-20 19:47:32+00:00,625.0,87.24,85.19,89.24,11.139999,14.638634,2.0,6,1.0781296093750001,True,REGULAR,USD,call,2026-05-21,QQQ
QQQ260521C00630000,2026-05-20 19:34:11+00:00,630.0,82.45,80.2,84.24,11.0,15.395382,14.0,15,1.0249072192382815,True,REGULAR,USD,call,2026-05-21,QQQ
QQQ260521C00635000,2026-05-15 13:38:36+00:00,635.0,73.11,75.2,79.24,0.0,0.0,2.0,2,0.971679970703125,True,REGULAR,USD,call,2026-05-21,QQQ
QQQ260521C00640000,2026-05-20 18:52:03+00:00,640.0,70.97,70.2,74.25,11.950001,20.247375,12.0,16,0.9204109521484375,True,REGULAR,USD,call,2026-05-21,QQQ
QQQ260521C00645000,2026-05-15 14:11:15+00:00,645.0,62.36,65.2,69.25,-2.0599976,-3.197761,1.0,9,0.867188828125,True,REGULAR,USD,call,2026-05-21,QQQ
QQQ260521C00650000,2026-05-20 19:47:50+00:00,650.0,62.54,60.21,64.26,12.77,25.658026,52.0,47,0.8156756713867187,True,REGULAR,USD,call,2026-05-21,QQQ
QQQ260521C00651000,2026-05-20 18:05:00+00:00,651.0,59.96,59.25,63.26,6.8099976,12.812789,24.0,23,0.8049335913085938,True,REGULAR,USD,call,2026-05-21,QQQ
QQQ260521C00652000,2026-05-20 18:09:11+00:00,652.0,58.83,58.26,62.26,11.330002,23.852636,42.0,39,0.7941915112304687,True,REGULAR,USD,call,2026-05-21,QQQ
QQQ260521C00655000,2026-05-20 19:34:52+00:00,655.0,56.78,55.21,59.23,10.329998,22.23896,21.0,25,0.7573266455078126,True,REGULAR,USD,call,2026-05-21,QQQ
QQQ260521C00658000,2026-05-20 14:29:31+00:00,658.0,50.56,52.25,56.27,-1.0499992,-2.034488,6.0,1,0.7314479980468749,True,REGULAR,USD,call,2026-05-21,QQQ
QQQ260521C00660000,2026-05-18 18:18:46+00:00,660.0,49.15,50.22,54.27,8.480003,20.85076,1.0,13,0.7097196997070312,True,REGULAR,USD,call,2026-05-21,QQQ
QQQ260521C00665000,2026-05-20 18:52:20+00:00,665.0,47.35,45.22,49.28,9.539997,25.231411,30.0,31,0.6569858520507813,True,REGULAR,USD,call,2026-05-21,QQQ
QQQ260521C00666000,2026-05-20 19:51:28+00:00,666.0,46.09,44.23,48.23,6.4000015,16.124971,64.0,1,0.6391637646484375,True,REGULAR,USD,call,2026-05-21,QQQ
QQQ260521C00667000,2026-05-20 14:29:30+00:00,667.0,41.11,43.23,47.28,8.330002,25.411842,4.0,3,0.6350134155273439,True,REGULAR,USD,call,2026-05-21,QQQ
QQQ260521C00668000,2026-05-20 17:34:17+00:00,668.0,42.66,42.28,46.28,8.990002,26.700333,16.0,26,0.6242713354492189,True,REGULAR,USD,call,2026-05-21,QQQ
QQQ260521C00669000,2026-05-20 17:48:50+00:00,669.0,41.96,41.24,45.28,13.889999,49.483437,27.0,55,0.6132851171875001,True,REGULAR,USD,call,2026-05-21,QQQ
QQQ260521C00670000,2026-05-20 18:57:24+00:00,670.0,40.99,40.23,44.27,9.160002,28.77789,60.0,233,0.6008340698242189,True,REGULAR,USD,call,2026-05-21,QQQ
QQQ260521C00671000,2026-05-20 19:23:31+00:00,671.0,40.86,39.26,43.29,13.800001,50.997787,1.0,57,0.5925333715820313,True,REGULAR,USD,call,2026-05-21,QQQ
QQQ260521C00673000,2026-05-20 14:17:23+00:00,673.0,35.3,37.3,41.25,9.129999,34.88727,40.0,64,0.5654340332031251,True,REGULAR,USD,call,2026-05-21,QQQ
QQQ260521C00674000,2026-05-20 18:15:01+00:00,674.0,37.22,36.3,40.3,10.420002,38.880608,31.0,60,0.56055126953125,True,REGULAR,USD,call,2026-05-21,QQQ
QQQ260521C00675000,2026-05-20 18:49:17+00:00,675.0,36.12,35.26,39.3,10.749998,42.37287,4.0,18,0.5495650512695314,True,REGULAR,USD,call,2026-05-21,QQQ
QQQ260521C00676000,2026-05-19 19:45:17+00:00,676.0,26.3,34.29,38.3,0.0,0.0,5.0,25,0.5383346948242189,True,REGULAR,USD,call,2026-05-21,QQQ
QQQ260521C00677000,2026-05-20 19:26:29+00:00,677.0,34.19,33.3,37.31,9.309999,37.419613,3.0,21,0.5283250292968751,True,REGULAR,USD,call,2026-05-21,QQQ
QQQ260521C00678000,2026-05-20 19:28:18+00:00,678.0,33.13,32.32,36.31,6.8900013,26.257627,3.0,36,0.5170946728515625,True,REGULAR,USD,call,2026-05-21,QQQ
QQQ260521C00679000,2026-05-19 19:36:20+00:00,679.0,24.38,31.31,35.32,0.0,0.0,26.0,20,0.5069629382324219,True,REGULAR,USD,call,2026-05-21,QQQ
QQQ260521C00680000,2026-05-20 20:01:08+00:00,680.0,32.73,30.32,34.29,8.609999,35.69651,13.0,140,0.49219257812500006,True,REGULAR,USD,call,2026-05-21,QQQ
QQQ260521C00681000,2026-05-19 19:53:35+00:00,681.0,21.19,29.32,33.34,0.0,0.0,19.0,36,0.4865773999023438,True,REGULAR,USD,call,2026-05-21,QQQ
QQQ260521C00682000,2026-05-20 15:24:42+00:00,682.0,29.49,28.35,32.33,6.99,31.066668,6.0,29,0.47400428344726564,True,REGULAR,USD,call,2026-05-21,QQQ
QQQ260521C00684000,2026-05-20 14:08:52+00:00,684.0,22.26,26.38,30.36,1.0400009,4.901041,18.0,94,0.454107021484375,True,REGULAR,USD,call,2026-05-21,QQQ
QQQ260521C00685000,2026-05-20 13:36:23+00:00,685.0,23.04,25.37,29.33,4.1400013,21.904768,13.0,76,0.43945873046875,True,REGULAR,USD,call,2026-05-21,QQQ
QQQ260521C00687000,2026-05-20 16:35:11+00:00,687.0,22.66,23.45,27.42,4.629999,25.679417,5.0,23,0.42529871582031253,True,REGULAR,USD,call,2026-05-21,QQQ
QQQ260521C00688000,2026-05-20 17:05:31+00:00,688.0,21.92,22.49,26.37,5.51,33.577087,35.0,54,0.40845318115234375,True,REGULAR,USD,call,2026-05-21,QQQ
QQQ260521C00689000,2026-05-20 18:42:28+00:00,689.0,22.73,21.53,25.4,5.84,34.576675,40.0,51,0.39954213745117195,True,REGULAR,USD,call,2026-05-21,QQQ
QQQ260521C00690000,2026-05-20 19:53:48+00:00,690.0,22.76,20.57,24.48,7.99,54.096138,57.0,94,0.39502558105468755,True,REGULAR,USD,call,2026-05-21,QQQ
QQQ260521C00691000,2026-05-20 19:37:23+00:00,691.0,21.01,19.62,23.52,7.1500006,51.587307,36.0,110,0.3864807446289062,True,REGULAR,USD,call,2026-05-21,QQQ
QQQ260521C00692000,2026-05-20 18:47:24+00:00,692.0,19.51,18.71,22.56,6.0,44.411545,60.0,51,0.3776917700195312,True,REGULAR,USD,call,2026-05-21,QQQ
QQQ260521C00693000,2026-05-20 19:56:04+00:00,693.0,19.78,17.76,21.61,6.7200003,51.454823,89.0,105,0.36939107177734376,True,REGULAR,USD,call,2026-05-21,QQQ
QQQ260521C00694000,2026-05-20 18:16:03+00:00,694.0,18.65,16.83,20.66,8.2,78.4689,110.0,55,0.36084623535156246,True,REGULAR,USD,call,2026-05-21,QQQ
QQQ260521C00695000,2026-05-20 20:02:49+00:00,695.0,18.02,15.9,19.68,8.0,79.84032,161.0,346,0.34961587890624996,True,REGULAR,USD,call,2026-05-21,QQQ
QQQ260521C00696000,2026-05-20 20:05:32+00:00,696.0,16.4,15.01,17.78,7.1899996,78.067314,168.0,244,0.2561109545898438,True,REGULAR,USD,call,2026-05-21,QQQ
QQQ260521C00697000,2026-05-20 19:58:54+00:00,697.0,16.46,14.12,17.25,7.909999,92.5146,486.0,698,0.2893137475585937,True,REGULAR,USD,call,2026-05-21,QQQ
QQQ260521C00698000,2026-05-20 20:09:26+00:00,698.0,15.12,13.24,16.94,7.21,91.150444,158.0,680,0.3293524096679687,True,REGULAR,USD,call,2026-05-21,QQQ
QQQ260521C00699000,2026-05-20 20:08:12+00:00,699.0,14.25,12.34,16.07,6.96,95.47325,140.0,959,0.32459171508789053,True,REGULAR,USD,call,2026-05-21,QQQ
QQQ260521C00700000,2026-05-20 20:01:24+00:00,700.0,13.56,12.5,13.96,6.8600006,102.38807,1498.0,1114,0.22754678710937498,True,REGULAR,USD,call,2026-05-21,QQQ
QQQ260521C00701000,2026-05-20 20:04:54+00:00,701.0,12.5,10.65,13.6,6.37,103.91517,888.0,831,0.264655791015625,True,REGULAR,USD,call,2026-05-21,QQQ
QQQ260521C00702000,2026-05-20 19:59:31+00:00,702.0,12.21,9.82,12.19,6.68,120.795654,1640.0,1435,0.22144333251953124,True,REGULAR,USD,call,2026-05-21,QQQ
QQQ260521C00703000,2026-05-20 20:03:48+00:00,703.0,10.5,9.63,11.9,5.36,104.28016,1150.0,1132,0.25659923095703124,True,REGULAR,USD,call,2026-05-21,QQQ
QQQ260521C00704000,2026-05-20 20:09:48+00:00,704.0,9.64,8.11,10.0,4.9200006,104.237305,3217.0,1541,0.18116053222656248,True,REGULAR,USD,call,2026-05-21,QQQ
QQQ260521C00705000,2026-05-20 20:14:40+00:00,705.0,9.25,8.69,9.69,5.18,127.27272,9015.0,2394,0.2142412561035156,True,REGULAR,USD,call,2026-05-21,QQQ
QQQ260521C00706000,2026-05-20 20:11:41+00:00,706.0,8.23,6.63,8.65,4.5299997,122.432434,7634.0,777,0.19690744506835936,True,REGULAR,USD,call,2026-05-21,QQQ
QQQ260521C00707000,2026-05-20 20:14:31+00:00,707.0,7.55,7.2,8.81,4.26,129.48329,8805.0,872,0.24622335815429688,True,REGULAR,USD,call,2026-05-21,QQQ
QQQ260521C00708000,2026-05-20 20:09:23+00:00,708.0,7.13,6.05,7.11,4.2200003,145.0172,11264.0,1431,0.19165847412109377,True,REGULAR,USD,call,2026-05-21,QQQ
QQQ260521C00709000,2026-05-20 20:14:28+00:00,709.0,6.21,5.84,6.27,3.5900002,137.0229,13780.0,1323,0.1829915686035156,True,REGULAR,USD,call,2026-05-21,QQQ
QQQ260521C00710000,2026-05-20 20:14:45+00:00,710.0,5.55,5.44,5.88,3.2900002,145.57524,28540.0,3668,0.1958088232421875,True,REGULAR,USD,call,2026-05-21,QQQ
QQQ260521C00711000,2026-05-20 20:14:59+00:00,711.0,5.04,4.5,5.04,3.07,155.83755,17920.0,1100,0.1840901904296875,True,REGULAR,USD,call,2026-05-21,QQQ
QQQ260521C00712000,2026-05-20 20:14:59+00:00,712.0,4.35,4.35,5.0,2.61,150.0,19579.0,1467,0.20911435424804684,True,REGULAR,USD,call,2026-05-21,QQQ
QQQ260521C00713000,2026-05-20 20:14:58+00:00,713.0,3.89,3.84,3.94,2.3600001,154.24838,10361.0,950,0.1834798449707031,True,REGULAR,USD,call,2026-05-21,QQQ
QQQ260521C00714000,2026-05-20 20:14:58+00:00,714.0,3.38,3.33,3.88,2.0800002,160.00002,7584.0,1200,0.2036212451171875,False,REGULAR,USD,call,2026-05-21,QQQ
QQQ260521C00715000,2026-05-20 20:14:55+00:00,715.0,2.92,2.91,3.31,1.8100001,163.06306,16822.0,3075,0.1977619287109375,False,REGULAR,USD,call,2026-05-21,QQQ
QQQ260521C00716000,2026-05-20 20:14:49+00:00,716.0,2.53,2.0,2.81,1.56,160.82474,6647.0,1337,0.19324537231445313,False,REGULAR,USD,call,2026-05-21,QQQ
QQQ260521C00717000,2026-05-20 20:14:55+00:00,717.0,2.14,2.12,2.23,1.3500001,170.88611,6663.0,1956,0.18244225769042968,False,REGULAR,USD,call,2026-05-21,QQQ
QQQ260521C00718000,2026-05-20 20:14:55+00:00,718.0,1.82,1.78,1.89,1.1400001,167.64708,6940.0,1726,0.18158777404785154,False,REGULAR,USD,call,2026-05-21,QQQ
QQQ260521C00719000,2026-05-20 20:14:55+00:00,719.0,1.51,1.48,1.55,0.93,160.34483,3976.0,1474,0.17859708129882812,False,REGULAR,USD,call,2026-05-21,QQQ
QQQ260521C00720000,2026-05-20 20:14:54+00:00,720.0,1.24,1.22,1.25,0.76,158.33333,17308.0,3854,0.17542328491210937,False,REGULAR,USD,call,2026-05-21,QQQ
QQQ260521C00721000,2026-05-20 20:14:56+00:00,721.0,1.03,1.0,1.06,0.61,145.23811,5977.0,813,0.17701018310546873,False,REGULAR,USD,call,2026-05-21,QQQ
QQQ260521C00722000,2026-05-20 20:14:58+00:00,722.0,0.87,0.82,0.87,0.53,155.88232,6576.0,553,0.17664397583007813,False,REGULAR,USD,call,2026-05-21,QQQ
QQQ260521C00723000,2026-05-20 20:14:56+00:00,723.0,0.68,0.6,0.71,0.39000002,134.48276,3936.0,421,0.17652190673828128,False,REGULAR,USD,call,2026-05-21,QQQ
QQQ260521C00724000,2026-05-20 20:14:53+00:00,724.0,0.54,0.48,0.56,0.29000002,116.00001,2524.0,491,0.17505707763671874,False,REGULAR,USD,call,2026-05-21,QQQ
QQQ260521C00725000,2026-05-20 20:14:56+00:00,725.0,0.42,0.42,0.48,0.24999999,147.0588,7067.0,1073,0.1782308740234375,False,REGULAR,USD,call,2026-05-21,QQQ
QQQ260521C00726000,2026-05-20 20:14:56+00:00,726.0,0.35,0.32,0.37,0.19,118.75,3623.0,538,0.17652190673828128,False,REGULAR,USD,call,2026-05-21,QQQ
QQQ260521C00727000,2026-05-20 20:14:54+00:00,727.0,0.27,0.24,0.27,0.15,125.0,2490.0,353,0.17310397216796874,False,REGULAR,USD,call,2026-05-21,QQQ
QQQ260521C00728000,2026-05-20 20:14:53+00:00,728.0,0.21,0.19,0.38,0.10999999,109.99999,1664.0,325,0.1977619287109375,False,REGULAR,USD,call,2026-05-21,QQQ
QQQ260521C00729000,2026-05-20 20:14:56+00:00,729.0,0.16,0.14,0.15,0.06999999,77.77776,2306.0,401,0.17041845214843754,False,REGULAR,USD,call,2026-05-21,QQQ
QQQ260521C00730000,2026-05-20 20:14:53+00:00,730.0,0.13,0.09,0.14,0.059999995,85.71428,4306.0,1127,0.176766044921875,False,REGULAR,USD,call,2026-05-21,QQQ
QQQ260521C00731000,2026-05-20 20:14:40+00:00,731.0,0.1,0.08,0.1,0.030000001,42.857143,2340.0,572,0.174812939453125,False,REGULAR,USD,call,2026-05-21,QQQ
QQQ260521C00732000,2026-05-20 20:14:52+00:00,732.0,0.07,0.06,0.14,0.02,40.0,503.0,359,0.19336744140625,False,REGULAR,USD,call,2026-05-21,QQQ
QQQ260521C00733000,2026-05-20 20:13:49+00:00,733.0,0.06,0.04,0.07,0.02,50.0,2570.0,254,0.1801839794921875,False,REGULAR,USD,call,2026-05-21,QQQ
QQQ260521C00734000,2026-05-20 20:13:49+00:00,734.0,0.05,0.04,0.05,0.010000002,25.000004,1204.0,725,0.178719150390625,False,REGULAR,USD,call,2026-05-21,QQQ
QQQ260521C00735000,2026-05-20 20:10:24+00:00,735.0,0.02,0.03,0.1,-0.01,-33.333336,2899.0,1026,0.20606262695312497,False,REGULAR,USD,call,2026-05-21,QQQ
QQQ260521C00736000,2026-05-20 20:14:46+00:00,736.0,0.03,0.03,0.04,-0.01,-25.0,3181.0,314,0.187508125,False,REGULAR,USD,call,2026-05-21,QQQ
QQQ260521C00737000,2026-05-20 20:13:13+00:00,737.0,0.02,0.01,0.03,-0.01,-33.333336,1012.0,175,0.187508125,False,REGULAR,USD,call,2026-05-21,QQQ
QQQ260521C00738000,2026-05-20 20:06:43+00:00,738.0,0.01,0.01,0.02,-0.02,-66.66667,476.0,196,0.18555501953124998,False,REGULAR,USD,call,2026-05-21,QQQ
QQQ260521C00739000,2026-05-20 20:14:43+00:00,739.0,0.01,0.01,0.03,-0.07,-87.5,547.0,168,0.20117986328124998,False,REGULAR,USD,call,2026-05-21,QQQ
QQQ260521C00740000,2026-05-20 20:14:14+00:00,740.0,0.02,0.0,0.02,-0.01,-33.333336,499.0,911,0.19727365234375,False,REGULAR,USD,call,2026-05-21,QQQ
QQQ260521C00741000,2026-05-20 19:53:44+00:00,741.0,0.02,0.0,0.02,0.01,100.0,332.0,51,0.20508607421874997,False,REGULAR,USD,call,2026-05-21,QQQ
QQQ260521C00742000,2026-05-20 20:02:38+00:00,742.0,0.01,0.0,0.02,-0.01,-50.0,40.0,142,0.21094539062499998,False,REGULAR,USD,call,2026-05-21,QQQ
QQQ260521C00743000,2026-05-20 18:56:41+00:00,743.0,0.02,0.0,0.88,-0.01,-33.333336,226.0,104,0.4074766284179688,False,REGULAR,USD,call,2026-05-21,QQQ
QQQ260521C00744000,2026-05-20 17:27:31+00:00,744.0,0.02,0.0,0.02,0.0,0.0,408.0,108,0.22266402343749997,False,REGULAR,USD,call,2026-05-21,QQQ
QQQ260521C00745000,2026-05-20 19:19:12+00:00,745.0,0.01,0.0,0.02,0.0,0.0,180.0,455,0.2304764453125,False,REGULAR,USD,call,2026-05-21,QQQ
QQQ260521C00746000,2026-05-20 19:53:20+00:00,746.0,0.01,0.0,0.02,-0.02,-66.66667,316.0,74,0.23633576171874998,False,REGULAR,USD,call,2026-05-21,QQQ
QQQ260521C00747000,2026-05-20 16:27:38+00:00,747.0,0.01,0.0,0.02,0.0,0.0,287.0,220,0.242195078125,False,REGULAR,USD,call,2026-05-21,QQQ
QQQ260521C00748000,2026-05-20 19:17:22+00:00,748.0,0.01,0.0,0.02,-0.01,-50.0,36.0,156,0.24805439453125,False,REGULAR,USD,call,2026-05-21,QQQ
QQQ260521C00749000,2026-05-20 17:45:56+00:00,749.0,0.01,0.0,1.38,-0.02,-66.66667,525.0,161,0.5229539892578124,False,REGULAR,USD,call,2026-05-21,QQQ
QQQ260521C00750000,2026-05-20 18:11:10+00:00,750.0,0.02,0.0,0.02,0.0,0.0,713.0,817,0.2617261328125,False,REGULAR,USD,call,2026-05-21,QQQ
QQQ260521C00755000,2026-05-20 19:50:57+00:00,755.0,0.01,0.0,0.01,0.0,0.0,12.0,703,0.273444765625,False,REGULAR,USD,call,2026-05-21,QQQ
QQQ260521C00760000,2026-05-19 16:42:37+00:00,760.0,0.02,0.0,0.01,0.0,0.0,15.0,944,0.3007882421875,False,REGULAR,USD,call,2026-05-21,QQQ
QQQ260521C00765000,2026-05-20 19:53:34+00:00,765.0,0.01,0.0,0.01,0.0,0.0,201.0,589,0.32813171874999997,False,REGULAR,USD,call,2026-05-21,QQQ
QQQ260521P00495000,2026-05-20 15:13:17+00:00,495.0,0.01,0.0,0.02,-0.02,-66.66667,1000.0,1,1.5156274218749999,False,REGULAR,USD,put,2026-05-21,QQQ
QQQ260521P00500000,2026-05-20 20:14:29+00:00,500.0,0.01,0.0,0.01,-0.04,-80.00001,4.0,2,1.40625296875,False,REGULAR,USD,put,2026-05-21,QQQ
QQQ260521P00525000,2026-05-15 13:37:28+00:00,525.0,0.02,0.0,1.36,0.0,0.0,2.0,2,2.019536201171875,False,REGULAR,USD,put,2026-05-21,QQQ
QQQ260521P00545000,2026-05-19 16:30:52+00:00,545.0,0.02,0.0,1.41,0.0,0.0,110.0,110,1.8144540527343749,False,REGULAR,USD,put,2026-05-21,QQQ
QQQ260521P00555000,2026-05-20 13:59:18+00:00,555.0,0.01,0.0,1.52,0.0,0.0,1.0,10691,1.7285169824218751,False,REGULAR,USD,put,2026-05-21,QQQ
QQQ260521P00570000,2026-05-20 13:37:54+00:00,570.0,0.01,0.0,0.02,-0.01,-50.0,17.0,7,0.9531254687499999,False,REGULAR,USD,put,2026-05-21,QQQ
QQQ260521P00590000,2026-05-20 20:02:43+00:00,590.0,0.01,0.0,0.01,-0.02,-66.66667,5779.0,9,0.7812521875,False,REGULAR,USD,put,2026-05-21,QQQ
QQQ260521P00595000,2026-05-20 20:06:56+00:00,595.0,0.01,0.0,0.02,-0.02,-66.66667,4200.0,35,0.789064609375,False,REGULAR,USD,put,2026-05-21,QQQ
QQQ260521P00600000,2026-05-20 20:01:20+00:00,600.0,0.01,0.0,0.01,-0.04,-80.00001,3267.0,23,0.7187528125,False,REGULAR,USD,put,2026-05-21,QQQ
QQQ260521P00605000,2026-05-20 20:04:39+00:00,605.0,0.01,0.0,0.02,-0.01,-50.0,3047.0,79,0.7187528125,False,REGULAR,USD,put,2026-05-21,QQQ
QQQ260521P00610000,2026-05-20 20:09:56+00:00,610.0,0.02,0.0,0.02,0.0,0.0,251.0,44,0.6875031250000001,False,REGULAR,USD,put,2026-05-21,QQQ
QQQ260521P00615000,2026-05-20 20:08:06+00:00,615.0,0.02,0.0,0.02,-0.01,-33.333336,112.0,19,0.6562534375000001,False,REGULAR,USD,put,2026-05-21,QQQ
QQQ260521P00620000,2026-05-20 17:45:13+00:00,620.0,0.01,0.0,1.41,-0.02,-66.66667,122.0,960,1.0419969775390627,False,REGULAR,USD,put,2026-05-21,QQQ
QQQ260521P00625000,2026-05-20 19:27:00+00:00,625.0,0.02,0.0,1.41,-0.01,-33.333336,2632.0,137,0.992187578125,False,REGULAR,USD,put,2026-05-21,QQQ
QQQ260521P00630000,2026-05-20 19:44:28+00:00,630.0,0.01,0.01,0.03,-0.02,-66.66667,1756.0,68,0.5937540625000001,False,REGULAR,USD,put,2026-05-21,QQQ
QQQ260521P00635000,2026-05-20 19:02:35+00:00,635.0,0.02,0.01,0.03,-0.030000001,-60.0,1054.0,1088,0.5546919531250001,False,REGULAR,USD,put,2026-05-21,QQQ
QQQ260521P00640000,2026-05-20 20:08:56+00:00,640.0,0.03,0.01,0.05,-0.020000001,-40.000004,2435.0,312,0.5429733203125001,False,REGULAR,USD,put,2026-05-21,QQQ
QQQ260521P00643000,2026-05-20 20:09:09+00:00,643.0,0.02,0.0,0.39,-0.02,-50.0,1492.0,151,0.6562534375000001,False,REGULAR,USD,put,2026-05-21,QQQ
QQQ260521P00644000,2026-05-20 18:44:00+00:00,644.0,0.02,0.01,0.03,-0.030000001,-60.0,1170.0,73,0.51562984375,False,REGULAR,USD,put,2026-05-21,QQQ
QQQ260521P00645000,2026-05-20 20:01:07+00:00,645.0,0.03,0.0,0.03,-0.020000001,-40.000004,1836.0,186,0.507817421875,False,REGULAR,USD,put,2026-05-21,QQQ
QQQ260521P00646000,2026-05-20 19:53:39+00:00,646.0,0.03,0.01,0.03,-0.020000001,-40.000004,675.0,60,0.500005,False,REGULAR,USD,put,2026-05-21,QQQ
QQQ260521P00648000,2026-05-20 19:58:33+00:00,648.0,0.03,0.0,0.03,-0.03,-50.0,993.0,335,0.48828636718750007,False,REGULAR,USD,put,2026-05-21,QQQ
QQQ260521P00649000,2026-05-20 19:59:29+00:00,649.0,0.03,0.01,0.03,-0.03,-50.0,1943.0,33,0.4804739453125,False,REGULAR,USD,put,2026-05-21,QQQ
QQQ260521P00650000,2026-05-20 20:10:03+00:00,650.0,0.04,0.01,0.05,-0.02,-33.333336,753.0,954,0.500005,False,REGULAR,USD,put,2026-05-21,QQQ
QQQ260521P00651000,2026-05-20 20:09:27+00:00,651.0,0.03,0.02,0.03,-0.04,-57.142857,272.0,422,0.46484910156250003,False,REGULAR,USD,put,2026-05-21,QQQ
QQQ260521P00652000,2026-05-20 20:02:48+00:00,652.0,0.03,0.02,0.46,-0.03,-50.0,226.0,22,0.5981485498046876,False,REGULAR,USD,put,2026-05-21,QQQ
QQQ260521P00653000,2026-05-20 19:39:54+00:00,653.0,0.03,0.02,1.42,-0.04,-57.142857,408.0,73,0.7153348779296875,False,REGULAR,USD,put,2026-05-21,QQQ
QQQ260521P00654000,2026-05-20 20:11:33+00:00,654.0,0.02,0.02,1.43,-0.05,-71.42857,64.0,114,0.7060576269531251,False,REGULAR,USD,put,2026-05-21,QQQ
QQQ260521P00655000,2026-05-20 20:11:50+00:00,655.0,0.03,0.02,1.43,-0.03,-50.0,658.0,379,0.6960479614257813,False,REGULAR,USD,put,2026-05-21,QQQ
QQQ260521P00656000,2026-05-20 20:13:49+00:00,656.0,0.02,0.02,0.04,-0.08,-80.00001,500.0,56,0.445318046875,False,REGULAR,USD,put,2026-05-21,QQQ
QQQ260521P00657000,2026-05-20 20:14:24+00:00,657.0,0.02,0.02,0.52,-0.06,-75.0,616.0,61,0.5649457568359376,False,REGULAR,USD,put,2026-05-21,QQQ
QQQ260521P00658000,2026-05-20 20:14:24+00:00,658.0,0.03,0.02,0.04,-0.13,-81.25,311.0,144,0.42969320312500003,False,REGULAR,USD,put,2026-05-21,QQQ
QQQ260521P00659000,2026-05-20 19:30:22+00:00,659.0,0.04,0.02,0.04,-0.04,-50.0,489.0,85,0.42188078125,False,REGULAR,USD,put,2026-05-21,QQQ
QQQ260521P00660000,2026-05-20 20:10:16+00:00,660.0,0.04,0.03,0.04,-0.050000004,-55.555557,1175.0,904,0.41602146484374997,False,REGULAR,USD,put,2026-05-21,QQQ
QQQ260521P00661000,2026-05-20 20:12:14+00:00,661.0,0.04,0.02,0.04,-0.060000002,-60.0,208.0,669,0.40820904296875,False,REGULAR,USD,put,2026-05-21,QQQ
QQQ260521P00662000,2026-05-20 20:12:56+00:00,662.0,0.04,0.0,0.04,-0.060000002,-60.0,364.0,250,0.40039662109375,False,REGULAR,USD,put,2026-05-21,QQQ
QQQ260521P00663000,2026-05-20 20:03:23+00:00,663.0,0.04,0.02,1.44,-0.060000002,-60.0,568.0,496,0.6159706372070313,False,REGULAR,USD,put,2026-05-21,QQQ
QQQ260521P00664000,2026-05-20 19:59:48+00:00,664.0,0.05,0.0,0.04,-0.06,-54.545456,1016.0,317,0.38672488281249995,False,REGULAR,USD,put,2026-05-21,QQQ
QQQ260521P00665000,2026-05-20 20:12:53+00:00,665.0,0.04,0.03,0.39,-0.07,-63.636364,3157.0,455,0.5268602001953125,False,REGULAR,USD,put,2026-05-21,QQQ
QQQ260521P00666000,2026-05-20 20:01:26+00:00,666.0,0.05,0.03,0.05,-0.06999999,-58.333332,1205.0,210,0.38281867187499996,False,REGULAR,USD,put,2026-05-21,QQQ
QQQ260521P00667000,2026-05-20 20:05:44+00:00,667.0,0.05,0.03,0.05,-0.09,-64.28571,2862.0,318,0.37500625,False,REGULAR,USD,put,2026-05-21,QQQ
QQQ260521P00668000,2026-05-20 20:08:25+00:00,668.0,0.06,0.03,0.05,-0.09,-59.999996,771.0,387,0.367193828125,False,REGULAR,USD,put,2026-05-21,QQQ
QQQ260521P00669000,2026-05-20 20:14:12+00:00,669.0,0.05,0.0,0.05,-0.120000005,-70.588234,1184.0,372,0.35938140625,False,REGULAR,USD,put,2026-05-21,QQQ
QQQ260521P00670000,2026-05-20 20:06:59+00:00,670.0,0.06,0.01,0.05,-0.120000005,-66.666664,1151.0,2145,0.35156898437499995,False,REGULAR,USD,put,2026-05-21,QQQ
QQQ260521P00671000,2026-05-20 20:14:47+00:00,671.0,0.05,0.04,0.05,-0.17,-77.27273,390.0,255,0.344733115234375,False,REGULAR,USD,put,2026-05-21,QQQ
QQQ260521P00672000,2026-05-20 20:14:42+00:00,672.0,0.06,0.01,0.06,-0.17,-73.91304,1131.0,322,0.34570966796874997,False,REGULAR,USD,put,2026-05-21,QQQ
QQQ260521P00673000,2026-05-20 19:57:38+00:00,673.0,0.06,0.04,0.06,-0.19999999,-76.92307,907.0,399,0.33789724609375,False,REGULAR,USD,put,2026-05-21,QQQ
QQQ260521P00674000,2026-05-20 20:14:44+00:00,674.0,0.05,0.01,0.06,-0.25,-83.33333,471.0,513,0.33008482421874996,False,REGULAR,USD,put,2026-05-21,QQQ
QQQ260521P00675000,2026-05-20 20:10:16+00:00,675.0,0.07,0.01,0.07,-0.26000002,-78.78788,2716.0,1180,0.32910827148437494,False,REGULAR,USD,put,2026-05-21,QQQ
QQQ260521P00676000,2026-05-20 20:06:45+00:00,676.0,0.09,0.05,0.07,-0.26,-74.28571,3138.0,299,0.32129584960937496,False,REGULAR,USD,put,2026-05-21,QQQ
QQQ260521P00677000,2026-05-20 20:14:47+00:00,677.0,0.07,0.05,0.07,-0.42000002,-85.71429,2419.0,488,0.313483427734375,False,REGULAR,USD,put,2026-05-21,QQQ
QQQ260521P00678000,2026-05-20 20:13:25+00:00,678.0,0.08,0.06,0.08,-0.39,-82.97873,3424.0,627,0.31153032226562494,False,REGULAR,USD,put,2026-05-21,QQQ
QQQ260521P00679000,2026-05-20 20:09:27+00:00,679.0,0.08,0.06,0.08,-0.46000004,-85.18519,786.0,593,0.30371790039062496,False,REGULAR,USD,put,2026-05-21,QQQ
QQQ260521P00680000,2026-05-20 20:14:53+00:00,680.0,0.08,0.06,0.08,-0.53000003,-86.885254,4492.0,1645,0.295905478515625,False,REGULAR,USD,put,2026-05-21,QQQ
QQQ260521P00681000,2026-05-20 20:14:33+00:00,681.0,0.09,0.07,0.09,-0.59000003,-86.7647,6302.0,730,0.2929758203124999,False,REGULAR,USD,put,2026-05-21,QQQ
QQQ260521P00682000,2026-05-20 20:14:19+00:00,682.0,0.09,0.0,0.1,-0.68999994,-88.46153,4849.0,1149,0.2890696093749999,False,REGULAR,USD,put,2026-05-21,QQQ
QQQ260521P00683000,2026-05-20 20:13:12+00:00,683.0,0.11,0.08,0.11,-0.72999996,-86.904755,3731.0,1817,0.28516339843749994,False,REGULAR,USD,put,2026-05-21,QQQ
QQQ260521P00684000,2026-05-20 20:14:22+00:00,684.0,0.11,0.05,0.21,-0.88,-88.888885,1731.0,568,0.30811238769531246,False,REGULAR,USD,put,2026-05-21,QQQ
QQQ260521P00685000,2026-05-20 20:14:53+00:00,685.0,0.13,0.1,0.13,-0.96000004,-88.073395,10689.0,916,0.27539787109374997,False,REGULAR,USD,put,2026-05-21,QQQ
QQQ260521P00686000,2026-05-20 20:14:47+00:00,686.0,0.13,0.0,0.15,-1.0600001,-89.07563,1662.0,642,0.273444765625,False,REGULAR,USD,put,2026-05-21,QQQ
QQQ260521P00687000,2026-05-20 20:14:41+00:00,687.0,0.15,0.14,0.17,-1.21,-88.97059,1798.0,965,0.270515107421875,False,REGULAR,USD,put,2026-05-21,QQQ
QQQ260521P00688000,2026-05-20 20:14:48+00:00,688.0,0.18,0.04,0.18,-1.3,-87.83784,3378.0,1232,0.264655791015625,False,REGULAR,USD,put,2026-05-21,QQQ
QQQ260521P00689000,2026-05-20 20:13:29+00:00,689.0,0.22,0.19,0.22,-1.47,-86.98225,2131.0,1334,0.2651440673828125,False,REGULAR,USD,put,2026-05-21,QQQ
QQQ260521P00690000,2026-05-20 20:14:51+00:00,690.0,0.23,0.19,0.23,-1.61,-87.5,9706.0,3070,0.25830819824218754,False,REGULAR,USD,put,2026-05-21,QQQ
QQQ260521P00691000,2026-05-20 20:14:57+00:00,691.0,0.27,0.24,0.27,-1.8,-86.95653,4210.0,1642,0.256843369140625,False,REGULAR,USD,put,2026-05-21,QQQ
QQQ260521P00692000,2026-05-20 20:14:49+00:00,692.0,0.3,0.27,0.31,-1.99,-86.89957,3168.0,1319,0.2546461254882813,False,REGULAR,USD,put,2026-05-21,QQQ
QQQ260521P00693000,2026-05-20 20:14:45+00:00,693.0,0.36,0.34,0.36,-2.2199998,-86.04651,3559.0,737,0.252937158203125,False,REGULAR,USD,put,2026-05-21,QQQ
QQQ260521P00694000,2026-05-20 20:14:54+00:00,694.0,0.4,0.37,0.44,-2.4299998,-85.86572,4518.0,594,0.25440198730468755,False,REGULAR,USD,put,2026-05-21,QQQ
QQQ260521P00695000,2026-05-20 20:14:53+00:00,695.0,0.47,0.45,0.48,-2.66,-84.984024,13173.0,1303,0.24927508544921873,False,REGULAR,USD,put,2026-05-21,QQQ
QQQ260521P00696000,2026-05-20 20:14:47+00:00,696.0,0.56,0.52,0.56,-2.88,-83.72093,3626.0,769,0.24829853271484376,False,REGULAR,USD,put,2026-05-21,QQQ
QQQ260521P00697000,2026-05-20 20:14:43+00:00,697.0,0.64,0.55,0.64,-3.13,-83.02387,8637.0,857,0.2461012890625,False,REGULAR,USD,put,2026-05-21,QQQ
QQQ260521P00698000,2026-05-20 20:14:56+00:00,698.0,0.71,0.69,1.05,-3.42,-82.808716,7296.0,2912,0.2727123510742187,False,REGULAR,USD,put,2026-05-21,QQQ
QQQ260521P00699000,2026-05-20 20:14:55+00:00,699.0,0.83,0.8,0.91,-3.6399999,-81.43177,6034.0,1044,0.2485426708984375,False,REGULAR,USD,put,2026-05-21,QQQ
QQQ260521P00700000,2026-05-20 20:14:53+00:00,700.0,0.96,0.94,0.96,-3.9499998,-80.44806,23387.0,5807,0.24048611083984373,False,REGULAR,USD,put,2026-05-21,QQQ
QQQ260521P00701000,2026-05-20 20:14:59+00:00,701.0,1.07,1.0,1.11,-4.22,-79.773155,8275.0,1088,0.23975369628906246,False,REGULAR,USD,put,2026-05-21,QQQ
QQQ260521P00702000,2026-05-20 20:14:55+00:00,702.0,1.25,1.22,1.29,-4.55,-78.44828,13655.0,1151,0.23975369628906246,False,REGULAR,USD,put,2026-05-21,QQQ
QQQ260521P00703000,2026-05-20 20:14:37+00:00,703.0,1.44,1.39,1.7,-4.81,-76.96,8056.0,1254,0.2534254345703125,False,REGULAR,USD,put,2026-05-21,QQQ
QQQ260521P00704000,2026-05-20 20:14:41+00:00,704.0,1.65,1.59,1.82,-5.14,-75.69956,8664.0,1538,0.24634542724609376,False,REGULAR,USD,put,2026-05-21,QQQ
QQQ260521P00705000,2026-05-20 20:14:46+00:00,705.0,1.87,1.83,1.87,-5.88,-75.870964,21299.0,2604,0.2342605871582031,False,REGULAR,USD,put,2026-05-21,QQQ
QQQ260521P00706000,2026-05-20 20:14:38+00:00,706.0,2.11,2.06,2.09,-5.87,-73.5589,9813.0,944,0.231452998046875,False,REGULAR,USD,put,2026-05-21,QQQ
QQQ260521P00707000,2026-05-20 20:14:39+00:00,707.0,2.38,2.35,2.55,-6.2,-72.26107,8443.0,445,0.24036404174804685,False,REGULAR,USD,put,2026-05-21,QQQ
QQQ260521P00708000,2026-05-20 20:14:54+00:00,708.0,2.69,2.62,2.7,-7.03,-72.3251,10725.0,511,0.2309647216796875,False,REGULAR,USD,put,2026-05-21,QQQ
QQQ260521P00709000,2026-05-20 20:14:45+00:00,709.0,3.02,2.95,3.98,-7.0800004,-70.099014,12586.0,538,0.27722890747070306,False,REGULAR,USD,put,2026-05-21,QQQ
QQQ260521P00710000,2026-05-20 20:14:54+00:00,710.0,3.4,3.3,3.4,-7.69,-69.34175,19723.0,1090,0.22901161621093752,False,REGULAR,USD,put,2026-05-21,QQQ
QQQ260521P00711000,2026-05-20 20:14:44+00:00,711.0,3.82,3.5,4.0,-8.01,-67.70921,13044.0,416,0.23786162536621092,False,REGULAR,USD,put,2026-05-21,QQQ
QQQ260521P00712000,2026-05-20 20:14:56+00:00,712.0,4.22,2.95,4.26,-8.74,-67.43828,9150.0,202,0.22876747802734376,False,REGULAR,USD,put,2026-05-21,QQQ
QQQ260521P00713000,2026-05-20 20:14:53+00:00,713.0,4.76,4.0,5.0,-8.74,-64.74074,4235.0,375,0.24097438720703124,False,REGULAR,USD,put,2026-05-21,QQQ
QQQ260521P00714000,2026-05-20 20:14:38+00:00,714.0,5.23,4.36,5.37,-8.540001,-62.018887,3144.0,429,0.23413851806640623,True,REGULAR,USD,put,2026-05-21,QQQ
QQQ260521P00715000,2026-05-20 20:14:54+00:00,715.0,5.78,5.0,5.88,-8.07,-58.267147,2325.0,1208,0.23236851623535154,True,REGULAR,USD,put,2026-05-21,QQQ
QQQ260521P00716000,2026-05-20 20:14:22+00:00,716.0,6.34,5.08,8.16,-9.5199995,-60.02522,1200.0,458,0.3145820495605468,True,REGULAR,USD,put,2026-05-21,QQQ
QQQ260521P00717000,2026-05-20 20:14:31+00:00,717.0,6.99,5.71,7.72,-9.67,-58.043217,778.0,148,0.26453372192382807,True,REGULAR,USD,put,2026-05-21,QQQ
QQQ260521P00718000,2026-05-20 20:06:57+00:00,718.0,7.54,6.41,9.54,-8.94,-54.24757,1028.0,1780,0.3238593005371093,True,REGULAR,USD,put,2026-05-21,QQQ
QQQ260521P00719000,2026-05-20 20:04:03+00:00,719.0,8.46,6.42,10.16,-9.47,-52.81651,251.0,316,0.32349309326171866,True,REGULAR,USD,put,2026-05-21,QQQ
QQQ260521P00720000,2026-05-20 20:01:45+00:00,720.0,8.79,8.15,10.81,-10.11,-53.49206,542.0,406,0.3236151623535155,True,REGULAR,USD,put,2026-05-21,QQQ
QQQ260521P00721000,2026-05-20 19:51:28+00:00,721.0,9.96,7.86,11.61,-10.45,-51.200394,132.0,189,0.3303289624023437,True,REGULAR,USD,put,2026-05-21,QQQ
QQQ260521P00722000,2026-05-20 19:54:40+00:00,722.0,10.45,9.37,12.38,-10.500001,-50.119335,109.0,66,0.33484551879882807,True,REGULAR,USD,put,2026-05-21,QQQ
QQQ260521P00723000,2026-05-20 20:14:50+00:00,723.0,11.42,9.5,13.18,-9.719999,-45.979183,71.0,109,0.34003345520019534,True,REGULAR,USD,put,2026-05-21,QQQ
QQQ260521P00724000,2026-05-20 19:47:31+00:00,724.0,12.25,10.33,14.42,-9.24,-42.996742,31.0,31,0.36890279541015625,True,REGULAR,USD,put,2026-05-21,QQQ
QQQ260521P00725000,2026-05-20 19:53:01+00:00,725.0,12.61,11.25,15.28,-7.3599997,-36.85528,113.0,135,0.3765931481933594,True,REGULAR,USD,put,2026-05-21,QQQ
QQQ260521P00726000,2026-05-20 19:52:10+00:00,726.0,14.13,12.14,16.23,-15.820001,-52.821373,43.0,9,0.38892212646484375,True,REGULAR,USD,put,2026-05-21,QQQ
QQQ260521P00727000,2026-05-20 15:55:17+00:00,727.0,15.62,13.01,17.14,-10.28,-39.69112,22.0,9,0.39856558471679693,True,REGULAR,USD,put,2026-05-21,QQQ
QQQ260521P00728000,2026-05-20 19:52:10+00:00,728.0,15.99,14.03,18.09,-7.83,-32.871536,19.0,20,0.41022318298339844,True,REGULAR,USD,put,2026-05-21,QQQ
QQQ260521P00729000,2026-05-20 15:55:17+00:00,729.0,17.46,14.91,19.03,-2.6800003,-13.306854,18.0,1,0.42090422851562503,True,REGULAR,USD,put,2026-05-21,QQQ
QQQ260521P00730000,2026-05-20 19:09:38+00:00,730.0,18.92,15.91,19.98,-9.25,-32.83635,2331.0,619,0.43201251586914063,True,REGULAR,USD,put,2026-05-21,QQQ
QQQ260521P00731000,2026-05-18 15:20:36+00:00,731.0,20.19,16.93,20.91,-7.33,-26.635174,1.0,0,0.4415339050292969,True,REGULAR,USD,put,2026-05-21,QQQ
QQQ260521P00732000,2026-05-18 18:49:42+00:00,732.0,20.56,17.91,21.87,-12.160002,-37.16382,5.0,0,0.45264219238281256,True,REGULAR,USD,put,2026-05-21,QQQ
QQQ260521P00733000,2026-05-18 14:27:54+00:00,733.0,25.36,18.9,22.86,0.0,0.0,1.0,0,0.46545944702148445,True,REGULAR,USD,put,2026-05-21,QQQ
QQQ260521P00734000,2026-05-15 19:30:21+00:00,734.0,24.02,19.89,23.84,0.0,0.0,10.0,0,0.4774222180175781,True,REGULAR,USD,put,2026-05-21,QQQ
QQQ260521P00735000,2026-05-20 15:51:14+00:00,735.0,24.3,22.39,24.89,-2.4099998,-9.022838,40.0,0,0.4939015454101563,True,REGULAR,USD,put,2026-05-21,QQQ
QQQ260521P00736000,2026-05-20 16:20:47+00:00,736.0,26.62,21.89,25.84,0.710001,2.7402585,11.0,0,0.5035450036621094,True,REGULAR,USD,put,2026-05-21,QQQ
QQQ260521P00737000,2026-05-15 19:57:21+00:00,737.0,28.25,22.89,26.82,0.0,0.0,6.0,0,0.5151415673828125,True,REGULAR,USD,put,2026-05-21,QQQ
QQQ260521P00738000,2026-05-15 19:30:04+00:00,738.0,27.95,23.88,27.83,0.0,0.0,6.0,0,0.5285691674804689,True,REGULAR,USD,put,2026-05-21,QQQ
QQQ260521P00739000,2026-05-15 15:10:30+00:00,739.0,28.45,24.88,28.82,0.0,0.0,5.0,0,0.5405319384765627,True,REGULAR,USD,put,2026-05-21,QQQ
QQQ260521P00740000,2026-05-20 20:14:50+00:00,740.0,27.79,25.88,29.87,-1.9099998,-6.430976,11.0,0,0.5565229895019532,True,REGULAR,USD,put,2026-05-21,QQQ
QQQ260521P00741000,2026-05-15 18:10:23+00:00,741.0,26.74,26.58,30.82,0.0,0.0,6.0,0,0.5654340332031251,True,REGULAR,USD,put,2026-05-21,QQQ
QQQ260521P00745000,2026-05-20 14:29:22+00:00,745.0,36.31,30.63,34.83,5.4000015,17.470078,4.0,0,0.6148720153808593,True,REGULAR,USD,put,2026-05-21,QQQ
QQQ260521P00750000,2026-05-20 16:09:28+00:00,750.0,39.1,35.64,39.86,-5.6500015,-12.625701,8.0,0,0.6761506994628907,True,REGULAR,USD,put,2026-05-21,QQQ
QQQ260522C00300000,2026-05-01 14:07:45+00:00,300.0,376.0,410.28,414.5,0.0,0.0,2.0,3,4.621097973632812,True,REGULAR,USD,call,2026-05-22,QQQ
QQQ260522C00350000,2026-04-30 19:11:46+00:00,350.0,318.51,360.29,364.52,0.0,0.0,1.0,0,3.8740237524414063,True,REGULAR,USD,call,2026-05-22,QQQ
QQQ260522C00370000,2026-05-13 16:48:36+00:00,370.0,343.77,340.31,344.53,0.0,0.0,1.0,1,3.604493176269531,True,REGULAR,USD,call,2026-05-22,QQQ
QQQ260522C00400000,2026-05-18 14:52:54+00:00,400.0,305.78,310.32,314.55,0.0,0.0,1.0,10,3.2265644335937496,True,REGULAR,USD,call,2026-05-22,QQQ
QQQ260522C00405000,2026-04-30 16:26:25+00:00,405.0,259.5,305.34,309.55,0.0,0.0,1.0,1,3.1650411499023434,True,REGULAR,USD,call,2026-05-22,QQQ
QQQ260522C00430000,2026-05-19 13:47:52+00:00,430.0,272.81,280.34,284.55,0.0,0.0,1.0,1,2.86719033203125,True,REGULAR,USD,call,2026-05-22,QQQ
QQQ260522C00435000,2026-05-18 19:15:02+00:00,435.0,267.75,275.35,279.57,0.0,0.0,12.0,12,2.815432648925781,True,REGULAR,USD,call,2026-05-22,QQQ
QQQ260522C00440000,2026-05-19 13:51:07+00:00,440.0,262.45,270.36,274.57,0.0,0.0,1.0,2,2.7587921655273435,True,REGULAR,USD,call,2026-05-22,QQQ
QQQ260522C00445000,2026-05-15 16:19:33+00:00,445.0,265.28,265.37,269.57,0.0,0.0,1.0,1,2.702151682128906,True,REGULAR,USD,call,2026-05-22,QQQ
QQQ260522C00450000,2026-05-20 20:12:25+00:00,450.0,260.41,260.35,264.58,-1.1300049,-0.43205813,2.0,98,2.6489291589355473,True,REGULAR,USD,call,2026-05-22,QQQ
QQQ260522C00460000,2026-05-19 17:20:46+00:00,460.0,245.84,250.38,254.58,0.0,0.0,2.0,6,2.5380895922851563,True,REGULAR,USD,call,2026-05-22,QQQ
QQQ260522C00470000,2026-05-15 13:43:38+00:00,470.0,238.34,240.38,244.59,0.0,0.0,5.0,5,2.432621105957031,True,REGULAR,USD,call,2026-05-22,QQQ
QQQ260522C00480000,2026-05-15 17:35:32+00:00,480.0,234.18,230.38,234.58,0.0,0.0,1.0,4,2.323246379394531,True,REGULAR,USD,call,2026-05-22,QQQ
QQQ260522C00485000,2026-05-15 19:50:46+00:00,485.0,225.41,225.37,229.6,0.0,0.0,7.0,9,2.275883216552734,True,REGULAR,USD,call,2026-05-22,QQQ
QQQ260522C00490000,2026-05-19 18:53:30+00:00,490.0,214.82,220.39,224.6,0.0,0.0,,0,2.2236372534179685,True,REGULAR,USD,call,2026-05-22,QQQ
QQQ260522C00495000,2026-05-18 19:01:31+00:00,495.0,208.4,215.39,219.57,0.0,0.0,1.0,3,2.16406708984375,True,REGULAR,USD,call,2026-05-22,QQQ
QQQ260522C00500000,2026-05-19 19:38:43+00:00,500.0,202.7,210.38,214.6,0.0,0.0,15.0,181,2.1206101672363276,True,REGULAR,USD,call,2026-05-22,QQQ
QQQ260522C00505000,2026-04-17 15:46:06+00:00,505.0,146.05,205.4,209.61,0.0,0.0,1.0,1,2.0722704443359374,True,REGULAR,USD,call,2026-05-22,QQQ
QQQ260522C00510000,2026-04-17 15:10:37+00:00,510.0,141.7,200.41,204.61,0.0,0.0,1.0,49,2.021489321289063,True,REGULAR,USD,call,2026-05-22,QQQ
QQQ260522C00515000,2026-05-15 19:47:23+00:00,515.0,195.76,195.39,199.6,0.0,0.0,1.0,48,1.96875015625,True,REGULAR,USD,call,2026-05-22,QQQ
QQQ260522C00520000,2026-05-18 15:37:40+00:00,520.0,184.47,190.41,194.62,0.0,0.0,6.0,111,1.9238285058593751,True,REGULAR,USD,call,2026-05-22,QQQ
QQQ260522C00521000,2026-05-07 13:30:05+00:00,521.0,176.54,189.41,193.61,0.0,0.0,,1,1.9111332568359378,True,REGULAR,USD,call,2026-05-22,QQQ
QQQ260522C00523000,2026-05-08 14:09:45+00:00,523.0,183.14,187.41,191.62,0.0,0.0,,1,1.8937993591308593,True,REGULAR,USD,call,2026-05-22,QQQ
QQQ260522C00525000,2026-05-18 14:11:02+00:00,525.0,184.59,185.41,189.6,0.0,0.0,29.0,31,1.8693854187011718,True,REGULAR,USD,call,2026-05-22,QQQ
QQQ260522C00528000,2026-05-08 14:09:45+00:00,528.0,178.16,182.41,186.62,0.0,0.0,,1,1.8442390600585936,True,REGULAR,USD,call,2026-05-22,QQQ
QQQ260522C00530000,2026-05-01 20:01:46+00:00,530.0,145.35,180.4,184.62,0.0,0.0,2.0,12,1.8247079077148438,True,REGULAR,USD,call,2026-05-22,QQQ
QQQ260522C00533000,2026-05-15 19:05:18+00:00,533.0,179.21,177.43,181.62,0.0,0.0,2.0,2,1.7954111791992187,True,REGULAR,USD,call,2026-05-22,QQQ
QQQ260522C00534000,2026-05-12 15:14:19+00:00,534.0,169.53,176.42,180.62,0.0,0.0,,2,1.7856456030273438,True,REGULAR,USD,call,2026-05-22,QQQ
QQQ260522C00535000,2026-05-19 19:54:05+00:00,535.0,164.88,175.42,179.62,0.0,0.0,1.0,11,1.7758800268554684,True,REGULAR,USD,call,2026-05-22,QQQ
QQQ260522C00540000,2026-05-19 19:54:05+00:00,540.0,159.9,170.41,174.63,0.0,0.0,60.0,71,1.7294935400390625,True,REGULAR,USD,call,2026-05-22,QQQ
QQQ260522C00545000,2026-05-19 17:47:20+00:00,545.0,159.95,165.41,169.63,0.0,0.0,1.0,11,1.6811539379882814,True,REGULAR,USD,call,2026-05-22,QQQ
QQQ260522C00550000,2026-05-18 19:01:25+00:00,550.0,150.75,160.4,164.63,0.0,0.0,6.0,13,1.6330584753417967,True,REGULAR,USD,call,2026-05-22,QQQ
QQQ260522C00555000,2026-05-18 15:02:32+00:00,555.0,150.23,155.46,159.64,0.0,0.0,250.0,131,1.587404406738281,True,REGULAR,USD,call,2026-05-22,QQQ
QQQ260522C00556000,2026-04-06 18:11:25+00:00,556.0,43.72,0.0,0.0,0.0,0.0,,0,1.0000000000000003e-05,True,REGULAR,USD,call,2026-05-22,QQQ
QQQ260522C00557000,2026-04-06 18:04:44+00:00,557.0,41.98,0.0,0.0,0.0,0.0,,0,1.0000000000000003e-05,True,REGULAR,USD,call,2026-05-22,QQQ
QQQ260522C00558000,2026-04-23 17:52:55+00:00,558.0,92.09,152.43,156.64,0.0,0.0,1.0,4,1.5585959570312498,True,REGULAR,USD,call,2026-05-22,QQQ
QQQ260522C00559000,2026-04-28 18:34:23+00:00,559.0,100.79,151.43,155.63,0.0,0.0,1.0,1,1.5473655444335934,True,REGULAR,USD,call,2026-05-22,QQQ
QQQ260522C00560000,2026-05-19 19:28:04+00:00,560.0,143.39,150.42,154.45,0.0,0.0,8.0,70,1.5009790576171875,True,REGULAR,USD,call,2026-05-22,QQQ
QQQ260522C00561000,2026-04-13 13:47:45+00:00,561.0,54.74,144.2,148.47,0.0,0.0,,2,1.0000000000000003e-05,True,REGULAR,USD,call,2026-05-22,QQQ
QQQ260522C00562000,2026-05-06 14:54:04+00:00,562.0,130.75,148.42,152.64,0.0,0.0,1.0,13,1.5209984887695311,True,REGULAR,USD,call,2026-05-22,QQQ
QQQ260522C00563000,2026-04-06 18:04:41+00:00,563.0,37.42,0.0,0.0,0.0,0.0,,0,1.0000000000000003e-05,True,REGULAR,USD,call,2026-05-22,QQQ
QQQ260522C00565000,2026-05-19 13:36:44+00:00,565.0,139.74,145.42,149.64,0.0,0.0,2.0,11,1.4924341784667967,True,REGULAR,USD,call,2026-05-22,QQQ
QQQ260522C00566000,2026-05-15 15:35:45+00:00,566.0,146.13,144.45,148.64,0.0,0.0,1.0,3,1.4829127416992187,True,REGULAR,USD,call,2026-05-22,QQQ
QQQ260522C00567000,2026-05-13 17:58:58+00:00,567.0,148.0,143.45,147.64,0.0,0.0,2.0,0,1.4736354443359376,True,REGULAR,USD,call,2026-05-22,QQQ
QQQ260522C00568000,2026-05-18 16:12:59+00:00,568.0,136.16,142.42,146.65,0.0,0.0,13.0,11,1.4660671228027344,True,REGULAR,USD,call,2026-05-22,QQQ
QQQ260522C00569000,2026-05-15 15:39:30+00:00,569.0,143.37,141.45,145.65,0.0,0.0,1.0,4,1.456545686035156,True,REGULAR,USD,call,2026-05-22,QQQ
QQQ260522C00570000,2026-05-20 17:44:30+00:00,570.0,141.17,140.44,144.46,12.649994,9.842821,5.0,105,1.410647478027344,True,REGULAR,USD,call,2026-05-22,QQQ
QQQ260522C00571000,2026-05-15 14:37:54+00:00,571.0,140.98,139.45,143.64,0.0,0.0,1.0,1,1.4360379760742186,True,REGULAR,USD,call,2026-05-22,QQQ
QQQ260522C00572000,2026-05-20 20:14:37+00:00,572.0,138.5,138.44,142.64,-9.100006,-6.1653156,99.0,111,1.4267606787109375,True,REGULAR,USD,call,2026-05-22,QQQ
QQQ260522C00573000,2026-05-13 16:37:17+00:00,573.0,142.17,137.42,141.65,0.0,0.0,1.0,36,1.4191923571777343,True,REGULAR,USD,call,2026-05-22,QQQ
QQQ260522C00574000,2026-05-15 19:29:42+00:00,574.0,136.91,136.43,140.65,0.0,0.0,3.0,10,1.4096709204101563,True,REGULAR,USD,call,2026-05-22,QQQ
QQQ260522C00575000,2026-05-20 17:34:19+00:00,575.0,135.74,135.44,139.64,9.840004,7.8157296,5.0,124,1.3986846472167969,True,REGULAR,USD,call,2026-05-22,QQQ
QQQ260522C00576000,2026-05-15 19:48:23+00:00,576.0,134.88,134.48,138.64,0.0,0.0,1.0,5,1.3891632104492184,True,REGULAR,USD,call,2026-05-22,QQQ
QQQ260522C00577000,2026-04-28 14:04:35+00:00,577.0,84.14,133.43,137.64,0.0,0.0,1.0,32,1.3798859130859373,True,REGULAR,USD,call,2026-05-22,QQQ
QQQ260522C00578000,2026-05-20 17:26:20+00:00,578.0,131.73,132.43,136.65,-5.080002,-3.7131803,1.0,25,1.372561730957031,True,REGULAR,USD,call,2026-05-22,QQQ
QQQ260522C00579000,2026-05-14 19:05:30+00:00,579.0,142.28,131.45,135.63,0.0,0.0,2.0,83,1.359378203125,True,REGULAR,USD,call,2026-05-22,QQQ
QQQ260522C00580000,2026-05-20 16:45:38+00:00,580.0,130.53,130.43,134.46,11.349998,9.523409,6.0,213,1.3188510620117184,True,REGULAR,USD,call,2026-05-22,QQQ
QQQ260522C00581000,2026-05-13 13:35:53+00:00,581.0,128.71,129.43,133.65,0.0,0.0,2.0,34,1.3444856994628904,True,REGULAR,USD,call,2026-05-22,QQQ
QQQ260522C00582000,2026-05-18 17:21:09+00:00,582.0,121.63,128.43,132.65,0.0,0.0,3.0,25,1.335208402099609,True,REGULAR,USD,call,2026-05-22,QQQ
QQQ260522C00583000,2026-05-18 16:13:41+00:00,583.0,121.14,127.43,131.66,0.0,0.0,10.0,28,1.3276400805664061,True,REGULAR,USD,call,2026-05-22,QQQ
QQQ260522C00584000,2026-05-08 16:47:29+00:00,584.0,124.97,126.47,130.71,0.0,0.0,1.0,7,1.3271518017578123,True,REGULAR,USD,call,2026-05-22,QQQ
QQQ260522C00585000,2026-05-19 19:51:45+00:00,585.0,116.91,125.43,129.71,0.0,0.0,33.0,71,1.3176303649902343,True,REGULAR,USD,call,2026-05-22,QQQ
QQQ260522C00586000,2026-05-11 18:23:46+00:00,586.0,125.66,124.48,128.66,-3.4299927,-2.6570554,1.0,34,1.2998081884765622,True,REGULAR,USD,call,2026-05-22,QQQ
QQQ260522C00587000,2026-05-20 19:36:20+00:00,587.0,125.63,123.43,127.66,1.7900009,1.4454142,2.0,46,1.2905308911132813,True,REGULAR,USD,call,2026-05-22,QQQ
QQQ260522C00588000,2026-05-20 19:36:20+00:00,588.0,124.61,122.44,126.65,2.9400024,2.4163742,2.0,85,1.2795446179199215,True,REGULAR,USD,call,2026-05-22,QQQ
QQQ260522C00589000,2026-05-14 14:06:43+00:00,589.0,129.26,121.44,125.65,0.0,0.0,3.0,67,1.2705114599609373,True,REGULAR,USD,call,2026-05-22,QQQ
QQQ260522C00590000,2026-05-20 17:37:03+00:00,590.0,121.4,120.44,124.47,9.489998,8.480026,2.0,171,1.2297401794433593,True,REGULAR,USD,call,2026-05-22,QQQ
QQQ260522C00591000,2026-05-14 14:50:16+00:00,591.0,130.0,119.46,123.65,0.0,0.0,3.0,87,1.2519568652343749,True,REGULAR,USD,call,2026-05-22,QQQ
QQQ260522C00592000,2026-05-18 14:33:13+00:00,592.0,113.71,118.46,122.66,0.0,0.0,1.0,54,1.2443885437011715,True,REGULAR,USD,call,2026-05-22,QQQ
QQQ260522C00593000,2026-05-19 13:45:12+00:00,593.0,109.05,117.46,121.66,0.0,0.0,1.0,22,1.2351112463378904,True,REGULAR,USD,call,2026-05-22,QQQ
QQQ260522C00594000,2026-05-18 19:21:36+00:00,594.0,108.16,116.46,120.66,0.0,0.0,2.0,113,1.2258339489746093,True,REGULAR,USD,call,2026-05-22,QQQ
QQQ260522C00595000,2026-05-15 19:03:19+00:00,595.0,113.88,115.46,119.66,-4.080002,-3.4588013,3.0,189,1.2168007910156249,True,REGULAR,USD,call,2026-05-22,QQQ
QQQ260522C00596000,2026-05-20 15:22:37+00:00,596.0,115.7,114.46,118.72,9.719994,9.1715355,2.0,20,1.2172890698242185,True,REGULAR,USD,call,2026-05-22,QQQ
QQQ260522C00597000,2026-05-20 15:55:29+00:00,597.0,115.12,113.44,117.72,1.1200027,0.98245853,2.0,25,1.2080117724609374,True,REGULAR,USD,call,2026-05-22,QQQ
QQQ260522C00598000,2026-05-15 13:37:03+00:00,598.0,111.38,112.44,116.66,0.0,0.0,35.0,47,1.1889688989257814,True,REGULAR,USD,call,2026-05-22,QQQ
QQQ260522C00599000,2026-05-20 15:55:29+00:00,599.0,113.11,111.43,115.67,14.870003,15.136403,2.0,128,1.1816447167968749,True,REGULAR,USD,call,2026-05-22,QQQ
QQQ260522C00600000,2026-05-20 19:04:30+00:00,600.0,112.0,110.45,114.45,9.089996,8.832957,7.0,236,1.1357465087890626,True,REGULAR,USD,call,2026-05-22,QQQ
QQQ260522C00601000,2026-05-18 14:53:34+00:00,601.0,104.8,109.45,113.66,0.0,0.0,2.0,72,1.1616252856445315,True,REGULAR,USD,call,2026-05-22,QQQ
QQQ260522C00602000,2026-05-18 20:12:03+00:00,602.0,103.74,108.45,112.66,0.0,0.0,2.0,30,1.15234798828125,True,REGULAR,USD,call,2026-05-22,QQQ
QQQ260522C00603000,2026-05-18 17:07:12+00:00,603.0,101.23,107.47,111.67,0.0,0.0,5.0,93,1.1447796667480468,True,REGULAR,USD,call,2026-05-22,QQQ
QQQ260522C00604000,2026-05-15 19:47:44+00:00,604.0,107.06,106.47,110.67,0.0,0.0,2.0,25,1.1355023693847657,True,REGULAR,USD,call,2026-05-22,QQQ
QQQ260522C00605000,2026-05-20 20:02:59+00:00,605.0,107.86,105.5,109.66,3.3600006,3.2153115,5.0,192,1.125004375,True,REGULAR,USD,call,2026-05-22,QQQ
QQQ260522C00606000,2026-05-20 19:16:31+00:00,606.0,106.0,104.49,108.67,12.160004,12.958231,2.0,60,1.1171919140625,True,REGULAR,USD,call,2026-05-22,QQQ
QQQ260522C00607000,2026-05-15 19:52:03+00:00,607.0,103.68,103.47,107.73,0.0,0.0,7.0,102,1.1171919140625,True,REGULAR,USD,call,2026-05-22,QQQ
QQQ260522C00608000,2026-05-18 17:06:31+00:00,608.0,96.23,102.46,106.73,0.0,0.0,4.0,172,1.1079146166992189,True,REGULAR,USD,call,2026-05-22,QQQ
QQQ260522C00609000,2026-05-20 15:06:10+00:00,609.0,100.81,101.46,105.67,5.579994,5.8594913,1.0,74,1.08984830078125,True,REGULAR,USD,call,2026-05-22,QQQ
QQQ260522C00610000,2026-05-20 18:56:51+00:00,610.0,101.2,100.46,104.49,7.7899933,8.339571,6.0,435,1.052739111328125,True,REGULAR,USD,call,2026-05-22,QQQ
QQQ260522C00611000,2026-05-18 17:28:31+00:00,611.0,92.44,99.49,103.67,0.0,0.0,5.0,84,1.0715378454589848,True,REGULAR,USD,call,2026-05-22,QQQ
QQQ260522C00612000,2026-05-19 19:56:14+00:00,612.0,89.08,98.46,102.66,0.0,0.0,4.0,250,1.0610398510742187,True,REGULAR,USD,call,2026-05-22,QQQ
QQQ260522C00613000,2026-05-18 17:05:33+00:00,613.0,90.69,97.47,101.67,0.0,0.0,2.0,101,1.0532273901367186,True,REGULAR,USD,call,2026-05-22,QQQ
QQQ260522C00614000,2026-05-18 17:05:33+00:00,614.0,94.1,96.47,100.67,4.409996,4.9169316,2.0,126,1.0441942321777344,True,REGULAR,USD,call,2026-05-22,QQQ
QQQ260522C00615000,2026-05-20 14:51:49+00:00,615.0,94.02,95.48,99.68,7.0699997,8.13111,10.0,267,1.0363817712402348,True,REGULAR,USD,call,2026-05-22,QQQ
QQQ260522C00616000,2026-05-19 15:31:18+00:00,616.0,82.9,94.48,98.74,0.0,0.0,2.0,45,1.035893492431641,True,REGULAR,USD,call,2026-05-22,QQQ
QQQ260522C00617000,2026-05-18 17:06:48+00:00,617.0,87.26,93.47,97.74,0.0,0.0,3.0,47,1.0266161950683594,True,REGULAR,USD,call,2026-05-22,QQQ
QQQ260522C00618000,2026-05-18 15:02:06+00:00,618.0,87.9,92.48,96.69,0.0,0.0,1.0,108,1.0105029943847654,True,REGULAR,USD,call,2026-05-22,QQQ
QQQ260522C00619000,2026-05-19 18:59:13+00:00,619.0,85.55,91.47,94.15,0.0,0.0,4.0,51,0.2500075,True,REGULAR,USD,call,2026-05-22,QQQ
QQQ260522C00620000,2026-05-20 20:13:18+00:00,620.0,92.48,90.48,94.5,10.530006,12.849306,5.0,1593,0.9648441015625,True,REGULAR,USD,call,2026-05-22,QQQ
QQQ260522C00621000,2026-05-18 19:23:38+00:00,621.0,81.28,89.47,93.69,0.0,0.0,123.0,27,0.9831544653320312,True,REGULAR,USD,call,2026-05-22,QQQ
QQQ260522C00622000,2026-05-11 14:14:29+00:00,622.0,91.7,88.52,92.68,0.0,0.0,3.0,39,0.9726565234375,True,REGULAR,USD,call,2026-05-22,QQQ
QQQ260522C00623000,2026-05-08 17:33:05+00:00,623.0,88.58,87.48,91.69,0.0,0.0,23.0,50,0.9648441015625,True,REGULAR,USD,call,2026-05-22,QQQ
QQQ260522C00624000,2026-05-19 13:37:43+00:00,624.0,81.62,86.48,90.75,0.0,0.0,1.0,70,0.963867548828125,True,REGULAR,USD,call,2026-05-22,QQQ
QQQ260522C00625000,2026-05-20 20:13:18+00:00,625.0,87.48,85.52,89.68,9.18,11.724137,10.0,717,0.945313046875,True,REGULAR,USD,call,2026-05-22,QQQ
QQQ260522C00626000,2026-05-20 19:47:32+00:00,626.0,86.5,84.48,88.7,8.830002,11.368613,3.0,99,0.9387213159179688,True,REGULAR,USD,call,2026-05-22,QQQ
QQQ260522C00627000,2026-05-20 16:04:12+00:00,627.0,84.62,83.48,87.69,7.040001,9.074505,1.0,41,0.9282233740234375,True,REGULAR,USD,call,2026-05-22,QQQ
QQQ260522C00628000,2026-05-20 14:28:07+00:00,628.0,80.13,82.48,86.69,10.989998,15.895282,1.0,87,0.9191902612304688,True,REGULAR,USD,call,2026-05-22,QQQ
QQQ260522C00629000,2026-05-19 17:26:35+00:00,629.0,77.3,81.48,85.7,0.0,0.0,6.0,223,0.9113778393554688,True,REGULAR,USD,call,2026-05-22,QQQ
QQQ260522C00630000,2026-05-20 19:52:42+00:00,630.0,82.44,80.48,84.52,10.639999,14.818941,16.0,732,0.877930908203125,True,REGULAR,USD,call,2026-05-22,QQQ
QQQ260522C00631000,2026-05-20 19:34:11+00:00,631.0,81.72,79.49,83.48,11.720001,16.742859,4.0,155,0.8635267553710937,True,REGULAR,USD,call,2026-05-22,QQQ
QQQ260522C00632000,2026-05-18 17:11:53+00:00,632.0,72.51,78.49,82.5,0.0,0.0,5.0,563,0.85742330078125,True,REGULAR,USD,call,2026-05-22,QQQ
QQQ260522C00633000,2026-05-19 16:32:36+00:00,633.0,69.14,77.5,81.48,0.0,0.0,1.0,137,0.8457046679687499,True,REGULAR,USD,call,2026-05-22,QQQ
QQQ260522C00634000,2026-05-20 19:08:53+00:00,634.0,77.44,76.48,80.49,9.68,14.285714,26.0,128,0.8381363842773437,True,REGULAR,USD,call,2026-05-22,QQQ
QQQ260522C00635000,2026-05-20 15:29:42+00:00,635.0,75.52,75.51,79.69,7.409996,10.879455,16.0,394,0.8552260571289063,True,REGULAR,USD,call,2026-05-22,QQQ
QQQ260522C00636000,2026-05-19 20:07:45+00:00,636.0,65.77,74.5,78.49,0.0,0.0,1.0,121,0.8203142968749999,True,REGULAR,USD,call,2026-05-22,QQQ
QQQ260522C00637000,2026-05-19 14:21:20+00:00,637.0,59.65,73.5,77.49,0.0,0.0,1.0,146,0.8112811840820311,True,REGULAR,USD,call,2026-05-22,QQQ
QQQ260522C00638000,2026-05-18 14:31:44+00:00,638.0,69.31,72.5,76.53,0.0,0.0,2.0,117,0.807619111328125,True,REGULAR,USD,call,2026-05-22,QQQ
QQQ260522C00639000,2026-05-19 17:13:39+00:00,639.0,66.85,71.5,75.53,0.0,0.0,10.0,76,0.7985859985351562,True,REGULAR,USD,call,2026-05-22,QQQ
QQQ260522C00640000,2026-05-20 19:55:52+00:00,640.0,74.67,70.5,74.54,10.580002,16.50804,8.0,922,0.79101771484375,True,REGULAR,USD,call,2026-05-22,QQQ
QQQ260522C00641000,2026-05-19 15:06:02+00:00,641.0,58.0,69.51,73.54,0.0,0.0,3.0,183,0.7819846020507812,True,REGULAR,USD,call,2026-05-22,QQQ
QQQ260522C00642000,2026-05-15 19:51:31+00:00,642.0,69.15,68.5,72.54,0.0,0.0,13.0,182,0.7729514892578125,True,REGULAR,USD,call,2026-05-22,QQQ
QQQ260522C00643000,2026-05-20 19:37:24+00:00,643.0,68.45,67.51,71.54,12.839996,23.089365,5.0,109,0.7639183764648438,True,REGULAR,USD,call,2026-05-22,QQQ
QQQ260522C00644000,2026-05-19 17:44:27+00:00,644.0,62.5,66.5,70.55,0.0,0.0,32.0,141,0.7561059545898439,True,REGULAR,USD,call,2026-05-22,QQQ
QQQ260522C00645000,2026-05-20 16:47:06+00:00,645.0,65.72,65.51,69.73,7.470001,12.824037,11.0,2060,0.7685570019531252,True,REGULAR,USD,call,2026-05-22,QQQ
QQQ260522C00646000,2026-05-20 17:48:46+00:00,646.0,65.2,64.52,68.55,7.8099976,13.608639,5.0,218,0.7380397290039062,True,REGULAR,USD,call,2026-05-22,QQQ
QQQ260522C00647000,2026-05-20 18:33:42+00:00,647.0,64.1,63.51,67.55,5.5099983,9.404332,29.0,959,0.7290066162109375,True,REGULAR,USD,call,2026-05-22,QQQ
QQQ260522C00648000,2026-05-20 17:10:14+00:00,648.0,61.6,62.53,66.55,-1.6800003,-2.654868,15.0,431,0.7199735034179688,True,REGULAR,USD,call,2026-05-22,QQQ
QQQ260522C00649000,2026-05-18 16:14:06+00:00,649.0,55.86,61.53,65.56,0.0,0.0,1.0,244,0.7121610815429689,True,REGULAR,USD,call,2026-05-22,QQQ
QQQ260522C00650000,2026-05-20 19:55:52+00:00,650.0,64.67,60.54,64.74,10.57,19.537893,60.0,1099,0.7236355761718749,True,REGULAR,USD,call,2026-05-22,QQQ
QQQ260522C00651000,2026-05-20 18:05:00+00:00,651.0,60.46,59.53,63.56,14.309998,31.007578,21.0,305,0.6940948559570312,True,REGULAR,USD,call,2026-05-22,QQQ
QQQ260522C00652000,2026-05-20 18:09:11+00:00,652.0,59.71,58.53,62.75,8.43,16.439157,18.0,138,0.7063017651367188,True,REGULAR,USD,call,2026-05-22,QQQ
QQQ260522C00653000,2026-05-19 18:49:21+00:00,653.0,51.35,57.52,61.74,0.0,0.0,14.0,285,0.6958038232421876,True,REGULAR,USD,call,2026-05-22,QQQ
QQQ260522C00654000,2026-05-18 18:41:10+00:00,654.0,47.1,56.53,60.75,0.0,0.0,10.0,239,0.6877472631835939,True,REGULAR,USD,call,2026-05-22,QQQ
QQQ260522C00655000,2026-05-20 18:34:31+00:00,655.0,56.32,55.52,59.75,7.619999,15.646814,32.0,1671,0.6784700122070313,True,REGULAR,USD,call,2026-05-22,QQQ
QQQ260522C00656000,2026-05-19 14:16:30+00:00,656.0,52.0,54.56,58.76,10.099998,24.10501,1.0,307,0.6701693139648439,True,REGULAR,USD,call,2026-05-22,QQQ
QQQ260522C00657000,2026-05-20 19:34:01+00:00,657.0,55.38,53.54,57.73,11.93,27.456846,21.0,312,0.6577182666015625,True,REGULAR,USD,call,2026-05-22,QQQ
QQQ260522C00658000,2026-05-20 19:14:03+00:00,658.0,53.77,52.55,56.77,6.8100014,14.501706,6.0,450,0.6525913647460939,True,REGULAR,USD,call,2026-05-22,QQQ
QQQ260522C00659000,2026-05-20 19:27:07+00:00,659.0,52.97,51.56,55.77,-0.13999939,-0.26360267,1.0,240,0.6431920446777344,True,REGULAR,USD,call,2026-05-22,QQQ
QQQ260522C00660000,2026-05-20 18:39:22+00:00,660.0,52.22,50.55,54.76,5.950001,12.859305,31.0,2127,0.632816171875,True,REGULAR,USD,call,2026-05-22,QQQ
QQQ260522C00661000,2026-05-20 19:28:11+00:00,661.0,51.06,49.56,53.83,12.710003,33.14212,8.0,240,0.6303747900390625,True,REGULAR,USD,call,2026-05-22,QQQ
QQQ260522C00662000,2026-05-19 15:17:07+00:00,662.0,43.59,48.56,52.78,5.540001,14.559793,1.0,332,0.6160927062988282,True,REGULAR,USD,call,2026-05-22,QQQ
QQQ260522C00663000,2026-05-20 19:46:17+00:00,663.0,49.5,47.57,51.9,13.360001,36.96735,36.0,788,0.6181678808593751,True,REGULAR,USD,call,2026-05-22,QQQ
QQQ260522C00664000,2026-05-20 13:39:12+00:00,664.0,44.16,46.57,50.86,9.400002,27.042582,2.0,327,0.6048623498535157,True,REGULAR,USD,call,2026-05-22,QQQ
QQQ260522C00665000,2026-05-20 19:57:10+00:00,665.0,47.68,45.58,49.92,13.02,37.564915,24.0,956,0.6008340698242189,True,REGULAR,USD,call,2026-05-22,QQQ
QQQ260522C00666000,2026-05-20 16:01:03+00:00,666.0,44.33,44.61,48.81,10.440002,30.805555,36.0,243,0.5813030151367188,True,REGULAR,USD,call,2026-05-22,QQQ
QQQ260522C00667000,2026-05-19 18:20:46+00:00,667.0,38.72,43.6,47.88,0.0,0.0,44.0,240,0.57812921875,True,REGULAR,USD,call,2026-05-22,QQQ
QQQ260522C00668000,2026-05-20 19:53:43+00:00,668.0,45.03,42.6,46.83,9.27,25.922821,13.0,435,0.5639692041015626,True,REGULAR,USD,call,2026-05-22,QQQ
QQQ260522C00669000,2026-05-20 18:33:42+00:00,669.0,42.33,41.62,45.94,7.4900017,21.498283,28.0,344,0.5642133422851563,True,REGULAR,USD,call,2026-05-22,QQQ
QQQ260522C00670000,2026-05-20 19:55:02+00:00,670.0,42.84,40.64,43.08,11.370001,36.12965,63.0,1724,1.0000000000000003e-05,True,REGULAR,USD,call,2026-05-22,QQQ
QQQ260522C00671000,2026-05-20 16:45:02+00:00,671.0,38.15,39.63,43.96,7.4000015,24.065044,1.0,228,0.5466353930664063,True,REGULAR,USD,call,2026-05-22,QQQ
QQQ260522C00672000,2026-05-20 18:29:15+00:00,672.0,39.26,38.66,42.92,9.3899975,31.436214,31.0,248,0.5334519311523438,True,REGULAR,USD,call,2026-05-22,QQQ
QQQ260522C00673000,2026-05-19 19:57:17+00:00,673.0,28.85,37.66,41.88,0.0,0.0,110.0,280,0.520390538330078,True,REGULAR,USD,call,2026-05-22,QQQ
QQQ260522C00674000,2026-05-20 18:15:01+00:00,674.0,37.4,36.66,41.0,9.490002,34.002155,30.0,307,0.5206346765136718,True,REGULAR,USD,call,2026-05-22,QQQ
QQQ260522C00675000,2026-05-20 19:27:42+00:00,675.0,37.24,35.69,40.0,9.170002,32.668335,158.0,3827,0.5107470800781251,True,REGULAR,USD,call,2026-05-22,QQQ
QQQ260522C00676000,2026-05-19 19:57:15+00:00,676.0,26.0,34.71,38.91,0.0,0.0,181.0,295,0.4936574072265626,True,REGULAR,USD,call,2026-05-22,QQQ
QQQ260522C00677000,2026-05-20 14:42:36+00:00,677.0,32.72,33.73,38.0,7.6400013,30.462524,1.0,358,0.4909718872070313,True,REGULAR,USD,call,2026-05-22,QQQ
QQQ260522C00678000,2026-05-20 15:58:00+00:00,678.0,33.99,33.07,36.49,8.880001,35.3644,9.0,288,0.4387263159179688,True,REGULAR,USD,call,2026-05-22,QQQ
QQQ260522C00679000,2026-05-20 14:19:22+00:00,679.0,29.34,32.08,35.75,6.01,25.760822,17.0,401,0.4512994323730469,True,REGULAR,USD,call,2026-05-22,QQQ
QQQ260522C00680000,2026-05-20 20:02:06+00:00,680.0,33.15,31.11,34.83,9.720001,41.48528,88.0,2193,0.4480035668945312,True,REGULAR,USD,call,2026-05-22,QQQ
QQQ260522C00681000,2026-05-20 14:29:25+00:00,681.0,28.07,30.14,33.8,2.7399998,10.817211,22.0,223,0.43579665771484377,True,REGULAR,USD,call,2026-05-22,QQQ
QQQ260522C00682000,2026-05-20 16:36:07+00:00,682.0,28.11,29.17,32.89,5.67,25.26738,16.0,360,0.4327449304199219,True,REGULAR,USD,call,2026-05-22,QQQ
QQQ260522C00683000,2026-05-20 17:05:38+00:00,683.0,27.26,28.2,31.92,6.710001,32.652077,27.0,598,0.4250545776367188,True,REGULAR,USD,call,2026-05-22,QQQ
QQQ260522C00684000,2026-05-20 17:06:32+00:00,684.0,26.5,27.24,30.96,6.7700005,34.313232,72.0,562,0.41785250122070305,True,REGULAR,USD,call,2026-05-22,QQQ
QQQ260522C00685000,2026-05-20 19:53:27+00:00,685.0,28.51,26.28,29.37,9.460001,49.658802,186.0,2871,0.3621889953613281,True,REGULAR,USD,call,2026-05-22,QQQ
QQQ260522C00686000,2026-05-20 18:05:06+00:00,686.0,26.19,25.32,27.72,5.09,24.123222,65.0,239,0.29004616210937495,True,REGULAR,USD,call,2026-05-22,QQQ
QQQ260522C00687000,2026-05-20 18:10:42+00:00,687.0,25.2,24.37,28.09,6.970001,38.23369,74.0,275,0.39624627197265627,True,REGULAR,USD,call,2026-05-22,QQQ
QQQ260522C00688000,2026-05-20 17:44:03+00:00,688.0,24.04,23.42,26.61,6.710001,38.71899,98.0,1686,0.35205726074218746,True,REGULAR,USD,call,2026-05-22,QQQ
QQQ260522C00689000,2026-05-20 19:39:29+00:00,689.0,24.18,22.48,26.2,8.46,53.81679,143.0,214,0.38245246459960935,True,REGULAR,USD,call,2026-05-22,QQQ
QQQ260522C00690000,2026-05-20 19:59:12+00:00,690.0,23.85,21.55,25.23,8.870001,59.212288,392.0,1567,0.37366348999023435,True,REGULAR,USD,call,2026-05-22,QQQ
QQQ260522C00691000,2026-05-20 19:57:17+00:00,691.0,22.45,20.62,24.31,8.650001,62.681164,92.0,260,0.3679262426757813,True,REGULAR,USD,call,2026-05-22,QQQ
QQQ260522C00692000,2026-05-20 19:50:00+00:00,692.0,21.34,19.69,23.38,8.360001,64.406784,134.0,202,0.36121244262695307,True,REGULAR,USD,call,2026-05-22,QQQ
QQQ260522C00693000,2026-05-20 18:52:41+00:00,693.0,19.36,18.8,22.21,7.130001,58.299274,94.0,300,0.3399724206542969,True,REGULAR,USD,call,2026-05-22,QQQ
QQQ260522C00694000,2026-05-20 19:19:51+00:00,694.0,19.19,17.88,21.57,6.9800005,57.166264,134.0,211,0.34998208618164056,True,REGULAR,USD,call,2026-05-22,QQQ
QQQ260522C00695000,2026-05-20 19:51:11+00:00,695.0,18.29,16.99,20.0,7.260001,65.8205,308.0,2919,0.30542686767578126,True,REGULAR,USD,call,2026-05-22,QQQ
QQQ260522C00696000,2026-05-20 19:57:51+00:00,696.0,18.22,16.12,19.78,7.9799995,77.92968,115.0,335,0.33850759155273435,True,REGULAR,USD,call,2026-05-22,QQQ
QQQ260522C00697000,2026-05-20 19:54:33+00:00,697.0,17.1,15.27,18.8,7.29,74.31192,268.0,864,0.32776551147460936,True,REGULAR,USD,call,2026-05-22,QQQ
QQQ260522C00698000,2026-05-20 20:11:49+00:00,698.0,15.99,14.42,18.06,6.7799997,73.61563,558.0,2177,0.32910827148437494,True,REGULAR,USD,call,2026-05-22,QQQ
QQQ260522C00699000,2026-05-20 19:57:50+00:00,699.0,15.6,13.57,17.2,7.0,81.39535,741.0,3690,0.3238593005371093,True,REGULAR,USD,call,2026-05-22,QQQ
QQQ260522C00700000,2026-05-20 19:58:35+00:00,700.0,14.92,12.78,15.0,7.07,90.0637,2146.0,4723,0.24976336181640624,True,REGULAR,USD,call,2026-05-22,QQQ
QQQ260522C00701000,2026-05-20 19:57:17+00:00,701.0,14.02,11.96,15.63,6.6700006,90.74831,618.0,1087,0.31891550231933585,True,REGULAR,USD,call,2026-05-22,QQQ
QQQ260522C00702000,2026-05-20 19:23:22+00:00,702.0,12.55,11.17,14.41,5.82,86.478455,715.0,595,0.2955392712402344,True,REGULAR,USD,call,2026-05-22,QQQ
QQQ260522C00703000,2026-05-20 20:14:56+00:00,703.0,11.12,11.13,13.4,4.88,78.20513,1905.0,2171,0.28186753295898437,True,REGULAR,USD,call,2026-05-22,QQQ
QQQ260522C00704000,2026-05-20 19:59:05+00:00,704.0,11.95,10.07,11.96,6.23,108.916084,2824.0,1329,0.24842060180664063,True,REGULAR,USD,call,2026-05-22,QQQ
QQQ260522C00705000,2026-05-20 20:12:30+00:00,705.0,10.33,9.89,10.99,5.08,96.7619,7548.0,6956,0.23645783081054686,True,REGULAR,USD,call,2026-05-22,QQQ
QQQ260522C00706000,2026-05-20 20:01:49+00:00,706.0,10.12,9.0,10.77,5.2999997,109.9585,3716.0,2239,0.25666026550292964,True,REGULAR,USD,call,2026-05-22,QQQ
QQQ260522C00707000,2026-05-20 20:14:53+00:00,707.0,8.91,8.7,9.94,4.52,102.96128,7392.0,1651,0.2492140509033203,True,REGULAR,USD,call,2026-05-22,QQQ
QQQ260522C00708000,2026-05-20 20:13:13+00:00,708.0,8.36,8.1,9.87,4.3599997,108.99999,4114.0,1956,0.2722240747070312,True,REGULAR,USD,call,2026-05-22,QQQ
QQQ260522C00709000,2026-05-20 20:11:25+00:00,709.0,7.59,6.5,8.73,3.94,107.945206,4763.0,2151,0.25049577636718745,True,REGULAR,USD,call,2026-05-22,QQQ
QQQ260522C00710000,2026-05-20 20:14:36+00:00,710.0,7.02,6.9,7.15,3.76,115.337425,25033.0,7864,0.2110064251708984,True,REGULAR,USD,call,2026-05-22,QQQ
QQQ260522C00711000,2026-05-20 20:14:31+00:00,711.0,6.41,5.7,8.03,3.54,123.344955,10013.0,4037,0.2679516564941406,True,REGULAR,USD,call,2026-05-22,QQQ
QQQ260522C00712000,2026-05-20 20:14:37+00:00,712.0,5.86,4.57,5.95,3.2400002,123.66414,9203.0,5138,0.20777159423828123,True,REGULAR,USD,call,2026-05-22,QQQ
QQQ260522C00713000,2026-05-20 20:14:51+00:00,713.0,5.28,5.19,5.57,2.9500003,126.60946,6799.0,3489,0.21302056518554688,True,REGULAR,USD,call,2026-05-22,QQQ
QQQ260522C00714000,2026-05-20 20:14:37+00:00,714.0,4.8,4.66,5.0,2.7100003,129.66508,4604.0,5720,0.20978573425292968,False,REGULAR,USD,call,2026-05-22,QQQ
QQQ260522C00715000,2026-05-20 20:14:55+00:00,715.0,4.29,4.18,4.65,2.44,131.89189,9841.0,14697,0.21393608337402342,False,REGULAR,USD,call,2026-05-22,QQQ
QQQ260522C00716000,2026-05-20 20:14:43+00:00,716.0,3.88,3.81,4.64,2.23,135.1515,2546.0,2316,0.2304764453125,False,REGULAR,USD,call,2026-05-22,QQQ
QQQ260522C00717000,2026-05-20 20:11:57+00:00,717.0,3.42,3.37,4.7,1.95,132.65306,2713.0,1180,0.24909198181152342,False,REGULAR,USD,call,2026-05-22,QQQ
QQQ260522C00718000,2026-05-20 20:14:42+00:00,718.0,3.07,2.98,4.14,1.78,137.9845,1887.0,2824,0.242195078125,False,REGULAR,USD,call,2026-05-22,QQQ
QQQ260522C00719000,2026-05-20 20:13:46+00:00,719.0,2.74,2.07,2.7,1.59,138.26088,1921.0,3206,0.19690744506835936,False,REGULAR,USD,call,2026-05-22,QQQ
QQQ260522C00720000,2026-05-20 20:14:42+00:00,720.0,2.38,2.32,2.37,1.46,158.69563,12188.0,9063,0.19586985778808597,False,REGULAR,USD,call,2026-05-22,QQQ
QQQ260522C00721000,2026-05-20 20:13:33+00:00,721.0,2.11,1.82,2.09,1.2399999,142.52873,1813.0,3496,0.1958088232421875,False,REGULAR,USD,call,2026-05-22,QQQ
QQQ260522C00722000,2026-05-20 20:14:46+00:00,722.0,1.76,1.06,2.26,1.05,147.8873,2933.0,1726,0.21613332702636717,False,REGULAR,USD,call,2026-05-22,QQQ
QQQ260522C00723000,2026-05-20 20:14:37+00:00,723.0,1.56,1.44,1.55,0.92999995,147.61903,2379.0,1672,0.19281813049316404,False,REGULAR,USD,call,2026-05-22,QQQ
QQQ260522C00724000,2026-05-20 20:13:32+00:00,724.0,1.32,1.28,1.33,0.78000003,144.44444,1354.0,885,0.19178054321289065,False,REGULAR,USD,call,2026-05-22,QQQ
QQQ260522C00725000,2026-05-20 20:14:29+00:00,725.0,1.13,1.0,1.36,0.68,151.11111,4976.0,6464,0.20410952148437497,False,REGULAR,USD,call,2026-05-22,QQQ
QQQ260522C00726000,2026-05-20 20:14:58+00:00,726.0,0.95,0.92,1.1,0.56,143.58975,2061.0,1649,0.19886055053710935,False,REGULAR,USD,call,2026-05-22,QQQ
QQQ260522C00727000,2026-05-20 20:14:32+00:00,727.0,0.81,0.77,0.9,0.47,138.23529,1819.0,2049,0.195320546875,False,REGULAR,USD,call,2026-05-22,QQQ
QQQ260522C00728000,2026-05-20 20:13:33+00:00,728.0,0.69,0.65,0.7,0.4,137.93105,1284.0,884,0.18994950683593753,False,REGULAR,USD,call,2026-05-22,QQQ
QQQ260522C00729000,2026-05-20 20:14:57+00:00,729.0,0.56,0.23,0.62,0.34,154.54546,1280.0,504,0.19214675048828128,False,REGULAR,USD,call,2026-05-22,QQQ
QQQ260522C00730000,2026-05-20 20:14:58+00:00,730.0,0.46,0.46,0.51,0.26,129.99998,8236.0,10820,0.19068192138671874,False,REGULAR,USD,call,2026-05-22,QQQ
QQQ260522C00731000,2026-05-20 20:14:58+00:00,731.0,0.38,0.36,0.45,0.22,137.5,1108.0,1246,0.1928791650390625,False,REGULAR,USD,call,2026-05-22,QQQ
QQQ260522C00732000,2026-05-20 20:14:45+00:00,732.0,0.31,0.2,0.38,0.17,121.42857,2516.0,1851,0.19312330322265625,False,REGULAR,USD,call,2026-05-22,QQQ
QQQ260522C00733000,2026-05-20 20:11:14+00:00,733.0,0.23,0.24,0.37,0.120000005,109.09091,930.0,698,0.1997150341796875,False,REGULAR,USD,call,2026-05-22,QQQ
QQQ260522C00734000,2026-05-20 20:07:54+00:00,734.0,0.17,0.19,0.35,0.07,70.0,929.0,887,0.2048419360351562,False,REGULAR,USD,call,2026-05-22,QQQ
QQQ260522C00735000,2026-05-20 20:14:58+00:00,735.0,0.18,0.15,0.23,0.09,99.99999,2880.0,5487,0.1948322705078125,False,REGULAR,USD,call,2026-05-22,QQQ
QQQ260522C00736000,2026-05-20 20:07:13+00:00,736.0,0.12,0.0,0.16,0.049999997,71.428566,376.0,484,0.1889729541015625,False,REGULAR,USD,call,2026-05-22,QQQ
QQQ260522C00737000,2026-05-20 20:10:49+00:00,737.0,0.1,0.0,0.32,0.040000003,66.66668,474.0,326,0.22315229980468748,False,REGULAR,USD,call,2026-05-22,QQQ
QQQ260522C00738000,2026-05-20 20:14:34+00:00,738.0,0.1,0.08,0.11,0.040000003,66.66668,643.0,911,0.18994950683593753,False,REGULAR,USD,call,2026-05-22,QQQ
QQQ260522C00739000,2026-05-20 19:59:38+00:00,739.0,0.05,0.0,0.14,0.0,0.0,422.0,973,0.20410952148437497,False,REGULAR,USD,call,2026-05-22,QQQ
QQQ260522C00740000,2026-05-20 20:14:55+00:00,740.0,0.07,0.05,0.07,0.02,40.0,1469.0,7088,0.18946123046875002,False,REGULAR,USD,call,2026-05-22,QQQ
QQQ260522C00741000,2026-05-20 20:00:06+00:00,741.0,0.04,0.04,0.26,0.0,0.0,222.0,226,0.24195093994140626,False,REGULAR,USD,call,2026-05-22,QQQ
QQQ260522C00742000,2026-05-20 19:59:27+00:00,742.0,0.03,0.03,0.06,-0.020000001,-40.000004,354.0,471,0.19727365234375,False,REGULAR,USD,call,2026-05-22,QQQ
QQQ260522C00743000,2026-05-20 18:46:32+00:00,743.0,0.05,0.03,0.05,0.010000002,25.000004,115.0,440,0.198250205078125,False,REGULAR,USD,call,2026-05-22,QQQ
QQQ260522C00744000,2026-05-20 19:42:50+00:00,744.0,0.05,0.0,0.04,0.020000001,66.66668,22.0,1351,0.19727365234375,False,REGULAR,USD,call,2026-05-22,QQQ
QQQ260522C00745000,2026-05-20 19:52:42+00:00,745.0,0.02,0.02,0.17,-0.01,-33.333336,1623.0,2940,0.2500075,False,REGULAR,USD,call,2026-05-22,QQQ
QQQ260522C00746000,2026-05-20 19:15:23+00:00,746.0,0.04,0.02,0.04,0.01,33.333336,63.0,242,0.20899228515624996,False,REGULAR,USD,call,2026-05-22,QQQ
QQQ260522C00747000,2026-05-20 19:54:13+00:00,747.0,0.03,0.01,0.03,0.0,0.0,298.0,463,0.20703917968749996,False,REGULAR,USD,call,2026-05-22,QQQ
QQQ260522C00748000,2026-05-20 18:27:28+00:00,748.0,0.03,0.0,0.03,0.0,0.0,32.0,124,0.21289849609375,False,REGULAR,USD,call,2026-05-22,QQQ
QQQ260522C00749000,2026-05-20 19:25:42+00:00,749.0,0.03,0.0,0.03,0.01,50.0,56.0,924,0.21680470703125,False,REGULAR,USD,call,2026-05-22,QQQ
QQQ260522C00750000,2026-05-20 20:13:11+00:00,750.0,0.04,0.01,0.03,0.02,100.0,2202.0,5994,0.22266402343749997,False,REGULAR,USD,call,2026-05-22,QQQ
QQQ260522C00755000,2026-05-20 20:06:26+00:00,755.0,0.02,0.01,0.22,0.0,0.0,636.0,2341,0.32569033691406246,False,REGULAR,USD,call,2026-05-22,QQQ
QQQ260522C00760000,2026-05-20 19:59:44+00:00,760.0,0.02,0.0,0.02,0.0,0.0,279.0,3405,0.2617261328125,False,REGULAR,USD,call,2026-05-22,QQQ
QQQ260522C00770000,2026-05-20 19:56:51+00:00,770.0,0.01,0.0,0.02,0.0,0.0,319.0,3104,0.3086006640625,False,REGULAR,USD,call,2026-05-22,QQQ
QQQ260522C00780000,2026-05-20 18:10:20+00:00,780.0,0.01,0.0,0.01,-0.01,-50.0,525.0,1577,0.335944140625,False,REGULAR,USD,call,2026-05-22,QQQ
QQQ260522C00790000,2026-05-20 17:17:38+00:00,790.0,0.01,0.0,0.01,-0.01,-50.0,54.0,1151,0.37500625,False,REGULAR,USD,call,2026-05-22,QQQ
QQQ260522C00800000,2026-05-20 15:53:54+00:00,800.0,0.01,0.0,0.1,0.0,0.0,1.0,2703,0.5293015820312501,False,REGULAR,USD,call,2026-05-22,QQQ
QQQ260522C00810000,2026-05-18 19:58:01+00:00,810.0,0.01,0.0,0.21,0.0,0.0,50.0,399,0.5820354296875,False,REGULAR,USD,call,2026-05-22,QQQ
QQQ260522C00820000,2026-05-15 15:52:56+00:00,820.0,0.01,0.0,0.21,0.0,0.0,93.0,141,0.63086306640625,False,REGULAR,USD,call,2026-05-22,QQQ
QQQ260522C00830000,2026-05-18 15:19:49+00:00,830.0,0.01,0.0,0.21,0.0,0.0,20.0,189,0.6777375976562501,False,REGULAR,USD,call,2026-05-22,QQQ
QQQ260522C00840000,2026-05-13 17:14:31+00:00,840.0,0.03,0.0,0.21,0.0,0.0,1.0,24,0.7246121289062499,False,REGULAR,USD,call,2026-05-22,QQQ
QQQ260522C00850000,2026-05-14 14:38:18+00:00,850.0,0.02,0.0,0.21,0.0,0.0,1.0,2,0.77148666015625,False,REGULAR,USD,call,2026-05-22,QQQ
QQQ260522C00860000,2026-05-18 19:59:29+00:00,860.0,0.01,0.0,0.01,0.0,0.0,3.0,1304,0.6250037500000001,False,REGULAR,USD,call,2026-05-22,QQQ
QQQ260522C00870000,2026-05-20 19:18:47+00:00,870.0,0.01,0.0,0.01,0.0,0.0,1.0,146,0.6562534375000001,False,REGULAR,USD,call,2026-05-22,QQQ
QQQ260522P00300000,2026-05-15 19:40:04+00:00,300.0,0.01,0.0,0.01,0.0,0.0,3.0,197,2.68750328125,False,REGULAR,USD,put,2026-05-22,QQQ
QQQ260522P00305000,2026-05-12 16:28:53+00:00,305.0,0.01,0.0,0.22,0.0,0.0,1.0,53,3.3554703613281243,False,REGULAR,USD,put,2026-05-22,QQQ
QQQ260522P00310000,2026-04-30 17:17:45+00:00,310.0,0.02,0.0,0.01,0.0,0.0,10.0,90,2.56250359375,False,REGULAR,USD,put,2026-05-22,QQQ
QQQ260522P00315000,2026-05-13 19:36:28+00:00,315.0,0.01,0.0,0.11,0.0,0.0,162.0,200,3.031252421875,False,REGULAR,USD,put,2026-05-22,QQQ
QQQ260522P00320000,2026-05-13 19:35:08+00:00,320.0,0.01,0.0,0.11,0.0,0.0,173.0,175,2.9765650585937498,False,REGULAR,USD,put,2026-05-22,QQQ
QQQ260522P00325000,2026-05-13 19:34:53+00:00,325.0,0.01,0.0,0.12,0.0,0.0,996.0,1346,2.94531513671875,False,REGULAR,USD,put,2026-05-22,QQQ
QQQ260522P00330000,2026-05-01 15:19:36+00:00,330.0,0.02,0.0,0.13,0.0,0.0,1.0,188,2.9140652148437503,False,REGULAR,USD,put,2026-05-22,QQQ
QQQ260522P00335000,2026-05-19 16:50:59+00:00,335.0,0.01,0.0,0.14,0.0,0.0,2.0,900,2.88281529296875,False,REGULAR,USD,put,2026-05-22,QQQ
QQQ260522P00340000,2026-05-13 19:33:25+00:00,340.0,0.01,0.0,0.13,0.0,0.0,1616.0,1990,2.80469048828125,False,REGULAR,USD,put,2026-05-22,QQQ
QQQ260522P00345000,2026-05-12 13:33:18+00:00,345.0,0.02,0.0,0.15,0.0,0.0,10.0,204,2.7890655273437504,False,REGULAR,USD,put,2026-05-22,QQQ
QQQ260522P00350000,2026-05-15 19:51:26+00:00,350.0,0.01,0.0,0.22,0.0,0.0,7.0,125,2.843752890625,False,REGULAR,USD,put,2026-05-22,QQQ
QQQ260522P00355000,2026-05-04 13:50:21+00:00,355.0,0.02,0.0,1.52,0.0,0.0,1.0,28,3.4902356494140623,False,REGULAR,USD,put,2026-05-22,QQQ
QQQ260522P00360000,2026-05-13 17:58:30+00:00,360.0,0.01,0.0,0.22,0.0,0.0,621.0,585,2.7343781640625,False,REGULAR,USD,put,2026-05-22,QQQ
QQQ260522P00365000,2026-05-13 17:56:38+00:00,365.0,0.01,0.0,0.22,0.0,0.0,651.0,496,2.6835970410156254,False,REGULAR,USD,put,2026-05-22,QQQ
QQQ260522P00370000,2026-05-13 17:55:55+00:00,370.0,0.01,0.0,0.1,0.0,0.0,754.0,792,2.44531638671875,False,REGULAR,USD,put,2026-05-22,QQQ
QQQ260522P00375000,2026-04-24 14:36:33+00:00,375.0,0.05,0.0,0.01,0.0,0.0,17.0,115,2.000005,False,REGULAR,USD,put,2026-05-22,QQQ
QQQ260522P00380000,2026-05-13 17:54:53+00:00,380.0,0.01,0.0,0.11,0.0,0.0,230.0,970,2.3750040624999995,False,REGULAR,USD,put,2026-05-22,QQQ
QQQ260522P00385000,2026-05-13 17:53:36+00:00,385.0,0.01,0.0,0.12,0.0,0.0,510.0,596,2.3437541406249993,False,REGULAR,USD,put,2026-05-22,QQQ
QQQ260522P00390000,2026-05-13 17:53:49+00:00,390.0,0.01,0.0,0.13,0.0,0.0,934.0,1071,2.3125042187499996,False,REGULAR,USD,put,2026-05-22,QQQ
QQQ260522P00395000,2026-05-13 17:53:43+00:00,395.0,0.01,0.0,0.12,0.0,0.0,424.0,546,2.2500043749999996,False,REGULAR,USD,put,2026-05-22,QQQ
QQQ260522P00400000,2026-05-13 17:53:30+00:00,400.0,0.01,0.0,0.01,0.0,0.0,325.0,367,1.8125009374999999,False,REGULAR,USD,put,2026-05-22,QQQ
QQQ260522P00405000,2026-05-08 18:57:49+00:00,405.0,0.02,0.0,0.01,0.0,0.0,1.0,4,1.78125109375,False,REGULAR,USD,put,2026-05-22,QQQ
QQQ260522P00410000,2026-05-08 13:42:52+00:00,410.0,0.02,0.0,0.15,0.0,0.0,1.0,4,2.16406708984375,False,REGULAR,USD,put,2026-05-22,QQQ
QQQ260522P00415000,2026-05-07 18:44:20+00:00,415.0,0.02,0.0,0.22,0.0,0.0,100.0,234,2.2031294921874993,False,REGULAR,USD,put,2026-05-22,QQQ
QQQ260522P00420000,2026-05-14 14:16:25+00:00,420.0,0.01,0.0,1.52,0.0,0.0,4.0,142,2.7197297631835937,False,REGULAR,USD,put,2026-05-22,QQQ
QQQ260522P00425000,2026-05-18 19:56:35+00:00,425.0,0.01,0.0,1.56,0.0,0.0,1.0,394,2.674808000488282,False,REGULAR,USD,put,2026-05-22,QQQ
QQQ260522P00430000,2026-05-15 14:43:27+00:00,430.0,0.01,0.0,0.02,0.0,0.0,40.0,289,1.6875015625,False,REGULAR,USD,put,2026-05-22,QQQ
QQQ260522P00435000,2026-05-15 14:42:01+00:00,435.0,0.01,0.0,1.52,0.0,0.0,4.0,275,2.5576207934570308,False,REGULAR,USD,put,2026-05-22,QQQ
QQQ260522P00440000,2026-05-19 18:10:35+00:00,440.0,0.01,0.0,0.13,0.0,0.0,12.0,694,1.8828130859374999,False,REGULAR,USD,put,2026-05-22,QQQ
QQQ260522P00445000,2026-05-19 15:06:18+00:00,445.0,0.01,0.0,0.01,0.0,0.0,333.0,319,1.5000025,False,REGULAR,USD,put,2026-05-22,QQQ
QQQ260522P00450000,2026-05-18 18:10:49+00:00,450.0,0.01,0.0,0.16,0.0,0.0,3820.0,3856,1.8359383203124997,False,REGULAR,USD,put,2026-05-22,QQQ
QQQ260522P00455000,2026-05-19 18:10:21+00:00,455.0,0.01,0.0,0.16,0.0,0.0,58.0,38253,1.7968760156249999,False,REGULAR,USD,put,2026-05-22,QQQ
QQQ260522P00460000,2026-05-08 14:09:45+00:00,460.0,0.03,0.0,0.01,0.0,0.0,2.0,117,1.40625296875,False,REGULAR,USD,put,2026-05-22,QQQ
QQQ260522P00465000,2026-05-18 15:52:10+00:00,465.0,0.01,0.0,0.22,0.0,0.0,300.0,740,1.7695324023437498,False,REGULAR,USD,put,2026-05-22,QQQ
QQQ260522P00470000,2026-05-12 18:39:46+00:00,470.0,0.02,0.0,0.22,0.0,0.0,100.0,451,1.7304700976562502,False,REGULAR,USD,put,2026-05-22,QQQ
QQQ260522P00475000,2026-05-20 19:57:49+00:00,475.0,0.01,0.0,0.01,-0.01,-50.0,40.0,336,1.3125034374999998,False,REGULAR,USD,put,2026-05-22,QQQ
QQQ260522P00480000,2026-05-20 20:13:01+00:00,480.0,0.01,0.0,0.01,0.0,0.0,6.0,860,1.2812535937499998,False,REGULAR,USD,put,2026-05-22,QQQ
QQQ260522P00485000,2026-05-19 17:45:09+00:00,485.0,0.01,0.0,0.22,0.0,0.0,3.0,651,1.609376953125,False,REGULAR,USD,put,2026-05-22,QQQ
QQQ260522P00490000,2026-05-20 20:13:20+00:00,490.0,0.01,0.0,0.02,0.0,0.0,6.0,825,1.2656286718749998,False,REGULAR,USD,put,2026-05-22,QQQ
QQQ260522P00495000,2026-05-19 18:07:58+00:00,495.0,0.01,0.0,0.02,0.0,0.0,20.0,444,1.2343788281249999,False,REGULAR,USD,put,2026-05-22,QQQ
QQQ260522P00500000,2026-05-20 20:12:36+00:00,500.0,0.01,0.0,0.01,0.0,0.0,26.0,2043,1.15625421875,False,REGULAR,USD,put,2026-05-22,QQQ
QQQ260522P00501000,2026-05-19 16:23:13+00:00,501.0,0.01,0.0,1.39,0.0,0.0,277.0,290,1.8740240673828126,False,REGULAR,USD,put,2026-05-22,QQQ
QQQ260522P00502000,2026-05-19 16:23:50+00:00,502.0,0.01,0.0,1.52,0.0,0.0,1174.0,1186,1.8896489892578123,False,REGULAR,USD,put,2026-05-22,QQQ
QQQ260522P00503000,2026-05-19 16:18:45+00:00,503.0,0.01,0.0,1.35,0.0,0.0,3000.0,3006,1.847168732910156,False,REGULAR,USD,put,2026-05-22,QQQ
QQQ260522P00504000,2026-05-19 14:22:23+00:00,504.0,0.01,0.0,1.35,0.0,0.0,3000.0,4236,1.8378914355468747,False,REGULAR,USD,put,2026-05-22,QQQ
QQQ260522P00505000,2026-05-20 18:41:05+00:00,505.0,0.01,0.0,0.02,0.0,0.0,10.0,5188,1.171879140625,False,REGULAR,USD,put,2026-05-22,QQQ
QQQ260522P00506000,2026-05-14 19:04:26+00:00,506.0,0.03,0.0,1.95,0.0,0.0,219.0,277,1.9262698999023438,False,REGULAR,USD,put,2026-05-22,QQQ
QQQ260522P00507000,2026-05-15 16:45:17+00:00,507.0,0.03,0.0,1.95,0.0,0.0,25.0,290,1.9169926025390627,False,REGULAR,USD,put,2026-05-22,QQQ
QQQ260522P00508000,2026-05-08 14:33:59+00:00,508.0,0.06,0.0,2.25,0.0,0.0,,277,1.9521486767578127,False,REGULAR,USD,put,2026-05-22,QQQ
QQQ260522P00509000,2026-05-20 14:44:06+00:00,509.0,0.01,0.0,0.02,0.0,0.0,11.0,72,1.15625421875,False,REGULAR,USD,put,2026-05-22,QQQ
QQQ260522P00510000,2026-05-20 20:13:43+00:00,510.0,0.01,0.0,0.22,-0.02,-66.66667,17.0,13049,1.4179716601562502,False,REGULAR,USD,put,2026-05-22,QQQ
QQQ260522P00511000,2026-05-15 19:30:19+00:00,511.0,0.03,0.0,1.95,0.0,0.0,135.0,242,1.878418576660156,False,REGULAR,USD,put,2026-05-22,QQQ
QQQ260522P00512000,2026-05-15 19:28:19+00:00,512.0,0.03,0.0,1.35,0.0,0.0,1.0,101,1.7646496142578125,False,REGULAR,USD,put,2026-05-22,QQQ
QQQ260522P00513000,2026-05-15 19:29:56+00:00,513.0,0.03,0.0,1.35,0.0,0.0,1.0,3,1.755860595703125,False,REGULAR,USD,put,2026-05-22,QQQ
QQQ260522P00514000,2026-05-13 13:39:43+00:00,514.0,0.04,0.0,1.95,0.0,0.0,100.0,310,1.8496101269531249,False,REGULAR,USD,put,2026-05-22,QQQ
QQQ260522P00515000,2026-05-18 14:14:22+00:00,515.0,0.02,0.0,1.35,0.0,0.0,2.0,414,1.7373060009765624,False,REGULAR,USD,put,2026-05-22,QQQ
QQQ260522P00516000,2026-05-08 13:56:00+00:00,516.0,0.07,0.0,1.35,0.0,0.0,,447,1.7285169824218751,False,REGULAR,USD,put,2026-05-22,QQQ
QQQ260522P00517000,2026-05-14 13:38:40+00:00,517.0,0.04,0.0,1.95,0.0,0.0,2.0,362,1.8212899560546876,False,REGULAR,USD,put,2026-05-22,QQQ
QQQ260522P00518000,2026-05-08 13:50:47+00:00,518.0,0.07,0.0,1.95,0.0,0.0,,64,1.812012658691406,False,REGULAR,USD,put,2026-05-22,QQQ
QQQ260522P00520000,2026-05-20 20:13:54+00:00,520.0,0.01,0.0,0.02,-0.03,-75.0,26.0,565,1.0781296093750001,False,REGULAR,USD,put,2026-05-22,QQQ
QQQ260522P00521000,2026-05-20 18:43:46+00:00,521.0,0.01,0.0,0.02,-0.03,-75.0,10.0,106,1.0781296093750001,False,REGULAR,USD,put,2026-05-22,QQQ
QQQ260522P00522000,2026-05-13 16:49:10+00:00,522.0,0.04,0.0,1.35,0.0,0.0,,3,1.674318034667969,False,REGULAR,USD,put,2026-05-22,QQQ
QQQ260522P00523000,2026-05-08 13:43:05+00:00,523.0,0.08,0.0,1.35,0.0,0.0,,12,1.6650407373046878,False,REGULAR,USD,put,2026-05-22,QQQ
QQQ260522P00525000,2026-05-20 16:11:24+00:00,525.0,0.01,0.0,0.02,-0.01,-50.0,1.0,2215,1.0468797656250002,False,REGULAR,USD,put,2026-05-22,QQQ
QQQ260522P00529000,2026-05-20 14:45:53+00:00,529.0,0.01,0.0,0.01,-0.01,-50.0,1240.0,30,0.9687503125,False,REGULAR,USD,put,2026-05-22,QQQ
QQQ260522P00530000,2026-05-20 20:14:28+00:00,530.0,0.01,0.0,0.01,0.0,0.0,1314.0,1458,0.9687503125,False,REGULAR,USD,put,2026-05-22,QQQ
QQQ260522P00531000,2026-05-20 14:45:44+00:00,531.0,0.01,0.0,0.01,-0.24,-96.0,1695.0,1,0.9687503125,False,REGULAR,USD,put,2026-05-22,QQQ
QQQ260522P00532000,2026-05-20 20:02:24+00:00,532.0,0.01,0.0,0.02,-0.03,-75.0,4096.0,82,1.000005,False,REGULAR,USD,put,2026-05-22,QQQ
QQQ260522P00535000,2026-05-13 17:38:14+00:00,535.0,0.06,0.01,1.95,0.0,0.0,4.0,456,1.6547868823242187,False,REGULAR,USD,put,2026-05-22,QQQ
QQQ260522P00537000,2026-05-04 19:54:33+00:00,537.0,0.27,0.0,1.35,0.0,0.0,,1,1.541017919921875,False,REGULAR,USD,put,2026-05-22,QQQ
QQQ260522P00538000,2026-05-13 15:28:59+00:00,538.0,0.07,0.0,1.39,0.0,0.0,,100,1.5390648046875,False,REGULAR,USD,put,2026-05-22,QQQ
QQQ260522P00539000,2026-05-04 14:56:27+00:00,539.0,0.22,0.0,2.14,0.0,0.0,,10,1.6420916333007813,False,REGULAR,USD,put,2026-05-22,QQQ
QQQ260522P00540000,2026-05-19 13:40:24+00:00,540.0,0.01,0.0,0.22,-0.01,-50.0,4.0,622,1.1953165234375,False,REGULAR,USD,put,2026-05-22,QQQ
QQQ260522P00541000,2026-05-14 14:48:34+00:00,541.0,0.04,0.0,1.96,0.0,0.0,,200,1.5996113769531248,False,REGULAR,USD,put,2026-05-22,QQQ
QQQ260522P00542000,2026-05-14 14:03:10+00:00,542.0,0.04,0.0,1.35,0.0,0.0,,10,1.4970728271484375,False,REGULAR,USD,put,2026-05-22,QQQ
QQQ260522P00543000,2026-05-13 15:39:23+00:00,543.0,0.06,0.0,1.96,0.0,0.0,,200,1.5810567822265622,False,REGULAR,USD,put,2026-05-22,QQQ
QQQ260522P00545000,2026-05-18 17:22:06+00:00,545.0,0.02,0.0,1.35,0.0,0.0,6.0,277,1.4711940502929686,False,REGULAR,USD,put,2026-05-22,QQQ
QQQ260522P00546000,2026-05-14 14:02:55+00:00,546.0,0.04,0.0,1.35,0.0,0.0,10.0,29,1.4624050317382813,False,REGULAR,USD,put,2026-05-22,QQQ
QQQ260522P00547000,2026-05-13 17:39:59+00:00,547.0,0.02,0.01,1.35,-0.04,-66.66667,20.0,76,1.4555691284179688,False,REGULAR,USD,put,2026-05-22,QQQ
QQQ260522P00548000,2026-05-20 20:03:06+00:00,548.0,0.02,0.0,0.02,-0.02,-50.0,6.0,155,0.9062509375,False,REGULAR,USD,put,2026-05-22,QQQ
QQQ260522P00549000,2026-05-08 17:31:15+00:00,549.0,0.13,0.0,1.96,0.0,0.0,,2,1.5263695556640622,False,REGULAR,USD,put,2026-05-22,QQQ
QQQ260522P00550000,2026-05-20 14:09:18+00:00,550.0,0.02,0.0,1.35,-0.01,-33.333336,28.0,3339,1.4277372363281249,False,REGULAR,USD,put,2026-05-22,QQQ
QQQ260522P00551000,2026-05-14 14:46:19+00:00,551.0,0.04,0.0,0.23,0.0,0.0,,72,1.123051259765625,False,REGULAR,USD,put,2026-05-22,QQQ
QQQ260522P00552000,2026-05-13 14:14:46+00:00,552.0,0.07,0.0,0.23,0.0,0.0,,2,1.115238798828125,False,REGULAR,USD,put,2026-05-22,QQQ
QQQ260522P00553000,2026-05-18 13:30:01+00:00,553.0,0.05,0.0,0.23,0.0,0.0,1.0,105,1.109379453125,False,REGULAR,USD,put,2026-05-22,QQQ
QQQ260522P00554000,2026-05-19 19:21:13+00:00,554.0,0.02,0.0,1.95,0.0,0.0,3.0,135,1.4799830688476563,False,REGULAR,USD,put,2026-05-22,QQQ
QQQ260522P00555000,2026-05-19 13:32:22+00:00,555.0,0.02,0.0,1.35,0.0,0.0,1.0,522,1.3847687011718748,False,REGULAR,USD,put,2026-05-22,QQQ
QQQ260522P00556000,2026-05-19 13:31:56+00:00,556.0,0.02,0.0,1.35,0.0,0.0,1.0,373,1.3759796826171873,False,REGULAR,USD,put,2026-05-22,QQQ
QQQ260522P00557000,2026-05-19 13:31:51+00:00,557.0,0.02,0.0,1.35,0.0,0.0,1.0,127,1.3676789428710938,False,REGULAR,USD,put,2026-05-22,QQQ
QQQ260522P00558000,2026-05-18 17:19:20+00:00,558.0,0.03,0.0,1.35,0.0,0.0,2288.0,2730,1.359378203125,False,REGULAR,USD,put,2026-05-22,QQQ
QQQ260522P00559000,2026-05-18 17:19:18+00:00,559.0,0.03,0.0,1.35,0.0,0.0,1881.0,2034,1.3505891845703122,False,REGULAR,USD,put,2026-05-22,QQQ
QQQ260522P00560000,2026-05-19 19:59:10+00:00,560.0,0.01,0.0,1.27,0.0,0.0,1.0,334,1.3291049169921871,False,REGULAR,USD,put,2026-05-22,QQQ
QQQ260522P00561000,2026-05-18 15:49:27+00:00,561.0,0.03,0.0,1.35,0.0,0.0,4.0,57,1.333499426269531,False,REGULAR,USD,put,2026-05-22,QQQ
QQQ260522P00562000,2026-05-08 14:14:11+00:00,562.0,0.14,0.0,1.96,0.0,0.0,2.0,79,1.4096709204101563,False,REGULAR,USD,put,2026-05-22,QQQ
QQQ260522P00563000,2026-05-13 18:40:04+00:00,563.0,0.07,0.01,2.26,0.0,0.0,1.0,237,1.4375028125,False,REGULAR,USD,put,2026-05-22,QQQ
QQQ260522P00564000,2026-05-19 19:21:13+00:00,564.0,0.02,0.0,1.54,0.0,0.0,2.0,128,1.3359408203124996,False,REGULAR,USD,put,2026-05-22,QQQ
QQQ260522P00565000,2026-05-20 13:33:21+00:00,565.0,0.02,0.0,0.03,-0.01,-33.333336,2.0,537,0.8437515624999999,False,REGULAR,USD,put,2026-05-22,QQQ
QQQ260522P00566000,2026-05-20 16:34:18+00:00,566.0,0.01,0.0,1.35,-0.04,-80.00001,10.0,183,1.291019169921875,False,REGULAR,USD,put,2026-05-22,QQQ
QQQ260522P00567000,2026-05-18 16:57:56+00:00,567.0,0.03,0.0,1.35,0.0,0.0,8.0,114,1.2827184301757812,False,REGULAR,USD,put,2026-05-22,QQQ
QQQ260522P00568000,2026-05-18 16:21:00+00:00,568.0,0.03,0.0,1.35,0.0,0.0,6.0,198,1.2739294116210935,False,REGULAR,USD,put,2026-05-22,QQQ
QQQ260522P00569000,2026-05-15 13:55:54+00:00,569.0,0.07,0.0,1.27,0.0,0.0,4.0,87,1.253421701660156,False,REGULAR,USD,put,2026-05-22,QQQ
QQQ260522P00570000,2026-05-19 13:31:30+00:00,570.0,0.03,0.0,0.45,0.0,0.0,1.0,961,1.0732468212890627,False,REGULAR,USD,put,2026-05-22,QQQ
QQQ260522P00571000,2026-05-15 14:18:52+00:00,571.0,0.02,0.0,1.35,-0.05,-71.42857,1.0,166,1.2490271923828122,False,REGULAR,USD,put,2026-05-22,QQQ
QQQ260522P00572000,2026-05-15 19:51:00+00:00,572.0,0.05,0.0,1.35,0.0,0.0,4.0,83,1.2402381738281247,False,REGULAR,USD,put,2026-05-22,QQQ
QQQ260522P00573000,2026-05-20 19:36:20+00:00,573.0,0.02,0.0,1.35,-0.02,-50.0,1.0,186,1.231937434082031,False,REGULAR,USD,put,2026-05-22,QQQ
QQQ260522P00574000,2026-05-12 13:50:33+00:00,574.0,0.16,0.0,1.35,0.0,0.0,1.0,55,1.2236366943359376,False,REGULAR,USD,put,2026-05-22,QQQ
QQQ260522P00575000,2026-05-20 19:36:20+00:00,575.0,0.02,0.0,0.03,-0.02,-50.0,2.0,415,0.7812521875,False,REGULAR,USD,put,2026-05-22,QQQ
QQQ260522P00576000,2026-05-13 18:10:42+00:00,576.0,0.1,0.01,1.54,0.0,0.0,10.0,159,1.2343788281249999,False,REGULAR,USD,put,2026-05-22,QQQ
QQQ260522P00577000,2026-05-20 19:12:30+00:00,577.0,0.01,0.0,1.35,-0.03,-75.0,1.0,208,1.1982461962890625,False,REGULAR,USD,put,2026-05-22,QQQ
QQQ260522P00578000,2026-05-18 17:52:52+00:00,578.0,0.04,0.0,1.35,0.0,0.0,100.0,392,1.1899454565429686,False,REGULAR,USD,put,2026-05-22,QQQ
QQQ260522P00579000,2026-05-15 15:27:44+00:00,579.0,0.07,0.0,1.35,0.0,0.0,2.0,142,1.1816447167968749,False,REGULAR,USD,put,2026-05-22,QQQ
QQQ260522P00580000,2026-05-20 19:14:42+00:00,580.0,0.02,0.0,0.03,0.0,0.0,44.0,3184,0.7500025,False,REGULAR,USD,put,2026-05-22,QQQ
QQQ260522P00581000,2026-05-20 15:12:23+00:00,581.0,0.02,0.01,0.03,-0.04,-66.66667,51.0,138,0.7656273437500001,False,REGULAR,USD,put,2026-05-22,QQQ
QQQ260522P00582000,2026-05-19 14:52:13+00:00,582.0,0.04,0.01,1.96,0.0,0.0,53.0,127,1.2338905493164063,False,REGULAR,USD,put,2026-05-22,QQQ
QQQ260522P00583000,2026-05-13 19:49:09+00:00,583.0,0.02,0.01,1.35,-0.07000001,-77.77779,1.0,125,1.1494183154296875,False,REGULAR,USD,put,2026-05-22,QQQ
QQQ260522P00584000,2026-05-14 13:39:11+00:00,584.0,0.09,0.0,1.96,0.0,0.0,1.0,479,1.2153359545898437,False,REGULAR,USD,put,2026-05-22,QQQ
QQQ260522P00585000,2026-05-20 19:51:02+00:00,585.0,0.01,0.01,0.02,-0.04,-80.00001,5.0,2919,0.726565234375,False,REGULAR,USD,put,2026-05-22,QQQ
QQQ260522P00586000,2026-05-20 13:38:12+00:00,586.0,0.03,0.0,1.35,-0.020000001,-40.000004,30.0,85,1.123051259765625,False,REGULAR,USD,put,2026-05-22,QQQ
QQQ260522P00587000,2026-05-18 14:36:58+00:00,587.0,0.05,0.01,0.23,0.0,0.0,2.0,116,0.87695435546875,False,REGULAR,USD,put,2026-05-22,QQQ
QQQ260522P00588000,2026-05-18 14:54:32+00:00,588.0,0.05,0.0,0.23,0.0,0.0,56.0,133,0.8652357226562499,False,REGULAR,USD,put,2026-05-22,QQQ
QQQ260522P00589000,2026-05-20 13:33:53+00:00,589.0,0.03,0.01,0.23,-0.020000001,-40.000004,10.0,263,0.8632826171875,False,REGULAR,USD,put,2026-05-22,QQQ
QQQ260522P00590000,2026-05-19 20:03:49+00:00,590.0,0.02,0.0,0.5,-0.01,-33.333336,21.0,1069,0.93945373046875,False,REGULAR,USD,put,2026-05-22,QQQ
QQQ260522P00591000,2026-05-18 13:57:00+00:00,591.0,0.05,0.0,1.96,0.0,0.0,1.0,299,1.154301103515625,False,REGULAR,USD,put,2026-05-22,QQQ
QQQ260522P00592000,2026-05-20 19:12:30+00:00,592.0,0.02,0.01,0.03,-0.01,-33.333336,22.0,184,0.70312796875,False,REGULAR,USD,put,2026-05-22,QQQ
QQQ260522P00593000,2026-05-19 14:27:09+00:00,593.0,0.04,0.0,0.23,0.0,0.0,4.0,101,0.831056376953125,False,REGULAR,USD,put,2026-05-22,QQQ
QQQ260522P00594000,2026-05-18 16:07:22+00:00,594.0,0.05,0.01,0.23,0.0,0.0,15.0,188,0.8281267187499999,False,REGULAR,USD,put,2026-05-22,QQQ
QQQ260522P00595000,2026-05-20 15:59:13+00:00,595.0,0.02,0.0,1.96,-0.01,-33.333336,10.0,696,1.1196333081054686,False,REGULAR,USD,put,2026-05-22,QQQ
QQQ260522P00596000,2026-05-18 16:38:28+00:00,596.0,0.05,0.0,1.35,0.0,0.0,149.0,235,1.0405321411132817,False,REGULAR,USD,put,2026-05-22,QQQ
QQQ260522P00597000,2026-05-19 19:55:55+00:00,597.0,0.03,0.0,1.35,0.0,0.0,10.0,582,1.0322314013671878,False,REGULAR,USD,put,2026-05-22,QQQ
QQQ260522P00598000,2026-05-19 15:04:11+00:00,598.0,0.04,0.0,1.35,0.0,0.0,7.0,521,1.023930661621094,False,REGULAR,USD,put,2026-05-22,QQQ
QQQ260522P00599000,2026-05-20 14:18:44+00:00,599.0,0.03,0.0,1.35,0.0,0.0,5.0,469,1.015629921875,False,REGULAR,USD,put,2026-05-22,QQQ
QQQ260522P00600000,2026-05-20 18:38:32+00:00,600.0,0.03,0.01,0.04,0.0,0.0,128.0,2643,0.6679720703125002,False,REGULAR,USD,put,2026-05-22,QQQ
QQQ260522P00601000,2026-05-18 19:58:35+00:00,601.0,0.03,0.01,0.04,-0.020000001,-40.000004,1.0,432,0.6601596484375001,False,REGULAR,USD,put,2026-05-22,QQQ
QQQ260522P00602000,2026-05-19 19:29:00+00:00,602.0,0.02,0.0,1.35,-0.01,-33.333336,2.0,600,0.991211025390625,False,REGULAR,USD,put,2026-05-22,QQQ
QQQ260522P00603000,2026-05-19 16:59:23+00:00,603.0,0.03,0.0,1.35,0.0,0.0,5.0,312,0.9829103271484375,False,REGULAR,USD,put,2026-05-22,QQQ
QQQ260522P00604000,2026-05-20 20:10:33+00:00,604.0,0.03,0.02,0.03,-0.020000001,-40.000004,5.0,349,0.6445348046875,False,REGULAR,USD,put,2026-05-22,QQQ
QQQ260522P00605000,2026-05-20 15:59:13+00:00,605.0,0.03,0.02,1.35,-0.04,-57.142857,12.0,1271,0.9687503125,False,REGULAR,USD,put,2026-05-22,QQQ
QQQ260522P00606000,2026-05-19 14:51:55+00:00,606.0,0.02,0.02,0.04,-0.030000001,-60.0,1.0,657,0.6445348046875,False,REGULAR,USD,put,2026-05-22,QQQ
QQQ260522P00607000,2026-05-19 14:33:58+00:00,607.0,0.05,0.0,1.35,0.0,0.0,20.0,410,0.9501958105468749,False,REGULAR,USD,put,2026-05-22,QQQ
QQQ260522P00608000,2026-05-20 18:28:45+00:00,608.0,0.03,0.02,1.35,-0.020000001,-40.000004,15.0,511,0.9443364941406249,False,REGULAR,USD,put,2026-05-22,QQQ
QQQ260522P00609000,2026-05-20 17:07:17+00:00,609.0,0.02,0.02,0.04,-0.02,-50.0,51.0,825,0.6250037500000001,False,REGULAR,USD,put,2026-05-22,QQQ
QQQ260522P00610000,2026-05-20 19:39:30+00:00,610.0,0.02,0.02,0.04,-0.030000001,-60.0,21.0,3639,0.6210975390625001,False,REGULAR,USD,put,2026-05-22,QQQ
QQQ260522P00611000,2026-05-18 15:06:06+00:00,611.0,0.07,0.02,0.19,0.0,0.0,30.0,537,0.702151416015625,False,REGULAR,USD,put,2026-05-22,QQQ
QQQ260522P00612000,2026-05-20 19:25:31+00:00,612.0,0.02,0.0,0.04,-0.05,-71.42857,150.0,626,0.585941640625,False,REGULAR,USD,put,2026-05-22,QQQ
QQQ260522P00613000,2026-05-20 19:25:36+00:00,613.0,0.03,0.02,0.04,-0.020000001,-40.000004,32.0,203,0.6015664843750002,False,REGULAR,USD,put,2026-05-22,QQQ
QQQ260522P00614000,2026-05-20 19:24:51+00:00,614.0,0.03,0.02,0.24,-0.020000001,-40.000004,103.0,725,0.70117486328125,False,REGULAR,USD,put,2026-05-22,QQQ
QQQ260522P00615000,2026-05-20 20:07:10+00:00,615.0,0.04,0.0,0.04,0.0,0.0,1.0,895,0.570316796875,False,REGULAR,USD,put,2026-05-22,QQQ
QQQ260522P00616000,2026-05-19 19:00:28+00:00,616.0,0.03,0.0,0.24,-0.020000001,-40.000004,1.0,586,0.6796907031250001,False,REGULAR,USD,put,2026-05-22,QQQ
QQQ260522P00617000,2026-05-20 20:11:16+00:00,617.0,0.04,0.02,0.04,-0.010000002,-20.000002,6.0,289,0.57812921875,False,REGULAR,USD,put,2026-05-22,QQQ
QQQ260522P00618000,2026-05-18 18:51:41+00:00,618.0,0.08,0.0,0.24,0.0,0.0,3.0,253,0.6669955175781253,False,REGULAR,USD,put,2026-05-22,QQQ
QQQ260522P00619000,2026-05-19 14:02:01+00:00,619.0,0.06,0.0,1.36,0.0,0.0,22.0,1114,0.8535170898437501,False,REGULAR,USD,put,2026-05-22,QQQ
QQQ260522P00620000,2026-05-20 20:14:37+00:00,620.0,0.03,0.03,0.04,-0.03,-50.0,19.0,10335,0.570316796875,False,REGULAR,USD,put,2026-05-22,QQQ
QQQ260522P00621000,2026-05-19 14:10:24+00:00,621.0,0.03,0.03,1.36,-0.03,-50.0,2.0,346,0.8403336279296875,False,REGULAR,USD,put,2026-05-22,QQQ
QQQ260522P00622000,2026-05-19 14:18:22+00:00,622.0,0.07,0.0,1.36,0.0,0.0,1.0,606,0.8291032714843749,False,REGULAR,USD,put,2026-05-22,QQQ
QQQ260522P00623000,2026-05-20 16:18:06+00:00,623.0,0.03,0.03,1.36,-0.03,-50.0,1.0,426,0.8242205078124999,False,REGULAR,USD,put,2026-05-22,QQQ
QQQ260522P00624000,2026-05-20 14:40:39+00:00,624.0,0.04,0.03,0.05,-0.02,-33.333336,13.0,413,0.55273884765625,False,REGULAR,USD,put,2026-05-22,QQQ
QQQ260522P00625000,2026-05-20 19:51:05+00:00,625.0,0.04,0.03,0.05,-0.02,-33.333336,209.0,6789,0.5468795312500001,False,REGULAR,USD,put,2026-05-22,QQQ
QQQ260522P00626000,2026-05-19 19:32:38+00:00,626.0,0.06,0.03,0.25,0.0,0.0,62.0,744,0.6259803027343751,False,REGULAR,USD,put,2026-05-22,QQQ
QQQ260522P00627000,2026-05-19 19:10:43+00:00,627.0,0.06,0.03,0.05,0.0,0.0,10.0,19935,0.5351608984375,False,REGULAR,USD,put,2026-05-22,QQQ
QQQ260522P00628000,2026-05-20 15:50:50+00:00,628.0,0.04,0.03,0.05,-0.02,-33.333336,17.0,864,0.5293015820312501,False,REGULAR,USD,put,2026-05-22,QQQ
QQQ260522P00629000,2026-05-20 15:27:56+00:00,629.0,0.04,0.03,0.05,-0.07,-63.636364,30.0,321,0.523442265625,False,REGULAR,USD,put,2026-05-22,QQQ
QQQ260522P00630000,2026-05-20 19:47:56+00:00,630.0,0.04,0.03,0.05,-0.02,-33.333336,60.0,4857,0.51758294921875,False,REGULAR,USD,put,2026-05-22,QQQ
QQQ260522P00631000,2026-05-20 14:34:16+00:00,631.0,0.04,0.03,0.05,-0.07,-63.636364,31.0,503,0.5117236328125,False,REGULAR,USD,put,2026-05-22,QQQ
QQQ260522P00632000,2026-05-20 20:11:09+00:00,632.0,0.05,0.04,0.05,-0.009999998,-16.666662,44.0,230,0.5117236328125,False,REGULAR,USD,put,2026-05-22,QQQ
QQQ260522P00633000,2026-05-20 13:48:35+00:00,633.0,0.05,0.0,0.05,-0.02,-28.571428,1.0,462,0.5117236328125,False,REGULAR,USD,put,2026-05-22,QQQ
QQQ260522P00634000,2026-05-20 13:37:53+00:00,634.0,0.05,0.04,0.05,-0.02,-28.571428,41.0,318,0.500005,False,REGULAR,USD,put,2026-05-22,QQQ
QQQ260522P00635000,2026-05-20 19:58:59+00:00,635.0,0.05,0.04,0.26,-0.009999998,-16.666662,36.0,3190,0.570316796875,False,REGULAR,USD,put,2026-05-22,QQQ
QQQ260522P00636000,2026-05-20 18:53:25+00:00,636.0,0.05,0.04,0.25,-0.029999997,-37.499996,53.0,434,0.561527822265625,False,REGULAR,USD,put,2026-05-22,QQQ
QQQ260522P00637000,2026-05-20 13:49:35+00:00,637.0,0.06,0.04,0.06,-0.02,-25.0,104.0,534,0.49805189453125004,False,REGULAR,USD,put,2026-05-22,QQQ
QQQ260522P00638000,2026-05-20 19:57:07+00:00,638.0,0.05,0.04,0.06,-0.029999997,-37.499996,84.0,379,0.49023947265625006,False,REGULAR,USD,put,2026-05-22,QQQ
QQQ260522P00639000,2026-05-20 20:00:02+00:00,639.0,0.06,0.04,0.06,-0.030000005,-33.333336,190.0,1004,0.48438015625,False,REGULAR,USD,put,2026-05-22,QQQ
QQQ260522P00640000,2026-05-20 19:48:29+00:00,640.0,0.05,0.04,0.06,-0.009999998,-16.666662,549.0,3993,0.47852083984375,False,REGULAR,USD,put,2026-05-22,QQQ
QQQ260522P00641000,2026-05-20 16:44:09+00:00,641.0,0.06,0.05,0.06,-0.02,-25.0,37.0,517,0.4726615234375,False,REGULAR,USD,put,2026-05-22,QQQ
QQQ260522P00642000,2026-05-20 19:59:12+00:00,642.0,0.06,0.0,0.06,-0.030000005,-33.333336,145.0,1134,0.46680220703125,False,REGULAR,USD,put,2026-05-22,QQQ
QQQ260522P00643000,2026-05-20 19:59:05+00:00,643.0,0.06,0.01,0.07,-0.030000005,-33.333336,102.0,466,0.4687553125,False,REGULAR,USD,put,2026-05-22,QQQ
QQQ260522P00644000,2026-05-20 19:59:00+00:00,644.0,0.06,0.0,0.07,-0.030000005,-33.333336,35.0,477,0.46289599609375004,False,REGULAR,USD,put,2026-05-22,QQQ
QQQ260522P00645000,2026-05-20 19:21:39+00:00,645.0,0.06,0.05,0.07,-0.040000003,-40.000004,76.0,1190,0.45606012695312503,False,REGULAR,USD,put,2026-05-22,QQQ
QQQ260522P00646000,2026-05-20 18:01:27+00:00,646.0,0.07,0.05,0.07,-0.030000001,-30.0,19.0,486,0.44922425781249997,False,REGULAR,USD,put,2026-05-22,QQQ
QQQ260522P00647000,2026-05-20 19:51:10+00:00,647.0,0.07,0.05,0.07,-0.04,-36.363636,118.0,882,0.44336494140625,False,REGULAR,USD,put,2026-05-22,QQQ
QQQ260522P00648000,2026-05-20 19:59:27+00:00,648.0,0.07,0.05,0.07,-0.04,-36.363636,101.0,572,0.437505625,False,REGULAR,USD,put,2026-05-22,QQQ
QQQ260522P00649000,2026-05-20 19:59:12+00:00,649.0,0.07,0.0,0.08,-0.020000003,-22.222223,21.0,1033,0.43848217773437503,False,REGULAR,USD,put,2026-05-22,QQQ
QQQ260522P00650000,2026-05-20 20:13:49+00:00,650.0,0.07,0.06,0.1,-0.049999997,-41.666664,163.0,5194,0.44434149414062496,False,REGULAR,USD,put,2026-05-22,QQQ
QQQ260522P00651000,2026-05-20 16:55:30+00:00,651.0,0.07,0.0,0.08,-0.049999997,-41.666664,26.0,789,0.42578699218750005,False,REGULAR,USD,put,2026-05-22,QQQ
QQQ260522P00652000,2026-05-20 19:52:34+00:00,652.0,0.07,0.0,0.08,-0.059999995,-46.153843,22.0,1054,0.41992767578125,False,REGULAR,USD,put,2026-05-22,QQQ
QQQ260522P00653000,2026-05-20 19:59:53+00:00,653.0,0.08,0.07,0.08,-0.04,-33.333336,54.0,1206,0.41309180664062495,False,REGULAR,USD,put,2026-05-22,QQQ
QQQ260522P00654000,2026-05-20 16:26:38+00:00,654.0,0.1,0.0,0.09,-0.050000004,-33.333336,14.0,1605,0.41309180664062495,False,REGULAR,USD,put,2026-05-22,QQQ
QQQ260522P00655000,2026-05-20 20:14:40+00:00,655.0,0.07,0.07,0.09,-0.080000006,-53.333336,316.0,5017,0.4062559375,False,REGULAR,USD,put,2026-05-22,QQQ
QQQ260522P00656000,2026-05-20 19:49:08+00:00,656.0,0.09,0.0,0.09,-0.06999999,-43.749996,19.0,1031,0.40039662109375,False,REGULAR,USD,put,2026-05-22,QQQ
QQQ260522P00657000,2026-05-20 17:57:59+00:00,657.0,0.09,0.07,0.09,-0.08,-47.058823,223.0,1585,0.393560751953125,False,REGULAR,USD,put,2026-05-22,QQQ
QQQ260522P00658000,2026-05-20 19:11:02+00:00,658.0,0.08,0.07,0.1,-0.10000001,-55.555557,39.0,872,0.39258419921875,False,REGULAR,USD,put,2026-05-22,QQQ
QQQ260522P00659000,2026-05-20 19:39:30+00:00,659.0,0.08,0.08,0.1,-0.10000001,-55.555557,49.0,1199,0.3857483300781249,False,REGULAR,USD,put,2026-05-22,QQQ
QQQ260522P00660000,2026-05-20 20:07:24+00:00,660.0,0.1,0.08,0.1,-0.089999996,-47.368423,1544.0,66661,0.379889013671875,False,REGULAR,USD,put,2026-05-22,QQQ
QQQ260522P00661000,2026-05-20 19:44:07+00:00,661.0,0.1,0.01,0.11,-0.12,-54.545456,69.0,648,0.37793590820312495,False,REGULAR,USD,put,2026-05-22,QQQ
QQQ260522P00662000,2026-05-20 20:06:26+00:00,662.0,0.11,0.01,0.13,-0.14,-56.0,121.0,2327,0.379889013671875,False,REGULAR,USD,put,2026-05-22,QQQ
QQQ260522P00663000,2026-05-20 20:00:07+00:00,663.0,0.1,0.11,0.12,-0.15,-60.000004,209.0,939,0.36914693359375,False,REGULAR,USD,put,2026-05-22,QQQ
QQQ260522P00664000,2026-05-20 20:08:33+00:00,664.0,0.12,0.0,0.13,-0.16999999,-58.620686,112.0,1237,0.367193828125,False,REGULAR,USD,put,2026-05-22,QQQ
QQQ260522P00665000,2026-05-20 20:14:30+00:00,665.0,0.12,0.09,0.13,-0.16999999,-58.620686,1339.0,11899,0.36035795898437495,False,REGULAR,USD,put,2026-05-22,QQQ
QQQ260522P00666000,2026-05-20 19:56:50+00:00,666.0,0.11,0.11,0.14,-0.21,-65.625,196.0,1253,0.35742830078125,False,REGULAR,USD,put,2026-05-22,QQQ
QQQ260522P00667000,2026-05-20 19:56:04+00:00,667.0,0.13,0.09,0.15,-0.24000001,-64.86486,650.0,1136,0.3544986425781249,False,REGULAR,USD,put,2026-05-22,QQQ
QQQ260522P00668000,2026-05-20 20:05:06+00:00,668.0,0.14,0.0,0.15,-0.24999999,-64.10256,251.0,901,0.34766277343749996,False,REGULAR,USD,put,2026-05-22,QQQ
QQQ260522P00669000,2026-05-20 19:57:09+00:00,669.0,0.14,0.02,0.16,-0.27999997,-66.666664,324.0,1344,0.3437565625,False,REGULAR,USD,put,2026-05-22,QQQ
QQQ260522P00670000,2026-05-20 20:08:42+00:00,670.0,0.16,0.02,0.16,-0.3,-65.21739,3313.0,7741,0.336920693359375,False,REGULAR,USD,put,2026-05-22,QQQ
QQQ260522P00671000,2026-05-20 20:01:33+00:00,671.0,0.16,0.02,0.18,-0.34,-68.0,422.0,1209,0.3364324169921875,False,REGULAR,USD,put,2026-05-22,QQQ
QQQ260522P00672000,2026-05-20 19:59:33+00:00,672.0,0.17,0.09,0.22,-0.37,-68.51852,952.0,3198,0.3403386279296875,False,REGULAR,USD,put,2026-05-22,QQQ
QQQ260522P00673000,2026-05-20 19:59:56+00:00,673.0,0.18,0.09,0.4,-0.39,-68.42105,647.0,1106,0.3706117626953125,False,REGULAR,USD,put,2026-05-22,QQQ
QQQ260522P00674000,2026-05-20 20:01:33+00:00,674.0,0.19,0.2,0.22,-0.45,-70.3125,260.0,1103,0.32569033691406246,False,REGULAR,USD,put,2026-05-22,QQQ
QQQ260522P00675000,2026-05-20 20:10:23+00:00,675.0,0.21,0.19,0.27,-0.48000002,-69.565216,2314.0,12630,0.33008482421874996,False,REGULAR,USD,put,2026-05-22,QQQ
QQQ260522P00676000,2026-05-20 20:02:31+00:00,676.0,0.24,0.13,0.25,-0.59,-71.084335,765.0,1538,0.31836619140624994,False,REGULAR,USD,put,2026-05-22,QQQ
QQQ260522P00677000,2026-05-20 20:05:15+00:00,677.0,0.25,0.23,0.27,-0.59,-70.23809,421.0,2065,0.3154365332031249,False,REGULAR,USD,put,2026-05-22,QQQ
QQQ260522P00678000,2026-05-20 20:14:41+00:00,678.0,0.27,0.25,0.29,-0.71000004,-72.448975,931.0,3340,0.31201859863281245,False,REGULAR,USD,put,2026-05-22,QQQ
QQQ260522P00679000,2026-05-20 20:13:35+00:00,679.0,0.3,0.27,0.31,-0.74999994,-71.428566,532.0,2620,0.30811238769531246,False,REGULAR,USD,put,2026-05-22,QQQ
QQQ260522P00680000,2026-05-20 20:09:32+00:00,680.0,0.32,0.3,0.33,-0.77000004,-70.642204,3037.0,18035,0.3042061767578125,False,REGULAR,USD,put,2026-05-22,QQQ
QQQ260522P00681000,2026-05-20 20:11:07+00:00,681.0,0.35,0.15,0.36,-0.93999994,-72.86821,1478.0,1961,0.301764794921875,False,REGULAR,USD,put,2026-05-22,QQQ
QQQ260522P00682000,2026-05-20 20:14:14+00:00,682.0,0.38,0.18,0.39,-0.94000006,-71.21213,828.0,2241,0.2985909985351562,False,REGULAR,USD,put,2026-05-22,QQQ
QQQ260522P00683000,2026-05-20 20:07:59+00:00,683.0,0.42,0.35,0.42,-0.98,-70.0,2172.0,1924,0.2951730639648437,False,REGULAR,USD,put,2026-05-22,QQQ
QQQ260522P00684000,2026-05-20 20:14:25+00:00,684.0,0.43,0.41,0.44,-1.3499999,-75.84269,1817.0,1624,0.29004616210937495,False,REGULAR,USD,put,2026-05-22,QQQ
QQQ260522P00685000,2026-05-20 20:14:58+00:00,685.0,0.47,0.46,0.49,-1.24,-72.51462,21055.0,18797,0.2885813330078124,False,REGULAR,USD,put,2026-05-22,QQQ
QQQ260522P00686000,2026-05-20 20:14:53+00:00,686.0,0.52,0.5,0.53,-1.5,-74.25742,2060.0,1253,0.2854075366210937,False,REGULAR,USD,put,2026-05-22,QQQ
QQQ260522P00687000,2026-05-20 20:14:31+00:00,687.0,0.57,0.39,0.59,-1.4100001,-71.21213,2142.0,2263,0.28394270751953116,False,REGULAR,USD,put,2026-05-22,QQQ
QQQ260522P00688000,2026-05-20 20:11:32+00:00,688.0,0.65,0.6,0.68,-1.5500001,-70.454544,1832.0,3403,0.28516339843749994,False,REGULAR,USD,put,2026-05-22,QQQ
QQQ260522P00689000,2026-05-20 20:14:45+00:00,689.0,0.67,0.66,0.7,-1.77,-72.540985,2130.0,3014,0.278327529296875,False,REGULAR,USD,put,2026-05-22,QQQ
QQQ260522P00690000,2026-05-20 20:14:48+00:00,690.0,0.73,0.71,0.77,-1.9200001,-72.45283,9958.0,17047,0.27625235473632803,False,REGULAR,USD,put,2026-05-22,QQQ
QQQ260522P00691000,2026-05-20 20:14:16+00:00,691.0,0.82,0.61,0.84,-2.0900002,-71.82131,1511.0,2354,0.273444765625,False,REGULAR,USD,put,2026-05-22,QQQ
QQQ260522P00692000,2026-05-20 20:14:53+00:00,692.0,0.88,0.57,0.91,-2.31,-72.413795,1800.0,1316,0.27027096923828126,False,REGULAR,USD,put,2026-05-22,QQQ
QQQ260522P00693000,2026-05-20 20:13:14+00:00,693.0,0.99,0.61,1.26,-2.44,-71.137024,2836.0,1493,0.2876047802734374,False,REGULAR,USD,put,2026-05-22,QQQ
QQQ260522P00694000,2026-05-20 20:14:39+00:00,694.0,1.06,1.02,1.37,-2.8400002,-72.82051,2588.0,2113,0.28528546752929684,False,REGULAR,USD,put,2026-05-22,QQQ
QQQ260522P00695000,2026-05-20 20:14:46+00:00,695.0,1.17,1.12,1.17,-2.7600002,-70.22901,5932.0,6090,0.2612378564453125,False,REGULAR,USD,put,2026-05-22,QQQ
QQQ260522P00696000,2026-05-20 20:14:51+00:00,696.0,1.27,1.23,1.34,-3.0500002,-70.60185,2220.0,2379,0.26270268554687504,False,REGULAR,USD,put,2026-05-22,QQQ
QQQ260522P00697000,2026-05-20 20:13:32+00:00,697.0,1.41,1.36,1.93,-3.2600002,-69.80729,1228.0,1830,0.2882151257324218,False,REGULAR,USD,put,2026-05-22,QQQ
QQQ260522P00698000,2026-05-20 20:14:57+00:00,698.0,1.5,1.48,2.1,-3.56,-70.355736,2527.0,1746,0.28650615844726557,False,REGULAR,USD,put,2026-05-22,QQQ
QQQ260522P00699000,2026-05-20 20:14:38+00:00,699.0,1.67,1.63,2.14,-4.0299997,-70.70175,1612.0,2502,0.2771068383789062,False,REGULAR,USD,put,2026-05-22,QQQ
QQQ260522P00700000,2026-05-20 20:14:58+00:00,700.0,1.8,1.79,1.84,-4.0299997,-69.12521,13143.0,13804,0.24927508544921873,False,REGULAR,USD,put,2026-05-22,QQQ
QQQ260522P00701000,2026-05-20 20:14:55+00:00,701.0,2.0,1.96,2.49,-4.43,-68.8958,2316.0,1942,0.2712475219726562,False,REGULAR,USD,put,2026-05-22,QQQ
QQQ260522P00702000,2026-05-20 20:13:04+00:00,702.0,2.21,1.45,2.35,-4.55,-67.30769,4813.0,2517,0.25202164001464844,False,REGULAR,USD,put,2026-05-22,QQQ
QQQ260522P00703000,2026-05-20 20:13:50+00:00,703.0,2.43,2.2,2.59,-4.7,-65.91865,1899.0,1540,0.25110612182617187,False,REGULAR,USD,put,2026-05-22,QQQ
QQQ260522P00704000,2026-05-20 20:14:36+00:00,704.0,2.63,2.11,2.8,-5.15,-66.19537,4041.0,1859,0.24793232543945312,False,REGULAR,USD,put,2026-05-22,QQQ
QQQ260522P00705000,2026-05-20 20:14:51+00:00,705.0,2.91,2.86,3.2,-5.16,-63.94052,18747.0,15201,0.25250991638183595,False,REGULAR,USD,put,2026-05-22,QQQ
QQQ260522P00706000,2026-05-20 20:13:48+00:00,706.0,3.17,3.13,3.31,-5.51,-63.47926,3573.0,1219,0.2433547344970703,False,REGULAR,USD,put,2026-05-22,QQQ
QQQ260522P00707000,2026-05-20 20:13:44+00:00,707.0,3.5,3.42,4.17,-6.79,-65.9864,5895.0,1728,0.26508303283691403,False,REGULAR,USD,put,2026-05-22,QQQ
QQQ260522P00708000,2026-05-20 20:14:56+00:00,708.0,3.87,3.62,3.99,-6.75,-63.559322,4139.0,1702,0.2423781817626953,False,REGULAR,USD,put,2026-05-22,QQQ
QQQ260522P00709000,2026-05-20 20:14:29+00:00,709.0,4.16,3.98,4.19,-7.0,-62.724014,4013.0,1189,0.2348709326171875,False,REGULAR,USD,put,2026-05-22,QQQ
QQQ260522P00710000,2026-05-20 20:14:58+00:00,710.0,4.52,4.25,4.65,-6.5800004,-59.27928,8204.0,9081,0.23688507263183595,False,REGULAR,USD,put,2026-05-22,QQQ
QQQ260522P00711000,2026-05-20 20:14:52+00:00,711.0,5.01,3.76,5.18,-6.9299994,-58.0402,7406.0,2521,0.2406081799316406,False,REGULAR,USD,put,2026-05-22,QQQ
QQQ260522P00712000,2026-05-20 20:14:54+00:00,712.0,5.4,5.1,5.59,-6.9100003,-56.13323,3067.0,1278,0.23853300537109373,False,REGULAR,USD,put,2026-05-22,QQQ
QQQ260522P00713000,2026-05-20 20:14:50+00:00,713.0,5.9,4.6,5.98,-7.31,-55.336864,2738.0,2309,0.23474886352539062,False,REGULAR,USD,put,2026-05-22,QQQ
QQQ260522P00714000,2026-05-20 20:14:43+00:00,714.0,6.33,5.32,6.57,-8.43,-57.11382,1438.0,700,0.237739556274414,True,REGULAR,USD,put,2026-05-22,QQQ
QQQ260522P00715000,2026-05-20 20:14:45+00:00,715.0,6.9,6.5,7.08,-7.9500003,-53.53535,1419.0,3114,0.23657989990234374,True,REGULAR,USD,put,2026-05-22,QQQ
QQQ260522P00716000,2026-05-20 20:10:28+00:00,716.0,7.28,6.16,9.26,-7.9599996,-52.23097,641.0,647,0.2999337585449219,True,REGULAR,USD,put,2026-05-22,QQQ
QQQ260522P00717000,2026-05-20 20:05:13+00:00,717.0,8.02,6.74,9.2,-9.5,-54.223743,348.0,875,0.2749095947265625,True,REGULAR,USD,put,2026-05-22,QQQ
QQQ260522P00718000,2026-05-20 20:14:37+00:00,718.0,8.6,7.35,9.89,-8.609999,-50.02905,431.0,490,0.2784495983886719,True,REGULAR,USD,put,2026-05-22,QQQ
QQQ260522P00719000,2026-05-20 19:53:50+00:00,719.0,8.72,8.56,10.53,-10.3,-54.153522,106.0,562,0.27924304748535156,True,REGULAR,USD,put,2026-05-22,QQQ
QQQ260522P00720000,2026-05-20 20:12:14+00:00,720.0,10.0,9.25,10.2,-9.950001,-49.874687,1665.0,1501,0.23853300537109373,True,REGULAR,USD,put,2026-05-22,QQQ
QQQ260522P00721000,2026-05-20 19:11:07+00:00,721.0,11.3,9.19,12.37,-8.909999,-44.087082,59.0,985,0.3018258294677735,True,REGULAR,USD,put,2026-05-22,QQQ
QQQ260522P00722000,2026-05-20 20:07:32+00:00,722.0,11.2,9.9,13.12,-9.79,-46.64126,103.0,267,0.30524376403808595,True,REGULAR,USD,put,2026-05-22,QQQ
QQQ260522P00723000,2026-05-20 19:47:31+00:00,723.0,12.06,10.64,13.86,-10.5199995,-46.5899,80.0,167,0.3075630767822265,True,REGULAR,USD,put,2026-05-22,QQQ
QQQ260522P00724000,2026-05-20 19:52:05+00:00,724.0,13.0,11.4,14.38,-10.43,-44.51558,296.0,171,0.29944548217773437,True,REGULAR,USD,put,2026-05-22,QQQ
QQQ260522P00725000,2026-05-20 18:55:58+00:00,725.0,13.7,12.18,15.45,-10.8,-44.081635,78.0,181,0.315314464111328,True,REGULAR,USD,put,2026-05-22,QQQ
QQQ260522P00726000,2026-05-20 20:09:55+00:00,726.0,14.5,13.01,16.27,-8.879999,-37.98118,92.0,167,0.3194648132324218,True,REGULAR,USD,put,2026-05-22,QQQ
QQQ260522P00727000,2026-05-20 18:54:33+00:00,727.0,16.62,13.85,17.47,-7.8999996,-32.218594,55.0,12,0.3409489733886719,True,REGULAR,USD,put,2026-05-22,QQQ
QQQ260522P00728000,2026-05-20 18:22:23+00:00,728.0,16.45,14.73,18.38,-10.859999,-39.76565,19.0,74,0.34882242980957034,True,REGULAR,USD,put,2026-05-22,QQQ
QQQ260522P00729000,2026-05-20 17:20:15+00:00,729.0,19.17,15.61,19.29,-5.8199997,-23.289316,15.0,105,0.3563907135009765,True,REGULAR,USD,put,2026-05-22,QQQ
QQQ260522P00730000,2026-05-20 20:00:18+00:00,730.0,17.35,16.53,20.22,-11.219999,-39.27196,167.0,150,0.36463037719726565,True,REGULAR,USD,put,2026-05-22,QQQ
QQQ260522P00731000,2026-05-20 19:38:33+00:00,731.0,19.14,17.44,21.14,-7.17,-27.251995,89.0,13,0.372076591796875,True,REGULAR,USD,put,2026-05-22,QQQ
QQQ260522P00732000,2026-05-20 19:42:36+00:00,732.0,20.03,18.38,22.07,-7.619999,-27.558765,63.0,11,0.37982797912597654,True,REGULAR,USD,put,2026-05-22,QQQ
QQQ260522P00733000,2026-05-18 16:21:10+00:00,733.0,28.56,19.34,23.03,0.0,0.0,7.0,3,0.38892212646484375,True,REGULAR,USD,put,2026-05-22,QQQ
QQQ260522P00734000,2026-05-18 19:01:27+00:00,734.0,32.01,20.3,23.96,0.0,0.0,9.0,3,0.3961242028808594,True,REGULAR,USD,put,2026-05-22,QQQ
QQQ260522P00735000,2026-05-19 14:14:03+00:00,735.0,37.24,21.27,24.95,0.0,0.0,12.0,5,0.40643904113769536,True,REGULAR,USD,put,2026-05-22,QQQ
QQQ260522P00736000,2026-05-14 20:08:33+00:00,736.0,18.98,22.26,25.94,0.0,0.0,,2,0.41663181030273433,True,REGULAR,USD,put,2026-05-22,QQQ
QQQ260522P00737000,2026-05-15 15:37:34+00:00,737.0,25.63,23.25,26.92,0.0,0.0,9.0,0,0.4260311303710938,True,REGULAR,USD,put,2026-05-22,QQQ
QQQ260522P00738000,2026-05-15 17:32:24+00:00,738.0,25.08,24.24,27.51,0.0,0.0,8.0,0,0.4133359448242187,True,REGULAR,USD,put,2026-05-22,QQQ
QQQ260522P00739000,2026-05-15 14:08:01+00:00,739.0,31.69,25.24,28.88,0.0,0.0,2.0,0,0.44470770141601557,True,REGULAR,USD,put,2026-05-22,QQQ
QQQ260522P00740000,2026-05-20 20:03:00+00:00,740.0,27.9,26.23,29.88,-8.219999,-22.757475,2.0,0,0.4549615051269531,True,REGULAR,USD,put,2026-05-22,QQQ
QQQ260522P00744000,2026-05-13 16:56:33+00:00,744.0,31.0,30.23,33.88,0.0,0.0,,0,0.495122236328125,True,REGULAR,USD,put,2026-05-22,QQQ
QQQ260522P00745000,2026-05-19 15:54:09+00:00,745.0,46.0,31.23,34.86,0.0,0.0,5.0,0,0.5037891418457032,True,REGULAR,USD,put,2026-05-22,QQQ
QQQ260522P00750000,2026-05-20 18:37:27+00:00,750.0,38.81,35.63,39.85,-13.439999,-25.722486,10.0,16,0.5513960876464845,True,REGULAR,USD,put,2026-05-22,QQQ
QQQ260522P00755000,2026-05-14 13:36:36+00:00,755.0,38.35,40.64,44.84,0.0,0.0,,0,0.5974161352539062,True,REGULAR,USD,put,2026-05-22,QQQ
QQQ260522P00760000,2026-05-18 14:11:58+00:00,760.0,50.83,45.63,49.85,0.0,0.0,3.0,0,0.6434361828613282,True,REGULAR,USD,put,2026-05-22,QQQ
QQQ260522P00800000,2026-05-18 19:50:14+00:00,800.0,96.99,85.63,89.84,0.0,0.0,7.0,7,0.7380397290039062,True,REGULAR,USD,put,2026-05-22,QQQ
QQQ260522P00820000,2026-05-18 19:01:31+00:00,820.0,117.05,105.64,109.84,0.0,0.0,1.0,0,0.8635267553710937,True,REGULAR,USD,put,2026-05-22,QQQ
QQQ260526C00600000,2026-05-14 13:59:31+00:00,600.0,117.96,110.58,114.54,0.0,0.0,,1,0.7536645727539062,True,REGULAR,USD,call,2026-05-26,QQQ
QQQ260526C00605000,2026-05-18 15:58:23+00:00,605.0,99.65,105.55,109.55,0.0,0.0,1.0,1,0.7249783361816406,True,REGULAR,USD,call,2026-05-26,QQQ
QQQ260526C00620000,2026-05-20 18:13:38+00:00,620.0,91.36,90.57,94.59,7.1299973,8.464914,2.0,1,0.6401403173828125,True,REGULAR,USD,call,2026-05-26,QQQ
QQQ260526C00625000,2026-05-18 19:23:38+00:00,625.0,81.68,85.58,89.6,4.300003,5.5569954,1.0,62,0.611576149902344,True,REGULAR,USD,call,2026-05-26,QQQ
QQQ260526C00635000,2026-05-19 14:25:52+00:00,635.0,62.05,75.6,79.64,0.0,0.0,1.0,2,0.5556685058593751,True,REGULAR,USD,call,2026-05-26,QQQ
QQQ260526C00640000,2026-05-20 14:24:18+00:00,640.0,68.6,70.61,74.62,3.7999954,5.86419,1.0,9,0.524418818359375,True,REGULAR,USD,call,2026-05-26,QQQ
QQQ260526C00645000,2026-05-19 14:59:31+00:00,645.0,66.49,65.63,69.65,12.609997,23.403852,5.0,20,0.49695327270507816,True,REGULAR,USD,call,2026-05-26,QQQ
QQQ260526C00650000,2026-05-20 18:33:42+00:00,650.0,62.6,60.7,64.7,-0.25,-0.3977725,80.0,20,0.47070841796875,True,REGULAR,USD,call,2026-05-26,QQQ
QQQ260526C00655000,2026-05-20 17:44:21+00:00,655.0,56.37,55.68,59.73,5.3799973,10.551084,40.0,40,0.4426325268554688,True,REGULAR,USD,call,2026-05-26,QQQ
QQQ260526C00660000,2026-05-20 18:39:42+00:00,660.0,52.04,50.72,54.74,5.380001,11.530221,7.0,59,0.41296973754882804,True,REGULAR,USD,call,2026-05-26,QQQ
QQQ260526C00665000,2026-05-20 17:47:38+00:00,665.0,46.41,45.78,49.81,8.32,21.843004,16.0,57,0.38660281372070304,True,REGULAR,USD,call,2026-05-26,QQQ
QQQ260526C00670000,2026-05-20 19:48:05+00:00,670.0,42.73,40.88,44.91,10.43,32.291023,88.0,137,0.36133451171875,True,REGULAR,USD,call,2026-05-26,QQQ
QQQ260526C00671000,2026-05-20 13:36:31+00:00,671.0,35.04,39.94,43.94,0.6399994,1.8604633,2.0,49,0.3566958862304687,True,REGULAR,USD,call,2026-05-26,QQQ
QQQ260526C00672000,2026-05-20 18:33:42+00:00,672.0,39.78,38.97,42.96,9.299999,30.51181,28.0,54,0.35144691528320304,True,REGULAR,USD,call,2026-05-26,QQQ
QQQ260526C00673000,2026-05-20 14:26:26+00:00,673.0,35.88,37.99,41.99,6.300001,21.298178,15.0,33,0.34668622070312494,True,REGULAR,USD,call,2026-05-26,QQQ
QQQ260526C00675000,2026-05-20 14:42:10+00:00,675.0,34.69,36.03,40.06,6.909998,24.874002,6.0,59,0.3375310388183594,True,REGULAR,USD,call,2026-05-26,QQQ
QQQ260526C00676000,2026-05-20 15:03:23+00:00,676.0,34.6,35.09,39.1,4.5599976,15.179751,14.0,15,0.33301448242187504,True,REGULAR,USD,call,2026-05-26,QQQ
QQQ260526C00680000,2026-05-20 19:34:23+00:00,680.0,32.87,31.95,35.27,5.499998,20.094988,108.0,129,0.3149482568359374,True,REGULAR,USD,call,2026-05-26,QQQ
QQQ260526C00681000,2026-05-20 18:24:16+00:00,681.0,31.01,31.0,34.28,6.3999996,26.005686,10.0,4,0.3086006640625,True,REGULAR,USD,call,2026-05-26,QQQ
QQQ260526C00682000,2026-05-20 19:02:39+00:00,682.0,30.58,30.07,33.34,9.74,46.737045,34.0,36,0.30463341857910153,True,REGULAR,USD,call,2026-05-26,QQQ
QQQ260526C00685000,2026-05-20 19:41:38+00:00,685.0,28.47,27.28,30.59,9.01,46.300106,89.0,108,0.29480685668945306,True,REGULAR,USD,call,2026-05-26,QQQ
QQQ260526C00688000,2026-05-20 14:09:09+00:00,688.0,20.69,24.55,28.25,0.23000145,1.1241518,11.0,16,0.299262378540039,True,REGULAR,USD,call,2026-05-26,QQQ
QQQ260526C00690000,2026-05-20 19:05:46+00:00,690.0,23.06,22.74,26.25,7.539999,48.582466,3.0,67,0.2841868457031249,True,REGULAR,USD,call,2026-05-26,QQQ
QQQ260526C00691000,2026-05-20 19:05:46+00:00,691.0,22.19,21.88,25.37,7.1100006,47.148544,1.0,28,0.28089098022460934,True,REGULAR,USD,call,2026-05-26,QQQ
QQQ260526C00694000,2026-05-20 14:24:31+00:00,694.0,21.6,19.29,22.98,7.6400003,54.7278,16.0,33,0.2782054602050781,True,REGULAR,USD,call,2026-05-26,QQQ
QQQ260526C00695000,2026-05-20 19:52:10+00:00,695.0,19.73,18.5,20.87,7.2199993,57.71382,412.0,162,0.23242955078125,True,REGULAR,USD,call,2026-05-26,QQQ
QQQ260526C00696000,2026-05-20 20:09:27+00:00,696.0,19.1,17.62,21.07,5.6400003,41.901936,16.0,206,0.264655791015625,True,REGULAR,USD,call,2026-05-26,QQQ
QQQ260526C00698000,2026-05-20 16:38:57+00:00,698.0,15.58,16.06,19.36,3.2799997,26.666664,13.0,113,0.25690440368652345,True,REGULAR,USD,call,2026-05-26,QQQ
QQQ260526C00699000,2026-05-20 15:52:28+00:00,699.0,16.61,15.22,17.7,6.6900005,67.43952,35.0,43,0.22791299438476562,True,REGULAR,USD,call,2026-05-26,QQQ
QQQ260526C00700000,2026-05-20 20:07:45+00:00,700.0,16.59,14.51,17.59,7.1900005,76.48937,1416.0,1229,0.24640646179199222,True,REGULAR,USD,call,2026-05-26,QQQ
QQQ260526C00701000,2026-05-20 19:54:58+00:00,701.0,14.6,13.74,16.88,5.870001,67.23942,66.0,144,0.2459181854248047,True,REGULAR,USD,call,2026-05-26,QQQ
QQQ260526C00703000,2026-05-20 19:58:35+00:00,703.0,13.89,12.24,14.53,6.1800003,80.15564,109.0,335,0.21750660430908203,True,REGULAR,USD,call,2026-05-26,QQQ
QQQ260526C00704000,2026-05-20 19:48:18+00:00,704.0,13.26,11.54,13.82,6.36,92.17391,450.0,428,0.21637746520996093,True,REGULAR,USD,call,2026-05-26,QQQ
QQQ260526C00705000,2026-05-20 20:10:56+00:00,705.0,12.03,10.84,13.42,5.2099996,76.39295,1834.0,1155,0.22327436889648436,True,REGULAR,USD,call,2026-05-26,QQQ
QQQ260526C00706000,2026-05-20 20:11:49+00:00,706.0,11.07,10.47,12.2,5.0099998,82.67326,814.0,368,0.20734435241699217,True,REGULAR,USD,call,2026-05-26,QQQ
QQQ260526C00707000,2026-05-20 20:10:16+00:00,707.0,10.64,9.52,12.51,4.8700004,84.402084,538.0,276,0.23212437805175778,True,REGULAR,USD,call,2026-05-26,QQQ
QQQ260526C00708000,2026-05-20 20:00:05+00:00,708.0,10.39,8.88,11.84,5.1800003,99.42419,791.0,341,0.23004920349121094,True,REGULAR,USD,call,2026-05-26,QQQ
QQQ260526C00709000,2026-05-20 20:10:16+00:00,709.0,9.35,8.27,10.94,4.4600005,91.20656,514.0,207,0.22165695343017577,True,REGULAR,USD,call,2026-05-26,QQQ
QQQ260526C00710000,2026-05-20 20:10:16+00:00,710.0,8.73,7.85,10.17,4.2199993,93.569824,2028.0,993,0.21625539611816402,True,REGULAR,USD,call,2026-05-26,QQQ
QQQ260526C00711000,2026-05-20 20:12:11+00:00,711.0,7.91,7.1,8.9,3.69,87.440765,1248.0,232,0.19770089416503905,True,REGULAR,USD,call,2026-05-26,QQQ
QQQ260526C00712000,2026-05-20 20:12:30+00:00,712.0,7.4,6.71,9.05,3.5600002,92.70834,1075.0,237,0.21497367065429687,True,REGULAR,USD,call,2026-05-26,QQQ
QQQ260526C00713000,2026-05-20 20:10:16+00:00,713.0,7.01,5.99,8.88,3.4500003,96.910126,924.0,294,0.22348798980712886,True,REGULAR,USD,call,2026-05-26,QQQ
QQQ260526C00714000,2026-05-20 20:10:16+00:00,714.0,6.48,5.5,8.31,3.28,102.5,386.0,385,0.2213822979736328,False,REGULAR,USD,call,2026-05-26,QQQ
QQQ260526C00715000,2026-05-20 20:11:09+00:00,715.0,5.92,5.16,5.87,3.02,104.137924,1310.0,1485,0.1712119012451172,False,REGULAR,USD,call,2026-05-26,QQQ
QQQ260526C00716000,2026-05-20 20:14:58+00:00,716.0,5.39,5.26,5.55,2.77,105.7252,941.0,696,0.1742941458129883,False,REGULAR,USD,call,2026-05-26,QQQ
QQQ260526C00717000,2026-05-20 20:14:57+00:00,717.0,5.13,4.24,5.42,2.75,115.54621,435.0,147,0.18177087768554687,False,REGULAR,USD,call,2026-05-26,QQQ
QQQ260526C00718000,2026-05-20 20:09:46+00:00,718.0,4.64,3.67,6.29,2.4999998,116.82241,157.0,238,0.21491263610839845,False,REGULAR,USD,call,2026-05-26,QQQ
QQQ260526C00719000,2026-05-20 20:14:37+00:00,719.0,4.1,3.34,5.0,2.1599998,111.340195,304.0,434,0.19129226684570313,False,REGULAR,USD,call,2026-05-26,QQQ
QQQ260526C00720000,2026-05-20 20:14:52+00:00,720.0,3.69,2.93,3.75,1.99,117.05882,3748.0,1069,0.16718362121582034,False,REGULAR,USD,call,2026-05-26,QQQ
QQQ260526C00721000,2026-05-20 20:12:46+00:00,721.0,3.36,2.56,4.13,1.8199999,118.18182,437.0,404,0.1868367449951172,False,REGULAR,USD,call,2026-05-26,QQQ
QQQ260526C00722000,2026-05-20 20:11:37+00:00,722.0,3.04,2.46,3.75,1.66,120.289856,688.0,2278,0.18518881225585934,False,REGULAR,USD,call,2026-05-26,QQQ
QQQ260526C00723000,2026-05-20 19:59:56+00:00,723.0,2.97,2.68,3.54,1.76,145.45454,1433.0,1248,0.1878438150024414,False,REGULAR,USD,call,2026-05-26,QQQ
QQQ260526C00724000,2026-05-20 20:12:20+00:00,724.0,2.37,1.95,3.06,1.2499999,111.60713,2180.0,1115,0.18201501586914062,False,REGULAR,USD,call,2026-05-26,QQQ
QQQ260526C00725000,2026-05-20 20:12:41+00:00,725.0,2.13,1.43,2.19,1.1500001,117.34695,1058.0,2424,0.16254499572753905,False,REGULAR,USD,call,2026-05-26,QQQ
QQQ260526C00726000,2026-05-20 20:11:58+00:00,726.0,1.9,1.69,2.3,1.04,120.93023,318.0,173,0.17371431762695314,False,REGULAR,USD,call,2026-05-26,QQQ
QQQ260526C00727000,2026-05-20 20:13:13+00:00,727.0,1.74,1.11,2.14,0.99,132.0,423.0,127,0.17566742309570313,False,REGULAR,USD,call,2026-05-26,QQQ
QQQ260526C00728000,2026-05-20 20:12:55+00:00,728.0,1.5,1.46,2.04,0.82,120.588234,284.0,1153,0.17932949584960936,False,REGULAR,USD,call,2026-05-26,QQQ
QQQ260526C00729000,2026-05-20 20:11:06+00:00,729.0,1.33,0.83,1.34,0.74000007,125.423744,248.0,254,0.1595543029785156,False,REGULAR,USD,call,2026-05-26,QQQ
QQQ260526C00730000,2026-05-20 20:14:56+00:00,730.0,1.15,1.06,1.26,0.62,116.98114,756.0,708,0.1626060302734375,False,REGULAR,USD,call,2026-05-26,QQQ
QQQ260526C00731000,2026-05-20 20:06:01+00:00,731.0,0.94,0.61,1.02,0.21999997,30.55555,156.0,114,0.1579063702392578,False,REGULAR,USD,call,2026-05-26,QQQ
QQQ260526C00732000,2026-05-20 20:12:43+00:00,732.0,0.85,0.84,1.04,0.46000004,117.94873,351.0,213,0.1648643084716797,False,REGULAR,USD,call,2026-05-26,QQQ
QQQ260526C00733000,2026-05-20 20:07:25+00:00,733.0,0.74,0.48,1.03,0.25,51.02041,87.0,315,0.17029638305664066,False,REGULAR,USD,call,2026-05-26,QQQ
QQQ260526C00734000,2026-05-20 20:09:48+00:00,734.0,0.65,0.36,0.8,0.16999999,35.416664,1562.0,86,0.16407085937500002,False,REGULAR,USD,call,2026-05-26,QQQ
QQQ260526C00735000,2026-05-20 20:12:57+00:00,735.0,0.54,0.33,0.75,0.29000002,116.00001,259.0,603,0.1667563793945313,False,REGULAR,USD,call,2026-05-26,QQQ
QQQ260526C00736000,2026-05-20 20:02:58+00:00,736.0,0.42,0.25,0.64,0.19999999,90.90908,72.0,141,0.16541361938476565,False,REGULAR,USD,call,2026-05-26,QQQ
QQQ260526C00737000,2026-05-20 20:07:20+00:00,737.0,0.37,0.17,0.58,0.18,94.73685,64.0,56,0.16663431030273443,False,REGULAR,USD,call,2026-05-26,QQQ
QQQ260526C00738000,2026-05-20 20:07:15+00:00,738.0,0.31,0.32,0.52,0.17,121.42857,79.0,354,0.16748879394531252,False,REGULAR,USD,call,2026-05-26,QQQ
QQQ260526C00739000,2026-05-20 20:11:43+00:00,739.0,0.25,0.06,0.47,0.11,78.57143,57.0,70,0.1687094848632813,False,REGULAR,USD,call,2026-05-26,QQQ
QQQ260526C00740000,2026-05-20 20:09:37+00:00,740.0,0.21,0.21,0.42,0.08,61.538464,362.0,328,0.1694418994140625,False,REGULAR,USD,call,2026-05-26,QQQ
QQQ260526C00741000,2026-05-20 20:14:46+00:00,741.0,0.2,0.12,0.4,0.09,81.818184,129.0,42,0.1724936267089844,False,REGULAR,USD,call,2026-05-26,QQQ
QQQ260526C00742000,2026-05-20 20:08:34+00:00,742.0,0.14,0.0,0.37,0.049999997,55.55555,163.0,210,0.1744467321777344,False,REGULAR,USD,call,2026-05-26,QQQ
QQQ260526C00743000,2026-05-20 19:58:24+00:00,743.0,0.11,0.12,0.33,0.04,57.142857,285.0,119,0.17505707763671874,False,REGULAR,USD,call,2026-05-26,QQQ
QQQ260526C00744000,2026-05-20 18:12:40+00:00,744.0,0.16,0.0,0.32,0.06999999,77.77776,10.0,26,0.178719150390625,False,REGULAR,USD,call,2026-05-26,QQQ
QQQ260526C00745000,2026-05-20 20:09:37+00:00,745.0,0.08,0.05,0.3,0.0,0.0,90.0,183,0.18091639404296872,False,REGULAR,USD,call,2026-05-26,QQQ
QQQ260526C00746000,2026-05-20 16:57:16+00:00,746.0,0.14,0.0,0.09,0.07,100.0,28.0,59,0.15235222656250003,False,REGULAR,USD,call,2026-05-26,QQQ
QQQ260526C00747000,2026-05-19 14:01:50+00:00,747.0,0.09,0.0,0.08,0.010000005,12.500007,1.0,61,0.15332877929687502,False,REGULAR,USD,call,2026-05-26,QQQ
QQQ260526C00750000,2026-05-20 20:10:36+00:00,750.0,0.04,0.0,0.05,-0.02,-33.333336,101.0,1108,0.15528188476562502,False,REGULAR,USD,call,2026-05-26,QQQ
QQQ260526C00755000,2026-05-20 19:53:57+00:00,755.0,0.04,0.02,0.03,0.0,0.0,48.0,166,0.16211775390625,False,REGULAR,USD,call,2026-05-26,QQQ
QQQ260526C00760000,2026-05-20 18:23:29+00:00,760.0,0.04,0.0,0.03,0.0,0.0,50.0,323,0.179695703125,False,REGULAR,USD,call,2026-05-26,QQQ
QQQ260526C00765000,2026-05-20 19:57:57+00:00,765.0,0.02,0.0,0.03,-0.01,-33.333336,19.0,241,0.195320546875,False,REGULAR,USD,call,2026-05-26,QQQ
QQQ260526C00770000,2026-05-20 19:53:17+00:00,770.0,0.02,0.0,0.02,-0.01,-33.333336,1.0,125,0.20313296874999998,False,REGULAR,USD,call,2026-05-26,QQQ
QQQ260526C00775000,2026-05-20 17:05:35+00:00,775.0,0.01,0.01,0.02,-0.02,-66.66667,40.0,356,0.21875781249999998,False,REGULAR,USD,call,2026-05-26,QQQ
QQQ260526C00780000,2026-05-20 17:28:53+00:00,780.0,0.01,0.0,0.02,-0.080000006,-88.88889,2.0,21,0.23242955078125,False,REGULAR,USD,call,2026-05-26,QQQ
QQQ260526C00790000,2026-05-18 19:59:54+00:00,790.0,0.01,0.0,0.21,-0.01,-50.0,6.0,42,0.34570966796874997,False,REGULAR,USD,call,2026-05-26,QQQ
QQQ260526C00795000,2026-05-18 14:34:42+00:00,795.0,0.03,0.0,0.21,0.0,0.0,1.0,100,0.36377589355468753,False,REGULAR,USD,call,2026-05-26,QQQ
QQQ260526C00800000,2026-05-19 14:50:15+00:00,800.0,0.01,0.0,0.21,0.0,0.0,53.0,166,0.38184211914062494,False,REGULAR,USD,call,2026-05-26,QQQ
QQQ260526P00525000,2026-05-19 18:36:43+00:00,525.0,0.02,0.0,0.23,0.0,0.0,2938.0,3089,0.85937640625,False,REGULAR,USD,put,2026-05-26,QQQ
QQQ260526P00530000,2026-05-15 18:58:03+00:00,530.0,0.04,0.0,0.23,0.0,0.0,20.0,21,0.8339860351562498,False,REGULAR,USD,put,2026-05-26,QQQ
QQQ260526P00535000,2026-05-15 17:39:50+00:00,535.0,0.04,0.0,0.23,0.0,0.0,220.0,216,0.8105487695312499,False,REGULAR,USD,put,2026-05-26,QQQ
QQQ260526P00540000,2026-05-15 13:55:08+00:00,540.0,0.06,0.01,0.23,0.0,0.0,126.0,126,0.79101771484375,False,REGULAR,USD,put,2026-05-26,QQQ
QQQ260526P00545000,2026-05-15 18:51:07+00:00,545.0,0.05,0.0,0.23,0.0,0.0,169.0,169,0.76367423828125,False,REGULAR,USD,put,2026-05-26,QQQ
QQQ260526P00550000,2026-05-15 14:00:50+00:00,550.0,0.08,0.01,0.23,0.0,0.0,234.0,234,0.743166630859375,False,REGULAR,USD,put,2026-05-26,QQQ
QQQ260526P00555000,2026-05-19 14:17:52+00:00,555.0,0.03,0.0,0.23,0.0,0.0,100.0,124,0.71679970703125,False,REGULAR,USD,put,2026-05-26,QQQ
QQQ260526P00560000,2026-05-15 14:20:39+00:00,560.0,0.08,0.0,0.24,0.0,0.0,97.0,97,0.6972686523437501,False,REGULAR,USD,put,2026-05-26,QQQ
QQQ260526P00570000,2026-05-19 13:37:25+00:00,570.0,0.03,0.01,0.24,0.0,0.0,1.0,7,0.6543003320312502,False,REGULAR,USD,put,2026-05-26,QQQ
QQQ260526P00575000,2026-05-20 16:44:32+00:00,575.0,0.03,0.02,0.04,-0.01,-25.0,10.0,35,0.5429733203125001,False,REGULAR,USD,put,2026-05-26,QQQ
QQQ260526P00580000,2026-05-19 16:24:29+00:00,580.0,0.04,0.0,0.09,0.0,0.0,15.0,17,0.5449264257812501,False,REGULAR,USD,put,2026-05-26,QQQ
QQQ260526P00590000,2026-05-18 14:38:40+00:00,590.0,0.09,0.0,0.25,0.0,0.0,101.0,102,0.5625043750000001,False,REGULAR,USD,put,2026-05-26,QQQ
QQQ260526P00595000,2026-05-19 14:19:22+00:00,595.0,0.07,0.0,0.08,0.0,0.0,1.0,2,0.5136767382812499,False,REGULAR,USD,put,2026-05-26,QQQ
QQQ260526P00600000,2026-05-19 19:08:14+00:00,600.0,0.06,0.0,0.25,0.0,0.0,1.0,48,0.5185595019531251,False,REGULAR,USD,put,2026-05-26,QQQ
QQQ260526P00605000,2026-05-20 19:44:43+00:00,605.0,0.05,0.04,0.06,-0.029999997,-37.499996,34.0,108,0.45606012695312503,False,REGULAR,USD,put,2026-05-26,QQQ
QQQ260526P00610000,2026-05-20 15:43:40+00:00,610.0,0.05,0.0,0.06,-0.009999998,-16.666662,8.0,306,0.43555251953125,False,REGULAR,USD,put,2026-05-26,QQQ
QQQ260526P00615000,2026-05-20 14:18:04+00:00,615.0,0.07,0.04,0.26,-0.009999998,-12.499997,5.0,86,0.49805189453125004,False,REGULAR,USD,put,2026-05-26,QQQ
QQQ260526P00620000,2026-05-19 19:32:11+00:00,620.0,0.08,0.0,0.07,-0.010000005,-11.111116,1.0,175,0.401373173828125,False,REGULAR,USD,put,2026-05-26,QQQ
QQQ260526P00625000,2026-05-20 19:44:43+00:00,625.0,0.06,0.0,0.28,-0.040000003,-40.000004,72.0,163,0.45606012695312503,False,REGULAR,USD,put,2026-05-26,QQQ
QQQ260526P00630000,2026-05-20 19:47:56+00:00,630.0,0.09,0.0,0.08,-0.029999994,-24.999994,12.0,168,0.366217275390625,False,REGULAR,USD,put,2026-05-26,QQQ
QQQ260526P00635000,2026-05-20 19:39:28+00:00,635.0,0.08,0.0,0.29,-0.049999997,-38.461536,46.0,805,0.4106504248046875,False,REGULAR,USD,put,2026-05-26,QQQ
QQQ260526P00640000,2026-05-20 19:29:44+00:00,640.0,0.1,0.09,0.1,-0.07,-41.17647,55.0,667,0.33301448242187504,False,REGULAR,USD,put,2026-05-26,QQQ
QQQ260526P00645000,2026-05-20 19:44:43+00:00,645.0,0.12,0.1,0.12,-0.089999996,-42.857143,65.0,512,0.3193427441406249,False,REGULAR,USD,put,2026-05-26,QQQ
QQQ260526P00650000,2026-05-20 19:44:20+00:00,650.0,0.14,0.12,0.14,-0.11999999,-46.153843,421.0,1326,0.3042061767578125,False,REGULAR,USD,put,2026-05-26,QQQ
QQQ260526P00655000,2026-05-20 19:47:23+00:00,655.0,0.17,0.15,0.17,-0.19000001,-52.777782,204.0,1438,0.29004616210937495,False,REGULAR,USD,put,2026-05-26,QQQ
QQQ260526P00660000,2026-05-20 20:14:35+00:00,660.0,0.2,0.19,0.21,-0.26999998,-57.446808,357.0,1762,0.27637442382812494,False,REGULAR,USD,put,2026-05-26,QQQ
QQQ260526P00665000,2026-05-20 20:04:30+00:00,665.0,0.25,0.24,0.46,-0.41000003,-62.121216,202.0,1508,0.2902903002929687,False,REGULAR,USD,put,2026-05-26,QQQ
QQQ260526P00670000,2026-05-20 19:59:49+00:00,670.0,0.34,0.34,0.57,-0.61,-64.210526,5688.0,10378,0.2761302856445312,False,REGULAR,USD,put,2026-05-26,QQQ
QQQ260526P00671000,2026-05-20 19:26:45+00:00,671.0,0.36,0.36,0.59,-0.72,-66.666664,52.0,153,0.27283442016601556,False,REGULAR,USD,put,2026-05-26,QQQ
QQQ260526P00672000,2026-05-20 20:11:31+00:00,672.0,0.43,0.2,0.61,-0.68,-61.26126,223.0,299,0.2694164855957031,False,REGULAR,USD,put,2026-05-26,QQQ
QQQ260526P00673000,2026-05-20 19:56:45+00:00,673.0,0.43,0.41,0.65,-0.79,-64.7541,133.0,395,0.26758544921875,False,REGULAR,USD,put,2026-05-26,QQQ
QQQ260526P00674000,2026-05-20 19:00:27+00:00,674.0,0.48,0.26,0.69,-0.89,-64.9635,69.0,189,0.26563234375,False,REGULAR,USD,put,2026-05-26,QQQ
QQQ260526P00675000,2026-05-20 20:11:07+00:00,675.0,0.51,0.44,0.72,-0.87,-63.04348,629.0,649,0.26270268554687504,False,REGULAR,USD,put,2026-05-26,QQQ
QQQ260526P00676000,2026-05-20 19:38:29+00:00,676.0,0.5,0.51,0.75,-1.08,-68.35443,345.0,268,0.25952888916015626,False,REGULAR,USD,put,2026-05-26,QQQ
QQQ260526P00677000,2026-05-20 19:55:55+00:00,677.0,0.57,0.38,0.79,-1.1300001,-66.4706,85.0,171,0.2569654382324219,False,REGULAR,USD,put,2026-05-26,QQQ
QQQ260526P00678000,2026-05-20 19:40:37+00:00,678.0,0.6,0.43,0.72,-1.15,-65.71429,156.0,131,0.24597921997070313,False,REGULAR,USD,put,2026-05-26,QQQ
QQQ260526P00679000,2026-05-20 19:39:32+00:00,679.0,0.61,0.63,0.87,-1.31,-68.22917,328.0,324,0.2514723291015625,False,REGULAR,USD,put,2026-05-26,QQQ
QQQ260526P00680000,2026-05-20 20:12:55+00:00,680.0,0.73,0.55,0.93,-1.23,-62.7551,2007.0,1828,0.24976336181640624,False,REGULAR,USD,put,2026-05-26,QQQ
QQQ260526P00681000,2026-05-20 20:10:32+00:00,681.0,0.76,0.54,0.95,-1.44,-65.454544,172.0,139,0.2452468054199219,False,REGULAR,USD,put,2026-05-26,QQQ
QQQ260526P00682000,2026-05-20 19:25:32+00:00,682.0,0.8,0.78,1.02,-1.6100001,-66.804985,155.0,1232,0.24378197631835938,False,REGULAR,USD,put,2026-05-26,QQQ
QQQ260526P00683000,2026-05-20 20:11:59+00:00,683.0,0.91,0.83,1.15,-1.51,-62.39669,232.0,649,0.24549094360351562,False,REGULAR,USD,put,2026-05-26,QQQ
QQQ260526P00684000,2026-05-20 20:12:37+00:00,684.0,0.96,0.9,1.22,-1.69,-63.773582,94.0,722,0.24341576904296874,False,REGULAR,USD,put,2026-05-26,QQQ
QQQ260526P00685000,2026-05-20 20:07:26+00:00,685.0,1.03,0.97,1.05,-1.74,-62.815884,4375.0,1080,0.22754678710937498,False,REGULAR,USD,put,2026-05-26,QQQ
QQQ260526P00686000,2026-05-20 20:14:30+00:00,686.0,1.1,0.87,1.41,-2.19,-66.56535,219.0,243,0.24085231811523436,False,REGULAR,USD,put,2026-05-26,QQQ
QQQ260526P00687000,2026-05-20 20:11:31+00:00,687.0,1.2,1.0,1.37,-2.03,-62.848297,209.0,257,0.23242955078125,False,REGULAR,USD,put,2026-05-26,QQQ
QQQ260526P00688000,2026-05-20 20:05:54+00:00,688.0,1.28,0.89,1.63,-2.32,-64.44444,300.0,284,0.23853300537109373,False,REGULAR,USD,put,2026-05-26,QQQ
QQQ260526P00689000,2026-05-20 19:57:29+00:00,689.0,1.36,1.3,1.75,-2.3400002,-63.243244,159.0,645,0.2373733489990234,False,REGULAR,USD,put,2026-05-26,QQQ
QQQ260526P00690000,2026-05-20 20:12:55+00:00,690.0,1.47,1.03,1.46,-2.3899999,-61.917095,2749.0,1819,0.21741505249023438,False,REGULAR,USD,put,2026-05-26,QQQ
QQQ260526P00691000,2026-05-20 20:12:54+00:00,691.0,1.59,1.13,2.01,-2.8199997,-63.94557,249.0,238,0.23474886352539062,False,REGULAR,USD,put,2026-05-26,QQQ
QQQ260526P00692000,2026-05-20 20:05:45+00:00,692.0,1.71,1.36,2.04,-3.02,-63.84778,221.0,245,0.22888954711914064,False,REGULAR,USD,put,2026-05-26,QQQ
QQQ260526P00693000,2026-05-20 20:06:39+00:00,693.0,1.85,1.13,2.29,-2.9900002,-61.776863,381.0,509,0.23157506713867188,False,REGULAR,USD,put,2026-05-26,QQQ
QQQ260526P00694000,2026-05-20 19:58:04+00:00,694.0,1.92,1.42,2.3,-3.48,-64.44444,397.0,216,0.22461712890624996,False,REGULAR,USD,put,2026-05-26,QQQ
QQQ260526P00695000,2026-05-20 20:09:53+00:00,695.0,2.07,1.51,2.54,-3.5200002,-62.969593,939.0,1174,0.22602092346191405,False,REGULAR,USD,put,2026-05-26,QQQ
QQQ260526P00696000,2026-05-20 19:53:16+00:00,696.0,2.16,2.0,2.89,-3.5399997,-62.10526,170.0,527,0.2306595489501953,False,REGULAR,USD,put,2026-05-26,QQQ
QQQ260526P00697000,2026-05-20 20:01:07+00:00,697.0,2.41,1.73,2.87,-3.74,-60.813007,156.0,255,0.222114712524414,False,REGULAR,USD,put,2026-05-26,QQQ
QQQ260526P00698000,2026-05-20 20:10:12+00:00,698.0,2.6,1.92,3.3,-4.11,-61.25186,356.0,331,0.22827920166015625,False,REGULAR,USD,put,2026-05-26,QQQ
QQQ260526P00699000,2026-05-20 20:09:54+00:00,699.0,2.81,2.1,3.28,-4.28,-60.36672,237.0,263,0.2194291925048828,False,REGULAR,USD,put,2026-05-26,QQQ
QQQ260526P00700000,2026-05-20 20:14:52+00:00,700.0,3.02,2.96,3.03,-4.2,-58.17174,8424.0,1733,0.20319400329589843,False,REGULAR,USD,put,2026-05-26,QQQ
QQQ260526P00701000,2026-05-20 20:11:07+00:00,701.0,3.27,2.55,4.07,-4.78,-59.378883,209.0,332,0.22657023437499998,False,REGULAR,USD,put,2026-05-26,QQQ
QQQ260526P00702000,2026-05-20 20:14:48+00:00,702.0,3.47,2.78,4.25,-4.8599997,-58.343334,1729.0,246,0.22290816162109373,False,REGULAR,USD,put,2026-05-26,QQQ
QQQ260526P00703000,2026-05-20 20:11:17+00:00,703.0,3.77,3.01,4.65,-5.2900004,-58.388523,298.0,206,0.22522747436523435,False,REGULAR,USD,put,2026-05-26,QQQ
QQQ260526P00704000,2026-05-20 20:07:37+00:00,704.0,4.0,3.26,4.8,-5.1000004,-56.043957,398.0,318,0.22003953796386716,False,REGULAR,USD,put,2026-05-26,QQQ
QQQ260526P00705000,2026-05-20 20:14:31+00:00,705.0,4.3,4.19,4.98,-5.3199997,-55.301456,2047.0,554,0.21537039520263673,False,REGULAR,USD,put,2026-05-26,QQQ
QQQ260526P00706000,2026-05-20 20:10:58+00:00,706.0,4.57,4.53,5.73,-5.7999997,-55.93057,387.0,319,0.2257767852783203,False,REGULAR,USD,put,2026-05-26,QQQ
QQQ260526P00707000,2026-05-20 20:12:19+00:00,707.0,5.04,4.15,6.54,-5.7799997,-53.419594,1068.0,269,0.23691558990478517,False,REGULAR,USD,put,2026-05-26,QQQ
QQQ260526P00708000,2026-05-20 20:11:10+00:00,708.0,5.28,4.54,6.12,-5.77,-52.217194,744.0,205,0.2151567742919922,False,REGULAR,USD,put,2026-05-26,QQQ
QQQ260526P00709000,2026-05-20 20:06:35+00:00,709.0,5.77,4.84,7.12,-6.2900004,-52.15589,487.0,277,0.23023230712890624,False,REGULAR,USD,put,2026-05-26,QQQ
QQQ260526P00710000,2026-05-20 20:13:56+00:00,710.0,6.07,5.85,6.39,-6.94,-53.343582,2752.0,540,0.2000812414550781,False,REGULAR,USD,put,2026-05-26,QQQ
QQQ260526P00711000,2026-05-20 20:14:32+00:00,711.0,6.46,5.61,7.31,-7.2,-52.708637,1411.0,263,0.21204401245117185,False,REGULAR,USD,put,2026-05-26,QQQ
QQQ260526P00712000,2026-05-20 20:14:38+00:00,712.0,6.9,6.28,7.0,-7.2400002,-51.202263,512.0,117,0.19208571594238283,False,REGULAR,USD,put,2026-05-26,QQQ
QQQ260526P00713000,2026-05-20 20:12:34+00:00,713.0,7.39,6.45,8.92,-6.86,-48.14035,172.0,128,0.2283402362060547,False,REGULAR,USD,put,2026-05-26,QQQ
QQQ260526P00714000,2026-05-20 20:12:20+00:00,714.0,8.0,6.91,9.57,-4.3,-34.95935,345.0,1250,0.2318192053222656,True,REGULAR,USD,put,2026-05-26,QQQ
QQQ260526P00715000,2026-05-20 20:14:56+00:00,715.0,8.3,8.24,8.63,-8.009999,-49.110973,262.0,392,0.19443554595947266,True,REGULAR,USD,put,2026-05-26,QQQ
QQQ260526P00716000,2026-05-20 20:10:32+00:00,716.0,8.7,7.89,10.65,-4.99,-36.449963,116.0,590,0.23194127441406248,True,REGULAR,USD,put,2026-05-26,QQQ
QQQ260526P00717000,2026-05-20 20:05:12+00:00,717.0,9.41,8.41,10.92,-6.2799997,-40.025494,51.0,151,0.2243729907226562,True,REGULAR,USD,put,2026-05-26,QQQ
QQQ260526P00718000,2026-05-20 19:53:02+00:00,718.0,9.88,8.99,11.82,-7.3200006,-42.55814,35.0,168,0.23255161987304687,True,REGULAR,USD,put,2026-05-26,QQQ
QQQ260526P00719000,2026-05-20 19:53:50+00:00,719.0,10.21,9.56,12.41,-8.56,-45.60469,53.0,63,0.23233799896240231,True,REGULAR,USD,put,2026-05-26,QQQ
QQQ260526P00720000,2026-05-20 19:51:53+00:00,720.0,11.32,10.13,12.43,-6.17,-35.2773,98.0,2275,0.21656056884765623,True,REGULAR,USD,put,2026-05-26,QQQ
QQQ260526P00721000,2026-05-20 19:52:30+00:00,721.0,11.78,10.75,13.62,-11.78,-50.0,11.0,56,0.23139196350097657,True,REGULAR,USD,put,2026-05-26,QQQ
QQQ260526P00722000,2026-05-20 18:42:57+00:00,722.0,13.28,11.43,14.26,-8.8,-39.855072,27.0,149,0.23114782531738282,True,REGULAR,USD,put,2026-05-26,QQQ
QQQ260526P00723000,2026-05-19 19:49:22+00:00,723.0,13.25,12.11,14.92,-9.09,-40.689346,8.0,173,0.2310867907714844,True,REGULAR,USD,put,2026-05-26,QQQ
QQQ260526P00724000,2026-05-20 19:53:54+00:00,724.0,13.55,12.81,15.61,-10.249999,-43.067223,6.0,168,0.23136144622802735,True,REGULAR,USD,put,2026-05-26,QQQ
QQQ260526P00725000,2026-05-20 20:09:55+00:00,725.0,14.59,13.56,16.37,-9.17,-38.594276,36.0,202,0.2332229998779297,True,REGULAR,USD,put,2026-05-26,QQQ
QQQ260526P00726000,2026-05-20 19:28:56+00:00,726.0,15.74,14.3,17.12,-8.68,-35.544636,22.0,194,0.23444369079589844,True,REGULAR,USD,put,2026-05-26,QQQ
QQQ260526P00727000,2026-05-20 17:23:02+00:00,727.0,17.99,15.08,18.21,-6.6499996,-26.988634,25.0,204,0.2454299090576172,True,REGULAR,USD,put,2026-05-26,QQQ
QQQ260526P00728000,2026-05-20 17:23:58+00:00,728.0,18.94,15.87,18.75,-8.18,-30.162241,69.0,135,0.23975369628906246,True,REGULAR,USD,put,2026-05-26,QQQ
QQQ260526P00730000,2026-05-20 19:02:06+00:00,730.0,18.54,17.51,20.71,-9.689999,-34.325184,174.0,171,0.25427991821289064,True,REGULAR,USD,put,2026-05-26,QQQ
QQQ260526P00734000,2026-05-20 19:31:37+00:00,734.0,22.72,21.02,23.51,-5.960001,-20.781036,89.0,59,0.24353783813476562,True,REGULAR,USD,put,2026-05-26,QQQ
QQQ260526P00735000,2026-05-20 19:09:37+00:00,735.0,24.03,21.96,25.21,-3.7399998,-13.46777,131.0,11,0.27509269836425776,True,REGULAR,USD,put,2026-05-26,QQQ
QQQ260526P00739000,2026-05-18 14:40:05+00:00,739.0,34.52,25.75,28.33,0.0,0.0,5.0,0,0.27027096923828126,True,REGULAR,USD,put,2026-05-26,QQQ
QQQ260526P00740000,2026-05-19 18:12:08+00:00,740.0,34.48,26.71,29.96,0.0,0.0,5.0,0,0.3007882421875,True,REGULAR,USD,put,2026-05-26,QQQ
QQQ260527C00630000,2026-05-20 19:52:42+00:00,630.0,82.59,80.72,84.73,12.189995,17.315334,10.0,16,0.554814022216797,True,REGULAR,USD,call,2026-05-27,QQQ
QQQ260527C00635000,2026-05-13 15:07:59+00:00,635.0,77.25,75.73,79.75,0.0,0.0,,1,0.5283250292968751,True,REGULAR,USD,call,2026-05-27,QQQ
QQQ260527C00650000,2026-05-18 15:05:21+00:00,650.0,56.27,60.78,64.81,0.0,0.0,2.0,4,0.44775942871093743,True,REGULAR,USD,call,2026-05-27,QQQ
QQQ260527C00660000,2026-05-20 18:51:46+00:00,660.0,51.57,50.93,54.96,5.419998,11.7443075,12.0,17,0.39942006835937505,True,REGULAR,USD,call,2026-05-27,QQQ
QQQ260527C00665000,2026-05-20 19:29:41+00:00,665.0,47.36,45.97,50.01,6.7700005,16.678986,29.0,28,0.37293107543945314,True,REGULAR,USD,call,2026-05-27,QQQ
QQQ260527C00670000,2026-05-20 19:34:19+00:00,670.0,42.81,41.11,45.15,9.650002,29.10133,12.0,38,0.35040932800292957,True,REGULAR,USD,call,2026-05-27,QQQ
QQQ260527C00675000,2026-05-20 15:14:10+00:00,675.0,36.08,36.35,40.34,7.040001,24.242428,7.0,57,0.32898620239257803,True,REGULAR,USD,call,2026-05-27,QQQ
QQQ260527C00680000,2026-05-20 19:19:08+00:00,680.0,33.27,32.31,35.61,10.26,44.58931,79.0,27,0.30914997497558594,True,REGULAR,USD,call,2026-05-27,QQQ
QQQ260527C00682000,2026-05-20 17:53:26+00:00,682.0,30.41,30.47,33.18,5.1499996,20.387962,14.0,1,0.27808339111328123,True,REGULAR,USD,call,2026-05-27,QQQ
QQQ260527C00685000,2026-05-20 18:20:10+00:00,685.0,29.31,27.71,30.96,9.08,44.88384,84.0,117,0.2899851275634765,True,REGULAR,USD,call,2026-05-27,QQQ
QQQ260527C00686000,2026-05-19 16:38:09+00:00,686.0,28.41,26.8,29.52,8.48,42.548916,4.0,8,0.26642579284667967,True,REGULAR,USD,call,2026-05-27,QQQ
QQQ260527C00689000,2026-05-20 14:04:22+00:00,689.0,22.29,24.17,27.64,3.92,21.339138,2.0,43,0.2862009857177734,True,REGULAR,USD,call,2026-05-27,QQQ
QQQ260527C00690000,2026-05-20 19:58:00+00:00,690.0,25.06,23.28,26.48,8.08,47.585396,20.0,127,0.27362786926269533,True,REGULAR,USD,call,2026-05-27,QQQ
QQQ260527C00691000,2026-05-19 16:38:20+00:00,691.0,16.4,22.44,26.0,0.0,0.0,172.0,46,0.28339339660644525,True,REGULAR,USD,call,2026-05-27,QQQ
QQQ260527C00695000,2026-05-20 19:30:55+00:00,695.0,19.81,19.13,22.24,7.0199995,54.886627,118.0,187,0.26044440734863283,True,REGULAR,USD,call,2026-05-27,QQQ
QQQ260527C00696000,2026-05-20 14:01:02+00:00,696.0,15.36,18.27,20.8,1.3499994,9.63597,4.0,33,0.23944852355957028,True,REGULAR,USD,call,2026-05-27,QQQ
QQQ260527C00697000,2026-05-20 14:32:46+00:00,697.0,16.99,17.48,19.98,4.24,33.254898,10.0,241,0.23712921081542968,True,REGULAR,USD,call,2026-05-27,QQQ
QQQ260527C00698000,2026-05-20 19:39:04+00:00,698.0,17.82,16.69,20.09,6.4299994,56.453022,14.0,67,0.2610242355346679,True,REGULAR,USD,call,2026-05-27,QQQ
QQQ260527C00700000,2026-05-20 19:59:10+00:00,700.0,17.0,15.49,18.0,7.09,71.5439,216.0,220,0.24182887084960938,True,REGULAR,USD,call,2026-05-27,QQQ
QQQ260527C00701000,2026-05-20 19:34:19+00:00,701.0,15.35,14.47,17.9,5.8,60.732983,124.0,138,0.25739268005371096,True,REGULAR,USD,call,2026-05-27,QQQ
QQQ260527C00702000,2026-05-20 19:52:10+00:00,702.0,14.88,13.74,16.8,5.9400005,66.44296,73.0,605,0.2459181854248047,True,REGULAR,USD,call,2026-05-27,QQQ
QQQ260527C00703000,2026-05-20 20:00:30+00:00,703.0,14.5,13.0,16.09,6.3199997,77.26161,59.0,193,0.24445335632324222,True,REGULAR,USD,call,2026-05-27,QQQ
QQQ260527C00704000,2026-05-20 18:52:09+00:00,704.0,12.54,12.33,15.33,4.3999996,54.054047,117.0,96,0.2414016290283203,True,REGULAR,USD,call,2026-05-27,QQQ
QQQ260527C00705000,2026-05-20 20:08:12+00:00,705.0,12.85,11.63,13.87,5.6600003,78.72045,836.0,296,0.22034471069335934,True,REGULAR,USD,call,2026-05-27,QQQ
QQQ260527C00706000,2026-05-20 19:37:29+00:00,706.0,11.59,10.97,13.16,4.71,68.459305,272.0,94,0.2181474670410156,True,REGULAR,USD,call,2026-05-27,QQQ
QQQ260527C00707000,2026-05-20 19:48:09+00:00,707.0,11.37,10.32,13.27,4.4,63.127693,542.0,152,0.23584748535156247,True,REGULAR,USD,call,2026-05-27,QQQ
QQQ260527C00708000,2026-05-20 20:07:17+00:00,708.0,10.81,9.9,12.37,4.6600003,75.77236,643.0,150,0.22815713256835937,True,REGULAR,USD,call,2026-05-27,QQQ
QQQ260527C00709000,2026-05-20 19:59:05+00:00,709.0,10.55,9.09,10.65,5.0600004,92.16759,611.0,156,0.20029486236572264,True,REGULAR,USD,call,2026-05-27,QQQ
QQQ260527C00710000,2026-05-20 20:14:43+00:00,710.0,9.4,9.25,10.88,4.1699996,79.73231,1937.0,576,0.21936815795898437,True,REGULAR,USD,call,2026-05-27,QQQ
QQQ260527C00711000,2026-05-20 20:08:16+00:00,711.0,9.01,8.09,10.46,3.7600002,71.61906,657.0,239,0.22220626434326168,True,REGULAR,USD,call,2026-05-27,QQQ
QQQ260527C00712000,2026-05-20 20:13:05+00:00,712.0,8.36,7.36,8.99,3.6299996,76.74418,407.0,245,0.19965399963378905,True,REGULAR,USD,call,2026-05-27,QQQ
QQQ260527C00713000,2026-05-20 20:08:16+00:00,713.0,7.89,6.81,8.74,3.69,87.85715,615.0,172,0.20572693695068356,True,REGULAR,USD,call,2026-05-27,QQQ
QQQ260527C00714000,2026-05-20 20:14:46+00:00,714.0,7.18,6.45,7.37,3.4499998,92.493286,382.0,203,0.18476157043457028,False,REGULAR,USD,call,2026-05-27,QQQ
QQQ260527C00715000,2026-05-20 20:09:09+00:00,715.0,6.81,5.79,6.73,3.48,104.50451,598.0,536,0.1806417385864258,False,REGULAR,USD,call,2026-05-27,QQQ
QQQ260527C00716000,2026-05-20 19:58:54+00:00,716.0,6.57,5.3,7.14,2.6200001,66.32912,109.0,189,0.20111882873535153,False,REGULAR,USD,call,2026-05-27,QQQ
QQQ260527C00717000,2026-05-20 20:05:12+00:00,717.0,5.76,4.84,7.56,2.9600003,105.7143,152.0,311,0.22159591888427732,False,REGULAR,USD,call,2026-05-27,QQQ
QQQ260527C00718000,2026-05-20 19:52:20+00:00,718.0,5.74,4.43,6.19,2.8499997,98.615906,130.0,177,0.19855537780761717,False,REGULAR,USD,call,2026-05-27,QQQ
QQQ260527C00719000,2026-05-20 19:46:50+00:00,719.0,5.01,4.0,5.9,1.9800003,65.34654,292.0,258,0.20111882873535153,False,REGULAR,USD,call,2026-05-27,QQQ
QQQ260527C00720000,2026-05-20 20:08:16+00:00,720.0,4.58,4.42,5.34,2.4399998,114.01868,592.0,527,0.19660227233886718,False,REGULAR,USD,call,2026-05-27,QQQ
QQQ260527C00721000,2026-05-20 19:58:42+00:00,721.0,4.39,3.28,4.9,1.78,68.199234,308.0,113,0.19446606323242188,False,REGULAR,USD,call,2026-05-27,QQQ
QQQ260527C00722000,2026-05-20 20:03:12+00:00,722.0,3.75,3.12,4.53,1.92,104.91803,257.0,242,0.193642096862793,False,REGULAR,USD,call,2026-05-27,QQQ
QQQ260527C00723000,2026-05-20 20:10:47+00:00,723.0,3.47,3.35,4.04,1.9300001,125.32468,498.0,124,0.18912554046630858,False,REGULAR,USD,call,2026-05-27,QQQ
QQQ260527C00724000,2026-05-20 19:58:42+00:00,724.0,3.31,2.57,3.75,1.91,136.42857,223.0,169,0.18933916137695314,False,REGULAR,USD,call,2026-05-27,QQQ
QQQ260527C00725000,2026-05-20 19:44:30+00:00,725.0,3.06,2.69,3.46,1.7299999,130.07516,479.0,377,0.1891560577392578,False,REGULAR,USD,call,2026-05-27,QQQ
QQQ260527C00726000,2026-05-20 20:13:58+00:00,726.0,2.56,2.46,2.64,1.0899999,74.14965,201.0,50,0.17285983398437502,False,REGULAR,USD,call,2026-05-27,QQQ
QQQ260527C00727000,2026-05-20 20:00:04+00:00,727.0,2.4,1.75,2.7,1.4100001,142.42426,169.0,110,0.18177087768554687,False,REGULAR,USD,call,2026-05-27,QQQ
QQQ260527C00728000,2026-05-20 19:58:00+00:00,728.0,2.14,1.98,2.72,1.2500001,140.44946,151.0,90,0.18940019592285157,False,REGULAR,USD,call,2026-05-27,QQQ
QQQ260527C00729000,2026-05-20 19:49:00+00:00,729.0,1.88,1.77,1.84,0.98,108.88889,103.0,99,0.16748879394531252,False,REGULAR,USD,call,2026-05-27,QQQ
QQQ260527C00730000,2026-05-20 20:03:01+00:00,730.0,1.56,1.59,1.64,0.72999996,87.9518,1046.0,335,0.16663431030273443,False,REGULAR,USD,call,2026-05-27,QQQ
QQQ260527C00731000,2026-05-20 20:07:29+00:00,731.0,1.44,1.4,1.61,0.68000007,89.473694,113.0,154,0.17163914306640626,False,REGULAR,USD,call,2026-05-27,QQQ
QQQ260527C00732000,2026-05-20 19:20:42+00:00,732.0,1.35,1.24,1.29,0.5,58.82353,87.0,46,0.16498637756347656,False,REGULAR,USD,call,2026-05-27,QQQ
QQQ260527C00733000,2026-05-20 18:56:26+00:00,733.0,1.04,1.1,1.14,0.54999995,112.24489,287.0,221,0.16431499755859375,False,REGULAR,USD,call,2026-05-27,QQQ
QQQ260527C00734000,2026-05-20 19:39:13+00:00,734.0,1.05,0.97,1.32,0.36999995,54.41176,59.0,173,0.17774259765625,False,REGULAR,USD,call,2026-05-27,QQQ
QQQ260527C00735000,2026-05-20 19:57:42+00:00,735.0,0.89,0.58,1.17,0.51,134.21053,238.0,425,0.176766044921875,False,REGULAR,USD,call,2026-05-27,QQQ
QQQ260527C00736000,2026-05-20 20:14:27+00:00,736.0,0.77,0.53,1.02,0.48,165.51724,87.0,171,0.17517914672851562,False,REGULAR,USD,call,2026-05-27,QQQ
QQQ260527C00737000,2026-05-20 20:11:39+00:00,737.0,0.66,0.46,0.78,0.22000003,50.000008,65.0,144,0.16785500122070315,False,REGULAR,USD,call,2026-05-27,QQQ
QQQ260527C00738000,2026-05-20 20:14:14+00:00,738.0,0.59,0.55,0.73,0.32999998,126.92308,73.0,392,0.1700522448730469,False,REGULAR,USD,call,2026-05-27,QQQ
QQQ260527C00739000,2026-05-20 19:53:30+00:00,739.0,0.57,0.28,0.69,0.33999997,147.82607,54.0,14,0.1726156958007813,False,REGULAR,USD,call,2026-05-27,QQQ
QQQ260527C00740000,2026-05-20 20:07:45+00:00,740.0,0.41,0.21,0.62,0.060000002,17.142857,1476.0,139,0.1729819030761719,False,REGULAR,USD,call,2026-05-27,QQQ
QQQ260527C00741000,2026-05-20 20:07:29+00:00,741.0,0.34,0.35,0.41,0.16,88.888885,1558.0,225,0.16211775390625,False,REGULAR,USD,call,2026-05-27,QQQ
QQQ260527C00742000,2026-05-20 18:39:26+00:00,742.0,0.39,0.3,0.48,0.22999999,143.74998,13.0,28,0.17237155761718753,False,REGULAR,USD,call,2026-05-27,QQQ
QQQ260527C00743000,2026-05-20 20:14:14+00:00,743.0,0.25,0.25,0.44,0.120000005,92.30769,108.0,79,0.17359224853515626,False,REGULAR,USD,call,2026-05-27,QQQ
QQQ260527C00744000,2026-05-20 19:42:01+00:00,744.0,0.26,0.21,0.43,0.13999999,116.66665,215.0,102,0.1772543212890625,False,REGULAR,USD,call,2026-05-27,QQQ
QQQ260527C00745000,2026-05-20 19:57:25+00:00,745.0,0.18,0.18,0.38,0.07000001,63.63637,433.0,211,0.1772543212890625,False,REGULAR,USD,call,2026-05-27,QQQ
QQQ260527C00746000,2026-05-20 19:57:59+00:00,746.0,0.15,0.15,0.26,-0.00999999,-6.2499943,217.0,73,0.16895362304687503,False,REGULAR,USD,call,2026-05-27,QQQ
QQQ260527C00747000,2026-05-20 15:55:01+00:00,747.0,0.13,0.12,0.19,0.029999994,29.999992,30.0,18,0.1638267211914063,False,REGULAR,USD,call,2026-05-27,QQQ
QQQ260527C00750000,2026-05-20 19:54:35+00:00,750.0,0.09,0.07,0.1,0.030000005,50.000008,143.0,273,0.159188095703125,False,REGULAR,USD,call,2026-05-27,QQQ
QQQ260527C00755000,2026-05-20 18:47:25+00:00,755.0,0.08,0.03,0.25,0.04,100.0,30.0,284,0.2036212451171875,False,REGULAR,USD,call,2026-05-27,QQQ
QQQ260527C00760000,2026-05-20 20:08:01+00:00,760.0,0.03,0.02,0.04,-0.020000001,-40.000004,31.0,200,0.17285983398437502,False,REGULAR,USD,call,2026-05-27,QQQ
QQQ260527C00765000,2026-05-20 19:18:18+00:00,765.0,0.04,0.0,0.03,0.0,0.0,8.0,591,0.18262536132812499,False,REGULAR,USD,call,2026-05-27,QQQ
QQQ260527C00770000,2026-05-20 17:07:24+00:00,770.0,0.03,0.0,0.03,0.0,0.0,20.0,369,0.19727365234375,False,REGULAR,USD,call,2026-05-27,QQQ
QQQ260527C00775000,2026-05-18 19:56:07+00:00,775.0,0.04,0.0,1.33,0.0,0.0,1.0,102,0.38294074096679687,False,REGULAR,USD,call,2026-05-27,QQQ
QQQ260527C00780000,2026-05-18 19:20:19+00:00,780.0,0.03,0.0,0.22,0.0,0.0,23.0,38,0.2910227148437499,False,REGULAR,USD,call,2026-05-27,QQQ
QQQ260527C00785000,2026-05-20 17:04:50+00:00,785.0,0.02,0.0,0.02,-0.07000001,-77.77779,21.0,65,0.23242955078125,False,REGULAR,USD,call,2026-05-27,QQQ
QQQ260527C00790000,2026-05-20 13:34:57+00:00,790.0,0.01,0.0,0.02,0.0,0.0,1.0,22,0.2461012890625,False,REGULAR,USD,call,2026-05-27,QQQ
QQQ260527C00795000,2026-05-15 13:32:43+00:00,795.0,0.05,0.0,0.22,0.0,0.0,5.0,5,0.34278000976562495,False,REGULAR,USD,call,2026-05-27,QQQ
QQQ260527P00515000,2026-05-18 18:33:35+00:00,515.0,0.04,0.0,0.23,0.0,0.0,1.0,101,0.84961087890625,False,REGULAR,USD,put,2026-05-27,QQQ
QQQ260527P00525000,2026-05-20 18:46:11+00:00,525.0,0.02,0.01,0.03,-0.04,-66.66667,92.0,8,0.6796907031250001,False,REGULAR,USD,put,2026-05-27,QQQ
QQQ260527P00530000,2026-05-15 15:39:46+00:00,530.0,0.06,0.01,1.34,0.0,0.0,4.0,4,0.981445498046875,False,REGULAR,USD,put,2026-05-27,QQQ
QQQ260527P00535000,2026-05-15 15:12:51+00:00,535.0,0.06,0.0,0.24,0.0,0.0,86.0,86,0.7617211328125001,False,REGULAR,USD,put,2026-05-27,QQQ
QQQ260527P00580000,2026-05-15 19:58:35+00:00,580.0,0.05,0.0,0.12,-0.06,-54.545456,4.0,21,0.52539537109375,False,REGULAR,USD,put,2026-05-27,QQQ
QQQ260527P00585000,2026-05-20 16:59:07+00:00,585.0,0.05,0.0,0.26,-0.05,-50.0,2.0,3,0.5498091894531252,False,REGULAR,USD,put,2026-05-27,QQQ
QQQ260527P00600000,2026-05-20 16:25:18+00:00,600.0,0.07,0.05,0.07,-0.04,-36.363636,15.0,40,0.45313046875,False,REGULAR,USD,put,2026-05-27,QQQ
QQQ260527P00605000,2026-05-20 16:57:53+00:00,605.0,0.07,0.0,0.28,-0.030000001,-30.0,4.0,4,0.5161181201171875,False,REGULAR,USD,put,2026-05-27,QQQ
QQQ260527P00615000,2026-05-20 16:10:03+00:00,615.0,0.09,0.07,0.09,-0.06999999,-43.749996,15.0,91,0.4062559375,False,REGULAR,USD,put,2026-05-27,QQQ
QQQ260527P00620000,2026-05-20 16:59:46+00:00,620.0,0.09,0.0,0.1,-0.029999994,-24.999994,16.0,34,0.39160764648437496,False,REGULAR,USD,put,2026-05-27,QQQ
QQQ260527P00625000,2026-05-20 17:13:41+00:00,625.0,0.1,0.0,0.11,-0.050000004,-33.333336,8.0,188,0.375982802734375,False,REGULAR,USD,put,2026-05-27,QQQ
QQQ260527P00630000,2026-05-20 19:58:58+00:00,630.0,0.12,0.1,0.12,-0.07,-36.842106,21.0,199,0.35938140625,False,REGULAR,USD,put,2026-05-27,QQQ
QQQ260527P00635000,2026-05-20 15:34:28+00:00,635.0,0.15,0.11,0.14,-0.08,-34.782608,13.0,245,0.3461979443359374,False,REGULAR,USD,put,2026-05-27,QQQ
QQQ260527P00640000,2026-05-20 19:49:32+00:00,640.0,0.15,0.13,0.15,-0.099999994,-39.999996,71.0,767,0.3286199951171874,False,REGULAR,USD,put,2026-05-27,QQQ
QQQ260527P00645000,2026-05-20 18:34:40+00:00,645.0,0.16,0.15,0.29,-0.13,-44.827587,36.0,162,0.3393620751953125,False,REGULAR,USD,put,2026-05-27,QQQ
QQQ260527P00650000,2026-05-20 20:02:08+00:00,650.0,0.19,0.18,0.21,-0.19999999,-51.282047,258.0,487,0.301764794921875,False,REGULAR,USD,put,2026-05-27,QQQ
QQQ260527P00655000,2026-05-20 19:59:02+00:00,655.0,0.24,0.22,0.46,-0.3,-55.555557,257.0,219,0.31909860595703116,False,REGULAR,USD,put,2026-05-27,QQQ
QQQ260527P00660000,2026-05-20 19:58:12+00:00,660.0,0.31,0.29,0.52,-0.38,-55.072464,119.0,603,0.30225307128906254,False,REGULAR,USD,put,2026-05-27,QQQ
QQQ260527P00665000,2026-05-20 20:02:08+00:00,665.0,0.38,0.37,0.61,-0.62,-62.0,281.0,314,0.2868723657226562,False,REGULAR,USD,put,2026-05-27,QQQ
QQQ260527P00670000,2026-05-20 19:42:34+00:00,670.0,0.51,0.32,0.72,-0.89,-63.57143,816.0,220,0.27149166015625,False,REGULAR,USD,put,2026-05-27,QQQ
QQQ260527P00675000,2026-05-20 19:56:10+00:00,675.0,0.68,0.69,0.74,-1.06,-60.919537,785.0,205,0.24719991088867188,False,REGULAR,USD,put,2026-05-27,QQQ
QQQ260527P00676000,2026-05-20 19:01:02+00:00,676.0,0.78,0.73,0.84,-0.98,-55.68182,121.0,182,0.24915301635742187,False,REGULAR,USD,put,2026-05-27,QQQ
QQQ260527P00677000,2026-05-20 19:35:22+00:00,677.0,0.76,0.77,1.04,-1.4000001,-64.81482,159.0,173,0.2569654382324219,False,REGULAR,USD,put,2026-05-27,QQQ
QQQ260527P00678000,2026-05-20 19:36:15+00:00,678.0,0.81,0.83,1.09,-1.49,-64.78261,153.0,139,0.25440198730468755,False,REGULAR,USD,put,2026-05-27,QQQ
QQQ260527P00679000,2026-05-20 18:24:29+00:00,679.0,0.87,0.88,1.18,-1.32,-60.27397,90.0,159,0.25403578002929694,False,REGULAR,USD,put,2026-05-27,QQQ
QQQ260527P00680000,2026-05-20 19:58:10+00:00,680.0,0.95,0.93,1.12,-1.69,-64.01515,573.0,857,0.24500266723632813,False,REGULAR,USD,put,2026-05-27,QQQ
QQQ260527P00681000,2026-05-20 19:56:10+00:00,681.0,1.03,0.77,1.13,-1.3,-55.793995,89.0,275,0.23993679992675776,False,REGULAR,USD,put,2026-05-27,QQQ
QQQ260527P00682000,2026-05-20 19:53:21+00:00,682.0,1.11,1.07,1.36,-1.91,-63.245033,162.0,396,0.24658956542968752,False,REGULAR,USD,put,2026-05-27,QQQ
QQQ260527P00683000,2026-05-20 19:56:37+00:00,683.0,1.2,1.15,1.43,-1.3699999,-53.30739,203.0,137,0.24414818359375,False,REGULAR,USD,put,2026-05-27,QQQ
QQQ260527P00684000,2026-05-20 20:01:01+00:00,684.0,1.25,1.23,1.3,-2.01,-61.65644,245.0,173,0.2318192053222656,False,REGULAR,USD,put,2026-05-27,QQQ
QQQ260527P00685000,2026-05-20 20:09:21+00:00,685.0,1.34,1.31,1.72,-2.25,-62.67409,640.0,496,0.24573508178710937,False,REGULAR,USD,put,2026-05-27,QQQ
QQQ260527P00686000,2026-05-20 18:10:55+00:00,686.0,1.59,1.1,1.82,-1.7099999,-51.818176,92.0,202,0.24390404541015626,False,REGULAR,USD,put,2026-05-27,QQQ
QQQ260527P00687000,2026-05-20 19:59:35+00:00,687.0,1.5,1.5,1.56,-2.4,-61.538464,134.0,259,0.22620402709960938,False,REGULAR,USD,put,2026-05-27,QQQ
QQQ260527P00688000,2026-05-20 19:57:37+00:00,688.0,1.67,1.37,2.09,-2.04,-54.986523,63.0,227,0.24231714721679687,False,REGULAR,USD,put,2026-05-27,QQQ
QQQ260527P00689000,2026-05-20 20:01:01+00:00,689.0,1.74,1.72,2.12,-2.4399998,-58.373203,100.0,763,0.23694610717773437,False,REGULAR,USD,put,2026-05-27,QQQ
QQQ260527P00690000,2026-05-20 20:12:55+00:00,690.0,1.9,1.84,2.39,-2.58,-57.589287,1460.0,988,0.2406081799316406,False,REGULAR,USD,put,2026-05-27,QQQ
QQQ260527P00691000,2026-05-20 20:06:15+00:00,691.0,2.04,1.69,3.27,-2.6599998,-56.595745,104.0,119,0.2644726873779296,False,REGULAR,USD,put,2026-05-27,QQQ
QQQ260527P00692000,2026-05-20 19:41:32+00:00,692.0,2.15,1.83,2.53,-3.1599998,-59.510357,66.0,81,0.23206334350585936,False,REGULAR,USD,put,2026-05-27,QQQ
QQQ260527P00693000,2026-05-20 20:12:32+00:00,693.0,2.32,1.93,2.67,-3.3,-58.71886,225.0,101,0.2299881689453125,False,REGULAR,USD,put,2026-05-27,QQQ
QQQ260527P00694000,2026-05-20 19:47:30+00:00,694.0,2.45,1.89,2.95,-3.09,-55.776173,293.0,272,0.2322464471435547,False,REGULAR,USD,put,2026-05-27,QQQ
QQQ260527P00695000,2026-05-20 20:00:03+00:00,695.0,2.53,2.58,2.65,-3.7300003,-59.584667,438.0,1739,0.21509573974609375,False,REGULAR,USD,put,2026-05-27,QQQ
QQQ260527P00696000,2026-05-20 19:41:33+00:00,696.0,2.79,2.57,4.03,-3.9,-58.295963,299.0,136,0.2509230181884765,False,REGULAR,USD,put,2026-05-27,QQQ
QQQ260527P00697000,2026-05-20 20:12:32+00:00,697.0,3.02,2.9,3.55,-3.33,-52.440945,151.0,137,0.22876747802734376,False,REGULAR,USD,put,2026-05-27,QQQ
QQQ260527P00698000,2026-05-20 19:25:13+00:00,698.0,3.19,2.85,3.94,-3.9099998,-55.070423,322.0,297,0.23255161987304687,False,REGULAR,USD,put,2026-05-27,QQQ
QQQ260527P00699000,2026-05-20 20:12:32+00:00,699.0,3.44,2.7,4.18,-4.18,-54.85564,271.0,201,0.23139196350097657,False,REGULAR,USD,put,2026-05-27,QQQ
QQQ260527P00700000,2026-05-20 20:12:29+00:00,700.0,3.69,3.57,3.66,-4.6,-55.48854,1982.0,1971,0.20850400878906244,False,REGULAR,USD,put,2026-05-27,QQQ
QQQ260527P00701000,2026-05-20 19:50:04+00:00,701.0,4.0,3.17,4.66,-5.04,-55.752213,358.0,119,0.22815713256835937,False,REGULAR,USD,put,2026-05-27,QQQ
QQQ260527P00702000,2026-05-20 19:57:50+00:00,702.0,4.15,3.42,5.12,-4.4500003,-51.744186,193.0,136,0.23194127441406248,False,REGULAR,USD,put,2026-05-27,QQQ
QQQ260527P00703000,2026-05-20 19:53:10+00:00,703.0,4.31,3.65,5.16,-4.4199996,-50.630013,1018.0,545,0.2241898870849609,False,REGULAR,USD,put,2026-05-27,QQQ
QQQ260527P00704000,2026-05-20 20:12:29+00:00,704.0,4.76,3.93,5.51,-5.0999994,-51.724133,394.0,827,0.22425092163085933,False,REGULAR,USD,put,2026-05-27,QQQ
QQQ260527P00705000,2026-05-20 20:11:34+00:00,705.0,5.06,4.38,5.06,-5.2999997,-51.158302,888.0,481,0.2034991760253906,False,REGULAR,USD,put,2026-05-27,QQQ
QQQ260527P00706000,2026-05-20 20:06:52+00:00,706.0,5.37,4.57,6.92,-5.83,-52.053574,367.0,100,0.24091335266113278,False,REGULAR,USD,put,2026-05-27,QQQ
QQQ260527P00707000,2026-05-20 19:58:03+00:00,707.0,5.56,5.11,6.1,-4.4500003,-44.455547,876.0,104,0.21073176971435548,False,REGULAR,USD,put,2026-05-27,QQQ
QQQ260527P00708000,2026-05-20 20:12:11+00:00,708.0,6.11,5.21,7.42,-5.68,-48.176422,195.0,96,0.23303989624023438,False,REGULAR,USD,put,2026-05-27,QQQ
QQQ260527P00709000,2026-05-20 20:12:10+00:00,709.0,6.52,5.57,8.03,-4.7000003,-41.889484,1333.0,332,0.2373733489990234,False,REGULAR,USD,put,2026-05-27,QQQ
QQQ260527P00710000,2026-05-20 20:12:02+00:00,710.0,6.92,6.63,7.72,-5.0699997,-42.285236,1821.0,183,0.21915453704833981,False,REGULAR,USD,put,2026-05-27,QQQ
QQQ260527P00711000,2026-05-20 20:07:42+00:00,711.0,7.18,6.34,8.87,-5.7900004,-44.641483,840.0,78,0.2356033471679687,False,REGULAR,USD,put,2026-05-27,QQQ
QQQ260527P00712000,2026-05-20 20:13:05+00:00,712.0,7.62,6.76,8.25,-6.87,-47.41201,193.0,112,0.20941952697753902,False,REGULAR,USD,put,2026-05-27,QQQ
QQQ260527P00713000,2026-05-20 20:00:05+00:00,713.0,7.8,7.19,9.8,-6.1399994,-44.04591,135.0,58,0.23450472534179687,False,REGULAR,USD,put,2026-05-27,QQQ
QQQ260527P00714000,2026-05-20 19:18:37+00:00,714.0,8.53,7.64,10.23,-7.05,-45.25032,122.0,180,0.23255161987304687,True,REGULAR,USD,put,2026-05-27,QQQ
QQQ260527P00715000,2026-05-20 20:14:34+00:00,715.0,9.08,8.11,9.95,-6.92,-43.25,355.0,303,0.21332573791503906,True,REGULAR,USD,put,2026-05-27,QQQ
QQQ260527P00716000,2026-05-20 19:44:13+00:00,716.0,9.45,8.61,11.35,-4.59,-32.692307,86.0,72,0.23365024169921872,True,REGULAR,USD,put,2026-05-27,QQQ
QQQ260527P00717000,2026-05-20 19:52:30+00:00,717.0,10.07,9.12,11.02,-6.370001,-38.74696,75.0,73,0.2122881506347656,True,REGULAR,USD,put,2026-05-27,QQQ
QQQ260527P00718000,2026-05-20 20:10:16+00:00,718.0,10.59,9.69,12.51,-8.190001,-43.610226,54.0,76,0.23419955261230468,True,REGULAR,USD,put,2026-05-27,QQQ
QQQ260527P00719000,2026-05-20 20:10:56+00:00,719.0,11.14,10.6,12.56,-8.3,-42.695473,172.0,245,0.22101609069824218,True,REGULAR,USD,put,2026-05-27,QQQ
QQQ260527P00720000,2026-05-20 20:14:54+00:00,720.0,11.87,10.8,11.96,-8.63,-42.09756,154.0,142,0.19086502502441405,True,REGULAR,USD,put,2026-05-27,QQQ
QQQ260527P00721000,2026-05-20 20:09:09+00:00,721.0,12.32,11.4,14.38,-10.42,-45.82234,122.0,41,0.23535920898437498,True,REGULAR,USD,put,2026-05-27,QQQ
QQQ260527P00722000,2026-05-20 20:10:32+00:00,722.0,12.94,12.03,14.93,-7.090001,-35.396908,11.0,74,0.23316196533203126,True,REGULAR,USD,put,2026-05-27,QQQ
QQQ260527P00723000,2026-05-20 15:34:47+00:00,723.0,15.04,12.71,15.57,-6.1099997,-28.888887,23.0,106,0.23285679260253905,True,REGULAR,USD,put,2026-05-27,QQQ
QQQ260527P00724000,2026-05-20 14:23:33+00:00,724.0,18.14,13.38,15.56,-3.8400002,-17.470428,2.0,135,0.21509573974609375,True,REGULAR,USD,put,2026-05-27,QQQ
QQQ260527P00725000,2026-05-20 19:48:25+00:00,725.0,15.06,14.1,16.25,-8.19,-35.225803,15.0,195,0.21497367065429687,True,REGULAR,USD,put,2026-05-27,QQQ
QQQ260527P00726000,2026-05-19 16:34:43+00:00,726.0,17.77,14.81,17.62,-7.01,-28.288942,6.0,243,0.2329178271484375,True,REGULAR,USD,put,2026-05-27,QQQ
QQQ260527P00727000,2026-05-20 17:01:32+00:00,727.0,18.52,15.56,18.4,-7.279999,-28.21705,12.0,343,0.23480989807128905,True,REGULAR,USD,put,2026-05-27,QQQ
QQQ260527P00728000,2026-05-20 18:51:21+00:00,728.0,18.71,16.32,19.18,-7.9400005,-29.793623,15.0,312,0.23639679626464843,True,REGULAR,USD,put,2026-05-27,QQQ
QQQ260527P00729000,2026-05-20 17:13:41+00:00,729.0,19.62,17.11,19.97,-7.3599987,-27.279463,28.0,230,0.23798369445800777,True,REGULAR,USD,put,2026-05-27,QQQ
QQQ260527P00730000,2026-05-20 16:56:23+00:00,730.0,21.46,17.91,20.94,-6.960001,-24.4898,25.0,145,0.24451439086914065,True,REGULAR,USD,put,2026-05-27,QQQ
QQQ260527P00732000,2026-05-20 18:44:14+00:00,732.0,21.53,19.54,22.77,-8.629999,-28.614056,127.0,231,0.2539747454833985,True,REGULAR,USD,put,2026-05-27,QQQ
QQQ260527P00735000,2026-05-20 16:43:41+00:00,735.0,25.44,22.17,25.42,-5.709999,-18.330654,116.0,121,0.2639844110107422,True,REGULAR,USD,put,2026-05-27,QQQ
QQQ260528C00580000,2026-05-15 16:54:51+00:00,580.0,131.39,130.68,134.84,0.0,0.0,4.0,4,0.8004170349121094,True,REGULAR,USD,call,2026-05-28,QQQ
QQQ260528C00585000,2026-05-15 16:19:34+00:00,585.0,125.86,125.69,129.87,0.0,0.0,18.0,18,0.7758811474609376,True,REGULAR,USD,call,2026-05-28,QQQ
QQQ260528C00595000,2026-05-20 14:43:17+00:00,595.0,114.04,115.69,119.87,-2.6299973,-2.254219,4.0,1,0.7214383325195313,True,REGULAR,USD,call,2026-05-28,QQQ
QQQ260528C00600000,2026-05-15 19:33:34+00:00,600.0,111.72,110.74,114.94,0.0,0.0,1.0,1,0.7004424487304688,True,REGULAR,USD,call,2026-05-28,QQQ
QQQ260528C00620000,2026-05-15 13:42:51+00:00,620.0,88.4,90.77,95.0,-0.55999756,-0.62949365,2.0,1,0.5965616516113281,True,REGULAR,USD,call,2026-05-28,QQQ
QQQ260528C00630000,2026-05-13 13:50:32+00:00,630.0,77.83,80.81,85.03,0.0,0.0,,1,0.5444381494140625,True,REGULAR,USD,call,2026-05-28,QQQ
QQQ260528C00635000,2026-05-14 18:26:06+00:00,635.0,85.79,75.83,80.05,0.0,0.0,,1,0.5185595019531251,True,REGULAR,USD,call,2026-05-28,QQQ
QQQ260528C00660000,2026-05-20 19:14:03+00:00,660.0,52.3,51.08,55.38,5.7700005,12.400603,4.0,30,0.39856558471679693,True,REGULAR,USD,call,2026-05-28,QQQ
QQQ260528C00665000,2026-05-20 15:07:32+00:00,665.0,45.99,46.22,50.5,6.6800003,16.993132,9.0,24,0.3756165954589844,True,REGULAR,USD,call,2026-05-28,QQQ
QQQ260528C00670000,2026-05-20 19:48:05+00:00,670.0,43.98,41.42,45.66,6.8499985,18.44869,23.0,34,0.35352208984374994,True,REGULAR,USD,call,2026-05-28,QQQ
QQQ260528C00675000,2026-05-20 15:07:32+00:00,675.0,36.59,37.37,41.0,4.6900005,14.702196,4.0,13,0.33740896972656254,True,REGULAR,USD,call,2026-05-28,QQQ
QQQ260528C00679000,2026-05-20 17:35:38+00:00,679.0,33.48,33.66,37.22,6.279999,23.08823,12.0,4,0.3208686077880859,True,REGULAR,USD,call,2026-05-28,QQQ
QQQ260528C00681000,2026-05-18 15:45:03+00:00,681.0,26.18,31.81,35.46,0.0,0.0,1.0,0,0.3167182586669921,True,REGULAR,USD,call,2026-05-28,QQQ
QQQ260528C00690000,2026-05-20 14:04:14+00:00,690.0,23.33,23.87,27.04,5.09,27.905703,4.0,72,0.27539787109374997,True,REGULAR,USD,call,2026-05-28,QQQ
QQQ260528C00691000,2026-05-20 14:29:47+00:00,691.0,21.37,23.09,26.39,3.7800007,21.489487,1.0,46,0.2788158056640625,True,REGULAR,USD,call,2026-05-28,QQQ
QQQ260528C00695000,2026-05-20 19:54:10+00:00,695.0,21.23,19.81,22.96,7.0599995,49.823566,41.0,176,0.26563234375,True,REGULAR,USD,call,2026-05-28,QQQ
QQQ260528C00696000,2026-05-20 19:39:28+00:00,696.0,20.09,19.02,22.24,4.8500004,31.82415,8.0,40,0.2656018264770508,True,REGULAR,USD,call,2026-05-28,QQQ
QQQ260528C00699000,2026-05-20 15:15:35+00:00,699.0,17.35,16.72,20.0,3.58,25.998547,25.0,56,0.26166509826660156,True,REGULAR,USD,call,2026-05-28,QQQ
QQQ260528C00700000,2026-05-20 19:45:06+00:00,700.0,16.9,16.31,18.0,5.58,49.29329,141.0,218,0.22797402893066404,True,REGULAR,USD,call,2026-05-28,QQQ
QQQ260528C00701000,2026-05-20 18:49:53+00:00,701.0,15.52,15.25,18.49,3.8400002,32.876713,27.0,55,0.25736216278076174,True,REGULAR,USD,call,2026-05-28,QQQ
QQQ260528C00702000,2026-05-20 20:09:03+00:00,702.0,15.66,14.5,17.56,6.1099997,63.97905,47.0,97,0.2505568109130859,True,REGULAR,USD,call,2026-05-28,QQQ
QQQ260528C00703000,2026-05-20 18:18:25+00:00,703.0,14.16,13.81,16.87,4.9399996,53.57917,21.0,56,0.2493971545410156,True,REGULAR,USD,call,2026-05-28,QQQ
QQQ260528C00704000,2026-05-20 19:54:50+00:00,704.0,14.35,13.13,16.06,4.55,46.428574,27.0,55,0.24506370178222658,True,REGULAR,USD,call,2026-05-28,QQQ
QQQ260528C00705000,2026-05-20 19:47:52+00:00,705.0,13.95,12.45,15.0,5.75,70.121956,184.0,716,0.23462679443359374,True,REGULAR,USD,call,2026-05-28,QQQ
QQQ260528C00706000,2026-05-20 19:34:14+00:00,706.0,12.62,11.79,14.73,4.68,58.942062,92.0,119,0.24250025085449217,True,REGULAR,USD,call,2026-05-28,QQQ
QQQ260528C00707000,2026-05-20 19:58:29+00:00,707.0,12.59,11.17,14.1,4.24,50.77844,226.0,216,0.24158473266601563,True,REGULAR,USD,call,2026-05-28,QQQ
QQQ260528C00708000,2026-05-20 19:39:28+00:00,708.0,11.48,10.55,13.5,4.6399994,67.83625,254.0,79,0.2410354217529297,True,REGULAR,USD,call,2026-05-28,QQQ
QQQ260528C00709000,2026-05-20 19:52:30+00:00,709.0,10.99,9.92,12.87,4.6,71.98748,1209.0,57,0.23944852355957028,True,REGULAR,USD,call,2026-05-28,QQQ
QQQ260528C00710000,2026-05-20 19:52:30+00:00,710.0,10.38,9.33,11.53,4.5,76.53061,552.0,474,0.22150436706542967,True,REGULAR,USD,call,2026-05-28,QQQ
QQQ260528C00711000,2026-05-20 19:28:56+00:00,711.0,9.43,8.76,10.76,3.92,71.14337,1402.0,70,0.21625539611816402,True,REGULAR,USD,call,2026-05-28,QQQ
QQQ260528C00712000,2026-05-20 19:46:33+00:00,712.0,9.32,8.21,11.11,4.2,82.03124,489.0,207,0.23578645080566402,True,REGULAR,USD,call,2026-05-28,QQQ
QQQ260528C00713000,2026-05-20 19:44:29+00:00,713.0,9.0,7.64,9.95,4.19,87.11019,245.0,166,0.2210466079711914,True,REGULAR,USD,call,2026-05-28,QQQ
QQQ260528C00714000,2026-05-20 20:12:53+00:00,714.0,8.0,7.12,9.98,3.6,81.81818,62.0,79,0.2326126544189453,False,REGULAR,USD,call,2026-05-28,QQQ
QQQ260528C00715000,2026-05-20 20:14:45+00:00,715.0,7.5,6.65,7.6,3.44,84.729065,3399.0,1108,0.18982743774414065,False,REGULAR,USD,call,2026-05-28,QQQ
QQQ260528C00716000,2026-05-20 19:39:32+00:00,716.0,7.18,6.13,8.9,2.3799996,49.583324,67.0,56,0.22925575439453127,False,REGULAR,USD,call,2026-05-28,QQQ
QQQ260528C00717000,2026-05-20 20:12:48+00:00,717.0,6.51,5.83,7.5,3.0500002,88.1503,194.0,85,0.20758849060058593,False,REGULAR,USD,call,2026-05-28,QQQ
QQQ260528C00718000,2026-05-20 19:27:27+00:00,718.0,5.93,5.21,7.9,2.6699998,81.90183,336.0,95,0.22620402709960938,False,REGULAR,USD,call,2026-05-28,QQQ
QQQ260528C00719000,2026-05-20 19:58:42+00:00,719.0,5.98,4.78,7.43,1.9200001,47.29064,211.0,74,0.22486126708984372,False,REGULAR,USD,call,2026-05-28,QQQ
QQQ260528C00720000,2026-05-20 19:58:33+00:00,720.0,5.56,4.57,6.37,2.97,114.67182,655.0,589,0.20941952697753902,False,REGULAR,USD,call,2026-05-28,QQQ
QQQ260528C00721000,2026-05-20 19:57:46+00:00,721.0,5.06,4.03,5.78,1.6599998,48.823524,191.0,172,0.20426210784912108,False,REGULAR,USD,call,2026-05-28,QQQ
QQQ260528C00722000,2026-05-20 19:58:42+00:00,722.0,4.76,3.63,5.31,2.5600002,116.36365,156.0,283,0.20142400146484374,False,REGULAR,USD,call,2026-05-28,QQQ
QQQ260528C00723000,2026-05-20 19:15:34+00:00,723.0,4.2,3.29,5.74,1.5199997,56.716404,238.0,255,0.2199785034179687,False,REGULAR,USD,call,2026-05-28,QQQ
QQQ260528C00724000,2026-05-20 19:57:46+00:00,724.0,3.94,2.96,4.68,2.1,114.13042,207.0,157,0.2020343469238281,False,REGULAR,USD,call,2026-05-28,QQQ
QQQ260528C00725000,2026-05-20 20:02:50+00:00,725.0,3.44,3.36,4.07,1.84,115.0,373.0,239,0.1941914077758789,False,REGULAR,USD,call,2026-05-28,QQQ
QQQ260528C00726000,2026-05-20 19:42:48+00:00,726.0,3.16,2.63,3.22,1.6300001,106.53596,437.0,265,0.17902432312011718,False,REGULAR,USD,call,2026-05-28,QQQ
QQQ260528C00727000,2026-05-20 20:10:04+00:00,727.0,2.93,2.83,2.93,1.2900001,78.65855,189.0,87,0.17786466674804688,False,REGULAR,USD,call,2026-05-28,QQQ
QQQ260528C00728000,2026-05-20 19:41:43+00:00,728.0,2.57,1.92,3.15,0.9699999,60.624996,134.0,1315,0.19086502502441405,False,REGULAR,USD,call,2026-05-28,QQQ
QQQ260528C00729000,2026-05-20 20:01:24+00:00,729.0,2.4,2.31,2.89,1.1500001,92.00001,359.0,2538,0.1900715759277344,False,REGULAR,USD,call,2026-05-28,QQQ
QQQ260528C00730000,2026-05-20 19:48:14+00:00,730.0,2.17,1.62,2.71,1.1600001,114.851494,149.0,1784,0.19129226684570313,False,REGULAR,USD,call,2026-05-28,QQQ
QQQ260528C00731000,2026-05-20 20:02:50+00:00,731.0,1.92,1.89,2.0,0.78999996,69.91151,29.0,46,0.17517914672851562,False,REGULAR,USD,call,2026-05-28,QQQ
QQQ260528C00732000,2026-05-20 17:35:52+00:00,732.0,1.66,1.69,2.27,0.5799999,53.703693,109.0,435,0.1900715759277344,False,REGULAR,USD,call,2026-05-28,QQQ
QQQ260528C00733000,2026-05-20 18:55:27+00:00,733.0,1.45,1.53,2.03,0.48000002,49.484535,51.0,35,0.18805743591308594,False,REGULAR,USD,call,2026-05-28,QQQ
QQQ260528C00734000,2026-05-20 20:03:49+00:00,734.0,1.33,1.37,1.75,0.46000004,52.873566,107.0,152,0.18396812133789062,False,REGULAR,USD,call,2026-05-28,QQQ
QQQ260528C00735000,2026-05-20 19:46:58+00:00,735.0,1.3,1.23,1.59,0.73999995,132.14284,625.0,3792,0.18360191406249998,False,REGULAR,USD,call,2026-05-28,QQQ
QQQ260528C00736000,2026-05-20 19:26:18+00:00,736.0,1.09,1.09,1.49,0.61,127.08333,10.0,125,0.18518881225585934,False,REGULAR,USD,call,2026-05-28,QQQ
QQQ260528C00737000,2026-05-20 19:56:51+00:00,737.0,0.99,0.65,1.21,0.24000001,32.0,36.0,1426,0.17878018493652342,False,REGULAR,USD,call,2026-05-28,QQQ
QQQ260528C00738000,2026-05-20 19:22:19+00:00,738.0,0.89,0.86,1.11,0.21999997,32.835815,6.0,20,0.17945156494140624,False,REGULAR,USD,call,2026-05-28,QQQ
QQQ260528C00739000,2026-05-20 19:19:07+00:00,739.0,0.81,0.75,0.98,0.25,44.642857,9.0,208,0.17816983947753906,False,REGULAR,USD,call,2026-05-28,QQQ
QQQ260528C00740000,2026-05-20 19:56:03+00:00,740.0,0.7,0.67,0.89,0.29999998,74.99999,691.0,204,0.17847501220703127,False,REGULAR,USD,call,2026-05-28,QQQ
QQQ260528C00741000,2026-05-20 19:53:57+00:00,741.0,0.68,0.37,0.78,0.07999998,13.333329,97.0,106,0.1771322521972656,False,REGULAR,USD,call,2026-05-28,QQQ
QQQ260528C00742000,2026-05-20 18:00:20+00:00,742.0,0.55,0.51,0.72,0.110000014,25.000004,89.0,13,0.1782308740234375,False,REGULAR,USD,call,2026-05-28,QQQ
QQQ260528C00743000,2026-05-20 17:24:29+00:00,743.0,0.49,0.45,0.67,0.050000012,11.363639,4.0,60,0.179695703125,False,REGULAR,USD,call,2026-05-28,QQQ
QQQ260528C00744000,2026-05-20 19:03:49+00:00,744.0,0.41,0.39,0.62,-0.03999999,-8.888887,18.0,142,0.18091639404296872,False,REGULAR,USD,call,2026-05-28,QQQ
QQQ260528C00745000,2026-05-20 16:17:49+00:00,745.0,0.46,0.34,0.55,0.27,142.10527,8.0,67,0.18042811767578126,False,REGULAR,USD,call,2026-05-28,QQQ
QQQ260528C00746000,2026-05-20 20:00:54+00:00,746.0,0.29,0.29,0.45,-0.09,-23.684212,32.0,192,0.17701018310546873,False,REGULAR,USD,call,2026-05-28,QQQ
QQQ260528C00747000,2026-05-20 17:32:12+00:00,747.0,0.33,0.25,0.47,0.060000002,22.222221,29.0,92,0.1828694995117187,False,REGULAR,USD,call,2026-05-28,QQQ
QQQ260528C00750000,2026-05-20 20:11:23+00:00,750.0,0.18,0.16,0.39,0.080000006,80.00001,73.0,151,0.18811847045898436,False,REGULAR,USD,call,2026-05-28,QQQ
QQQ260528C00755000,2026-05-20 19:58:44+00:00,755.0,0.08,0.0,0.3,0.02,33.333336,15.0,100,0.198250205078125,False,REGULAR,USD,call,2026-05-28,QQQ
QQQ260528C00760000,2026-05-20 20:14:32+00:00,760.0,0.06,0.0,1.44,0.02,50.0,26.0,160,0.3012765185546875,False,REGULAR,USD,call,2026-05-28,QQQ
QQQ260528C00765000,2026-05-20 20:03:22+00:00,765.0,0.01,0.02,0.24,-0.04,-80.00001,230.0,38,0.22657023437499998,False,REGULAR,USD,call,2026-05-28,QQQ
QQQ260528C00770000,2026-05-20 16:03:53+00:00,770.0,0.05,0.02,0.04,0.0,0.0,43.0,68,0.192390888671875,False,REGULAR,USD,call,2026-05-28,QQQ
QQQ260528C00775000,2026-05-18 17:42:04+00:00,775.0,0.04,0.0,1.41,0.0,0.0,2.0,130,0.36597313720703123,False,REGULAR,USD,call,2026-05-28,QQQ
QQQ260528C00780000,2026-05-19 20:12:37+00:00,780.0,0.02,0.0,0.03,-0.01,-33.333336,5.0,142,0.2148516015625,False,REGULAR,USD,call,2026-05-28,QQQ
QQQ260528C00785000,2026-05-19 17:18:41+00:00,785.0,0.02,0.0,0.23,0.0,0.0,1.0,210,0.29273168212890616,False,REGULAR,USD,call,2026-05-28,QQQ
QQQ260528C00800000,2026-05-20 17:10:04+00:00,800.0,0.02,0.0,0.02,-0.02,-50.0,14.0,108,0.257819921875,False,REGULAR,USD,call,2026-05-28,QQQ
QQQ260528P00500000,2026-05-19 14:41:38+00:00,500.0,0.03,0.0,1.54,0.0,0.0,1.0,2,1.1040083862304688,False,REGULAR,USD,put,2026-05-28,QQQ
QQQ260528P00510000,2026-05-14 14:51:48+00:00,510.0,0.05,0.0,1.54,0.0,0.0,,1,1.0502977172851562,False,REGULAR,USD,put,2026-05-28,QQQ
QQQ260528P00515000,2026-05-19 20:10:47+00:00,515.0,0.03,0.01,0.24,0.0,0.0,6.0,10,0.807619111328125,False,REGULAR,USD,put,2026-05-28,QQQ
QQQ260528P00520000,2026-05-15 16:04:18+00:00,520.0,0.06,0.0,1.35,0.0,0.0,82.0,82,0.9770510107421876,False,REGULAR,USD,put,2026-05-28,QQQ
QQQ260528P00525000,2026-05-15 15:32:32+00:00,525.0,0.06,0.0,1.35,0.0,0.0,152.0,152,0.9511723632812499,False,REGULAR,USD,put,2026-05-28,QQQ
QQQ260528P00560000,2026-05-18 14:07:04+00:00,560.0,0.08,0.0,1.56,0.0,0.0,7.0,7,0.7929708203125,False,REGULAR,USD,put,2026-05-28,QQQ
QQQ260528P00580000,2026-05-19 18:36:12+00:00,580.0,0.07,0.0,1.57,0.0,0.0,5.0,10,0.6945831323242189,False,REGULAR,USD,put,2026-05-28,QQQ
QQQ260528P00600000,2026-05-19 14:51:31+00:00,600.0,0.1,0.0,1.39,-0.04,-28.571428,5.0,28,0.5844768115234374,False,REGULAR,USD,put,2026-05-28,QQQ
QQQ260528P00605000,2026-05-20 19:01:22+00:00,605.0,0.1,0.0,1.4,-0.04,-28.571428,141.0,24,0.561527822265625,False,REGULAR,USD,put,2026-05-28,QQQ
QQQ260528P00615000,2026-05-19 16:12:49+00:00,615.0,0.17,0.0,1.62,0.0,0.0,3.0,9,0.5278367529296876,False,REGULAR,USD,put,2026-05-28,QQQ
QQQ260528P00620000,2026-05-20 18:51:10+00:00,620.0,0.13,0.1,1.0,-0.010000005,-7.1428604,3.0,62,0.5242967492675781,False,REGULAR,USD,put,2026-05-28,QQQ
QQQ260528P00625000,2026-05-20 19:01:22+00:00,625.0,0.12,0.0,0.34,-0.080000006,-40.000004,32.0,153,0.414068359375,False,REGULAR,USD,put,2026-05-28,QQQ
QQQ260528P00630000,2026-05-20 17:47:50+00:00,630.0,0.15,0.13,0.18,-0.13,-46.42857,136.0,385,0.35742830078125,False,REGULAR,USD,put,2026-05-28,QQQ
QQQ260528P00635000,2026-05-20 18:12:05+00:00,635.0,0.16,0.0,2.1,-0.17000002,-51.515156,1.0,388,0.5314988256835937,False,REGULAR,USD,put,2026-05-28,QQQ
QQQ260528P00640000,2026-05-20 19:19:10+00:00,640.0,0.18,0.1,0.2,-0.13,-41.935482,26.0,82,0.3227606787109374,False,REGULAR,USD,put,2026-05-28,QQQ
QQQ260528P00645000,2026-05-20 19:01:22+00:00,645.0,0.23,0.2,0.44,-0.2,-46.511627,217.0,40,0.34278000976562495,False,REGULAR,USD,put,2026-05-28,QQQ
QQQ260528P00650000,2026-05-20 19:12:04+00:00,650.0,0.27,0.25,0.28,-0.22999999,-45.999996,356.0,189,0.2973703076171874,False,REGULAR,USD,put,2026-05-28,QQQ
QQQ260528P00655000,2026-05-20 20:14:33+00:00,655.0,0.33,0.32,0.35,-0.31999996,-49.230766,441.0,67,0.2866282275390625,False,REGULAR,USD,put,2026-05-28,QQQ
QQQ260528P00660000,2026-05-20 20:09:07+00:00,660.0,0.43,0.41,0.63,-0.56,-56.565655,64.0,252,0.2957834094238281,False,REGULAR,USD,put,2026-05-28,QQQ
QQQ260528P00665000,2026-05-20 19:37:57+00:00,665.0,0.53,0.51,0.78,-0.74,-58.26772,65.0,185,0.28479719116210933,False,REGULAR,USD,put,2026-05-28,QQQ
QQQ260528P00670000,2026-05-20 19:44:47+00:00,670.0,0.73,0.69,0.95,-1.06,-59.217873,153.0,228,0.27234614379882804,False,REGULAR,USD,put,2026-05-28,QQQ
QQQ260528P00675000,2026-05-20 20:04:12+00:00,675.0,0.95,0.92,1.22,-1.3799999,-59.227463,266.0,604,0.2630078582763672,False,REGULAR,USD,put,2026-05-28,QQQ
QQQ260528P00676000,2026-05-20 19:14:42+00:00,676.0,1.05,0.83,1.07,-0.97,-48.019802,121.0,177,0.24915301635742187,False,REGULAR,USD,put,2026-05-28,QQQ
QQQ260528P00677000,2026-05-20 19:39:29+00:00,677.0,1.1,1.03,1.33,-1.5400001,-58.333336,123.0,130,0.2582471636962891,False,REGULAR,USD,put,2026-05-28,QQQ
QQQ260528P00678000,2026-05-20 19:24:30+00:00,678.0,1.15,1.1,1.2,-1.1899999,-50.8547,92.0,135,0.24597921997070313,False,REGULAR,USD,put,2026-05-28,QQQ
QQQ260528P00679000,2026-05-20 19:44:26+00:00,679.0,1.22,1.03,1.27,-1.6499999,-57.491287,56.0,115,0.2442702526855469,False,REGULAR,USD,put,2026-05-28,QQQ
QQQ260528P00680000,2026-05-20 19:53:53+00:00,680.0,1.25,1.1,1.61,-1.8699999,-59.935894,452.0,6237,0.255439574584961,False,REGULAR,USD,put,2026-05-28,QQQ
QQQ260528P00681000,2026-05-20 19:39:49+00:00,681.0,1.33,1.06,1.42,-1.4499999,-52.158276,363.0,135,0.24085231811523436,False,REGULAR,USD,put,2026-05-28,QQQ
QQQ260528P00682000,2026-05-20 19:48:22+00:00,682.0,1.46,1.4,1.51,-1.3199999,-47.482014,265.0,94,0.2395095581054687,False,REGULAR,USD,put,2026-05-28,QQQ
QQQ260528P00683000,2026-05-20 19:59:53+00:00,683.0,1.52,1.49,1.83,-1.3700001,-47.404846,165.0,72,0.24793232543945312,False,REGULAR,USD,put,2026-05-28,QQQ
QQQ260528P00684000,2026-05-20 17:37:28+00:00,684.0,1.8,1.41,2.06,-2.55,-58.62069,173.0,54,0.25153336364746093,False,REGULAR,USD,put,2026-05-28,QQQ
QQQ260528P00685000,2026-05-20 19:51:12+00:00,685.0,1.8,1.37,2.13,-2.1200001,-54.081635,153.0,275,0.2482374981689453,False,REGULAR,USD,put,2026-05-28,QQQ
QQQ260528P00686000,2026-05-20 19:14:42+00:00,686.0,1.96,1.57,2.29,-2.08,-51.48515,192.0,40,0.2482374981689453,False,REGULAR,USD,put,2026-05-28,QQQ
QQQ260528P00687000,2026-05-20 20:04:46+00:00,687.0,2.01,1.88,2.34,-2.09,-50.97561,77.0,95,0.24390404541015626,False,REGULAR,USD,put,2026-05-28,QQQ
QQQ260528P00688000,2026-05-20 20:09:19+00:00,688.0,2.07,1.52,2.93,-1.6500001,-44.354843,266.0,72,0.2582471636962891,False,REGULAR,USD,put,2026-05-28,QQQ
QQQ260528P00689000,2026-05-20 19:22:19+00:00,689.0,2.29,1.8,2.75,-2.75,-54.56349,95.0,91,0.24567404724121095,False,REGULAR,USD,put,2026-05-28,QQQ
QQQ260528P00690000,2026-05-20 20:06:50+00:00,690.0,2.41,2.28,2.92,-2.82,-53.919693,348.0,400,0.24481956359863283,False,REGULAR,USD,put,2026-05-28,QQQ
QQQ260528P00691000,2026-05-20 19:01:04+00:00,691.0,2.7,2.18,3.08,-2.45,-47.572815,110.0,92,0.2433547344970703,False,REGULAR,USD,put,2026-05-28,QQQ
QQQ260528P00692000,2026-05-20 20:04:26+00:00,692.0,2.68,2.22,3.28,-3.07,-53.391304,125.0,73,0.24286645812988278,False,REGULAR,USD,put,2026-05-28,QQQ
QQQ260528P00693000,2026-05-20 19:59:24+00:00,693.0,2.76,2.4,3.28,-3.3300002,-54.679806,271.0,203,0.23596955444335935,False,REGULAR,USD,put,2026-05-28,QQQ
QQQ260528P00694000,2026-05-20 19:37:07+00:00,694.0,3.08,2.6,3.68,-3.3899999,-52.395676,131.0,286,0.24097438720703124,False,REGULAR,USD,put,2026-05-28,QQQ
QQQ260528P00695000,2026-05-20 20:01:08+00:00,695.0,3.17,2.78,3.25,-3.67,-53.65497,755.0,996,0.2211991943359375,False,REGULAR,USD,put,2026-05-28,QQQ
QQQ260528P00696000,2026-05-20 19:33:04+00:00,696.0,3.4,2.71,4.13,-3.7599998,-52.51396,150.0,133,0.23938748901367185,False,REGULAR,USD,put,2026-05-28,QQQ
QQQ260528P00697000,2026-05-20 19:36:58+00:00,697.0,3.66,2.92,5.1,-3.8099997,-51.004013,134.0,84,0.25818612915039063,False,REGULAR,USD,put,2026-05-28,QQQ
QQQ260528P00698000,2026-05-20 19:34:02+00:00,698.0,3.87,3.52,5.06,-3.9700003,-50.637756,179.0,133,0.24930560272216795,False,REGULAR,USD,put,2026-05-28,QQQ
QQQ260528P00699000,2026-05-20 18:57:50+00:00,699.0,4.49,3.36,5.55,-3.3400002,-42.65645,106.0,145,0.25406629730224617,False,REGULAR,USD,put,2026-05-28,QQQ
QQQ260528P00700000,2026-05-20 19:53:11+00:00,700.0,4.2,3.72,4.36,-4.6100006,-52.326904,258.0,461,0.21521780883789063,False,REGULAR,USD,put,2026-05-28,QQQ
QQQ260528P00701000,2026-05-20 19:42:18+00:00,701.0,4.59,3.85,6.06,-4.66,-50.37838,53.0,217,0.2504652590942382,False,REGULAR,USD,put,2026-05-28,QQQ
QQQ260528P00702000,2026-05-20 19:42:18+00:00,702.0,4.86,4.08,5.65,-4.9999995,-50.709934,103.0,135,0.23188023986816403,False,REGULAR,USD,put,2026-05-28,QQQ
QQQ260528P00703000,2026-05-20 19:02:22+00:00,703.0,5.57,4.36,6.7,-4.93,-46.952377,105.0,267,0.24893939544677735,False,REGULAR,USD,put,2026-05-28,QQQ
QQQ260528P00704000,2026-05-20 19:28:43+00:00,704.0,5.55,4.65,7.01,-4.76,-46.16877,148.0,175,0.24750508361816403,False,REGULAR,USD,put,2026-05-28,QQQ
QQQ260528P00705000,2026-05-20 20:11:35+00:00,705.0,5.78,5.05,5.82,-5.22,-47.454544,351.0,312,0.21015194152832029,False,REGULAR,USD,put,2026-05-28,QQQ
QQQ260528P00706000,2026-05-20 20:12:23+00:00,706.0,6.18,5.28,7.68,-3.6399999,-37.06721,1488.0,175,0.24488059814453128,False,REGULAR,USD,put,2026-05-28,QQQ
QQQ260528P00707000,2026-05-20 19:41:16+00:00,707.0,6.39,5.86,7.16,-4.4100003,-40.833336,177.0,108,0.22333540344238278,False,REGULAR,USD,put,2026-05-28,QQQ
QQQ260528P00708000,2026-05-20 19:13:37+00:00,708.0,6.78,5.97,8.02,-4.18,-38.138683,144.0,121,0.23349765533447264,False,REGULAR,USD,put,2026-05-28,QQQ
QQQ260528P00709000,2026-05-20 19:38:54+00:00,709.0,7.14,6.57,8.01,-4.93,-40.84507,353.0,170,0.22333540344238278,False,REGULAR,USD,put,2026-05-28,QQQ
QQQ260528P00710000,2026-05-20 19:49:06+00:00,710.0,7.42,7.49,8.27,-6.3099995,-45.957752,231.0,141,0.2190629852294922,False,REGULAR,USD,put,2026-05-28,QQQ
QQQ260528P00711000,2026-05-20 19:56:42+00:00,711.0,8.02,7.11,9.65,-4.3899994,-35.374695,106.0,61,0.239692661743164,False,REGULAR,USD,put,2026-05-28,QQQ
QQQ260528P00712000,2026-05-20 20:11:12+00:00,712.0,8.45,7.7,9.0,-4.58,-35.149654,98.0,174,0.21430229064941403,False,REGULAR,USD,put,2026-05-28,QQQ
QQQ260528P00713000,2026-05-20 19:42:20+00:00,713.0,8.86,7.96,10.45,-6.6500006,-42.87557,64.0,106,0.23566438171386717,False,REGULAR,USD,put,2026-05-28,QQQ
QQQ260528P00714000,2026-05-20 18:25:29+00:00,714.0,10.36,8.41,10.98,-4.96,-32.37598,31.0,179,0.23603058898925777,True,REGULAR,USD,put,2026-05-28,QQQ
QQQ260528P00715000,2026-05-20 20:10:58+00:00,715.0,9.75,9.04,9.88,-7.41,-43.18182,82.0,631,0.1995319305419922,True,REGULAR,USD,put,2026-05-28,QQQ
QQQ260528P00716000,2026-05-20 19:38:33+00:00,716.0,10.33,9.37,12.1,-5.0299997,-32.747395,120.0,25,0.23712921081542968,True,REGULAR,USD,put,2026-05-28,QQQ
QQQ260528P00717000,2026-05-20 19:38:33+00:00,717.0,10.75,9.87,12.65,-6.59,-38.004612,36.0,40,0.23697662445068357,True,REGULAR,USD,put,2026-05-28,QQQ
QQQ260528P00718000,2026-05-20 19:38:33+00:00,718.0,11.11,10.38,12.31,-6.410001,-36.58676,46.0,84,0.21625539611816402,True,REGULAR,USD,put,2026-05-28,QQQ
QQQ260528P00719000,2026-05-20 19:54:52+00:00,719.0,11.9,10.97,13.8,-8.43,-41.465813,20.0,80,0.23676300354003904,True,REGULAR,USD,put,2026-05-28,QQQ
QQQ260528P00720000,2026-05-20 20:05:42+00:00,720.0,12.6,11.54,14.1,-7.949999,-38.686127,56.0,79,0.22980506530761718,True,REGULAR,USD,put,2026-05-28,QQQ
QQQ260528P00721000,2026-05-20 17:59:08+00:00,721.0,14.17,12.1,15.05,-10.27,-42.021275,44.0,43,0.2375564526367187,True,REGULAR,USD,put,2026-05-28,QQQ
QQQ260528P00722000,2026-05-20 18:43:20+00:00,722.0,14.5,12.7,15.66,-10.67,-42.391735,26.0,80,0.23706817626953125,True,REGULAR,USD,put,2026-05-28,QQQ
QQQ260528P00723000,2026-05-20 19:44:45+00:00,723.0,14.42,13.33,16.24,-5.58,-27.9,8.0,67,0.2355423126220703,True,REGULAR,USD,put,2026-05-28,QQQ
QQQ260528P00724000,2026-05-20 15:57:28+00:00,724.0,16.35,14.02,16.86,-6.6099987,-28.789194,11.0,22,0.23462679443359374,True,REGULAR,USD,put,2026-05-28,QQQ
QQQ260528P00725000,2026-05-20 19:50:02+00:00,725.0,15.82,14.69,17.52,-6.380001,-28.738743,20.0,84,0.23432162170410153,True,REGULAR,USD,put,2026-05-28,QQQ
QQQ260528P00726000,2026-05-20 13:55:40+00:00,726.0,22.7,15.38,17.57,8.410001,58.85235,2.0,4,0.21833057067871092,True,REGULAR,USD,put,2026-05-28,QQQ
QQQ260528P00727000,2026-05-20 13:56:00+00:00,727.0,23.53,16.09,18.9,8.01,51.610825,1.0,5,0.23419955261230468,True,REGULAR,USD,put,2026-05-28,QQQ
QQQ260528P00730000,2026-05-20 19:46:00+00:00,730.0,19.44,18.37,21.23,-3.33,-14.624506,21.0,17,0.23841093627929685,True,REGULAR,USD,put,2026-05-28,QQQ
QQQ260528P00732000,2026-05-20 17:48:38+00:00,732.0,22.51,19.96,22.98,-1.2700005,-5.3406243,28.0,2,0.2453078399658203,True,REGULAR,USD,put,2026-05-28,QQQ
QQQ260528P00733000,2026-05-20 20:00:14+00:00,733.0,21.66,20.8,23.97,-9.77,-31.084951,55.0,3,0.2517469845581054,True,REGULAR,USD,put,2026-05-28,QQQ
QQQ260528P00735000,2026-05-20 19:44:45+00:00,735.0,23.62,22.49,25.68,-2.8799992,-10.867921,56.0,7,0.25653819641113285,True,REGULAR,USD,put,2026-05-28,QQQ
QQQ260528P00738000,2026-05-20 14:36:32+00:00,738.0,30.0,25.14,28.41,8.15,37.299767,62.0,1,0.2674023455810547,True,REGULAR,USD,put,2026-05-28,QQQ
