Datetime,Close,High,Low,Open,Volume,returns
2026-02-20 14:35:00+00:00,603.3499755859375,604.3499755859375,602.02001953125,602.2899780273438,909507,0.0018413983139735047
2026-02-20 14:40:00+00:00,605.0800170898438,605.7379760742188,603.22998046875,603.3099975585938,548822,0.0028632898825091215
2026-02-20 14:45:00+00:00,604.510009765625,605.9400024414062,604.3800048828125,605.1500244140625,541935,-0.0009424802681183999
2026-02-20 14:50:00+00:00,603.9401245117188,604.6599731445312,603.4299926757812,604.5900268554688,547839,-0.0009431672519824204
2026-02-20 14:55:00+00:00,604.5698852539062,604.760009765625,603.4600219726562,604.0499877929688,498614,0.0010422103153513193
2026-02-20 15:00:00+00:00,606.364990234375,608.9600219726562,604.2650146484375,604.5700073242188,1245645,0.002964827145950336
2026-02-20 15:05:00+00:00,606.5050048828125,606.5599975585938,603.5700073242188,606.47998046875,888377,0.00023088154480393442
2026-02-20 15:10:00+00:00,605.260009765625,607.75,605.1900024414062,606.510009765625,734177,-0.0020548465093627385
2026-02-20 15:15:00+00:00,606.1500244140625,606.969970703125,603.6500244140625,605.268798828125,748918,0.001469386555272809
2026-02-20 15:20:00+00:00,607.1497802734375,607.77001953125,606.0399780273438,606.1599731445312,512701,0.0016479951315927274
2026-02-20 15:25:00+00:00,606.3499755859375,607.9000244140625,605.9199829101562,607.1900024414062,613755,-0.0013181787626236655
2026-02-20 15:30:00+00:00,605.530029296875,606.8900146484375,604.7899780273438,606.3900146484375,699720,-0.0013531808609362527
2026-02-20 15:35:00+00:00,607.1400146484375,607.3900146484375,605.1699829101562,605.5599975585938,464919,0.0026552751187883957
2026-02-20 15:40:00+00:00,608.4500122070312,608.6099853515625,605.8499755859375,607.1900024414062,725664,0.002155328748639027
2026-02-20 15:45:00+00:00,608.8400268554688,609.3699951171875,607.6300048828125,608.4600219726562,613653,0.0006407916753896709
2026-02-20 15:50:00+00:00,609.739990234375,609.9550170898438,608.3400268554688,608.8699951171875,525137,0.0014770692607923442
2026-02-20 15:55:00+00:00,609.8599853515625,610.0399780273438,609.3200073242188,609.760009765625,386828,0.0001967778287583168
2026-02-20 16:00:00+00:00,609.9500122070312,610.3499755859375,609.4500122070312,609.8200073242188,408295,0.0001476079976592622
2026-02-20 16:05:00+00:00,609.5499877929688,610.02001953125,609.3800048828125,609.9400024414062,387977,-0.0006560466230585767
2026-02-20 16:10:00+00:00,608.8200073242188,609.8599853515625,608.7000122070312,609.5900268554688,423861,-0.0011982904356209808
2026-02-20 16:15:00+00:00,607.9450073242188,609.0599975585938,607.489990234375,608.869873046875,488340,-0.0014382401536807527
2026-02-20 16:20:00+00:00,607.260009765625,608.030029296875,606.9199829101562,608.030029296875,577369,-0.0011273778852324652
2026-02-20 16:25:00+00:00,606.47998046875,607.4199829101562,606.4124755859375,607.260009765625,2846576,-0.0012853319665498805
2026-02-20 16:30:00+00:00,607.9600219726562,608.1099853515625,606.22998046875,606.469970703125,412118,0.002437406926103902
2026-02-20 16:35:00+00:00,608.77001953125,608.7899780273438,607.3699951171875,608.0,357072,0.0013314336798168833
2026-02-20 16:40:00+00:00,609.239990234375,609.6234741210938,608.4199829101562,608.7999877929688,344829,0.0007717025684193333
2026-02-20 16:45:00+00:00,610.0,610.0499877929688,609.1500244140625,609.22998046875,360744,0.0012466944492458792
2026-02-20 16:50:00+00:00,609.9299926757812,610.1165161132812,609.3699951171875,610.0050048828125,362127,-0.00011477269140998405
2026-02-20 16:55:00+00:00,609.3599853515625,610.0250244140625,609.1699829101562,609.9199829101562,346829,-0.0009349824504678237
2026-02-20 17:00:00+00:00,608.6099853515625,609.6199951171875,608.5700073242188,609.3599853515625,375358,-0.0012315576128086748
2026-02-20 17:05:00+00:00,607.7849731445312,608.72998046875,607.7020263671875,608.6300048828125,343921,-0.001356487591098115
2026-02-20 17:10:00+00:00,606.58349609375,607.7999877929688,606.5399780273438,607.7999877929688,544979,-0.0019787691680920277
2026-02-20 17:15:00+00:00,605.2265014648438,606.5800170898438,605.0499877929688,606.5800170898438,656200,-0.002239617099794227
2026-02-20 17:20:00+00:00,604.25,605.5700073242188,604.2000122070312,605.2000122070312,588666,-0.0016147509700936108
2026-02-20 17:25:00+00:00,605.239990234375,605.25,604.0800170898438,604.25,536695,0.001637037864649305
2026-02-20 17:30:00+00:00,605.875,606.3400268554688,605.0599975585938,605.260009765625,395212,0.0010486367172983105
2026-02-20 17:35:00+00:00,606.0900268554688,606.2150268554688,604.9000244140625,605.9099731445312,506873,0.00035484003739426334
2026-02-20 17:40:00+00:00,606.1010131835938,606.3099975585938,605.3200073242188,606.0922241210938,372497,1.8126397180585254e-05
2026-02-20 17:45:00+00:00,607.0700073242188,607.1900024414062,605.719970703125,606.1300048828125,758698,0.0015974571273251132
2026-02-20 17:50:00+00:00,607.6279907226562,607.9398803710938,606.6099853515625,607.0599975585938,466403,0.0009187196135691955
2026-02-20 17:55:00+00:00,607.8200073242188,608.030029296875,606.2100219726562,607.6400146484375,476780,0.0003159602113270186
2026-02-20 18:00:00+00:00,607.110107421875,608.0800170898438,607.0499877929688,607.8099975585938,421541,-0.0011686268609515606
2026-02-20 18:05:00+00:00,607.5606079101562,608.0,607.0399780273438,607.1480102539062,245532,0.0007417656542649175
2026-02-20 18:10:00+00:00,607.0499877929688,607.5800170898438,606.780029296875,607.5800170898438,243337,-0.0008407964644394237
2026-02-20 18:15:00+00:00,606.4550170898438,607.030029296875,606.1201171875,607.030029296875,277384,-0.0009805822776257026
2026-02-20 18:20:00+00:00,606.5900268554688,606.9000244140625,605.27001953125,606.469970703125,433600,0.0002225964598038709
2026-02-20 18:25:00+00:00,606.1099853515625,606.7000122070312,605.6199951171875,606.6599731445312,281547,-0.000791690482637526
2026-02-20 18:30:00+00:00,607.6500244140625,608.5399780273438,605.3099975585938,606.1699829101562,523837,0.002537634913894401
2026-02-20 18:35:00+00:00,607.5800170898438,608.3300170898438,606.1400146484375,607.6599731445312,654406,-0.00011521657942152166
2026-02-20 18:40:00+00:00,608.6599731445312,608.8099975585938,607.5499877929688,607.5999755859375,300327,0.0017758934867939632
2026-02-20 18:45:00+00:00,609.0,609.9000244140625,608.6400146484375,608.6500244140625,442880,0.0005584923078794803
2026-02-20 18:50:00+00:00,609.407470703125,609.5900268554688,608.1500244140625,609.010009765625,445359,0.0006688578790159054
2026-02-20 18:55:00+00:00,609.2899780273438,609.6649780273438,609.0499877929688,609.4299926757812,264214,-0.00019281680825323393
2026-02-20 19:00:00+00:00,609.4500122070312,609.8099975585938,609.25,609.3699951171875,323442,0.0002626223507714056
2026-02-20 19:05:00+00:00,608.9199829101562,609.4879760742188,608.760009765625,609.4398803710938,417060,-0.0008700630062060322
2026-02-20 19:10:00+00:00,608.4799194335938,609.1300048828125,608.3900756835938,608.932373046875,468622,-0.000722956351290053
2026-02-20 19:15:00+00:00,608.4500122070312,608.614990234375,608.25,608.489990234375,235630,-4.915192862126219e-05
2026-02-20 19:20:00+00:00,608.719970703125,609.0250244140625,608.25,608.469970703125,227388,0.00044358389429705004
2026-02-20 19:25:00+00:00,608.27197265625,608.75,607.905029296875,608.7000122070312,237177,-0.0007362383449715437
2026-02-20 19:30:00+00:00,608.4600219726562,608.8400268554688,608.260009765625,608.280029296875,245017,0.00030910556923560316
2026-02-20 19:35:00+00:00,608.1799926757812,608.5700073242188,608.02001953125,608.47998046875,222661,-0.00046033222390913855
2026-02-20 19:40:00+00:00,607.9000244140625,608.4099731445312,607.8099975585938,608.2000122070312,214086,-0.0004604438239763692
2026-02-20 19:45:00+00:00,607.9199829101562,608.0599975585938,607.6699829101562,607.9299926757812,175801,3.2831333545010084e-05
2026-02-20 19:50:00+00:00,607.9199829101562,608.52001953125,607.780029296875,607.9099731445312,249761,0.0
2026-02-20 19:55:00+00:00,607.5,608.1300048828125,607.4099731445312,607.9100952148438,246217,-0.000691091034830932
2026-02-20 20:00:00+00:00,608.0499877929688,608.219970703125,607.3599853515625,607.5150146484375,352392,0.0009049201366017304
2026-02-20 20:05:00+00:00,608.5499877929688,608.8300170898438,608.010009765625,608.0399780273438,375274,0.0008219629100521909
2026-02-20 20:10:00+00:00,608.6019897460938,608.72998046875,608.3599853515625,608.572021484375,155588,8.544857851164713e-05
2026-02-20 20:15:00+00:00,608.0599975585938,608.6500244140625,608.0,608.580078125,227050,-0.0008909495472165644
2026-02-20 20:20:00+00:00,607.6799926757812,608.1099853515625,607.5800170898438,608.0800170898438,303815,-0.0006251417214873104
2026-02-20 20:25:00+00:00,607.469970703125,607.7899780273438,607.3200073242188,607.6699829101562,30265128,-0.0003456725195688096
2026-02-20 20:30:00+00:00,607.5900268554688,607.9149780273438,607.4000244140625,607.489990234375,0,0.00019761353838606432
2026-02-20 20:35:00+00:00,608.030029296875,608.0770263671875,607.530029296875,607.6099853515625,209376,0.0007239144474373064
2026-02-20 20:40:00+00:00,608.4299926757812,608.4299926757812,607.9849853515625,608.0,252151,0.0006575857588320546
2026-02-20 20:45:00+00:00,608.0700073242188,608.5399780273438,608.0599975585938,608.4199829101562,358278,-0.0005918378332432989
2026-02-20 20:50:00+00:00,608.2999877929688,608.5,607.8397827148438,608.0700073242188,530312,0.0003781422961987516
2026-02-20 20:55:00+00:00,608.8699951171875,608.8699951171875,608.0800170898438,608.2999877929688,991012,0.0009366109481689814
2026-02-23 14:30:00+00:00,607.0900268554688,608.010009765625,606.3400268554688,606.6270141601562,1695352,-0.0029276777212087863
2026-02-23 14:35:00+00:00,606.9500122070312,607.719970703125,606.1900024414062,607.1500244140625,664156,-0.00023065903026794305
2026-02-23 14:40:00+00:00,604.1699829101562,606.9600219726562,604.1599731445312,606.9600219726562,849910,-0.004590848455502277
2026-02-23 14:45:00+00:00,604.4400024414062,605.1900024414062,603.5900268554688,604.1799926757812,810523,0.0004468265842831928
2026-02-23 14:50:00+00:00,605.219970703125,606.1890869140625,604.3499755859375,604.3800048828125,781214,0.0012895663031332804
2026-02-23 14:55:00+00:00,604.9600219726562,605.6799926757812,604.6588134765625,605.1799926757812,4674050,-0.0004296034243501412
2026-02-23 15:00:00+00:00,603.8300170898438,605.875,603.77001953125,604.9299926757812,0,-0.0018696467963242515
2026-02-23 15:05:00+00:00,603.5961303710938,604.4349975585938,603.2249755859375,603.8300170898438,785890,-0.0003874137100097956
2026-02-23 15:10:00+00:00,604.0499877929688,604.6699829101562,603.6199951171875,603.6300048828125,609655,0.000751639799799461
2026-02-23 15:15:00+00:00,604.6300048828125,604.669921875,603.6400146484375,604.0300903320312,421786,0.00095975301631673
2026-02-23 15:20:00+00:00,604.5800170898438,605.3599853515625,604.1300048828125,604.62841796875,516368,-8.26784298656554e-05
2026-02-23 15:25:00+00:00,603.97998046875,604.72998046875,603.830078125,604.5599975585938,343666,-0.000992977877158172
2026-02-23 15:30:00+00:00,603.469970703125,604.6649780273438,603.4500122070312,603.969970703125,621288,-0.0008447717364355858
2026-02-23 15:35:00+00:00,603.2999877929688,603.969970703125,602.9949951171875,603.47998046875,546563,-0.00028171551683686794
2026-02-23 15:40:00+00:00,602.9400024414062,603.5499877929688,602.6599731445312,603.3099975585938,7905231,-0.0005968718748576998
2026-02-23 15:45:00+00:00,602.8065795898438,603.47998046875,602.5499877929688,602.9299926757812,0,-0.00022131159912937325
2026-02-23 15:50:00+00:00,601.635009765625,603.1799926757812,601.5800170898438,602.8400268554688,581570,-0.001945416372318475
2026-02-23 15:55:00+00:00,600.8599853515625,601.760009765625,600.75,601.6300048828125,690786,-0.0012890274379919265
2026-02-23 16:00:00+00:00,600.010009765625,601.1599731445312,599.530029296875,600.8599853515625,769987,-0.0014155999089560541
2026-02-23 16:05:00+00:00,599.4398803710938,600.0999755859375,599.1199951171875,600.030029296875,660767,-0.0009506515314343082
2026-02-23 16:10:00+00:00,599.4000244140625,599.989990234375,599.0499877929688,599.4400024414062,722884,-6.649087486474212e-05
2026-02-23 16:15:00+00:00,600.3300170898438,600.3900146484375,599.0499877929688,599.4000244140625,10916807,0.0015503368756001508
2026-02-23 16:20:00+00:00,600.4299926757812,600.8250122070312,600.08251953125,600.3200073242188,1420174,0.0001665205126009755
2026-02-23 16:25:00+00:00,601.6699829101562,601.72998046875,600.3599853515625,600.3699951171875,842269,0.0020630408441161784
2026-02-23 16:30:00+00:00,601.3800048828125,601.9500122070312,601.1900024414062,601.6599731445312,0,-0.0004820714615383167
2026-02-23 16:35:00+00:00,601.239990234375,601.77001953125,601.02001953125,601.3800048828125,415814,-0.00023284936162479118
2026-02-23 16:40:00+00:00,601.3699951171875,601.7899780273438,601.1300048828125,601.219970703125,336372,0.0002162045632456471
2026-02-23 16:45:00+00:00,601.0,601.5,600.6199951171875,601.3699951171875,12441055,-0.0006154430505894345
2026-02-23 16:50:00+00:00,600.989990234375,601.47998046875,600.760009765625,601.010009765625,0,-1.6655322767355397e-05
2026-02-23 16:55:00+00:00,600.6599731445312,601.1500244140625,600.469970703125,601.0,253658,-0.0005492732629275892
2026-02-23 17:00:00+00:00,600.8800048828125,601.2000122070312,600.5,600.6599731445312,321598,0.00036624955434618633
2026-02-23 17:05:00+00:00,600.8200073242188,601.3300170898438,600.6599731445312,600.8599853515625,12844005,-9.985446955838799e-05
2026-02-23 17:10:00+00:00,600.6099853515625,601.0599975585938,600.4299926757812,600.7999877929688,0,-0.00034961999629763344
2026-02-23 17:15:00+00:00,600.739990234375,601.2100219726562,600.5900268554688,600.6099853515625,1877633,0.0002164313246963672
2026-02-23 17:20:00+00:00,601.0,601.2899780273438,600.6599731445312,600.739990234375,190023,0.00043272217250838244
2026-02-23 17:25:00+00:00,600.8400268554688,601.260009765625,600.7999877929688,601.0,194380,-0.00026621370881547486
2026-02-23 17:30:00+00:00,600.3699951171875,600.9199829101562,600.2954711914062,600.8400268554688,13587115,-0.0007825971373414424
2026-02-23 17:35:00+00:00,599.375,600.3800048828125,599.3499755859375,600.3699951171875,0,-0.0016586780513479997
2026-02-23 17:40:00+00:00,599.8400268554688,600.469970703125,599.280029296875,599.3599853515625,527640,0.0007755521209517469
2026-02-23 17:45:00+00:00,599.85498046875,600.27001953125,599.6699829101562,599.8499755859375,365868,2.492902477829606e-05
2026-02-23 17:50:00+00:00,600.77001953125,600.9849853515625,599.8300170898438,599.844970703125,14518925,0.001524271508034793
2026-02-23 17:55:00+00:00,600.885009765625,601.1500244140625,600.5800170898438,600.780029296875,0,0.0001913864327489544
2026-02-23 18:00:00+00:00,601.1500244140625,601.3300170898438,600.75,600.8699951171875,14737417,0.0004409433089647662
2026-02-23 18:05:00+00:00,601.5999755859375,601.6900024414062,601.0700073242188,601.1400146484375,391438,0.0007482040205621974
2026-02-23 18:10:00+00:00,601.8400268554688,601.9600219726562,601.28369140625,601.5999755859375,0,0.00039894182049464574
2026-02-23 18:15:00+00:00,601.8800048828125,602.1900024414062,601.75,601.8499755859375,323641,6.642412904064815e-05
2026-02-23 18:20:00+00:00,602.60498046875,602.7000732421875,601.75,601.8812866210938,361959,0.0012037936251631442
2026-02-23 18:25:00+00:00,602.4550170898438,602.6699829101562,602.2999877929688,602.6099853515625,367858,-0.0002488894826551577
2026-02-23 18:30:00+00:00,602.3300170898438,602.469970703125,602.030029296875,602.4500122070312,274324,-0.0002075058984006019
2026-02-23 18:35:00+00:00,602.260009765625,602.6799926757812,602.2100219726562,602.3400268554688,252345,-0.00011623427512566715
2026-02-23 18:40:00+00:00,601.8499755859375,602.4000244140625,601.6599731445312,602.27001953125,283730,-0.0006810577115461599
2026-02-23 18:45:00+00:00,602.010009765625,602.239990234375,601.6300048828125,601.8300170898438,248517,0.00026586842752064166
2026-02-23 18:50:00+00:00,601.1599731445312,602.0900268554688,601.1312255859375,602.030029296875,233407,-0.0014129952950895587
2026-02-23 18:55:00+00:00,600.469970703125,601.2550048828125,600.2999877929688,601.1400146484375,339073,-0.0011484442790020096
2026-02-23 19:00:00+00:00,600.5499877929688,600.89501953125,600.3400268554688,600.469970703125,456624,0.00013324855993634695
2026-02-23 19:05:00+00:00,600.8400268554688,601.1400146484375,600.510009765625,600.5499877929688,1034999,0.00048283915231258327
2026-02-23 19:10:00+00:00,600.8665161132812,601.1300048828125,600.6099853515625,600.8499755859375,209168,4.408606738772527e-05
2026-02-23 19:15:00+00:00,600.6199951171875,601.0900268554688,600.469970703125,600.8300170898438,17524308,-0.0004103599953040271
2026-02-23 19:20:00+00:00,600.6199951171875,600.77001953125,600.47998046875,600.6199951171875,0,0.0
2026-02-23 19:25:00+00:00,600.1699829101562,600.8099975585938,600.0399780273438,600.6400146484375,17667552,-0.0007495269553102388
2026-02-23 19:30:00+00:00,600.1699829101562,600.5399780273438,600.0999755859375,600.1599731445312,0,0.0
2026-02-23 19:35:00+00:00,600.0399780273438,600.239990234375,599.9000244140625,600.1599731445312,329298,-0.00021663690112919018
2026-02-23 19:40:00+00:00,599.760009765625,600.0700073242188,599.4199829101562,600.0599975585938,385241,-0.0004666915646752611
2026-02-23 19:45:00+00:00,600.030029296875,600.1099243164062,599.6199951171875,599.760009765625,421424,0.00045011131450939184
2026-02-23 19:50:00+00:00,599.72998046875,600.1400146484375,599.6400756835938,600.0200805664062,265553,-0.0005001814228483684
2026-02-23 19:55:00+00:00,599.593505859375,600.1995239257812,599.4299926757812,599.719970703125,312429,-0.0002275859874668265
2026-02-23 20:00:00+00:00,599.7999877929688,599.9400024414062,599.5,599.5999755859375,338026,0.0003443105815170004
2026-02-23 20:05:00+00:00,599.5850219726562,599.9299926757812,599.4199829101562,599.8099975585938,278736,-0.00035846007889718144
2026-02-23 20:10:00+00:00,599.4500122070312,599.6400146484375,599.3098754882812,599.5700073242188,451593,-0.0002251973667940886
2026-02-23 20:15:00+00:00,599.7000122070312,599.97998046875,599.4349975585938,599.4500122070312,291559,0.0004169620123124005
2026-02-23 20:20:00+00:00,599.8099975585938,599.8099975585938,599.4400024414062,599.6799926757812,228124,0.00018338380001047403
2026-02-23 20:25:00+00:00,599.969970703125,600.1599731445312,599.7103881835938,599.8001098632812,281426,0.0002666708058329863
2026-02-23 20:30:00+00:00,600.9349975585938,601.0499877929688,599.9299926757812,599.969970703125,741479,0.0016071664098222325
2026-02-23 20:35:00+00:00,600.469970703125,600.9299926757812,600.2791748046875,600.9299926757812,330796,-0.000774138431215932
2026-02-23 20:40:00+00:00,600.5349731445312,600.6300048828125,600.0700073242188,600.4600219726562,358414,0.00010824675086084394
2026-02-23 20:45:00+00:00,600.8200073242188,600.8800048828125,600.25,600.5399780273438,407632,0.0004745211692961172
2026-02-23 20:50:00+00:00,600.219970703125,601.239990234375,600.1699829101562,600.8400268554688,810994,-0.0009991951675112217
2026-02-23 20:55:00+00:00,601.4199829101562,601.5311889648438,600.0599975585938,600.219970703125,1270841,0.001997291455471638
2026-02-24 14:30:00+00:00,600.7849731445312,602.8699951171875,600.0900268554688,602.0549926757812,3383334,-0.0010564085956936541
2026-02-24 14:35:00+00:00,602.3900146484375,602.6500244140625,599.7390747070312,600.780029296875,0,0.0026680116729250036
2026-02-24 14:40:00+00:00,604.9400024414062,604.969970703125,602.3300170898438,602.3400268554688,915496,0.004224183195390598
2026-02-24 14:45:00+00:00,605.7550048828125,606.219970703125,604.8300170898438,604.9500122070312,5721501,0.0013463383586845375
2026-02-24 14:50:00+00:00,605.030029296875,605.8599853515625,604.7249755859375,605.739990234375,0,-0.0011975299530655016
2026-02-24 14:55:00+00:00,604.114990234375,605.02001953125,603.75,605.010009765625,6472135,-0.0015135310031444101
2026-02-24 15:00:00+00:00,603.2498779296875,604.1400146484375,602.75,604.0800170898438,0,-0.001433058846671124
2026-02-24 15:05:00+00:00,604.6607055664062,604.8099975585938,603.1699829101562,603.2249755859375,533811,0.0023359813177339698
2026-02-24 15:10:00+00:00,603.8599853515625,605.219970703125,603.5599975585938,604.6799926757812,7710143,-0.0013251247380872285
2026-02-24 15:15:00+00:00,604.533203125,604.760009765625,603.5800170898438,603.8400268554688,0,0.0011142364083291903
2026-02-24 15:20:00+00:00,605.8400268554688,605.9299926757812,604.4000244140625,604.510009765625,706721,0.002159373994562707
2026-02-24 15:25:00+00:00,607.3800048828125,607.4299926757812,605.5700073242188,605.8699951171875,688518,0.0025386637446298058
2026-02-24 15:30:00+00:00,607.3200073242188,607.6599731445312,607.0399780273438,607.3599853515625,742983,-9.878580396739408e-05
2026-02-24 15:35:00+00:00,607.1099853515625,607.3800048828125,606.77001953125,607.3400268554688,393191,-0.00034587745035395755
2026-02-24 15:40:00+00:00,607.5,607.8300170898438,606.969970703125,607.0900268554688,454878,0.0006422055911700974
2026-02-24 15:45:00+00:00,607.3099975585938,607.530029296875,606.989990234375,607.510009765625,10411095,-0.00031281014041273646
2026-02-24 15:50:00+00:00,606.7000122070312,607.2999877929688,606.6102294921875,607.2999877929688,468259,-0.0010049100056642205
2026-02-24 15:55:00+00:00,606.5250244140625,606.9600219726562,606.3099975585938,606.72998046875,456292,-0.00028846716627210024
2026-02-24 16:00:00+00:00,607.5499877929688,607.7009887695312,606.4749755859375,606.510009765625,0,0.0016884683600411937
2026-02-24 16:05:00+00:00,607.3900146484375,607.864990234375,607.1500244140625,607.5499877929688,11515964,-0.0002633432846631372
2026-02-24 16:10:00+00:00,607.8900146484375,608.2100219726562,607.0900268554688,607.3800048828125,0,0.0008228556647992042
2026-02-24 16:15:00+00:00,607.5499877929688,608.0598754882812,607.4099731445312,607.8699951171875,11981065,-0.0005595123801360873
2026-02-24 16:20:00+00:00,607.3400268554688,607.6300048828125,606.9600830078125,607.5300903320312,0,-0.00034564600426174066
2026-02-24 16:25:00+00:00,607.4400024414062,607.5900268554688,607.2379760742188,607.3200073242188,184036,0.0001645986660170007
2026-02-24 16:30:00+00:00,606.4199829101562,607.469970703125,606.3499755859375,607.4199829101562,355869,-0.0016806217910557524
2026-02-24 16:35:00+00:00,606.905029296875,607.0499877929688,606.3699951171875,606.4099731445312,259601,0.0007995325369174144
2026-02-24 16:40:00+00:00,606.8250122070312,607.25,606.5599975585938,606.8400268554688,259013,-0.0001318531917699141
2026-02-24 16:45:00+00:00,607.280029296875,607.5050048828125,606.7698974609375,606.8200073242188,13563314,0.0007495514730480813
2026-02-24 16:50:00+00:00,607.77001953125,607.9099731445312,607.0900268554688,607.280029296875,490154,0.000806535107601617
2026-02-24 16:55:00+00:00,607.77001953125,608.0482788085938,607.5900268554688,607.760009765625,485430,0.0
2026-02-24 17:00:00+00:00,607.8200073242188,608.0499877929688,607.5999755859375,607.760009765625,0,8.22444934435442e-05
2026-02-24 17:05:00+00:00,608.3035278320312,608.3200073242188,607.8400268554688,607.8400268554688,241381,0.0007951832512287824
2026-02-24 17:10:00+00:00,608.4199829101562,608.9099731445312,608.27001953125,608.3099975585938,439306,0.00019142406216761596
2026-02-24 17:15:00+00:00,608.2750244140625,608.719970703125,608.1300048828125,608.4199829101562,223504,-0.00023828238943529058
2026-02-24 17:20:00+00:00,608.5800170898438,608.6599731445312,608.2100219726562,608.280029296875,375798,0.0005012802211689705
2026-02-24 17:25:00+00:00,608.5399780273438,608.8699951171875,608.4600219726562,608.5900268554688,211046,-6.579312257634077e-05
2026-02-24 17:30:00+00:00,608.5700073242188,608.760009765625,608.3200073242188,608.530029296875,135526,4.934524774680815e-05
2026-02-24 17:35:00+00:00,608.4400024414062,608.6500244140625,608.364990234375,608.5700073242188,134048,-0.00021364636652745038
2026-02-24 17:40:00+00:00,608.0900268554688,608.489990234375,608.030029296875,608.4500122070312,207941,-0.0005753669653262413
2026-02-24 17:45:00+00:00,608.47998046875,608.5499877929688,607.869873046875,608.0700073242188,240788,0.0006410705907403885
2026-02-24 17:50:00+00:00,608.27001953125,608.6300048828125,608.25,608.489990234375,194297,-0.0003451176323550225
2026-02-24 17:55:00+00:00,608.1900024414062,608.3400268554688,608.0900268554688,608.25,235388,-0.0001315572867399196
2026-02-24 18:00:00+00:00,608.8400268554688,608.989990234375,608.1300048828125,608.1799926757812,315938,0.001068214358275015
2026-02-24 18:05:00+00:00,608.3533935546875,608.8300170898438,608.3099975585938,608.8200073242188,264881,-0.0007995990095724239
2026-02-24 18:10:00+00:00,608.1500244140625,608.4299926757812,608.0399780273438,608.3499755859375,177106,-0.0003343503018826356
2026-02-24 18:15:00+00:00,607.919921875,608.1699829101562,607.8699951171875,608.135009765625,174591,-0.0003784363597025179
2026-02-24 18:20:00+00:00,607.72998046875,608.0999755859375,607.6802978515625,607.9000244140625,233641,-0.00031249360104337783
2026-02-24 18:25:00+00:00,607.5596923828125,607.8150024414062,607.4564819335938,607.7301025390625,234808,-0.00028024279454698375
2026-02-24 18:30:00+00:00,607.7849731445312,607.8900146484375,607.3800048828125,607.5599975585938,293550,0.00037072736761655786
2026-02-24 18:35:00+00:00,608.125,608.3099975585938,607.6099853515625,607.7899780273438,403676,0.0005592961186971494
2026-02-24 18:40:00+00:00,608.010009765625,608.2849731445312,607.9099731445312,608.1199951171875,150055,-0.00018910767931897693
2026-02-24 18:45:00+00:00,607.780029296875,608.1300048828125,607.6157836914062,608.030029296875,174608,-0.0003783226776070947
2026-02-24 18:50:00+00:00,608.0150146484375,608.0999145507812,607.72998046875,607.7800903320312,275899,0.00038655422335986825
2026-02-24 18:55:00+00:00,607.7999877929688,608.1300048828125,607.7999877929688,608.030029296875,175850,-0.0003537164079714304
2026-02-24 19:00:00+00:00,607.875,607.9893798828125,607.6699829101562,607.780029296875,228083,0.0001234083252178696
2026-02-24 19:05:00+00:00,607.655029296875,607.9500122070312,607.581298828125,607.8599853515625,179316,-0.0003619338070216257
2026-02-24 19:10:00+00:00,607.4600219726562,607.7000122070312,607.2949829101562,607.669921875,246832,-0.0003209693200478204
2026-02-24 19:15:00+00:00,607.1566162109375,607.469970703125,606.8099975585938,607.4400024414062,18677796,-0.0004995909960250998
2026-02-24 19:20:00+00:00,607.1300048828125,607.2750244140625,607.00048828125,607.16650390625,0,-4.383039006936295e-05
2026-02-24 19:25:00+00:00,607.1599731445312,607.4600219726562,606.97998046875,607.1099853515625,365519,4.9359316583557546e-05
2026-02-24 19:30:00+00:00,607.2000122070312,607.4099731445312,607.0900268554688,607.1500244140625,237441,6.594265785677921e-05
2026-02-24 19:35:00+00:00,607.4450073242188,607.4450073242188,607.1599731445312,607.2000122070312,193201,0.0004034020089334612
2026-02-24 19:40:00+00:00,607.5599975585938,607.8200073242188,607.3800048828125,607.4400024414062,252950,0.00018928355727961492
2026-02-24 19:45:00+00:00,607.5900268554688,607.7100219726562,607.4299926757812,607.5700073242188,177459,4.942483854292571e-05
2026-02-24 19:50:00+00:00,607.5,608.4000244140625,607.4600219726562,607.5999755859375,379116,-0.00014818137527874495
2026-02-24 19:55:00+00:00,607.5999755859375,607.8400268554688,607.4500122070312,607.5,223029,0.0001645553257704875
2026-02-24 20:00:00+00:00,607.52001953125,607.780029296875,607.4099731445312,607.614990234375,210165,-0.0001316019078349408
2026-02-24 20:05:00+00:00,607.260009765625,607.6400146484375,607.1950073242188,607.5399780273438,20758216,-0.00042807712231823737
2026-02-24 20:10:00+00:00,607.1900024414062,607.3800048828125,607.1099853515625,607.260009765625,0,-0.00011529058189738317
2026-02-24 20:15:00+00:00,607.4600219726562,607.489990234375,607.0,607.1799926757812,21286068,0.00044460466845713163
2026-02-24 20:20:00+00:00,607.3499755859375,607.6900024414062,607.27001953125,607.4600219726562,0,-0.00018117464828396366
2026-02-24 20:25:00+00:00,607.0700073242188,607.530029296875,607.0499877929688,607.3400268554688,197295,-0.00046107322115642547
2026-02-24 20:30:00+00:00,607.510009765625,607.6199951171875,606.969970703125,607.0700073242188,266288,0.0007245343319723309
2026-02-24 20:35:00+00:00,607.25,607.5800170898438,607.2100219726562,607.510009765625,220460,-0.0004280841771303249
2026-02-24 20:40:00+00:00,607.8400268554688,607.86962890625,607.2000122070312,607.25,266875,0.0009711657388382117
2026-02-24 20:45:00+00:00,607.989990234375,608.1500244140625,607.7849731445312,607.8300170898438,392919,0.0002466847792188929
2026-02-24 20:50:00+00:00,608.4099731445312,608.8200073242188,607.9600219726562,608.0,648086,0.0006905342642040457
2026-02-24 20:55:00+00:00,607.8400268554688,608.4000244140625,607.6500244140625,608.4000244140625,1042444,-0.0009372190434230101
2026-02-25 14:30:00+00:00,612.5609741210938,613.0800170898438,611.0,611.0900268554688,1559957,0.007736753428490035
2026-02-25 14:35:00+00:00,613.114990234375,613.3189697265625,612.4400024414062,612.5499877929688,3389968,0.0009040173212554823
2026-02-25 14:40:00+00:00,613.75,613.9149780273438,612.8400268554688,613.1199951171875,0,0.001035174737864865
2026-02-25 14:45:00+00:00,614.9000244140625,615.1799926757812,613.72998046875,613.75,881808,0.0018720135548113723
2026-02-25 14:50:00+00:00,615.280029296875,615.5999755859375,614.8200073242188,614.9099731445312,687249,0.00061780370077204
2026-02-25 14:55:00+00:00,615.47998046875,615.659912109375,614.5900268554688,615.2899780273438,753044,0.00032492309150045583
2026-02-25 15:00:00+00:00,615.27001953125,615.8900146484375,615.27001953125,615.469970703125,534293,-0.00034119185787008196
2026-02-25 15:05:00+00:00,614.8599853515625,615.489990234375,614.6500244140625,615.280029296875,611131,-0.0006666518063061837
2026-02-25 15:10:00+00:00,614.6400146484375,615.030029296875,614.52001953125,614.8599853515625,331509,-0.000357821399710514
2026-02-25 15:15:00+00:00,614.3900146484375,614.77001953125,614.0999755859375,614.6300048828125,520437,-0.00040682489034230045
2026-02-25 15:20:00+00:00,614.6699829101562,614.7899780273438,614.0700073242188,614.3800048828125,444205,0.0004555811223492714
2026-02-25 15:25:00+00:00,615.260009765625,615.4000244140625,614.5650024414062,614.6699829101562,566735,0.0009594479429630357
2026-02-25 15:30:00+00:00,614.4000244140625,615.4400024414062,614.3150024414062,615.260009765625,9335218,-0.0013987369970060387
2026-02-25 15:35:00+00:00,614.3699951171875,614.5499877929688,614.094970703125,614.3900146484375,788843,-4.887700123487139e-05
2026-02-25 15:40:00+00:00,614.4099731445312,614.7949829101562,614.280029296875,614.3699951171875,0,6.506946465677685e-05
2026-02-25 15:45:00+00:00,614.489990234375,614.780029296875,614.3800048828125,614.4099731445312,9966051,0.00013022555511645344
2026-02-25 15:50:00+00:00,614.0599975585938,614.5650024414062,613.8900146484375,614.510009765625,0,-0.0007000003216992088
2026-02-25 15:55:00+00:00,614.3350219726562,614.4099731445312,613.6099853515625,614.0399780273438,432125,0.0004477784658598163
2026-02-25 16:00:00+00:00,614.25,614.7000122070312,614.0798950195312,614.3400268554688,360927,-0.0001384063313021279
2026-02-25 16:05:00+00:00,614.5499877929688,614.5850219726562,614.0700073242188,614.25,233402,0.00048826139633560776
2026-02-25 16:10:00+00:00,614.4400024414062,614.5700073242188,614.1798706054688,614.5599975585938,204879,-0.00017898494329500128
2026-02-25 16:15:00+00:00,614.219970703125,614.469970703125,614.0499877929688,614.4299926757812,11496971,-0.00035816539228556956
2026-02-25 16:20:00+00:00,614.3499755859375,614.5399780273438,614.0599975585938,614.2249755859375,395859,0.00021163611187214717
2026-02-25 16:25:00+00:00,614.469970703125,614.5701293945312,614.219970703125,614.3400268554688,0,0.00019530138313807418
2026-02-25 16:30:00+00:00,614.4500122070312,614.8099975585938,614.4299926757812,614.4600219726562,12367574,-3.248135984941463e-05
2026-02-25 16:35:00+00:00,614.7750244140625,614.8049926757812,614.3101196289062,614.4400024414062,444061,0.0005288083221905908
2026-02-25 16:40:00+00:00,614.9600219726562,615.1199951171875,614.739990234375,614.780029296875,436248,0.0003008738517015104
2026-02-25 16:45:00+00:00,615.030029296875,615.2100219726562,614.8800048828125,614.9600219726562,0,0.00011383396836765597
2026-02-25 16:50:00+00:00,615.0399780273438,615.239990234375,614.9199829101562,615.02001953125,12823711,1.6175876835812213e-05
2026-02-25 16:55:00+00:00,614.8699951171875,615.0499877929688,614.7949829101562,615.0499877929688,0,-0.00027641520916195616
2026-02-25 17:00:00+00:00,615.1500244140625,615.2349853515625,614.8099975585938,614.8699951171875,188650,0.0004553247870221015
2026-02-25 17:05:00+00:00,615.1199951171875,615.3099975585938,614.7449951171875,615.1599731445312,219693,-4.88174082180294e-05
2026-02-25 17:10:00+00:00,615.4149780273438,615.4600219726562,615.02001953125,615.1099853515625,136269,0.000479438491785133
2026-02-25 17:15:00+00:00,615.3300170898438,615.4299926757812,615.22998046875,615.4099731445312,169282,-0.00013806424234431226
2026-02-25 17:20:00+00:00,615.3400268554688,615.4099731445312,615.2000732421875,615.3350219726562,143998,1.626718010159592e-05
2026-02-25 17:25:00+00:00,614.97998046875,615.4199829101562,614.9299926757812,615.3400268554688,165767,-0.0005852890221301907
2026-02-25 17:30:00+00:00,614.97998046875,615.1599731445312,614.8300170898438,614.9650268554688,14041907,0.0
2026-02-25 17:35:00+00:00,615.2100219726562,615.2999877929688,614.9749755859375,614.9749755859375,0,0.000373993458134318
2026-02-25 17:40:00+00:00,615.2800903320312,615.4400024414062,615.1599731445312,615.2100219726562,149322,0.00011388691180862493
2026-02-25 17:45:00+00:00,615.3800048828125,615.5499877929688,615.2100219726562,615.2849731445312,15171287,0.0001623755436440064
2026-02-25 17:50:00+00:00,615.6099853515625,615.7000122070312,615.3699951171875,615.3699951171875,0,0.00037365124533949424
2026-02-25 17:55:00+00:00,615.739990234375,615.780029296875,615.5,615.6199951171875,142932,0.00021115829922155582
2026-02-25 18:00:00+00:00,615.6099853515625,615.8300170898438,615.5599975585938,615.7459716796875,206131,-0.00021115829922139934
2026-02-25 18:05:00+00:00,615.6099853515625,615.635009765625,615.469970703125,615.6199951171875,196737,0.0
2026-02-25 18:10:00+00:00,615.5599975585938,615.8099975585938,615.5499877929688,615.5999755859375,192917,-8.120372278419095e-05
2026-02-25 18:15:00+00:00,615.4349975585938,615.5800170898438,615.3499755859375,615.552978515625,15807489,-0.00020308774759514133
2026-02-25 18:20:00+00:00,615.4000244140625,615.52001953125,615.375,615.4398803710938,0,-5.6828322100545026e-05
2026-02-25 18:25:00+00:00,615.4149780273438,615.52001953125,615.3699951171875,615.3900146484375,120665,2.4298717926476985e-05
2026-02-25 18:30:00+00:00,615.4000244140625,615.469970703125,615.30029296875,615.4199829101562,137779,-2.4298717926463162e-05
2026-02-25 18:35:00+00:00,615.4749755859375,615.489990234375,615.3250122070312,615.4099731445312,16148588,0.00012178518853282301
2026-02-25 18:40:00+00:00,615.7050170898438,615.7899780273438,615.4650268554688,615.4749755859375,0,0.0003736927304728026
2026-02-25 18:45:00+00:00,615.77001953125,615.780029296875,615.6400146484375,615.7050170898438,16451290,0.0001055684273471216
2026-02-25 18:50:00+00:00,615.7899780273438,615.8200073242188,615.6699829101562,615.75,0,3.241173168187232e-05
2026-02-25 18:55:00+00:00,615.7100219726562,615.7999877929688,615.655029296875,615.7949829101562,107449,-0.00012985148972769278
2026-02-25 19:00:00+00:00,616.010009765625,616.1500244140625,615.6849975585938,615.7000122070312,426950,0.00048710387290991017
2026-02-25 19:05:00+00:00,616.1599731445312,616.260009765625,615.9400024414062,616.010009765625,198136,0.00024341346036111438
2026-02-25 19:10:00+00:00,616.0750122070312,616.2000122070312,615.969970703125,616.1500244140625,156809,-0.00013789729823386384
2026-02-25 19:15:00+00:00,616.3150024414062,616.35498046875,616.0299072265625,616.0700073242188,157132,0.00038947124620618046
2026-02-25 19:20:00+00:00,616.1699829101562,616.3400268554688,616.0700073242188,616.3200073242188,174859,-0.00023532867928273166
2026-02-25 19:25:00+00:00,616.1849975585938,616.3200073242188,616.1099853515625,616.1699829101562,249397,2.436740821624177e-05
2026-02-25 19:30:00+00:00,616.2600708007812,616.3599853515625,616.1699829101562,616.1799926757812,199392,0.000121828135318576
2026-02-25 19:35:00+00:00,616.239990234375,616.3399047851562,616.1900024414062,616.260009765625,198455,-3.258509600581846e-05
2026-02-25 19:40:00+00:00,616.0750122070312,616.3200073242188,616.0599975585938,616.22998046875,232195,-0.0002677530144524867
2026-02-25 19:45:00+00:00,616.22998046875,616.2899780273438,616.040283203125,616.0900268554688,239517,0.0002515095913053252
2026-02-25 19:50:00+00:00,616.260009765625,616.3099975585938,616.1300048828125,616.22998046875,119488,4.872947791697253e-05
2026-02-25 19:55:00+00:00,616.1300048828125,616.2899780273438,616.114990234375,616.260009765625,123699,-0.00021098009842579908
2026-02-25 20:00:00+00:00,616.1300048828125,616.239990234375,616.0499877929688,616.1300048828125,149635,0.0
2026-02-25 20:05:00+00:00,616.280029296875,616.3200073242188,616.0599975585938,616.1300048828125,208396,0.0002434650978858485
2026-02-25 20:10:00+00:00,616.2050170898438,616.2899780273438,616.1199951171875,616.2849731445312,163343,-0.00012172513953627792
2026-02-25 20:15:00+00:00,616.239990234375,616.280029296875,616.1199951171875,616.2050170898438,248141,5.6754085306607046e-05
2026-02-25 20:20:00+00:00,616.0250244140625,616.25,615.9349975585938,616.239990234375,20019219,-0.00034889544040885115
2026-02-25 20:25:00+00:00,616.10498046875,616.280029296875,616.0,616.0250244140625,0,0.0001297850948892009
2026-02-25 20:30:00+00:00,615.8900146484375,616.1199951171875,615.7550048828125,616.1099853515625,455845,-0.0003489719087270297
2026-02-25 20:35:00+00:00,616.280029296875,616.3300170898438,615.8200073242188,615.8790283203125,401866,0.0006330533084763791
2026-02-25 20:40:00+00:00,616.2999877929688,616.469970703125,616.2050170898438,616.27001953125,21299027,3.238490940762096e-05
2026-02-25 20:45:00+00:00,616.4749755859375,616.6199951171875,616.22998046875,616.2999877929688,0,0.0002838925178434676
2026-02-25 20:50:00+00:00,616.6099853515625,616.8300170898438,616.1799926757812,616.4500122070312,971333,0.00021897885456624957
2026-02-25 20:55:00+00:00,616.52001953125,616.6199951171875,616.260009765625,616.6199951171875,1899471,-0.00014591457529357043
2026-02-26 14:30:00+00:00,613.8699951171875,615.530029296875,613.47998046875,615.489990234375,2490902,-0.004307623566915531
2026-02-26 14:35:00+00:00,613.9625244140625,614.4199829101562,612.72998046875,613.8699951171875,1624718,0.0001507197367364788
2026-02-26 14:40:00+00:00,613.7125854492188,614.4000244140625,612.9299926757812,613.969970703125,962683,-0.00040717444915001926
2026-02-26 14:45:00+00:00,612.8800048828125,613.7000122070312,612.3701171875,613.7000122070312,875942,-0.0013575505034601177
2026-02-26 14:50:00+00:00,612.530029296875,613.4299926757812,611.8699951171875,612.8599853515625,845174,-0.0005711975350148445
2026-02-26 14:55:00+00:00,611.97998046875,613.1500244140625,611.730712890625,612.5499877929688,1178293,-0.0008983983156276093
2026-02-26 15:00:00+00:00,611.5100708007812,612.3900146484375,610.510009765625,611.97998046875,9015867,-0.0007681463213975079
2026-02-26 15:05:00+00:00,610.8400268554688,611.6099853515625,610.75,611.52001953125,0,-0.0010963209537248456
2026-02-26 15:10:00+00:00,608.9299926757812,611.5,608.8699951171875,610.8499755859375,10729670,-0.003131796503048382
2026-02-26 15:15:00+00:00,606.2000122070312,608.9349975585938,606.010009765625,608.9349975585938,0,-0.00449332178607565
2026-02-26 15:20:00+00:00,605.2999877929688,606.8699951171875,604.8900146484375,606.1900024414062,1595704,-0.0014858020299422727
2026-02-26 15:25:00+00:00,605.7000122070312,606.6300048828125,604.5499877929688,605.2999877929688,1523795,0.0006606514097638426
2026-02-26 15:30:00+00:00,604.2000122070312,605.7949829101562,603.97998046875,605.7100219726562,1483449,-0.0024795449842961222
2026-02-26 15:35:00+00:00,606.7100219726562,606.72998046875,604.1799926757812,604.2100219726562,1778190,0.0041456644831395
2026-02-26 15:40:00+00:00,607.0499877929688,607.309326171875,606.3200073242188,606.7100219726562,16790732,0.0005601862418724797
2026-02-26 15:45:00+00:00,607.6699829101562,607.9400024414062,606.8099975585938,607.0499877929688,0,0.0010208034542593526
2026-02-26 15:50:00+00:00,607.5399780273438,607.9500122070312,606.9400024414062,607.6699829101562,961096,-0.00021396283356368728
2026-02-26 15:55:00+00:00,607.2949829101562,607.8800048828125,606.8499755859375,607.5499877929688,1523406,-0.0004033389363766607
2026-02-26 16:00:00+00:00,607.8800048828125,607.9299926757812,606.969970703125,607.2999877929688,18526188,0.0009628605324021138
2026-02-26 16:05:00+00:00,607.8699951171875,608.27001953125,607.239990234375,607.8499755859375,0,-1.646681575200895e-05
2026-02-26 16:10:00+00:00,608.4099731445312,608.529296875,607.780029296875,607.8599853515625,750633,0.0008879173823637426
2026-02-26 16:15:00+00:00,608.1400146484375,608.9598999023438,608.055908203125,608.4199829101562,571091,-0.000443809959695272
2026-02-26 16:20:00+00:00,608.47998046875,608.75,607.969970703125,608.1300048828125,19648910,0.0005588693766755834
2026-02-26 16:25:00+00:00,608.719970703125,609.35498046875,608.489990234375,608.5,0,0.0003943316580876133
2026-02-26 16:30:00+00:00,608.8599853515625,608.969970703125,608.4199829101562,608.7249755859375,807215,0.00022998842640012203
2026-02-26 16:35:00+00:00,607.7100219726562,608.9301147460938,607.4550170898438,608.8699951171875,20735417,-0.0018905015157040697
2026-02-26 16:40:00+00:00,607.3300170898438,608.1599731445312,607.219970703125,607.7100219726562,0,-0.0006255018484749225
2026-02-26 16:45:00+00:00,607.760009765625,607.8099975585938,606.6799926757812,607.3200073242188,523601,0.0007077544613598817
2026-02-26 16:50:00+00:00,606.760009765625,608.0,606.75,607.7698974609375,916025,-0.0016467414450125595
2026-02-26 16:55:00+00:00,606.4099731445312,606.8800048828125,606.1854858398438,606.77001953125,436619,-0.0005770611468107694
2026-02-26 17:00:00+00:00,607.1937255859375,607.27001953125,606.3300170898438,606.4099731445312,454501,0.001291612000168968
2026-02-26 17:05:00+00:00,607.030029296875,607.5150146484375,606.989990234375,607.1900024414062,430212,-0.00026963117694903897
2026-02-26 17:10:00+00:00,606.5050048828125,607.3800048828125,606.47998046875,607.0599975585938,399005,-0.0008652810706450601
2026-02-26 17:15:00+00:00,606.47998046875,606.75,606.1699829101562,606.5,22782986,-4.1260880172846304e-05
2026-02-26 17:20:00+00:00,606.4500122070312,606.5800170898438,606.2100219726562,606.47998046875,0,-4.941466021250614e-05
2026-02-26 17:25:00+00:00,606.52001953125,606.6699829101562,606.3099975585938,606.4600219726562,501975,0.00011543125133297631
2026-02-26 17:30:00+00:00,607.1099853515625,607.47998046875,606.4500122070312,606.510009765625,425994,0.0009722334886421221
2026-02-26 17:35:00+00:00,606.2100219726562,607.1199951171875,605.9600219726562,607.1199951171875,575586,-0.0014834726840713363
2026-02-26 17:40:00+00:00,605.9400024414062,606.4000244140625,605.8900146484375,606.2100830078125,23867090,-0.00044552164381938733
2026-02-26 17:45:00+00:00,605.4000244140625,606.0700073242188,605.27001953125,605.9400024414062,0,-0.0008915383808654324
2026-02-26 17:50:00+00:00,606.1300048828125,606.1699829101562,605.1849975585938,605.3936767578125,421938,0.0012050556559640919
2026-02-26 17:55:00+00:00,605.719970703125,606.1099853515625,605.5250244140625,606.1099853515625,269709,-0.0006767078493138426
2026-02-26 18:00:00+00:00,605.27001953125,605.8200073242188,605.1099853515625,605.719970703125,24749850,-0.0007431129839376822
2026-02-26 18:05:00+00:00,604.9996948242188,605.5198974609375,604.5399780273438,605.280029296875,0,-0.00044671812955456947
2026-02-26 18:10:00+00:00,605.0549926757812,605.4000244140625,604.9000244140625,604.9962768554688,410524,9.139727678803686e-05
2026-02-26 18:15:00+00:00,605.5599975585938,605.5999755859375,604.6500244140625,605.0499877929688,338781,0.0008342948273043324
2026-02-26 18:20:00+00:00,605.6500244140625,605.6599731445312,605.0599975585938,605.5700073242188,322100,0.00014865606129631491
2026-02-26 18:25:00+00:00,605.3599853515625,605.72998046875,605.27001953125,605.6400146484375,293162,-0.000479003584952684
2026-02-26 18:30:00+00:00,606.6799926757812,606.8200073242188,605.0700073242188,605.3699951171875,600902,0.002178158922202233
2026-02-26 18:35:00+00:00,607.239990234375,607.4500122070312,606.2849731445312,606.6799926757812,491482,0.0009226268719550942
2026-02-26 18:40:00+00:00,607.2849731445312,607.6099853515625,607.0499877929688,607.25,426588,7.407490423526222e-05
2026-02-26 18:45:00+00:00,607.27001953125,608.030029296875,606.8599853515625,607.2899780273438,2166932,-2.462402010970272e-05
2026-02-26 18:50:00+00:00,607.0900268554688,607.2999877929688,606.75,607.27001953125,413988,-0.0002964403804866693
2026-02-26 18:55:00+00:00,607.3099975585938,607.5700073242188,606.969970703125,607.0900268554688,305906,0.00036227058812335946
2026-02-26 19:00:00+00:00,607.9199829101562,608.0499877929688,607.010009765625,607.3300170898438,416671,0.0010039011752438194
2026-02-26 19:05:00+00:00,608.6199951171875,608.7000122070312,607.8599853515625,607.9400024414062,395107,0.0011508249575558549
2026-02-26 19:10:00+00:00,608.719970703125,609.0150146484375,608.4600219726562,608.6500244140625,683983,0.00016425253252055216
2026-02-26 19:15:00+00:00,608.7999877929688,609.260009765625,608.7000122070312,608.719970703125,527297,0.00013144275689377526
2026-02-26 19:20:00+00:00,609.1699829101562,609.3599853515625,608.7000122070312,608.8300170898438,356831,0.0006075603462624732
2026-02-26 19:25:00+00:00,608.4492797851562,609.1799926757812,608.25,609.1724853515625,451707,-0.001183790748461675
2026-02-26 19:30:00+00:00,609.0399780273438,609.1599731445312,608.2349853515625,608.4450073242188,346276,0.0009703548261253053
2026-02-26 19:35:00+00:00,608.7999877929688,609.0999755859375,608.6699829101562,609.0499267578125,234560,-0.000394124423926148
2026-02-26 19:40:00+00:00,608.8250122070312,608.9299926757812,608.6300048828125,608.8099975585938,353678,4.1103646961867674e-05
2026-02-26 19:45:00+00:00,609.3599853515625,609.5374755859375,608.8200073242188,608.8250122070312,304187,0.0008783118820124662
2026-02-26 19:50:00+00:00,609.47998046875,609.47998046875,608.989990234375,609.3300170898438,383225,0.00019690052991390344
2026-02-26 19:55:00+00:00,608.7999877929688,609.6599731445312,608.7310791015625,609.47998046875,434622,-0.001116316058888456
2026-02-26 20:00:00+00:00,609.2999877929688,609.3900146484375,608.5700073242188,608.780029296875,354573,0.0008209507234267027
2026-02-26 20:05:00+00:00,608.4600219726562,609.5399780273438,608.4299926757812,609.2999877929688,288734,-0.0013795262560563032
2026-02-26 20:10:00+00:00,608.1600952148438,608.530029296875,608.1500244140625,608.469970703125,282143,-0.0004930491607877915
2026-02-26 20:15:00+00:00,608.4199829101562,608.5599975585938,607.9199829101562,608.1300048828125,371621,0.00042724306264543073
2026-02-26 20:20:00+00:00,608.0700073242188,608.5,607.8699951171875,608.4299926757812,280016,-0.0005753859027242696
2026-02-26 20:25:00+00:00,607.969970703125,608.3800048828125,607.9000244140625,608.0900268554688,764240,-0.00016452850749481282
2026-02-26 20:30:00+00:00,608.9450073242188,608.9450073242188,607.9299926757812,607.9650268554688,325693,0.0016024732168647196
2026-02-26 20:35:00+00:00,608.969970703125,609.030029296875,608.6389770507812,608.9299926757812,352813,4.099363150969808e-05
2026-02-26 20:40:00+00:00,608.8599243164062,609.010009765625,608.52001953125,608.9550170898438,287034,-0.00018072538286062427
2026-02-26 20:45:00+00:00,608.64501953125,608.9298706054688,608.3900146484375,608.8499755859375,425468,-0.0003530249112730685
2026-02-26 20:50:00+00:00,608.844970703125,608.9199829101562,608.25,608.6400146484375,600422,0.0003284645874322992
2026-02-26 20:55:00+00:00,609.260009765625,609.3400268554688,608.6599731445312,608.8499755859375,1041509,0.0006814504253998883
2026-02-27 14:30:00+00:00,604.5599975585938,605.1300048828125,602.739990234375,602.9500122070312,2349842,-0.007744205348441418
2026-02-27 14:35:00+00:00,605.0499877929688,605.25,603.6300048828125,604.5900268554688,841997,0.0008101623946722147
2026-02-27 14:40:00+00:00,603.6900024414062,605.1099853515625,602.1900024414062,605.0700073242188,849210,-0.002250253878291965
2026-02-27 14:45:00+00:00,605.6900024414062,605.9550170898438,603.0399780273438,603.6749877929688,1535250,0.003307482867527469
2026-02-27 14:50:00+00:00,604.6199951171875,605.8800048828125,604.3400268554688,605.6900024414062,961516,-0.001768154613523924
2026-02-27 14:55:00+00:00,604.5700073242188,604.989990234375,603.8699951171875,604.5999755859375,4990049,-8.267979870207075e-05
2026-02-27 15:00:00+00:00,605.5800170898438,606.3499755859375,604.22998046875,604.5399780273438,0,0.0016692310536167577
2026-02-27 15:05:00+00:00,606.3900146484375,606.989990234375,605.47998046875,605.5999755859375,972512,0.0013366628843648257
2026-02-27 15:10:00+00:00,606.3599853515625,607.3300170898438,606.2711791992188,606.4000244140625,967252,-4.952264997921789e-05
2026-02-27 15:15:00+00:00,606.2119750976562,606.77001953125,605.5750122070312,606.3699951171875,7319368,-0.00024412613761334672
2026-02-27 15:20:00+00:00,607.0198974609375,607.4000244140625,606.0449829101562,606.2100219726562,1006574,0.0013318517275741808
2026-02-27 15:25:00+00:00,606.780029296875,607.0650024414062,606.1500244140625,607.02001953125,0,-0.0003952350991249602
2026-02-27 15:30:00+00:00,606.3900146484375,606.9099731445312,605.72998046875,606.77001953125,520630,-0.0006429678408566707
2026-02-27 15:35:00+00:00,606.8200073242188,607.3400268554688,606.3400268554688,606.3800048828125,443197,0.0007088512063012878
2026-02-27 15:40:00+00:00,607.4500122070312,607.635009765625,606.4000244140625,606.8400268554688,8411125,0.0010376686061735092
2026-02-27 15:45:00+00:00,607.0499877929688,607.9000244140625,606.9199829101562,607.4600219726562,0,-0.0006587475150734474
2026-02-27 15:50:00+00:00,606.0800170898438,607.1300048828125,605.7100219726562,607.0900268554688,639337,-0.0015991211262119064
2026-02-27 15:55:00+00:00,607.0700073242188,607.1699829101562,605.6300048828125,606.0700073242188,9701198,0.001632098972441803
2026-02-27 16:00:00+00:00,607.530029296875,607.969970703125,606.9000244140625,607.0800170898438,870920,0.0007574872069527381
2026-02-27 16:05:00+00:00,606.280029296875,607.6199951171875,606.10009765625,607.52001953125,0,-0.00205963104858681
2026-02-27 16:10:00+00:00,607.1799926757812,607.2999877929688,606.280029296875,606.2899780273438,504688,0.0014833015140461275
2026-02-27 16:15:00+00:00,607.239990234375,607.780029296875,606.9199829101562,607.1799926757812,714958,9.880858267631137e-05
2026-02-27 16:20:00+00:00,607.1099853515625,607.260009765625,606.3800048828125,607.219970703125,670038,-0.0002141143589950943
2026-02-27 16:25:00+00:00,606.6950073242188,607.4099731445312,606.5900268554688,607.1099853515625,548608,-0.0006837639423395821
2026-02-27 16:30:00+00:00,607.5999755859375,607.7000122070312,606.6400146484375,606.7050170898438,462845,0.0014905248592800707
2026-02-27 16:35:00+00:00,606.8800048828125,607.6799926757812,606.8099975585938,607.6099853515625,356079,-0.0011856445541224845
2026-02-27 16:40:00+00:00,605.9199829101562,606.8800048828125,605.8399047851562,606.8800048828125,594099,-0.00158315003765293
2026-02-27 16:45:00+00:00,605.9299926757812,606.3800048828125,605.8200073242188,605.9199829101562,450634,1.6519809921826623e-05
2026-02-27 16:50:00+00:00,607.1400146484375,607.1799926757812,605.9199829101562,605.9550170898438,516404,0.0019949753380546784
2026-02-27 16:55:00+00:00,606.7100219726562,607.5900268554688,606.625,607.1400146484375,441191,-0.0007084774573374674
2026-02-27 17:00:00+00:00,607.469970703125,607.75,606.6799926757812,606.7100219726562,444592,0.0012517894122585763
2026-02-27 17:05:00+00:00,608.1199951171875,608.3200073242188,607.3099975585938,607.469970703125,463790,0.001069479831682064
2026-02-27 17:10:00+00:00,606.52001953125,608.1500244140625,606.4199829101562,608.1300048828125,565101,-0.002634486748387031
2026-02-27 17:15:00+00:00,606.0599975585938,606.5700073242188,605.9299926757812,606.530029296875,718170,-0.0007587490940678427
2026-02-27 17:20:00+00:00,605.9833984375,606.1500244140625,605.0399780273438,606.0549926757812,709303,-0.0001263966644242939
2026-02-27 17:25:00+00:00,606.3150024414062,606.6799926757812,605.8699951171875,605.97998046875,519835,0.0005470666494918195
2026-02-27 17:30:00+00:00,607.030029296875,607.1900024414062,605.7899780273438,606.3200073242188,739548,0.0011786044686979598
2026-02-27 17:35:00+00:00,606.5,607.2899780273438,606.469970703125,607.030029296875,366621,-0.0008735331104839168
2026-02-27 17:40:00+00:00,605.8800048828125,606.6199951171875,605.6599731445312,606.5,334204,-0.0010227736662380461
2026-02-27 17:45:00+00:00,605.6699829101562,605.8900146484375,605.3900146484375,605.8800048828125,348602,-0.0003466996440527617
2026-02-27 17:50:00+00:00,605.9199829101562,606.1600952148438,605.4199829101562,605.6799926757812,360818,0.00041268087488449266
2026-02-27 17:55:00+00:00,606.1300048828125,606.3300170898438,605.9199829101562,605.922607421875,238519,0.0003465566220428381
2026-02-27 18:00:00+00:00,605.7650146484375,606.369873046875,605.5999755859375,606.1300048828125,13934454,-0.0006023463081012889
2026-02-27 18:05:00+00:00,605.5900268554688,606.0900268554688,605.4299926757812,605.75,455271,-0.00028891247931526077
2026-02-27 18:10:00+00:00,605.3900146484375,605.8499755859375,605.3300170898438,605.5850219726562,0,-0.0003303311400601165
2026-02-27 18:15:00+00:00,605.010009765625,605.5349731445312,604.9299926757812,605.3699951171875,274342,-0.0006278996821426362
2026-02-27 18:20:00+00:00,604.85498046875,605.22998046875,604.5999755859375,605.010009765625,325836,-0.0002562753678713236
2026-02-27 18:25:00+00:00,605.3300170898438,605.47998046875,604.4500122070312,604.885009765625,14685270,0.0007850645090631044
2026-02-27 18:30:00+00:00,605.1099853515625,605.469970703125,604.9299926757812,605.3200073242188,0,-0.0003635566244688028
2026-02-27 18:35:00+00:00,605.22998046875,605.3699951171875,604.7899780273438,605.1199951171875,209354,0.00019828332694833608
2026-02-27 18:40:00+00:00,605.3200073242188,605.7999877929688,605.1900024414062,605.1900024414062,293567,0.00014873711377894197
2026-02-27 18:45:00+00:00,605.1699829101562,605.6199951171875,605.0999755859375,605.3400268554688,185078,-0.0002478738627183024
2026-02-27 18:50:00+00:00,605.0499877929688,605.3800048828125,604.8599853515625,605.1599731445312,208133,-0.00019830298703628297
2026-02-27 18:55:00+00:00,605.1099853515625,605.2999877929688,604.7000122070312,605.0499877929688,230289,9.915640902740031e-05
2026-02-27 19:00:00+00:00,606.0900268554688,606.1599731445312,605.0499877929688,605.0999755859375,329708,0.0016182987250893757
2026-02-27 19:05:00+00:00,605.3200073242188,606.47998046875,605.1699829101562,606.0999755859375,333919,-0.0012712782843620964
2026-02-27 19:10:00+00:00,605.2899780273438,605.5700073242188,605.0,605.3400268554688,291445,-4.9610191960277e-05
2026-02-27 19:15:00+00:00,605.2750244140625,605.5599975585938,605.1300048828125,605.2899780273438,234423,-2.470518022879759e-05
2026-02-27 19:20:00+00:00,605.1900024414062,605.469970703125,605.02001953125,605.280029296875,172720,-0.00014047819789879388
2026-02-27 19:25:00+00:00,605.2000122070312,605.5850219726562,605.010009765625,605.1699829101562,234864,1.6539735959673943e-05
2026-02-27 19:30:00+00:00,605.0501098632812,605.219970703125,604.8099975585938,605.2100219726562,218264,-0.0002477212632049299
2026-02-27 19:35:00+00:00,605.2999877929688,605.489990234375,605.0499877929688,605.0499877929688,231817,0.00041290190949120367
2026-02-27 19:40:00+00:00,604.7000122070312,605.3599853515625,604.4199829101562,605.2999877929688,289243,-0.0009916952646421378
2026-02-27 19:45:00+00:00,604.6599731445312,604.9949951171875,604.5499877929688,604.719970703125,16509816,-6.621529238536055e-05
2026-02-27 19:50:00+00:00,604.7100219726562,604.9099731445312,604.5800170898438,604.6500244140625,0,8.276843043167708e-05
2026-02-27 19:55:00+00:00,604.9299926757812,605.1300048828125,604.6799926757812,604.7000122070312,245790,0.000363696145772095
2026-02-27 20:00:00+00:00,605.0349731445312,605.4400024414062,604.8699951171875,604.8800048828125,316941,0.00017352646064808854
2026-02-27 20:05:00+00:00,605.389892578125,605.5900268554688,604.9813232421875,605.0349731445312,297180,0.000586437793565207
2026-02-27 20:10:00+00:00,606.6799926757812,606.6799926757812,605.364990234375,605.3900146484375,857673,0.002128756106453354
2026-02-27 20:15:00+00:00,606.9700927734375,607.0900268554688,606.5900268554688,606.6900024414062,454759,0.00047806218062247836
2026-02-27 20:20:00+00:00,607.2979736328125,607.5399780273438,606.6400146484375,606.97998046875,466452,0.0005400469244231243
2026-02-27 20:25:00+00:00,606.9249877929688,607.4749755859375,606.864990234375,607.280029296875,451838,-0.0006143613873640137
2026-02-27 20:30:00+00:00,606.4600830078125,607.0800170898438,606.4299926757812,606.9099731445312,454536,-0.0007662939310749948
2026-02-27 20:35:00+00:00,605.6649780273438,606.5150146484375,605.5750122070312,606.489990234375,541541,-0.0013119192401314878
2026-02-27 20:40:00+00:00,605.9199829101562,606.4600219726562,605.6199951171875,605.6699829101562,19766944,0.0004209442916502608
2026-02-27 20:45:00+00:00,606.3400268554688,606.4199829101562,605.77001953125,605.9099731445312,0,0.0006929931841995199
2026-02-27 20:50:00+00:00,607.0700073242188,607.0900268554688,606.0599975585938,606.3599853515625,1185323,0.0012031885945418825
2026-02-27 20:55:00+00:00,607.35498046875,608.02001953125,606.6699829101562,607.0999755859375,24011631,0.0004693137124587396
2026-03-02 14:30:00+00:00,603.489990234375,603.8699951171875,597.989990234375,598.9299926757812,2728492,-0.006383977229798516
2026-03-02 14:35:00+00:00,602.7999877929688,604.739990234375,602.5800170898438,603.489990234375,5470243,-0.0011440077083093865
2026-03-02 14:40:00+00:00,603.6099853515625,604.010009765625,602.72998046875,602.780029296875,0,0.0013428232497057278
2026-03-02 14:45:00+00:00,604.9000244140625,605.0399780273438,603.0800170898438,603.5599975585938,1018358,0.0021349257218647956
2026-03-02 14:50:00+00:00,603.72998046875,605.0700073242188,602.9400024414062,604.9000244140625,928664,-0.0019361497002310926
2026-03-02 14:55:00+00:00,604.1201171875,604.3599853515625,603.1599731445312,603.72998046875,533190,0.0006460019054924514
2026-03-02 15:00:00+00:00,604.8300170898438,605.27001953125,602.77001953125,604.1699829101562,871993,0.0011744073867219196
2026-03-02 15:05:00+00:00,605.1649780273438,605.6799926757812,604.4299926757812,604.8400268554688,7495153,0.0005536567463637039
2026-03-02 15:10:00+00:00,605.8671264648438,606.260009765625,605.1199951171875,605.1799926757812,1115461,0.0011595869565697507
2026-03-02 15:15:00+00:00,605.4099731445312,606.22998046875,605.0150146484375,605.8800048828125,1217638,-0.0007548286715992506
2026-03-02 15:20:00+00:00,605.4199829101562,605.72998046875,604.3099975585938,605.4299926757812,0,1.6533726433144665e-05
2026-03-02 15:25:00+00:00,604.6799926757812,605.7899780273438,604.0700073242188,605.469970703125,635217,-0.001223023455158089
2026-03-02 15:30:00+00:00,604.3200073242188,605.1099853515625,603.72998046875,604.6300048828125,9331170,-0.0005955092840380863
2026-03-02 15:35:00+00:00,605.5399780273438,605.5499877929688,603.719970703125,604.3200073242188,0,0.0020167145477628184
2026-03-02 15:40:00+00:00,606.0399780273438,606.0850219726562,604.97998046875,605.5250244140625,749826,0.0008253686038401012
2026-03-02 15:45:00+00:00,605.7000122070312,606.47998046875,605.3699951171875,606.030029296875,738714,-0.0005611200950242334
2026-03-02 15:50:00+00:00,604.8499755859375,606.2349853515625,604.6699829101562,605.7000122070312,634368,-0.0014043810984676452
2026-03-02 15:55:00+00:00,605.6849975585938,605.8800048828125,604.5599975585938,604.8400268554688,748746,0.001379591872388147
2026-03-02 16:00:00+00:00,605.85009765625,605.8800048828125,604.9400024414062,605.6799926757812,10923049,0.0002725469519296006
2026-03-02 16:05:00+00:00,606.986328125,606.989990234375,605.5900268554688,605.8599853515625,0,0.0018736752574492056
2026-03-02 16:10:00+00:00,606.8800048828125,607.27001953125,606.5900268554688,606.97998046875,11615146,-0.0001751811374419584
2026-03-02 16:15:00+00:00,605.8699951171875,606.9099731445312,605.7763061523438,606.8400268554688,0,-0.0016656524413755525
2026-03-02 16:20:00+00:00,605.6799926757812,605.9500122070312,605.489990234375,605.8400268554688,12061951,-0.00031365184247997453
2026-03-02 16:25:00+00:00,604.3200073242188,605.719970703125,603.9600219726562,605.6699829101562,0,-0.0022479106185804456
2026-03-02 16:30:00+00:00,605.2000122070312,605.3300170898438,604.1699829101562,604.2999877929688,793800,0.0014551310005284333
2026-03-02 16:35:00+00:00,606.7100219726562,606.7100219726562,604.8200073242188,605.2000122070312,645799,0.002491951554893629
2026-03-02 16:40:00+00:00,607.831787109375,607.969970703125,606.6500244140625,606.7000122070312,722353,0.0018472241092201394
2026-03-02 16:45:00+00:00,607.9099731445312,608.469970703125,607.6950073242188,607.8499755859375,704771,0.00012862276812428047
2026-03-02 16:50:00+00:00,607.89501953125,608.1599731445312,607.405029296875,607.9099731445312,560091,-2.4598703529082356e-05
2026-03-02 16:55:00+00:00,608.4100952148438,608.5698852539062,607.6699829101562,607.8900146484375,13989142,0.0008469514896204514
2026-03-02 17:00:00+00:00,608.25,608.3300170898438,607.7899780273438,608.2899780273438,0,-0.0002631716391412943
2026-03-02 17:05:00+00:00,608.239990234375,608.4849853515625,607.8599853515625,608.25,335636,-1.645679899644839e-05
2026-03-02 17:10:00+00:00,608.239990234375,608.3599853515625,607.7000122070312,608.22998046875,304159,0.0
2026-03-02 17:15:00+00:00,608.989990234375,609.0999755859375,608.2100219726562,608.25,449833,0.0012323063134254113
2026-03-02 17:20:00+00:00,609.1799926757812,609.3599853515625,608.760009765625,608.9949951171875,402037,0.0003119473400471261
2026-03-02 17:25:00+00:00,608.60498046875,609.1900024414062,608.510009765625,609.1710205078125,304349,-0.0009443576040850482
2026-03-02 17:30:00+00:00,608.219970703125,608.8699951171875,608.1950073242188,608.5900268554688,316799,-0.0006328104598813544
2026-03-02 17:35:00+00:00,608.3200073242188,608.8350219726562,608.1500854492188,608.22998046875,318152,0.00016446088599807765
2026-03-02 17:40:00+00:00,608.6300048828125,608.830078125,608.1500244140625,608.3300170898438,15472414,0.0005094663908776898
2026-03-02 17:45:00+00:00,608.6900024414062,608.9500122070312,608.4000244140625,608.6300048828125,0,9.857319074912935e-05
2026-03-02 17:50:00+00:00,609.0399780273438,609.3200073242188,608.469970703125,608.7100219726562,342754,0.0005747999986641043
2026-03-02 17:55:00+00:00,609.094970703125,609.219970703125,608.5499877929688,609.0499877929688,256309,9.028995658629363e-05
2026-03-02 18:00:00+00:00,609.1099853515625,609.2999877929688,608.8599853515625,609.094970703125,243516,2.4650447141257935e-05
2026-03-02 18:05:00+00:00,608.6400146484375,609.2899780273438,608.6400146484375,609.1500244140625,237633,-0.0007718673396973807
2026-03-02 18:10:00+00:00,608.719970703125,608.780029296875,608.4149780273438,608.6400146484375,241336,0.0001313597551498278
2026-03-02 18:15:00+00:00,608.3900146484375,608.75,608.3488159179688,608.719970703125,194918,-0.0005421959670727036
2026-03-02 18:20:00+00:00,608.1199951171875,608.4299926757812,607.9199829101562,608.4099731445312,16680452,-0.0004439248892598825
2026-03-02 18:25:00+00:00,608.4000244140625,608.6300048828125,607.8499755859375,608.0999755859375,471134,0.0004603776301665229
2026-03-02 18:30:00+00:00,608.1099853515625,608.47998046875,607.9500122070312,608.4199829101562,0,-0.0004768379473531539
2026-03-02 18:35:00+00:00,607.75,608.114990234375,607.5399780273438,608.1099853515625,17784959,-0.0005921493698589462
2026-03-02 18:40:00+00:00,608.030029296875,608.1300048828125,607.52001953125,607.75,0,0.00046065784118691196
2026-03-02 18:45:00+00:00,607.510009765625,608.0499877929688,607.010009765625,608.0499877929688,447907,-0.0008556189780073629
2026-03-02 18:50:00+00:00,607.3300170898438,607.6900024414062,607.1099853515625,607.5,17602998,-0.0002963232575802427
2026-03-02 18:55:00+00:00,606.8499755859375,607.3699951171875,606.760009765625,607.3499755859375,0,-0.0007907254802648425
2026-03-02 19:00:00+00:00,607.4500122070312,607.530029296875,606.72998046875,606.8599853515625,502191,0.0009882840747163005
2026-03-02 19:05:00+00:00,608.2109985351562,608.27001953125,607.239990234375,607.4600219726562,411911,0.0012519714308512956
2026-03-02 19:10:00+00:00,608.7333984375,608.8200073242188,608.1799926757812,608.2000122070312,417329,0.0008585436372139299
2026-03-02 19:15:00+00:00,609.2999267578125,609.5999755859375,608.7100219726562,608.7199096679688,566594,0.000930234582990302
2026-03-02 19:20:00+00:00,609.0599975585938,609.6599731445312,609.0504760742188,609.280029296875,19035028,-0.00039385603142671506
2026-03-02 19:25:00+00:00,609.4249877929688,609.5700073242188,608.9099731445312,609.06298828125,0,0.0005990886218201403
2026-03-02 19:30:00+00:00,609.5999755859375,609.739990234375,609.22998046875,609.4249877929688,516117,0.00028709468538790274
2026-03-02 19:35:00+00:00,609.530029296875,609.8699951171875,609.510009765625,609.5999755859375,283764,-0.00011474787571318234
2026-03-02 19:40:00+00:00,609.3599853515625,609.77001953125,609.2750244140625,609.530029296875,374072,-0.00027901442192830995
2026-03-02 19:45:00+00:00,609.7999877929688,609.9199829101562,609.3699951171875,609.3699951171875,277637,0.0007218125105850387
2026-03-02 19:50:00+00:00,609.75,609.8599853515625,609.5399780273438,609.7999877929688,222155,-8.197744003464185e-05
2026-03-02 19:55:00+00:00,609.510009765625,609.776611328125,609.4199829101562,609.72998046875,275420,-0.0003936653963094796
2026-03-02 20:00:00+00:00,609.4400024414062,609.6500244140625,609.0999755859375,609.5,374508,-0.00011486496344331976
2026-03-02 20:05:00+00:00,607.5302124023438,609.7000122070312,607.25,609.4500122070312,1226678,-0.0031386004086486115
2026-03-02 20:10:00+00:00,606.739990234375,607.5599975585938,606.5349731445312,607.5399780273438,1297046,-0.001301559204548671
2026-03-02 20:15:00+00:00,607.5449829101562,608.02001953125,606.260009765625,606.739990234375,1071433,0.0013258712930023762
2026-03-02 20:20:00+00:00,607.0750122070312,607.7999877929688,606.8800048828125,607.5499877929688,686998,-0.0007738563970096601
2026-03-02 20:25:00+00:00,606.7100219726562,607.4500122070312,606.5999755859375,607.0700073242188,575039,-0.0006014083797347898
2026-03-02 20:30:00+00:00,607.6400146484375,607.72998046875,606.6099853515625,606.7100219726562,604343,0.0015316718072228461
2026-03-02 20:35:00+00:00,607.5499877929688,607.9000244140625,607.0700073242188,607.6400146484375,529842,-0.00014816918416478273
2026-03-02 20:40:00+00:00,607.719970703125,607.8099975585938,606.9099731445312,607.5700073242188,501669,0.00027974510531828537
2026-03-02 20:45:00+00:00,607.8300170898438,608.22998046875,607.4600219726562,607.7100219726562,664571,0.000181064354612382
2026-03-02 20:50:00+00:00,608.5399780273438,608.5800170898438,607.739990234375,607.8300170898438,981737,0.0011673438525636596
2026-03-02 20:55:00+00:00,608.0399780273438,609.0599975585938,608.02001953125,608.5399780273438,1795090,-0.0008219764359317258
2026-03-03 14:30:00+00:00,596.1699829101562,598.5599975585938,595.8599853515625,596.3200073242188,7684019,-0.019714800512078013
2026-03-03 14:35:00+00:00,597.75,599.3900146484375,595.5900268554688,596.2000122070312,2641270,0.0026467737115540013
2026-03-03 14:40:00+00:00,596.239990234375,598.1799926757812,595.8599853515625,597.75,1934066,-0.00252935214367722
2026-03-03 14:45:00+00:00,595.5399780273438,598.1824951171875,595.3099975585938,596.239990234375,2239296,-0.00117473410558107
2026-03-03 14:50:00+00:00,596.5750122070312,597.0599975585938,595.239990234375,595.5399780273438,1514924,0.0017364674519593443
2026-03-03 14:55:00+00:00,595.239990234375,596.7000122070312,595.0,596.5399780273438,1353515,-0.002240318385483196
2026-03-03 15:00:00+00:00,595.1099853515625,596.9600219726562,594.5999755859375,595.2100219726562,1617737,-0.00021843136219733402
2026-03-03 15:05:00+00:00,595.5399780273438,596.47998046875,594.5499877929688,595.1099243164062,1772929,0.000722282295721211
2026-03-03 15:10:00+00:00,595.489990234375,596.72998046875,595.0,595.5599975585938,1664662,-8.394044537949102e-05
2026-03-03 15:15:00+00:00,593.9000244140625,595.9299926757812,593.739990234375,595.5,1702665,-0.002673583513946755
2026-03-03 15:20:00+00:00,592.9749755859375,594.0599975585938,592.6900024414062,593.8900146484375,1863021,-0.001558797709001982
2026-03-03 15:25:00+00:00,592.030029296875,593.0850219726562,591.8699951171875,592.97998046875,1895770,-0.0015948396596793105
2026-03-03 15:30:00+00:00,593.1699829101562,593.9901123046875,591.969970703125,592.030029296875,2375443,0.0019236482501957682
2026-03-03 15:35:00+00:00,593.9650268554688,594.47998046875,592.8499755859375,593.1799926757812,1605461,0.001339433270246145
2026-03-03 15:40:00+00:00,593.3800048828125,594.780029296875,593.0999755859375,593.9600219726562,1387882,-0.0009854288422653213
2026-03-03 15:45:00+00:00,593.5399780273438,594.47998046875,592.9099731445312,593.3599853515625,1421518,0.0002695601182948655
2026-03-03 15:50:00+00:00,592.6060180664062,593.989990234375,592.4010009765625,593.47998046875,1367258,-0.0015747811096216524
2026-03-03 15:55:00+00:00,594.1799926757812,594.3400268554688,592.5,592.5999755859375,1476961,0.002652500986649013
2026-03-03 16:00:00+00:00,595.9498901367188,596.0,593.9400024414062,594.1900024414062,1479257,0.0029742951442035363
2026-03-03 16:05:00+00:00,597.0399780273438,597.5399780273438,595.9400024414062,595.9600219726562,1732847,0.001827489441607234
2026-03-03 16:10:00+00:00,597.22998046875,597.5900268554688,596.5399780273438,597.0499877929688,1205348,0.0003181901071153702
2026-03-03 16:15:00+00:00,597.5,598.3499755859375,597.2100219726562,597.22998046875,1223737,0.0004520176780724081
2026-03-03 16:20:00+00:00,598.5700073242188,598.659912109375,597.1799926757812,597.5,1173433,0.0017892056537055687
2026-03-03 16:25:00+00:00,598.3499755859375,598.8900146484375,598.1500244140625,598.5700073242188,979989,-0.000367663242157393
2026-03-03 16:30:00+00:00,598.0800170898438,598.47998046875,596.989990234375,598.3400268554688,1217566,-0.0004512733755050248
2026-03-03 16:35:00+00:00,598.469970703125,598.9600219726562,597.9100952148438,598.0700073242188,1095508,0.0006517966337638684
2026-03-03 16:40:00+00:00,599.010009765625,599.1400146484375,597.510009765625,598.4199829101562,1325947,0.0009019592943843887
2026-03-03 16:45:00+00:00,600.0499877929688,600.89501953125,598.969970703125,599.010009765625,1572502,0.0017346559642360561
2026-03-03 16:50:00+00:00,600.1300048828125,600.280029296875,599.4600219726562,600.0599975585938,1012713,0.00013334181614528106
2026-03-03 16:55:00+00:00,599.5900268554688,600.530029296875,599.3699951171875,600.1699829101562,1089364,-0.0009001734563420478
2026-03-03 17:00:00+00:00,599.6799926757812,600.0800170898438,598.9000244140625,599.5700073242188,1074967,0.00015003430256081622
2026-03-03 17:05:00+00:00,598.7899780273438,600.0599975585938,598.6500244140625,599.6799926757812,1002673,-0.0014852517523282907
2026-03-03 17:10:00+00:00,599.2249755859375,599.2999877929688,598.3699951171875,598.780029296875,804464,0.0007261972421939774
2026-03-03 17:15:00+00:00,599.6400146484375,599.7600708007812,598.6627197265625,599.22998046875,787282,0.0006923866865102286
2026-03-03 17:20:00+00:00,600.2100219726562,600.2274780273438,598.8499755859375,599.6500244140625,642204,0.0009501310158809743
2026-03-03 17:25:00+00:00,600.3900146484375,600.5700073242188,599.7000122070312,600.22998046875,634412,0.00029983786713242577
2026-03-03 17:30:00+00:00,598.3400268554688,600.47998046875,598.1300048828125,600.4000244140625,722425,-0.003420269319077566
2026-03-03 17:35:00+00:00,598.5050048828125,599.0650024414062,597.9299926757812,598.3400268554688,967045,0.0002756882035914024
2026-03-03 17:40:00+00:00,600.1099853515625,600.2100219726562,598.510009765625,598.510009765625,784781,0.002678059996029313
2026-03-03 17:45:00+00:00,600.0,600.239990234375,599.4249877929688,600.0700073242188,577954,-0.00018329212024385455
2026-03-03 17:50:00+00:00,598.75,600.0499877929688,598.5900268554688,600.0,655203,-0.0020855064910213707
2026-03-03 17:55:00+00:00,598.8699951171875,599.2100219726562,598.47998046875,598.739990234375,626589,0.0002003893022465624
2026-03-03 18:00:00+00:00,599.9000244140625,600.3300170898438,598.8400268554688,598.8599853515625,863505,0.001718477328561999
2026-03-03 18:05:00+00:00,600.3099975585938,600.3499755859375,599.5599975585938,599.9000244140625,653340,0.0006831690337039311
2026-03-03 18:10:00+00:00,599.7899780273438,600.3800048828125,599.1900024414062,600.3200073242188,682264,-0.0008666270717028723
2026-03-03 18:15:00+00:00,600.4000244140625,600.5,599.7100219726562,599.7999877929688,764605,0.0010165831043669846
2026-03-03 18:20:00+00:00,601.72998046875,601.8499755859375,600.3400268554688,600.4000244140625,1054574,0.0022126668361920196
2026-03-03 18:25:00+00:00,601.4400024414062,602.030029296875,601.3192138671875,601.739990234375,801893,-0.00048202338335763436
2026-03-03 18:30:00+00:00,602.2999877929688,602.4500122070312,601.3200073242188,601.4400024414062,843729,0.001428855907178672
2026-03-03 18:35:00+00:00,602.8900146484375,602.9600219726562,601.9600219726562,602.3099975585938,1070386,0.0009791433739290503
2026-03-03 18:40:00+00:00,602.780029296875,603.4949951171875,602.5250244140625,602.9000244140625,1065963,-0.000182446851723466
2026-03-03 18:45:00+00:00,602.9100952148438,603.010009765625,602.02001953125,602.8200073242188,861637,0.00021575347733058235
2026-03-03 18:50:00+00:00,602.780029296875,603.3099975585938,602.5679931640625,602.9400024414062,799373,-0.00021575347733065016
2026-03-03 18:55:00+00:00,602.6749877929688,603.010009765625,602.25,602.780029296875,669623,-0.00017427693722776822
2026-03-03 19:00:00+00:00,602.8099975585938,603.0399780273438,602.3499755859375,602.7100219726562,805528,0.0002239924475709705
2026-03-03 19:05:00+00:00,601.47998046875,602.9199829101562,601.3900146484375,602.8200073242188,881072,-0.002208799632730386
2026-03-03 19:10:00+00:00,601.9550170898438,602.0900268554688,601.0399780273438,601.510009765625,698916,0.0007894678927073153
2026-03-03 19:15:00+00:00,602.1500244140625,602.5798950195312,601.8300170898438,601.968994140625,575215,0.0003239041764663402
2026-03-03 19:20:00+00:00,602.219970703125,602.780029296875,602.1400146484375,602.1900024414062,523387,0.0001161541543292951
2026-03-03 19:25:00+00:00,601.72998046875,602.3350219726562,601.5800170898438,602.2000122070312,556040,-0.0008139711471421305
2026-03-03 19:30:00+00:00,600.9099731445312,601.9700927734375,600.6900024414062,601.739990234375,727969,-0.0013636790443063225
2026-03-03 19:35:00+00:00,602.3599853515625,603.2999877929688,600.5399780273438,600.8800048828125,1737471,0.0024101206860209956
2026-03-03 19:40:00+00:00,603.2000122070312,603.27001953125,602.1300048828125,602.3499755859375,1158544,0.0013935880306585383
2026-03-03 19:45:00+00:00,603.3599853515625,603.9550170898438,603.0999755859375,603.219970703125,1026863,0.00026517230107476043
2026-03-03 19:50:00+00:00,602.530029296875,603.6599731445312,601.989990234375,603.3300170898438,812445,-0.0013765039525216742
2026-03-03 19:55:00+00:00,602.4199829101562,602.6799926757812,601.9400024414062,602.530029296875,732320,-0.00018265718230611755
2026-03-03 20:00:00+00:00,602.5599975585938,603.22998046875,602.0999755859375,602.4500122070312,775222,0.00023239331995079915
2026-03-03 20:05:00+00:00,602.9299926757812,603.0399780273438,602.1900024414062,602.5399780273438,781482,0.0006138501883930951
2026-03-03 20:10:00+00:00,602.1099853515625,603.1494140625,602.0999755859375,602.9099731445312,499006,-0.0013609630646953706
2026-03-03 20:15:00+00:00,601.6799926757812,602.4400024414062,601.4000244140625,602.0999755859375,860639,-0.0007143981955617362
2026-03-03 20:20:00+00:00,601.9400024414062,602.25,601.5274047851562,601.7000122070312,703219,0.00043204627826771665
2026-03-03 20:25:00+00:00,602.2999877929688,602.469970703125,601.3099975585938,601.9500122070312,643089,0.0005978631588463271
2026-03-03 20:30:00+00:00,602.1099853515625,602.6500244140625,602.0900268554688,602.2999877929688,849788,-0.00031551124155236566
2026-03-03 20:35:00+00:00,601.989990234375,602.919921875,601.7100219726562,602.1500244140625,633987,-0.00019931088782946515
2026-03-03 20:40:00+00:00,601.9600219726562,602.280029296875,601.6649780273438,602.0,598571,-4.9783232561339084e-05
2026-03-03 20:45:00+00:00,601.8699951171875,602.2449951171875,601.39501953125,601.9500122070312,555537,-0.00014956738801746622
2026-03-03 20:50:00+00:00,601.6549072265625,602.0399780273438,600.739990234375,601.8699951171875,1662386,-0.00035742990028045726
2026-03-03 20:55:00+00:00,601.6599731445312,601.8599853515625,601.2899780273438,601.6300048828125,1921950,8.41993737697473e-06
2026-03-04 14:30:00+00:00,606.8099975585938,606.9099731445312,603.72998046875,604.1500244140625,5957965,0.008523266140317846
2026-03-04 14:35:00+00:00,604.8889770507812,606.9299926757812,604.5,606.7999877929688,1654439,-0.0031707910257381066
2026-03-04 14:40:00+00:00,604.0700073242188,604.9400024414062,603.8099975585938,604.9400024414062,1215305,-0.00135483479989096
2026-03-04 14:45:00+00:00,605.1400146484375,606.1099853515625,603.4299926757812,604.0399780273438,1447159,0.0017697630420735067
2026-03-04 14:50:00+00:00,605.9901123046875,606.27001953125,604.4000244140625,605.1400146484375,1134973,0.0014038091810901375
2026-03-04 14:55:00+00:00,605.6600952148438,606.2000122070312,605.1099853515625,606.0,656574,-0.0005447398860767628
2026-03-04 15:00:00+00:00,605.9600219726562,607.2100219726562,605.0599975585938,605.75,1643719,0.0004950838297978493
2026-03-04 15:05:00+00:00,607.5050048828125,607.6599731445312,605.77001953125,605.9600219726562,1466210,0.0025464001199694366
2026-03-04 15:10:00+00:00,607.0999755859375,607.8699951171875,606.6500244140625,607.510009765625,1385249,-0.0006669317488418747
2026-03-04 15:15:00+00:00,608.4299926757812,608.489990234375,607.0499877929688,607.1099853515625,1200820,0.0021883748740999143
2026-03-04 15:20:00+00:00,609.8499755859375,609.8900146484375,608.1699829101562,608.4400024414062,2046001,0.0023311284600973045
2026-03-04 15:25:00+00:00,610.97998046875,611.0700073242188,609.4500122070312,609.8300170898438,1853530,0.0018512081881938403
2026-03-04 15:30:00+00:00,610.3599853515625,611.1799926757812,610.3499755859375,610.97998046875,1685146,-0.0010152704206765916
2026-03-04 15:35:00+00:00,609.6199951171875,610.75,609.5255126953125,610.3599853515625,1251056,-0.001213118800263705
2026-03-04 15:40:00+00:00,609.1300048828125,609.9500122070312,609.0999755859375,609.625,1306799,-0.0008040865817854264
2026-03-04 15:45:00+00:00,609.10498046875,609.25,608.5399780273438,609.1400146484375,1610471,-4.108306585657023e-05
2026-03-04 15:50:00+00:00,609.5850219726562,609.7100219726562,608.7050170898438,609.0999755859375,1293673,0.0007877992397932803
2026-03-04 15:55:00+00:00,610.7050170898438,610.8099975585938,609.5499877929688,609.5800170898438,941212,0.0018356216896334443
2026-03-04 16:00:00+00:00,610.9899291992188,611.4500122070312,610.6900024414062,610.7000122070312,1410873,0.0004664210413664654
2026-03-04 16:05:00+00:00,610.2901000976562,611.0750122070312,610.1699829101562,610.9849853515625,1107489,-0.0011460584982538268
2026-03-04 16:10:00+00:00,609.3300170898438,610.4000244140625,609.0499877929688,610.3200073242188,936762,-0.0015743971300535154
2026-03-04 16:15:00+00:00,609.22998046875,609.9000244140625,608.9000244140625,609.3400268554688,814089,-0.00016418825748246038
2026-03-04 16:20:00+00:00,609.22998046875,609.7949829101562,608.9000244140625,609.219970703125,875472,0.0
2026-03-04 16:25:00+00:00,610.1699829101562,610.5499877929688,609.0599975585938,609.22998046875,983125,0.0015417461962175811
2026-03-04 16:30:00+00:00,610.5800170898438,610.9000244140625,609.97998046875,610.1749877929688,952030,0.0006717742291338418
2026-03-04 16:35:00+00:00,610.39501953125,611.0,610.0050048828125,610.5999755859375,951344,-0.00030303250182966876
2026-03-04 16:40:00+00:00,611.47998046875,611.6799926757812,610.280029296875,610.4299926757812,1085642,0.001775895607400652
2026-03-04 16:45:00+00:00,611.5999755859375,611.719970703125,611.2000122070312,611.489990234375,819525,0.0001962179446707535
2026-03-04 16:50:00+00:00,611.489990234375,611.739990234375,610.97998046875,611.5999755859375,792861,-0.00017984834302055893
2026-03-04 16:55:00+00:00,611.1400146484375,611.7100219726562,611.030029296875,611.510009765625,673587,-0.0005724963302039068
2026-03-04 17:00:00+00:00,611.6599731445312,611.6849975585938,610.8699951171875,611.1599731445312,555799,0.0008504392093924663
2026-03-04 17:05:00+00:00,611.5399780273438,611.8250122070312,611.3699951171875,611.6649780273438,600695,-0.00019619869581818244
2026-03-04 17:10:00+00:00,611.4149780273438,611.760009765625,611.4000244140625,611.5499877929688,455898,-0.00020442290178622355
2026-03-04 17:15:00+00:00,611.3800048828125,611.5299072265625,611.2000122070312,611.4099731445312,406631,-5.72019758497333e-05
2026-03-04 17:20:00+00:00,611.3200073242188,611.5900268554688,610.8900146484375,611.3499755859375,396529,-9.813945864549696e-05
2026-03-04 17:25:00+00:00,610.8499755859375,611.6300048828125,610.8098754882812,611.3099975585938,438723,-0.0007691757579184095
2026-03-04 17:30:00+00:00,611.02001953125,611.1599731445312,610.1900024414062,610.8499755859375,628529,0.0002783339423830961
2026-03-04 17:35:00+00:00,611.625,611.6849975585938,610.8499755859375,611.030029296875,552018,0.0009896257841975737
2026-03-04 17:40:00+00:00,611.3300170898438,611.8099975585938,611.1701049804688,611.6400146484375,360057,-0.00048241008337148063
2026-03-04 17:45:00+00:00,611.489990234375,611.760009765625,611.3099975585938,611.3300170898438,422534,0.000261646267620219
2026-03-04 17:50:00+00:00,611.8201293945312,612.010009765625,611.260009765625,611.52001953125,681029,0.0005397473018064583
2026-03-04 17:55:00+00:00,611.719970703125,611.905029296875,611.3699951171875,611.8400268554688,360444,-0.000163719508043845
2026-03-04 18:00:00+00:00,611.6699829101562,612.0499877929688,611.5399780273438,611.719970703125,597504,-8.17201299535648e-05
2026-03-04 18:05:00+00:00,611.7999877929688,612.010009765625,611.4299926757812,611.6500244140625,471209,0.00021251830680740595
2026-03-04 18:10:00+00:00,611.5800170898438,611.9199829101562,611.47998046875,611.7985229492188,298101,-0.0003596114120185049
2026-03-04 18:15:00+00:00,611.3302001953125,611.6649780273438,611.3099975585938,611.5650024414062,289014,-0.00040856130642339604
2026-03-04 18:20:00+00:00,611.2100219726562,611.530029296875,611.0399780273438,611.3099975585938,336496,-0.0001966041212619523
2026-03-04 18:25:00+00:00,611.7816772460938,611.8499755859375,611.1300048828125,611.2100219726562,377223,0.0009348474162749924
2026-03-04 18:30:00+00:00,612.110107421875,612.5499877929688,611.760009765625,611.7899780273438,698070,0.0005366980770343981
2026-03-04 18:35:00+00:00,612.3300170898438,612.5499877929688,612.0599975585938,612.1099853515625,411189,0.0003592003658340574
2026-03-04 18:40:00+00:00,612.469970703125,612.8099975585938,612.2901000976562,612.3250122070312,402874,0.00022853300993667787
2026-03-04 18:45:00+00:00,612.5900268554688,612.6400146484375,612.0399780273438,612.47998046875,546244,0.0001960004456391671
2026-03-04 18:50:00+00:00,612.52001953125,612.8099975585938,612.489990234375,612.594970703125,315404,-0.00011428740544802553
2026-03-04 18:55:00+00:00,612.2949829101562,612.52001953125,611.969970703125,612.5050048828125,456022,-0.000367462226013549
2026-03-04 19:00:00+00:00,612.6849975585938,612.75,612.155029296875,612.3049926757812,354244,0.0006367690375913574
2026-03-04 19:05:00+00:00,612.5650024414062,612.7301025390625,612.405029296875,612.6900024414062,367874,-0.00019587042247891996
2026-03-04 19:10:00+00:00,612.6900024414062,612.8800048828125,612.5399780273438,612.5631103515625,440783,0.0002040391590901444
2026-03-04 19:15:00+00:00,612.6661987304688,612.8400268554688,612.5449829101562,612.7000122070312,357387,-3.885190431602885e-05
2026-03-04 19:20:00+00:00,612.5900268554688,612.7150268554688,612.3400268554688,612.6699829101562,277265,-0.00012433623842509288
2026-03-04 19:25:00+00:00,612.3400268554688,612.6500244140625,612.2150268554688,612.590087890625,375618,-0.0004081865780234064
2026-03-04 19:30:00+00:00,612.135009765625,612.5,612.0750122070312,612.3350219726562,343866,-0.0003348652861479404
2026-03-04 19:35:00+00:00,612.5700073242188,612.5798950195312,612.1199951171875,612.14501953125,312436,0.0007103711845976921
2026-03-04 19:40:00+00:00,612.27001953125,612.625,612.1600952148438,612.5800170898438,437976,-0.000489839966672655
2026-03-04 19:45:00+00:00,612.3900146484375,612.4099731445312,612.0,612.27001953125,386014,0.00019596478079228014
2026-03-04 19:50:00+00:00,612.3800048828125,612.5,612.3099975585938,612.3900146484375,354461,-1.634554318871168e-05
2026-03-04 19:55:00+00:00,612.22998046875,612.4199829101562,612.1199951171875,612.3699951171875,460640,-0.0002450158280718837
2026-03-04 20:00:00+00:00,612.2750244140625,612.3599243164062,612.010009765625,612.219970703125,363458,7.357086357870157e-05
2026-03-04 20:05:00+00:00,611.6900024414062,612.3599853515625,611.5599975585938,612.280029296875,474952,-0.0009559456428428195
2026-03-04 20:10:00+00:00,611.280029296875,611.7100219726562,611.2150268554688,611.7100219726562,521606,-0.0006704549567838444
2026-03-04 20:15:00+00:00,611.0349731445312,611.3900146484375,610.9199829101562,611.2899780273438,537883,-0.0004009705438247162
2026-03-04 20:20:00+00:00,610.75,611.1900024414062,610.6599731445312,611.030029296875,563268,-0.00046648658473110653
2026-03-04 20:25:00+00:00,611.3300170898438,611.3699951171875,610.739990234375,610.75,609128,0.0009492293880664034
2026-03-04 20:30:00+00:00,611.0800170898438,611.4199829101562,610.9500122070312,611.3200073242188,459140,-0.0004090280617719209
2026-03-04 20:35:00+00:00,611.2349853515625,611.4959716796875,611.030029296875,611.0750122070312,891230,0.0002535651812167885
2026-03-04 20:40:00+00:00,611.6400146484375,611.72998046875,611.1417236328125,611.239990234375,554033,0.0006624214440324898
2026-03-04 20:45:00+00:00,611.27001953125,611.6755981445312,611.2050170898438,611.635009765625,731439,-0.0006051060472739988
2026-03-04 20:50:00+00:00,611.0999755859375,611.27001953125,610.4199829101562,611.25,1944689,-0.0002782200922611348
2026-03-04 20:55:00+00:00,610.5499877929688,611.27001953125,610.5499877929688,611.0900268554688,2375135,-0.0009004016643276272
2026-03-05 14:30:00+00:00,609.9849853515625,610.030029296875,607.3800048828125,607.4500122070312,4795063,-0.0009258275988742824
2026-03-05 14:35:00+00:00,609.9600219726562,610.760009765625,609.3599853515625,609.989990234375,1964342,-4.092541673582494e-05
2026-03-05 14:40:00+00:00,609.1599731445312,610.4099731445312,608.9299926757812,609.969970703125,1259239,-0.0013125023724990035
2026-03-05 14:45:00+00:00,609.8300170898438,610.8800048828125,608.6099853515625,609.1599731445312,1524364,0.001099342928428467
2026-03-05 14:50:00+00:00,611.1900024414062,611.2200927734375,609.6749877929688,609.8699951171875,1426318,0.0022276226305818453
2026-03-05 14:55:00+00:00,612.2396850585938,612.27001953125,610.6699829101562,611.1500244140625,1486884,0.0017159676366889387
2026-03-05 15:00:00+00:00,611.8800048828125,612.760009765625,611.780029296875,612.219970703125,1485800,-0.0005876552580400649
2026-03-05 15:05:00+00:00,611.27001953125,612.0900268554688,610.8099975585938,611.8800048828125,1236722,-0.0009974007929614323
2026-03-05 15:10:00+00:00,612.0399780273438,612.1199951171875,610.8900146484375,611.280029296875,1296458,0.001258811910805803
2026-03-05 15:15:00+00:00,610.3499755859375,612.1099853515625,610.25,612.030029296875,973560,-0.0027650808372199536
2026-03-05 15:20:00+00:00,608.3200073242188,610.3599853515625,608.3200073242188,610.3499755859375,1156736,-0.003331451775565649
2026-03-05 15:25:00+00:00,608.0150146484375,608.52001953125,607.5499877929688,608.2999877929688,1336644,-0.0005014945334364493
2026-03-05 15:30:00+00:00,607.1400146484375,608.0599975585938,606.0700073242188,608.02001953125,1823097,-0.001440145710028339
2026-03-05 15:35:00+00:00,608.780029296875,608.7999877929688,606.75,607.1400146484375,1448797,0.0026975715239193564
2026-03-05 15:40:00+00:00,608.75,609.469970703125,608.1900024414062,608.7999877929688,1291224,-4.932822379490614e-05
2026-03-05 15:45:00+00:00,608.72998046875,609.6500244140625,608.5449829101562,608.739990234375,820153,-3.288683440052574e-05
2026-03-05 15:50:00+00:00,609.6199951171875,610.0800170898438,608.625,608.739990234375,1430593,0.0014610166612036644
2026-03-05 15:55:00+00:00,609.7000122070312,609.8200073242188,608.9500122070312,609.6199951171875,1006051,0.00013124871154085923
2026-03-05 16:00:00+00:00,608.469970703125,609.9600219726562,608.4149780273438,609.7000122070312,1110464,-0.002019491432570397
2026-03-05 16:05:00+00:00,607.7000122070312,609.0025024414062,607.7000122070312,608.4500122070312,881127,-0.0012662022739982086
2026-03-05 16:10:00+00:00,607.4000244140625,608.0700073242188,606.7000122070312,607.7000122070312,1298369,-0.0004937664225537115
2026-03-05 16:15:00+00:00,606.4000244140625,607.72998046875,606.3200073242188,607.4000244140625,1436937,-0.0016477182172028528
2026-03-05 16:20:00+00:00,607.4199829101562,608.0,606.3400268554688,606.4000244140625,965014,0.0016805765764251724
2026-03-05 16:25:00+00:00,606.9500122070312,607.9400024414062,606.9099731445312,607.3800048828125,681422,-0.0007740157093438783
2026-03-05 16:30:00+00:00,607.8200073242188,608.47998046875,606.9000244140625,606.9600219726562,1014265,0.0014323620964367709
2026-03-05 16:35:00+00:00,608.2100219726562,608.6099853515625,607.5999755859375,607.8150024414062,624746,0.0006414556424007517
2026-03-05 16:40:00+00:00,607.8713989257812,608.6699829101562,607.489990234375,608.2000122070312,584475,-0.0005569085257082818
2026-03-05 16:45:00+00:00,608.3699951171875,609.030029296875,607.9000244140625,607.9000244140625,965239,0.0008198968095960659
2026-03-05 16:50:00+00:00,608.389892578125,608.719970703125,607.969970703125,608.3699951171875,602632,3.2705649061153686e-05
2026-03-05 16:55:00+00:00,608.780029296875,608.9199829101562,608.280029296875,608.3800048828125,620909,0.0006410554929086909
2026-03-05 17:00:00+00:00,610.4000244140625,610.4400024414062,608.5700073242188,608.7899780273438,899816,0.002657517346477808
2026-03-05 17:05:00+00:00,608.8200073242188,610.6799926757812,608.8099975585938,610.4000244140625,1233893,-0.0025918504178383765
2026-03-05 17:10:00+00:00,608.510009765625,609.0700073242188,607.9000244140625,608.8200073242188,1194114,-0.0005093073545262227
2026-03-05 17:15:00+00:00,606.8300170898438,608.530029296875,606.6599731445312,608.52001953125,793886,-0.002764648096355844
2026-03-05 17:20:00+00:00,607.1102905273438,607.4099731445312,606.2899780273438,606.8699951171875,770613,0.0004617581947339972
2026-03-05 17:25:00+00:00,606.0,607.5650024414062,606.0,607.1199951171875,1002670,-0.0018304862237712403
2026-03-05 17:30:00+00:00,604.5599975585938,606.3599853515625,604.469970703125,606.010009765625,1306365,-0.0023790693951691567
2026-03-05 17:35:00+00:00,604.989990234375,605.8300170898438,604.135009765625,604.5499877929688,1285810,0.0007109961526764295
2026-03-05 17:40:00+00:00,604.0900268554688,605.4299926757812,603.739990234375,604.969970703125,942005,-0.0014886749138028337
2026-03-05 17:45:00+00:00,603.219970703125,604.1199951171875,603.0700073242188,604.0700073242188,832732,-0.0014413138377439925
2026-03-05 17:50:00+00:00,603.1699829101562,604.139892578125,602.7000122070312,603.2000122070312,1716141,-8.287169973127139e-05
2026-03-05 17:55:00+00:00,603.0650024414062,603.4400024414062,602.6099853515625,603.1649780273438,1131597,-0.00017406304789686553
2026-03-05 18:00:00+00:00,603.77001953125,603.9401245117188,602.8800048828125,603.0650024414062,1044664,0.0011683737332924948
2026-03-05 18:05:00+00:00,604.5740966796875,604.75,603.4500122070312,603.739990234375,1210068,0.0013308746346902484
2026-03-05 18:10:00+00:00,604.739990234375,605.010009765625,603.989990234375,604.5599975585938,857483,0.00027435975074349136
2026-03-05 18:15:00+00:00,603.02001953125,605.0499877929688,602.9500122070312,604.739990234375,889484,-0.002848201384304443
2026-03-05 18:20:00+00:00,603.739990234375,604.219970703125,602.9500122070312,603.030029296875,753448,0.0011932294453296636
2026-03-05 18:25:00+00:00,602.739990234375,603.780029296875,602.4600219726562,603.72998046875,776416,-0.0016577154120918861
2026-03-05 18:30:00+00:00,602.8300170898438,603.4600219726562,602.260009765625,602.7050170898438,803936,0.0001493515185168575
2026-03-05 18:35:00+00:00,603.219970703125,603.6099853515625,602.760009765625,602.8200073242188,722283,0.0006466624614521785
2026-03-05 18:40:00+00:00,604.3400268554688,604.5900268554688,603.1699829101562,603.27001953125,745414,0.0018550738279045707
2026-03-05 18:45:00+00:00,603.5050048828125,604.4000244140625,603.22998046875,604.3099975585938,699265,-0.0013826643050138005
2026-03-05 18:50:00+00:00,602.4600219726562,603.5399780273438,602.2999877929688,603.52001953125,773961,-0.0017330240072059248
2026-03-05 18:55:00+00:00,603.239990234375,603.6666870117188,602.4500122070312,602.4600219726562,799776,0.0012938017129012931
2026-03-05 19:00:00+00:00,603.6649780273438,604.010009765625,602.969970703125,603.22998046875,749757,0.0007042606032957089
2026-03-05 19:05:00+00:00,603.8699951171875,604.3101196289062,603.6199951171875,603.6699829101562,644331,0.00033956298802633047
2026-03-05 19:10:00+00:00,604.2000122070312,604.3200073242188,603.4400024414062,603.8699951171875,598445,0.0005463542610150623
2026-03-05 19:15:00+00:00,604.3400268554688,604.4033813476562,603.5999755859375,604.219970703125,687803,0.00023170874698120517
2026-03-05 19:20:00+00:00,604.239990234375,604.8300170898438,603.8300170898438,604.3499755859375,728675,-0.00016554405981836868
2026-03-05 19:25:00+00:00,603.8350219726562,604.4400024414062,603.2401123046875,604.280029296875,757928,-0.0006704356481106506
2026-03-05 19:30:00+00:00,603.1300048828125,603.8300170898438,602.739990234375,603.8200073242188,751988,-0.0011682478851349173
2026-03-05 19:35:00+00:00,603.4600219726562,603.510009765625,602.7999877929688,603.1199951171875,699508,0.0005470244088345544
2026-03-05 19:40:00+00:00,604.1199951171875,604.1400146484375,603.3900146484375,603.4600219726562,725328,0.0010930508966700662
2026-03-05 19:45:00+00:00,604.4600219726562,604.6699829101562,603.6799926757812,604.1099853515625,625316,0.0005626882120044671
2026-03-05 19:50:00+00:00,603.7965698242188,604.8699951171875,603.75,604.469970703125,660995,-0.0010981975511176732
2026-03-05 19:55:00+00:00,604.27001953125,604.469970703125,603.4600219726562,603.760009765625,753363,0.0007838139642998302
2026-03-05 20:00:00+00:00,605.2000122070312,605.3800048828125,603.530029296875,604.2899780273438,1118826,0.0015378518436374037
2026-03-05 20:05:00+00:00,605.3599853515625,605.6300048828125,603.9299926757812,605.2000122070312,1361872,0.0002642961039273337
2026-03-05 20:10:00+00:00,605.780029296875,606.1599731445312,605.27001953125,605.3599853515625,1193732,0.0006936340259151244
2026-03-05 20:15:00+00:00,606.0800170898438,606.4299926757812,605.385009765625,605.7999877929688,944002,0.0004950865407118031
2026-03-05 20:20:00+00:00,606.9000244140625,606.9149780273438,605.8499755859375,606.0700073242188,1087027,0.0013520543142984294
2026-03-05 20:25:00+00:00,606.6400146484375,607.5900268554688,606.5599975585938,606.9000244140625,1307868,-0.0004285145297794345
2026-03-05 20:30:00+00:00,607.3400268554688,607.4500122070312,606.2899780273438,606.6400146484375,1008525,0.0011532517186166465
2026-03-05 20:35:00+00:00,607.22998046875,607.7100219726562,607.0800170898438,607.3300170898438,891849,-0.00018121044708207664
2026-03-05 20:40:00+00:00,606.9500122070312,607.2999877929688,606.530029296875,607.25,891522,-0.0004611643551522932
2026-03-05 20:45:00+00:00,607.489990234375,607.489990234375,606.4000244140625,606.9500122070312,971988,0.0008892626426044597
2026-03-05 20:50:00+00:00,608.4400024414062,608.5,607.489990234375,607.489990234375,2344520,0.0015626103576053358
2026-03-05 20:55:00+00:00,608.969970703125,609.1199951171875,608.1699829101562,608.4500122070312,3381732,0.0008706488477787885
2026-03-06 14:30:00+00:00,600.8499755859375,601.469970703125,599.5900268554688,600.3350219726562,6537852,-0.013423678579121497
2026-03-06 14:35:00+00:00,600.219970703125,601.0999755859375,598.5399780273438,600.8400268554688,2255670,-0.001049072857977198
2026-03-06 14:40:00+00:00,600.2000732421875,601.427978515625,599.9500122070312,600.2000122070312,1529527,-3.31508308939875e-05
2026-03-06 14:45:00+00:00,600.0599975585938,601.0800170898438,599.1500244140625,600.219970703125,1694874,-0.0002334088880191447
2026-03-06 14:50:00+00:00,600.3499755859375,601.7100219726562,599.8699951171875,600.0800170898438,1271925,0.00048313166246804947
2026-03-06 14:55:00+00:00,600.469970703125,600.7999877929688,599.1099853515625,600.3499755859375,1216583,0.0001998553037991752
2026-03-06 15:00:00+00:00,602.2999877929688,602.5599975585938,600.4000244140625,600.4500122070312,1760265,0.003043006668171266
2026-03-06 15:05:00+00:00,600.1199951171875,602.4500122070312,600.030029296875,602.260009765625,1719014,-0.003626012699895599
2026-03-06 15:10:00+00:00,602.8900146484375,603.02001953125,599.8499755859375,600.1199951171875,1779022,0.004605156073824619
2026-03-06 15:15:00+00:00,602.7100219726562,603.0999755859375,602.1400146484375,602.864990234375,1023915,-0.00029859434580485936
2026-03-06 15:20:00+00:00,603.4000244140625,603.6500244140625,602.489990234375,602.72998046875,1159487,0.0011441783753470627
2026-03-06 15:25:00+00:00,603.6300048828125,603.7999877929688,602.969970703125,603.4099731445312,1172437,0.00038106835116106895
2026-03-06 15:30:00+00:00,604.3300170898438,604.6599731445312,603.6099853515625,603.6099853515625,1443818,0.0011589990937736412
2026-03-06 15:35:00+00:00,604.9500122070312,605.3400268554688,604.1699829101562,604.3599853515625,1143893,0.0010253955353446771
2026-03-06 15:40:00+00:00,603.97998046875,604.9450073242188,603.3800048828125,604.9450073242188,1160056,-0.0016047776998435815
2026-03-06 15:45:00+00:00,603.1699829101562,604.22998046875,602.8800048828125,603.969970703125,945598,-0.001342000090678431
2026-03-06 15:50:00+00:00,602.8400268554688,603.22998046875,601.9299926757812,603.1799926757812,1094798,-0.0005471862758160418
2026-03-06 15:55:00+00:00,604.510009765625,605.1300048828125,602.844970703125,602.8499755859375,1313151,0.002766362570093018
2026-03-06 16:00:00+00:00,605.3400268554688,605.5,604.27001953125,604.5025024414062,879497,0.0013720993427939858
2026-03-06 16:05:00+00:00,604.2999877929688,605.4500122070312,604.2000122070312,605.3200073242188,815630,-0.0017195848453851993
2026-03-06 16:10:00+00:00,603.6599731445312,604.3699951171875,603.5,604.3200073242188,810396,-0.0010596621229553027
2026-03-06 16:15:00+00:00,604.4199829101562,604.6199951171875,603.4500122070312,603.6799926757812,790348,0.0012582112004755864
2026-03-06 16:20:00+00:00,603.9199829101562,604.5499877929688,602.8699951171875,604.3900146484375,786112,-0.0008275817115718834
2026-03-06 16:25:00+00:00,604.159912109375,604.1799926757812,603.3599853515625,603.9299926757812,598378,0.0003972075081498394
2026-03-06 16:30:00+00:00,603.2000122070312,604.3099975585938,603.0,604.1799926757812,839848,-0.001590081110460546
2026-03-06 16:35:00+00:00,604.510009765625,604.719970703125,603.0599975585938,603.1900024414062,942188,0.0021693917389536558
2026-03-06 16:40:00+00:00,604.2999877929688,604.8800048828125,604.0499877929688,604.5,628575,-0.00034748550259126534
2026-03-06 16:45:00+00:00,605.1500244140625,605.5599975585938,604.22998046875,604.280029296875,930058,0.00140565836120254
2026-03-06 16:50:00+00:00,604.47998046875,605.8800048828125,604.3599853515625,605.1400146484375,800872,-0.0011078495261166881
2026-03-06 16:55:00+00:00,605.030029296875,605.4400024414062,604.1400146484375,604.4749755859375,776296,0.0009095399981867894
2026-03-06 17:00:00+00:00,605.4299926757812,605.989990234375,604.6099853515625,605.0499877929688,713465,0.0006608452756833013
2026-03-06 17:05:00+00:00,604.1699829101562,605.489990234375,603.7650146484375,605.4199829101562,729008,-0.0020833502757880433
2026-03-06 17:10:00+00:00,603.9199829101562,604.510009765625,603.6300048828125,604.1500244140625,503652,-0.00041387646721962175
2026-03-06 17:15:00+00:00,604.260009765625,604.2999877929688,603.3099975585938,603.9299926757812,592789,0.0005628745162270135
2026-03-06 17:20:00+00:00,604.02001953125,604.7899780273438,603.77001953125,604.27001953125,594350,-0.0003972427445822965
2026-03-06 17:25:00+00:00,603.4000244140625,604.1199951171875,602.9199829101562,604.030029296875,806232,-0.0010269751190362974
2026-03-06 17:30:00+00:00,603.6199951171875,603.7000122070312,603.030029296875,603.4000244140625,481416,0.0003644855959318918
2026-03-06 17:35:00+00:00,602.4550170898438,603.6599731445312,602.1599731445312,603.6199951171875,765916,-0.0019318506359312388
2026-03-06 17:40:00+00:00,602.3599853515625,602.6900024414062,601.72998046875,602.469970703125,804743,-0.0001577532455783821
2026-03-06 17:45:00+00:00,603.1599731445312,603.3499755859375,602.3300170898438,602.3300170898438,815999,0.0013272080727672899
2026-03-06 17:50:00+00:00,602.9099731445312,603.6900024414062,602.6900024414062,603.1400146484375,812160,-0.0004145696596616537
2026-03-06 17:55:00+00:00,602.7000122070312,603.4600219726562,602.6300048828125,602.9500122070312,528345,-0.0003483065704062357
2026-03-06 18:00:00+00:00,603.0,603.760009765625,602.5800170898438,602.7100219726562,928366,0.0004976159842777233
2026-03-06 18:05:00+00:00,603.5598754882812,603.8900146484375,602.8499755859375,602.989990234375,518642,0.0009280526227326336
2026-03-06 18:10:00+00:00,605.2100219726562,605.4000244140625,603.22998046875,603.5499877929688,1057264,0.002730292196927156
2026-03-06 18:15:00+00:00,605.1300048828125,605.4500122070312,604.5399780273438,605.22998046875,733171,-0.00013222249646360854
2026-03-06 18:20:00+00:00,604.5999755859375,605.239990234375,604.2000122070312,605.1300048828125,571820,-0.0008762770855449421
2026-03-06 18:25:00+00:00,603.8200073242188,604.6599731445312,603.4400024414062,604.5999755859375,560893,-0.0012908895600215675
2026-03-06 18:30:00+00:00,604.1799926757812,604.530029296875,603.6900024414062,603.8300170898438,650207,0.000596002255328785
2026-03-06 18:35:00+00:00,603.7899780273438,604.219970703125,603.22998046875,604.1798706054688,811982,-0.0006457356911987713
2026-03-06 18:40:00+00:00,604.0800170898438,604.3499755859375,603.5399780273438,603.77001953125,558317,0.0004802488169207853
2026-03-06 18:45:00+00:00,604.1300048828125,604.22998046875,603.6199951171875,604.0800170898438,538414,8.274686037718995e-05
2026-03-06 18:50:00+00:00,603.0999755859375,604.1900024414062,602.8599853515625,604.1500244140625,843558,-0.001706434670255402
2026-03-06 18:55:00+00:00,603.0800170898438,603.489990234375,602.9299926757812,603.1099853515625,518168,-3.3093727663750195e-05
2026-03-06 19:00:00+00:00,602.9600219726562,603.4400024414062,602.9299926757812,603.0900268554688,737797,-0.0001989902717934959
2026-03-06 19:05:00+00:00,603.5900268554688,603.760009765625,602.8499755859375,602.9600219726562,712427,0.0010443080097345282
2026-03-06 19:10:00+00:00,604.0999755859375,604.3699951171875,603.510009765625,603.5800170898438,824941,0.0008445027444876821
2026-03-06 19:15:00+00:00,603.6961059570312,604.22998046875,603.1099853515625,604.0999755859375,777370,-0.0006687712439719061
2026-03-06 19:20:00+00:00,602.9199829101562,603.8400268554688,602.77001953125,603.6900024414062,996530,-0.0012864458895791569
2026-03-06 19:25:00+00:00,603.530029296875,603.760009765625,602.6699829101562,602.9299926757812,890610,0.0010113082722693217
2026-03-06 19:30:00+00:00,603.6799926757812,604.0,603.35009765625,603.52001953125,788845,0.0002484462139116965
2026-03-06 19:35:00+00:00,603.1900024414062,603.9149780273438,602.7100219726562,603.6900024414062,729959,-0.0008120017289024178
2026-03-06 19:40:00+00:00,603.030029296875,604.0250244140625,603.02001953125,603.2100219726562,1075925,-0.0002652470382848077
2026-03-06 19:45:00+00:00,602.89501953125,603.1799926757812,602.530029296875,603.02001953125,641237,-0.00022391070874640422
2026-03-06 19:50:00+00:00,603.1300048828125,603.22998046875,602.4600219726562,602.8800048828125,696001,0.0003896857026666959
2026-03-06 19:55:00+00:00,603.27001953125,603.4299926757812,603.010009765625,603.1199951171875,569730,0.0002321197716059786
2026-03-06 20:00:00+00:00,604.1500244140625,604.3499755859375,603.22998046875,603.260009765625,1277265,0.001457661802192598
2026-03-06 20:05:00+00:00,603.0700073242188,604.22998046875,603.02001953125,604.135009765625,693268,-0.001789263513835018
2026-03-06 20:10:00+00:00,601.8900146484375,603.22998046875,601.280029296875,603.0700073242188,1387351,-0.00195855967246021
2026-03-06 20:15:00+00:00,601.739990234375,602.4400024414062,601.239990234375,601.8900146484375,884232,-0.00024928659842445624
2026-03-06 20:20:00+00:00,600.4199829101562,601.8300170898438,600.3400268554688,601.7349853515625,999209,-0.002196060231923618
2026-03-06 20:25:00+00:00,599.530029296875,600.469970703125,599.2999877929688,600.4099731445312,1032989,-0.001483318083925542
2026-03-06 20:30:00+00:00,599.1599731445312,599.8099975585938,598.9099731445312,599.530029296875,1751698,-0.0006174343046930807
2026-03-06 20:35:00+00:00,599.4600219726562,599.6199951171875,598.3699951171875,599.1500244140625,2076965,0.0005006571484119137
2026-03-06 20:40:00+00:00,600.1500244140625,600.8599853515625,598.9600219726562,599.5,1491855,0.0011503780242229943
2026-03-06 20:45:00+00:00,600.4600219726562,600.6500854492188,600.0250244140625,600.1500244140625,1100781,0.0005164000857991436
2026-03-06 20:50:00+00:00,600.1409912109375,600.72998046875,599.5900268554688,600.4400024414062,1835714,-0.0005314517741105605
2026-03-06 20:55:00+00:00,599.8699951171875,600.47998046875,599.47998046875,600.1400146484375,2966969,-0.00045165602889355485
2026-03-09 13:30:00+00:00,595.3200073242188,596.4600219726562,594.030029296875,594.219970703125,5652456,-0.00761386853012968
2026-03-09 13:35:00+00:00,593.4199829101562,595.6735229492188,593.27001953125,595.3099975585938,1365878,-0.00319670583590842
2026-03-09 13:40:00+00:00,593.010009765625,593.6300048828125,592.3099975585938,593.4099731445312,1748333,-0.0006911038382035797
2026-03-09 13:45:00+00:00,592.489990234375,593.8800048828125,592.0900268554688,592.97998046875,1601095,-0.0008772999824596588
2026-03-09 13:50:00+00:00,592.0,592.9600219726562,591.510009765625,592.5,1644216,-0.0008273438633750285
2026-03-09 13:55:00+00:00,592.72998046875,593.739990234375,591.3350219726562,591.97998046875,1738483,0.0012323155033863802
2026-03-09 14:00:00+00:00,595.0900268554688,595.176025390625,592.27001953125,592.7100219726562,1600225,0.003973749352137329
2026-03-09 14:05:00+00:00,593.109619140625,595.27001953125,592.4099731445312,595.0700073242188,2125032,-0.003333462613576638
2026-03-09 14:10:00+00:00,592.3900146484375,593.1900024414062,591.5599975585938,593.0999755859375,1335262,-0.0012140106332522037
2026-03-09 14:15:00+00:00,593.260009765625,593.6099853515625,592.02001953125,592.4000244140625,1585716,0.0014675414421016957
2026-03-09 14:20:00+00:00,594.760009765625,595.02001953125,592.2899780273438,593.27001953125,1289653,0.002525211313658282
2026-03-09 14:25:00+00:00,593.469970703125,595.0900268554688,593.0,594.760009765625,1019814,-0.0021713634406858497
2026-03-09 14:30:00+00:00,594.1199951171875,594.5,593.3699951171875,593.4400024414062,1132935,0.001094695134994711
2026-03-09 14:35:00+00:00,595.469970703125,596.02001953125,593.9600219726562,594.1199951171875,1015071,0.002269649550243797
2026-03-09 14:40:00+00:00,596.7000122070312,596.7000122070312,594.989990234375,595.4299926757812,1059233,0.0020635344925917162
2026-03-09 14:45:00+00:00,597.5700073242188,597.6699829101562,596.5599975585938,596.7100219726562,1156576,0.0014569490263581849
2026-03-09 14:50:00+00:00,597.6950073242188,597.8800048828125,596.989990234375,597.5599975585938,947343,0.00020915863666017774
2026-03-09 14:55:00+00:00,597.0499877929688,597.719970703125,596.5700073242188,597.7000122070312,990533,-0.0010797611148057906
2026-03-09 15:00:00+00:00,597.7100219726562,598.0,597.030029296875,597.030029296875,757712,0.001104881719237416
2026-03-09 15:05:00+00:00,597.6099853515625,598.239990234375,597.4199829101562,597.719970703125,811380,-0.00016738048508237226
2026-03-09 15:10:00+00:00,598.2999877929688,598.52001953125,597.5,597.614990234375,758895,0.0011539372251534996
2026-03-09 15:15:00+00:00,598.3599853515625,598.8699951171875,597.8300170898438,598.3200073242188,896859,0.00010027503215708884
2026-03-09 15:20:00+00:00,598.75,598.9400024414062,598.0999755859375,598.3599853515625,599340,0.0006515936998421849
2026-03-09 15:25:00+00:00,599.3200073242188,599.47998046875,598.510009765625,598.72998046875,785101,0.0009515426706998429
2026-03-09 15:30:00+00:00,598.4677734375,599.3400268554688,598.2999877929688,599.3300170898438,726110,-0.0014230133988992256
2026-03-09 15:35:00+00:00,598.3800048828125,598.6699829101562,598.0700073242188,598.4600219726562,665985,-0.00014666619504110422
2026-03-09 15:40:00+00:00,598.4401245117188,598.7899780273438,598.1201171875,598.3677978515625,529308,0.00010046560461393554
2026-03-09 15:45:00+00:00,598.9699096679688,599.280029296875,598.25,598.4400024414062,824642,0.0008848851699866494
2026-03-09 15:50:00+00:00,599.47998046875,599.6500244140625,598.6500244140625,598.9500122070312,593011,0.0008512176199900895
2026-03-09 15:55:00+00:00,599.2999877929688,599.6699829101562,599.1325073242188,599.469970703125,601443,-0.0003002931011515653
2026-03-09 16:00:00+00:00,599.5,600.2100219726562,599.0399780273438,599.3099975585938,971631,0.00033368737224532445
2026-03-09 16:05:00+00:00,599.780029296875,600.0599975585938,599.4400024414062,599.489990234375,652092,0.00046699568928599167
2026-03-09 16:10:00+00:00,599.7899780273438,600.010009765625,599.3200073242188,599.77001953125,501064,1.6587161079791e-05
2026-03-09 16:15:00+00:00,599.8099975585938,600.0,599.510009765625,599.7999877929688,390377,3.337701176930776e-05
2026-03-09 16:20:00+00:00,600.0399780273438,600.219970703125,599.0806884765625,599.8250122070312,665524,0.0003833487123322295
2026-03-09 16:25:00+00:00,600.4500122070312,601.3499755859375,599.77001953125,600.010009765625,883580,0.0006831113944605321
2026-03-09 16:30:00+00:00,600.530029296875,600.6500244140625,599.5499877929688,600.4500122070312,799390,0.0001332529887205915
2026-03-09 16:35:00+00:00,600.9199829101562,601.1400146484375,600.4500122070312,600.489990234375,524859,0.0006491383295392497
2026-03-09 16:40:00+00:00,601.5700073242188,601.77001953125,600.9299926757812,600.9400024414062,639628,0.00108113079136819
2026-03-09 16:45:00+00:00,601.5449829101562,601.8499755859375,601.3499755859375,601.5750122070312,614543,-4.15993720787071e-05
2026-03-09 16:50:00+00:00,601.10009765625,601.5800170898438,600.989990234375,601.5499877929688,557491,-0.0007398446663745944
2026-03-09 16:55:00+00:00,600.8800048828125,601.52001953125,600.77001953125,601.0999755859375,479499,-0.00036621700381291825
2026-03-09 17:00:00+00:00,600.3599853515625,600.969970703125,600.0800170898438,600.8900146484375,948654,-0.0008658046151680591
2026-03-09 17:05:00+00:00,600.3200073242188,600.510009765625,599.8300170898438,600.3699951171875,637019,-6.659231036148708e-05
2026-03-09 17:10:00+00:00,600.260009765625,600.6400146484375,599.989990234375,600.3400268554688,465626,-9.994762163229976e-05
2026-03-09 17:15:00+00:00,599.2999877929688,600.3699951171875,599.219970703125,600.260009765625,693208,-0.0016006238613734166
2026-03-09 17:20:00+00:00,598.6900024414062,599.3997192382812,598.6099853515625,599.3049926757812,1123850,-0.0010183480817861441
2026-03-09 17:25:00+00:00,598.530029296875,598.8099975585938,598.3800048828125,598.7100219726562,619265,-0.0002672410104115457
2026-03-09 17:30:00+00:00,598.4000244140625,598.7899780273438,598.27001953125,598.52001953125,864854,-0.00021723054395815777
2026-03-09 17:35:00+00:00,598.1199951171875,598.6799926757812,598.0,598.4099731445312,669632,-0.00046807290712507497
2026-03-09 17:40:00+00:00,597.8400268554688,598.2999877929688,597.6400146484375,598.1099853515625,738598,-0.0004681900091795172
2026-03-09 17:45:00+00:00,598.260009765625,598.7249755859375,597.7899780273438,597.8400268554688,715361,0.0007022538492726722
2026-03-09 17:50:00+00:00,598.8400268554688,598.9000244140625,598.0599975585938,598.239990234375,567122,0.0009690370353154366
2026-03-09 17:55:00+00:00,598.47998046875,598.969970703125,598.3300170898438,598.7999877929688,490834,-0.0006014204980604613
2026-03-09 18:00:00+00:00,598.760009765625,599.0900268554688,598.4500122070312,598.5,616839,0.00046779142739247043
2026-03-09 18:05:00+00:00,598.6400146484375,599.3599853515625,598.5300903320312,598.780029296875,762525,-0.00020042611515377694
2026-03-09 18:10:00+00:00,599.1699829101562,599.4299926757812,598.5499877929688,598.6500244140625,553105,0.0008848954297946756
2026-03-09 18:15:00+00:00,599.6799926757812,599.75,598.97998046875,599.1699829101562,522446,0.000850831725033264
2026-03-09 18:20:00+00:00,599.6799926757812,600.25,598.97998046875,599.6849975585938,803737,0.0
2026-03-09 18:25:00+00:00,599.4299926757812,599.72998046875,599.2899780273438,599.6599731445312,584128,-0.000416975934945544
2026-03-09 18:30:00+00:00,600.5197143554688,600.639892578125,599.3699951171875,599.4299926757812,682880,0.0018162794205007597
2026-03-09 18:35:00+00:00,600.3599853515625,600.6799926757812,600.1699829101562,600.530029296875,835664,-0.0002660199933218327
2026-03-09 18:40:00+00:00,600.3099975585938,600.5900268554688,600.1500244140625,600.3599853515625,652962,-8.326649905322272e-05
2026-03-09 18:45:00+00:00,600.530029296875,600.8400268554688,600.280029296875,600.3300170898438,528734,0.00036646303558000404
2026-03-09 18:50:00+00:00,600.3800048828125,600.72998046875,600.25,600.510009765625,557779,-0.00024985121378459153
2026-03-09 18:55:00+00:00,599.5800170898438,600.3900146484375,599.4600219726562,600.3900146484375,715165,-0.0013333576066553072
2026-03-09 19:00:00+00:00,599.6099853515625,599.9509887695312,599.3099975585938,599.5900268554688,485444,4.9980839840292375e-05
2026-03-09 19:05:00+00:00,599.719970703125,599.7899780273438,599.22998046875,599.5900268554688,577436,0.00018341133116129592
2026-03-09 19:10:00+00:00,599.8800048828125,600.2055053710938,599.6900024414062,599.72998046875,535467,0.00026681257734895224
2026-03-09 19:15:00+00:00,602.9000244140625,603.0250244140625,599.719970703125,599.8800048828125,1816276,0.005021742636612262
2026-03-09 19:20:00+00:00,604.719970703125,605.2449951171875,602.4400024414062,602.9000244140625,3639586,0.003014106547171206
2026-03-09 19:25:00+00:00,606.780029296875,606.9500122070312,604.2000122070312,604.72998046875,2991770,0.003400842887753603
2026-03-09 19:30:00+00:00,607.6400146484375,607.8599853515625,605.3599853515625,606.739990234375,2737842,0.0014162900218952171
2026-03-09 19:35:00+00:00,608.9400024414062,609.25,606.510009765625,607.6500244140625,3028053,0.0021371192514936135
2026-03-09 19:40:00+00:00,607.1500244140625,608.9600219726562,606.25,608.9500122070312,2599366,-0.0029438269873029617
2026-03-09 19:45:00+00:00,607.3250122070312,607.7999877929688,606.5399780273438,607.1500244140625,1631079,0.0002881702610643756
2026-03-09 19:50:00+00:00,606.75,607.3300170898438,606.4000244140625,607.3300170898438,2353501,-0.0009472433651048375
2026-03-09 19:55:00+00:00,607.760009765625,608.35498046875,606.5499877929688,606.7899780273438,3551067,0.0016632386564812787
2026-03-10 13:30:00+00:00,608.6199951171875,609.9600219726562,607.7899780273438,607.7899780273438,4317510,0.0014140079438983222
2026-03-10 13:35:00+00:00,608.3800048828125,608.9099731445312,607.875,608.635009765625,1406442,-0.0003943964461559032
2026-03-10 13:40:00+00:00,608.77001953125,608.9400024414062,607.02001953125,608.3300170898438,1135427,0.0006408653887571813
2026-03-10 13:45:00+00:00,609.1300048828125,609.3599853515625,607.9099731445312,608.7000122070312,918344,0.000591157492125483
2026-03-10 13:50:00+00:00,607.8699951171875,609.2100219726562,607.8599853515625,609.1400146484375,743139,-0.0020706823596378966
2026-03-10 13:55:00+00:00,607.1500244140625,608.0800170898438,606.75,607.8800048828125,755605,-0.0011851175714282854
2026-03-10 14:00:00+00:00,607.2000122070312,607.4600219726562,606.0900268554688,607.1699829101562,836317,8.23284744751347e-05
2026-03-10 14:05:00+00:00,605.6300048828125,607.969970703125,605.4801025390625,607.219970703125,933255,-0.002588999577954295
2026-03-10 14:10:00+00:00,606.3499755859375,606.5850219726562,605.5800170898438,605.6400146484375,853997,0.0011880902315507575
2026-03-10 14:15:00+00:00,606.8699951171875,607.039794921875,605.4199829101562,606.3200073242188,885266,0.0008572551979916086
2026-03-10 14:20:00+00:00,607.530029296875,607.9398803710938,606.7000122070312,606.8499755859375,746159,0.0010870128975783027
2026-03-10 14:25:00+00:00,608.1099853515625,608.6199951171875,607.5601196289062,607.5601196289062,682711,0.0009541576316989387
2026-03-10 14:30:00+00:00,609.309326171875,609.47998046875,608.0900268554688,608.0999755859375,817464,0.0019703009422562577
2026-03-10 14:35:00+00:00,610.219970703125,610.22998046875,608.9400024414062,609.2999877929688,834596,0.0014934363657164767
2026-03-10 14:40:00+00:00,610.489990234375,610.8195190429688,609.7901000976562,610.22998046875,943496,0.00044239752978912124
2026-03-10 14:45:00+00:00,610.8099975585938,610.8200073242188,610.0599975585938,610.5,780882,0.0005240437807921701
2026-03-10 14:50:00+00:00,611.0800170898438,611.1699829101562,610.6444702148438,610.7899780273438,663225,0.00044197027949877463
2026-03-10 14:55:00+00:00,611.6500244140625,611.6699829101562,611.010009765625,611.0800170898438,986054,0.0009323519438664471
2026-03-10 15:00:00+00:00,612.0750122070312,612.4000244140625,611.5050048828125,611.6500244140625,1126456,0.0006945805590907044
2026-03-10 15:05:00+00:00,611.1699829101562,612.0999755859375,611.052490234375,612.0800170898438,804891,-0.0014797190515765915
2026-03-10 15:10:00+00:00,611.02001953125,611.489990234375,610.8599853515625,611.1799926757812,607083,-0.00024540109043479655
2026-03-10 15:15:00+00:00,612.1199951171875,612.1699829101562,610.97998046875,611.0399780273438,634316,0.0017986099208577647
2026-03-10 15:20:00+00:00,611.6699829101562,612.2899780273438,611.47998046875,612.0900268554688,621584,-0.0007354402886022899
2026-03-10 15:25:00+00:00,611.469970703125,611.8400268554688,611.3499755859375,611.6630249023438,487728,-0.00032704713507747613
2026-03-10 15:30:00+00:00,610.7899780273438,611.5399780273438,610.6749877929688,611.5,553880,-0.001112681057157189
2026-03-10 15:35:00+00:00,611.22998046875,611.3599243164062,610.739990234375,610.7999877929688,465278,0.0007201231982533277
2026-03-10 15:40:00+00:00,611.6199951171875,612.1500854492188,611.0,611.2249755859375,686770,0.0006378781853022948
2026-03-10 15:45:00+00:00,611.3300170898438,611.7899780273438,610.969970703125,611.6400146484375,476233,-0.00047422712275030696
2026-03-10 15:50:00+00:00,611.280029296875,611.9400024414062,611.2301025390625,611.3209228515625,450879,-8.17722595104189e-05
2026-03-10 15:55:00+00:00,611.6099243164062,611.760009765625,611.0999755859375,611.27001953125,407715,0.0005395334658839054
2026-03-10 16:00:00+00:00,610.7999877929688,611.6199951171875,610.6300048828125,611.5999755859375,531774,-0.0013251473731289143
2026-03-10 16:05:00+00:00,610.4299926757812,610.8200073242188,609.9400024414062,610.8200073242188,589299,-0.0006059384954931337
2026-03-10 16:10:00+00:00,610.8001098632812,611.1300048828125,610.3099975585938,610.510009765625,481946,0.0006061383486410824
2026-03-10 16:15:00+00:00,611.2999877929688,611.5953979492188,610.61328125,610.7899780273438,391790,0.0008180638534009259
2026-03-10 16:20:00+00:00,611.2100219726562,611.3350219726562,610.614990234375,611.3099975585938,401901,-0.00014718214126055288
2026-03-10 16:25:00+00:00,611.1500244140625,611.9199829101562,610.9299926757812,611.1900024414062,701702,-9.81667534361157e-05
2026-03-10 16:30:00+00:00,611.75,611.8300170898438,611.2000122070312,611.2000122070312,549646,0.0009812341517681392
2026-03-10 16:35:00+00:00,611.9000244140625,611.9793090820312,611.510009765625,611.6900024414062,473165,0.00024520804449145237
2026-03-10 16:40:00+00:00,611.9000244140625,611.9498901367188,611.52001953125,611.8800048828125,274570,0.0
2026-03-10 16:45:00+00:00,611.1099853515625,611.9299926757812,610.8699951171875,611.9099731445312,463965,-0.0012919586366148884
2026-03-10 16:50:00+00:00,611.8699951171875,612.0999755859375,610.9400024414062,611.1500244140625,483967,0.0012428819369055082
2026-03-10 16:55:00+00:00,611.77001953125,612.0399780273438,611.6300048828125,611.9000244140625,385971,-0.00016340685980053193
2026-03-10 17:00:00+00:00,612.0700073242188,612.2899780273438,611.5501098632812,611.760009765625,348026,0.0004902402150510199
2026-03-10 17:05:00+00:00,611.9600219726562,612.3599853515625,611.739990234375,612.0800170898438,436521,-0.0001797102182561101
2026-03-10 17:10:00+00:00,611.8300170898438,612.239990234375,611.5700073242188,611.969970703125,468042,-0.00021246272506213057
2026-03-10 17:15:00+00:00,612.8099975585938,612.8499755859375,611.7999877929688,611.8300170898438,442802,0.0016004387676463666
2026-03-10 17:20:00+00:00,612.77001953125,612.8800048828125,612.430908203125,612.7899780273438,549598,-6.523935899811928e-05
2026-03-10 17:25:00+00:00,613.1668090820312,613.2800903320312,612.6500854492188,612.77001953125,582704,0.0006473246506276505
2026-03-10 17:30:00+00:00,611.9299926757812,613.1599731445312,611.8699951171875,613.1599731445312,693530,-0.002019133222245497
2026-03-10 17:35:00+00:00,611.3099975585938,612.1099853515625,610.5,611.9600219726562,1063082,-0.0010136934292994475
2026-03-10 17:40:00+00:00,611.3117065429688,611.8900146484375,611.010009765625,611.27001953125,695727,2.7956061457415775e-06
2026-03-10 17:45:00+00:00,611.9600219726562,612.3900146484375,611.135009765625,611.3200073242188,578232,0.0010599697111854185
2026-03-10 17:50:00+00:00,612.3900146484375,612.5780029296875,611.9000244140625,611.9500122070312,339150,0.0007024015691568804
2026-03-10 17:55:00+00:00,612.1599731445312,612.4000244140625,611.7899780273438,612.3599853515625,244108,-0.00037571599184273044
2026-03-10 18:00:00+00:00,612.2559814453125,612.4000244140625,611.9000244140625,612.1500244140625,334588,0.00015682301528031437
2026-03-10 18:05:00+00:00,611.5900268554688,612.2899780273438,611.4000244140625,612.27001953125,363135,-0.0010882981209337974
2026-03-10 18:10:00+00:00,608.9600219726562,612.1199951171875,608.9000244140625,611.6099853515625,1593714,-0.0043095470861686715
2026-03-10 18:15:00+00:00,608.469970703125,610.1199951171875,608.0499877929688,608.989990234375,2060829,-0.0008050586874762834
2026-03-10 18:20:00+00:00,608.7750244140625,609.4199829101562,607.739990234375,608.4400024414062,1502546,0.0005012199163644819
2026-03-10 18:25:00+00:00,609.6699829101562,610.530029296875,608.7000122070312,608.7899780273438,883130,0.0014690177261319666
2026-03-10 18:30:00+00:00,609.989990234375,610.6262817382812,609.2000122070312,609.6500244140625,704828,0.0005247484358067068
2026-03-10 18:35:00+00:00,609.1749877929688,610.3900146484375,608.7100830078125,610.0399780273438,960451,-0.0013369848666885298
2026-03-10 18:40:00+00:00,609.0,609.72998046875,608.655029296875,609.1900024414062,518717,-0.0002872950042905943
2026-03-10 18:45:00+00:00,609.2100219726562,609.6099853515625,608.7600708007812,608.9099731445312,418462,0.0003448042142963333
2026-03-10 18:50:00+00:00,609.260009765625,610.1199951171875,608.7999877929688,609.22998046875,449154,8.205009839350065e-05
2026-03-10 18:55:00+00:00,608.739990234375,609.52001953125,608.6599731445312,609.27001953125,552389,-0.0008538909077943815
2026-03-10 19:00:00+00:00,608.5700073242188,609.1199951171875,608.4000244140625,608.760009765625,677531,-0.0002792762921556013
2026-03-10 19:05:00+00:00,609.010009765625,609.219970703125,608.2424926757812,608.5700073242188,649557,0.000722749148941367
2026-03-10 19:10:00+00:00,609.1699829101562,609.2999877929688,608.3598022460938,608.9600219726562,612545,0.00026264287118930906
2026-03-10 19:15:00+00:00,609.5999755859375,609.780029296875,608.9199829101562,609.1749877929688,507012,0.0007056174803535163
2026-03-10 19:20:00+00:00,608.9600219726562,609.6900024414062,608.1500244140625,609.5599975585938,1071268,-0.0010503441330712954
2026-03-10 19:25:00+00:00,607.72998046875,608.982177734375,607.7000122070312,608.97998046875,863236,-0.00202194794154665
2026-03-10 19:30:00+00:00,607.39501953125,607.969970703125,607.2001953125,607.72998046875,1128579,-0.000551319322677645
2026-03-10 19:35:00+00:00,607.9000244140625,608.0700073242188,606.969970703125,607.4149780273438,1034164,0.0008310819901646354
2026-03-10 19:40:00+00:00,607.8599853515625,608.8300170898438,607.27001953125,607.875,984526,-6.586672072259434e-05
2026-03-10 19:45:00+00:00,607.1699829101562,608.1500244140625,606.8800048828125,607.8300170898438,806767,-0.001135778595762921
2026-03-10 19:50:00+00:00,607.1961059570312,607.4299926757812,606.5700073242188,607.1799926757812,1418943,4.302334710845334e-05
2026-03-10 19:55:00+00:00,607.6400146484375,607.780029296875,606.739990234375,607.1900024414062,2026722,0.0007308124999480294
2026-03-11 13:30:00+00:00,609.9299926757812,610.510009765625,608.9500122070312,608.9500122070312,3607179,0.0037615590293864397
2026-03-11 13:35:00+00:00,610.5800170898438,610.75,609.7999877929688,609.9400024414062,1207001,0.0010651686103685385
2026-03-11 13:40:00+00:00,609.75,610.8699951171875,609.5800170898438,610.5701293945312,930150,-0.0013603159902857626
2026-03-11 13:45:00+00:00,609.2824096679688,610.4299926757812,608.9299926757812,609.780029296875,1211034,-0.0007671499974159523
2026-03-11 13:50:00+00:00,609.3099975585938,609.9500122070312,608.4409790039062,609.2899780273438,1001212,4.527829070019335e-05
2026-03-11 13:55:00+00:00,610.5100708007812,610.7000122070312,608.8499755859375,609.3200073242188,988906,0.00196762401356397
2026-03-11 14:00:00+00:00,611.0289916992188,612.4299926757812,610.22998046875,610.5399780273438,2128986,0.0008496182325773972
2026-03-11 14:05:00+00:00,610.260009765625,611.7100219726562,609.8099975585938,611.0399780273438,1028765,-0.0012592957674948356
2026-03-11 14:10:00+00:00,610.5499877929688,610.7999877929688,609.5,610.27001953125,896968,0.00047505841757066564
2026-03-11 14:15:00+00:00,610.3049926757812,610.760009765625,609.4400024414062,610.5499877929688,705976,-0.0004013500774385287
2026-03-11 14:20:00+00:00,608.5800170898438,610.3900146484375,608.52001953125,610.2849731445312,763834,-0.0028304175106261416
2026-03-11 14:25:00+00:00,608.75,608.8699951171875,607.5900268554688,608.5599975585938,1061833,0.0002792716993331776
2026-03-11 14:30:00+00:00,607.35498046875,609.159912109375,607.0900268554688,608.75,749415,-0.002294242956900967
2026-03-11 14:35:00+00:00,608.4149780273438,608.8900146484375,607.3499755859375,607.3939208984375,660935,0.0017437473590736269
2026-03-11 14:40:00+00:00,608.97998046875,609.3638916015625,608.1900024414062,608.489990234375,666322,0.0009282155770887893
2026-03-11 14:45:00+00:00,609.3109741210938,609.4650268554688,608.5,609.0,640318,0.0005433737470359016
2026-03-11 14:50:00+00:00,609.2750244140625,609.52001953125,609.010009765625,609.2999877929688,446110,-5.900233070938755e-05
2026-03-11 14:55:00+00:00,609.6900024414062,610.02001953125,609.0100708007812,609.2999877929688,569268,0.0006808694822782534
2026-03-11 15:00:00+00:00,609.8599853515625,610.25927734375,608.77001953125,609.6900024414062,737238,0.0002787633355884024
2026-03-11 15:05:00+00:00,609.1099853515625,609.9299926757812,608.9998779296875,609.8699951171875,542398,-0.001230547286095612
2026-03-11 15:10:00+00:00,607.9600219726562,609.510009765625,606.9849853515625,609.0499877929688,1196062,-0.0018897248542837548
2026-03-11 15:15:00+00:00,607.3400268554688,607.97998046875,606.8432006835938,607.9600219726562,938872,-0.001020316211740889
2026-03-11 15:20:00+00:00,608.14501953125,608.260009765625,607.0499877929688,607.3599853515625,730213,0.0013245622327786425
2026-03-11 15:25:00+00:00,606.5399780273438,608.530029296875,606.48779296875,608.1500244140625,690494,-0.00264273032311986
2026-03-11 15:30:00+00:00,606.9299926757812,607.1699829101562,605.9600219726562,606.5399780273438,1120057,0.0006428089219893415
2026-03-11 15:35:00+00:00,606.8499755859375,607.2100219726562,606.510009765625,606.9600219726562,643580,-0.00013184776821490807
2026-03-11 15:40:00+00:00,606.1937255859375,607.1599731445312,606.0999755859375,606.8599853515625,1419333,-0.0010819891540407545
2026-03-11 15:45:00+00:00,605.989990234375,606.2899780273438,605.510009765625,606.1599731445312,920933,-0.00033614599968958387
2026-03-11 15:50:00+00:00,607.0800170898438,607.114990234375,605.97998046875,605.989990234375,842336,0.0017971380749001668
2026-03-11 15:55:00+00:00,606.530029296875,607.1199951171875,606.4500122070312,607.0499877929688,582314,-0.0009063666410104281
2026-03-11 16:00:00+00:00,605.8099975585938,606.6500244140625,605.7000122070312,606.52001953125,811721,-0.0011878380767648892
2026-03-11 16:05:00+00:00,605.8499755859375,606.1500244140625,605.6300048828125,605.8099975585938,442009,6.598885536260828e-05
2026-03-11 16:10:00+00:00,606.5075073242188,606.530029296875,605.6799926757812,605.8400268554688,571402,0.0010847160380029364
2026-03-11 16:15:00+00:00,605.9299926757812,606.669921875,605.8800048828125,606.47998046875,499781,-0.0009526506597067578
2026-03-11 16:20:00+00:00,606.47998046875,606.8300170898438,605.8427124023438,605.9302978515625,706838,0.0009072637851504913
2026-03-11 16:25:00+00:00,606.9500122070312,606.9600219726562,606.2050170898438,606.469970703125,717863,0.0007747159121287608
2026-03-11 16:30:00+00:00,608.0800170898438,608.219970703125,606.8800048828125,606.9299926757812,882645,0.0018600449064826714
2026-03-11 16:35:00+00:00,607.4249267578125,608.260009765625,607.2999877929688,608.0999755859375,542520,-0.0010778901373840726
2026-03-11 16:40:00+00:00,607.5999755859375,608.14990234375,607.3900146484375,607.4299926757812,473281,0.0002881403154757156
2026-03-11 16:45:00+00:00,607.4500122070312,607.9400024414062,607.260009765625,607.6199951171875,378692,-0.0002468431441905041
2026-03-11 16:50:00+00:00,608.0,608.0999145507812,607.4199829101562,607.4500122070312,298409,0.0009049945698834848
2026-03-11 16:55:00+00:00,608.280029296875,608.3699951171875,607.8699951171875,608.0,312540,0.00046046846955933104
2026-03-11 17:00:00+00:00,608.2999877929688,608.7000122070312,608.1799926757812,608.260009765625,434020,3.2810823480852775e-05
2026-03-11 17:05:00+00:00,608.3721923828125,608.7000122070312,608.219970703125,608.2821044921875,315456,0.00011869193872433393
2026-03-11 17:10:00+00:00,608.0,608.4000244140625,607.739990234375,608.3900146484375,491527,-0.000611971231764496
2026-03-11 17:15:00+00:00,607.594970703125,608.25,607.3699951171875,607.989990234375,411215,-0.0006663885942688211
2026-03-11 17:20:00+00:00,608.1799926757812,608.1898803710938,607.5689697265625,607.6099853515625,577737,0.0009623853680677252
2026-03-11 17:25:00+00:00,608.27001953125,608.5999755859375,608.0449829101562,608.1799926757812,534266,0.00014801570920252552
2026-03-11 17:30:00+00:00,608.0399780273438,608.489990234375,607.8599853515625,608.280029296875,319213,-0.00037826131021018194
2026-03-11 17:35:00+00:00,606.1699829101562,608.260009765625,605.030029296875,608.02001953125,1633929,-0.003080186550629193
2026-03-11 17:40:00+00:00,606.52001953125,606.8499755859375,605.6599731445312,606.219970703125,1215540,0.0005772895465622689
2026-03-11 17:45:00+00:00,606.8099975585938,606.9099731445312,606.0700073242188,606.5599975585938,592997,0.0004779870748772262
2026-03-11 17:50:00+00:00,606.9500122070312,607.6900024414062,606.7899780273438,606.7899780273438,1567297,0.00023071224613111925
2026-03-11 17:55:00+00:00,606.9199829101562,607.260009765625,606.4099731445312,606.9600219726562,500142,-4.947695717325197e-05
2026-03-11 18:00:00+00:00,606.8900146484375,607.1699829101562,606.7249755859375,606.9299926757812,343532,-4.937883488377599e-05
2026-03-11 18:05:00+00:00,606.14501953125,606.9298706054688,606.0800170898438,606.8599853515625,421772,-0.001228316066500997
2026-03-11 18:10:00+00:00,606.0150146484375,606.219970703125,605.4400024414062,606.155029296875,849330,-0.00021450118737650727
2026-03-11 18:15:00+00:00,606.2100219726562,606.5,605.739990234375,606.02001953125,587116,0.00032173452949703905
2026-03-11 18:20:00+00:00,606.3599853515625,606.77001953125,605.8599853515625,606.219970703125,447987,0.000247347994367385
2026-03-11 18:25:00+00:00,606.8300170898438,607.0700073242188,606.2100219726562,606.3099975585938,428869,0.0007748691645223629
2026-03-11 18:30:00+00:00,607.239990234375,607.25,606.77001953125,606.8300170898438,729583,0.0006753698841767102
2026-03-11 18:35:00+00:00,606.8499755859375,607.2399291992188,606.760009765625,607.2399291992188,421184,-0.0006424806609613468
2026-03-11 18:40:00+00:00,606.72998046875,607.0,606.510009765625,606.844970703125,340926,-0.00019775395429014861
2026-03-11 18:45:00+00:00,606.4639282226562,606.97998046875,606.4199829101562,606.739990234375,436561,-0.0004385980649140476
2026-03-11 18:50:00+00:00,607.2160034179688,607.4199829101562,606.47998046875,606.47998046875,586958,0.0012393305219402756
2026-03-11 18:55:00+00:00,607.090087890625,607.5399780273438,606.8400268554688,607.2050170898438,425969,-0.00020738680090019992
2026-03-11 19:00:00+00:00,606.8400268554688,607.27001953125,606.3099975585938,607.1099853515625,511333,-0.0004119858889002488
2026-03-11 19:05:00+00:00,606.6900024414062,606.85498046875,606.5,606.75,249126,-0.0002472529087948631
2026-03-11 19:10:00+00:00,606.2100219726562,606.7899780273438,606.0900268554688,606.7465209960938,466437,-0.000791459286246095
2026-03-11 19:15:00+00:00,606.5499267578125,606.6400146484375,606.02001953125,606.2100219726562,719358,0.000560547525356918
2026-03-11 19:20:00+00:00,606.4400024414062,606.6300048828125,606.0599975585938,606.52001953125,343008,-0.00018124522563798002
2026-03-11 19:25:00+00:00,606.530029296875,606.7681884765625,606.3800048828125,606.4299926757812,366570,0.00014844036254557498
2026-03-11 19:30:00+00:00,607.3200073242188,607.4500122070312,606.4000244140625,606.5499877929688,517316,0.001301607472160635
2026-03-11 19:35:00+00:00,607.3699951171875,607.5999755859375,607.0170288085938,607.3300170898438,688971,8.230543249137716e-05
2026-03-11 19:40:00+00:00,607.52001953125,607.780029296875,607.219970703125,607.3800048828125,631228,0.000246976126260322
2026-03-11 19:45:00+00:00,607.1400146484375,607.7000122070312,607.0,607.52001953125,436162,-0.0006256975359640018
2026-03-11 19:50:00+00:00,607.9600219726562,608.02001953125,607.0499877929688,607.1500244140625,986683,0.001349695373199824
2026-03-11 19:55:00+00:00,607.72998046875,608.239990234375,607.655029296875,607.9600219726562,1320982,-0.00037845422137211993
2026-03-12 13:30:00+00:00,603.6400146484375,604.02001953125,601.9500122070312,602.760009765625,3843750,-0.006752654231309533
2026-03-12 13:35:00+00:00,603.7199096679688,604.1300048828125,603.27001953125,603.6300048828125,1185732,0.0001323466483170939
2026-03-12 13:40:00+00:00,602.489990234375,604.010009765625,602.3900146484375,603.7100219726562,1124042,-0.0020393131575892434
2026-03-12 13:45:00+00:00,601.7899780273438,602.469970703125,600.3400268554688,602.469970703125,1923466,-0.00116254077842153
2026-03-12 13:50:00+00:00,600.1599731445312,602.5180053710938,600.0599975585938,601.7899780273438,1277434,-0.0027122691431053117
2026-03-12 13:55:00+00:00,599.869873046875,600.3900146484375,599.22998046875,600.1649780273438,1532557,-0.00048348814694585833
2026-03-12 14:00:00+00:00,601.3499755859375,601.9949951171875,599.780029296875,599.9199829101562,1575810,0.002464333718419567
2026-03-12 14:05:00+00:00,601.030029296875,601.5599975585938,600.760009765625,601.3499755859375,861368,-0.0005321883186922813
2026-03-12 14:10:00+00:00,601.7999877929688,601.97998046875,600.7899780273438,601.0499877929688,1141755,0.0012802450725695434
2026-03-12 14:15:00+00:00,600.4450073242188,602.0499877929688,600.3900146484375,601.8099975585938,1059542,-0.002254084729756194
2026-03-12 14:20:00+00:00,600.260009765625,600.5399780273438,599.89501953125,600.4400024414062,1089062,-0.0003081482252917909
2026-03-12 14:25:00+00:00,598.9000244140625,600.969970703125,598.9000244140625,600.260009765625,1038218,-0.0022682309214414696
2026-03-12 14:30:00+00:00,598.5999755859375,599.1500244140625,598.27001953125,598.9099731445312,1332095,-0.0005011254019276183
2026-03-12 14:35:00+00:00,598.6300048828125,599.25,597.8200073242188,598.5999755859375,1272941,5.016462562951989e-05
2026-03-12 14:40:00+00:00,599.5700073242188,599.6649780273438,598.1500244140625,598.6099853515625,848910,0.0015690245779905487
2026-03-12 14:45:00+00:00,598.8350219726562,601.3699951171875,598.5800170898438,599.5499877929688,1882124,-0.0012266060734847717
2026-03-12 14:50:00+00:00,599.139892578125,599.3200073242188,598.52001953125,598.8300170898438,817854,0.0005089766210416205
2026-03-12 14:55:00+00:00,598.9450073242188,599.5900268554688,598.77001953125,599.1500244140625,733977,-0.0003253279557083291
2026-03-12 15:00:00+00:00,598.739990234375,599.2698974609375,598.0,598.969970703125,926460,-0.00034235561481381956
2026-03-12 15:05:00+00:00,598.5299072265625,598.9000244140625,598.385009765625,598.6749877929688,529103,-0.0003509367610663083
2026-03-12 15:10:00+00:00,598.22998046875,598.52001953125,597.530029296875,598.510009765625,921965,-0.0005012313116032125
2026-03-12 15:15:00+00:00,598.0700073242188,598.4500122070312,597.8300170898438,598.22998046875,701773,-0.0002674465386895841
2026-03-12 15:20:00+00:00,598.510009765625,598.6300048828125,597.7000122070312,598.0800170898438,708899,0.0007354334101417599
2026-03-12 15:25:00+00:00,598.9400024414062,599.4299926757812,598.4199829101562,598.489990234375,802154,0.0007181806169438076
2026-03-12 15:30:00+00:00,598.719970703125,599.3499755859375,598.4600219726562,598.9500122070312,750546,-0.000367436076500236
2026-03-12 15:35:00+00:00,600.739990234375,600.8200073242188,597.9600219726562,598.6900024414062,1580374,0.003368218209490047
2026-03-12 15:40:00+00:00,600.6099853515625,601.1500244140625,599.5800170898438,600.72998046875,1884323,-0.00021643132469632915
2026-03-12 15:45:00+00:00,599.8099975585938,600.8400268554688,599.0499877929688,600.6400146484375,1031132,-0.0013328467082988694
2026-03-12 15:50:00+00:00,600.3200073242188,600.469970703125,599.4019775390625,599.8599853515625,584091,0.000849924248625418
2026-03-12 15:55:00+00:00,600.0599975585938,600.3300170898438,599.510009765625,600.3275146484375,462582,-0.00043321243045332174
2026-03-12 16:00:00+00:00,600.7000122070312,600.72998046875,599.6799926757812,600.0800170898438,582783,0.0010660160295832641
2026-03-12 16:05:00+00:00,598.4299926757812,601.0499877929688,598.219970703125,600.6799926757812,1156275,-0.00378611532306062
2026-03-12 16:10:00+00:00,599.7949829101562,599.8300170898438,598.3200073242188,598.4600219726562,688604,0.002278354820918709
2026-03-12 16:15:00+00:00,600.280029296875,600.869873046875,599.719970703125,599.780029296875,802214,0.0008083601578192858
2026-03-12 16:20:00+00:00,600.4600219726562,601.739990234375,600.27001953125,600.3099975585938,1178314,0.0002998029039493769
2026-03-12 16:25:00+00:00,599.4699096679688,600.54248046875,599.2899780273438,600.469970703125,844097,-0.0016502839095659727
2026-03-12 16:30:00+00:00,600.260009765625,600.7100219726562,599.239990234375,599.4600219726562,775487,0.0013171301291768226
2026-03-12 16:35:00+00:00,601.0599975585938,601.27001953125,600.0999755859375,600.27001953125,838538,0.0013318481442817032
2026-03-12 16:40:00+00:00,600.639892578125,601.1199951171875,600.3499755859375,601.0900268554688,588745,-0.0006991845485403456
2026-03-12 16:45:00+00:00,599.9600219726562,600.8099975585938,599.0800170898438,600.5999755859375,789373,-0.0011325516017450894
2026-03-12 16:50:00+00:00,599.52001953125,600.3900146484375,599.1799926757812,599.9400024414062,487505,-0.0007336553271708004
2026-03-12 16:55:00+00:00,599.97998046875,600.1099853515625,599.4000244140625,599.5399780273438,503918,0.0007669211505535532
2026-03-12 17:00:00+00:00,600.8200073242188,600.8800048828125,599.8499755859375,599.969970703125,451981,0.001399112260224379
2026-03-12 17:05:00+00:00,600.2100219726562,601.4600219726562,600.0499877929688,600.780029296875,671420,-0.0010157704455860386
2026-03-12 17:10:00+00:00,599.9451293945312,600.780029296875,599.9099731445312,600.1699829101562,425013,-0.00044143056358120696
2026-03-12 17:15:00+00:00,599.3699951171875,600.2000122070312,599.2899780273438,599.9099731445312,425221,-0.0009591045917408083
2026-03-12 17:20:00+00:00,600.2899780273438,600.5999755859375,599.2100219726562,599.3699951171875,580888,0.0015337397447525017
2026-03-12 17:25:00+00:00,599.6978149414062,600.5098876953125,599.510009765625,600.3200073242188,462578,-0.0009869485964348675
2026-03-12 17:30:00+00:00,600.010009765625,600.3099975585938,599.6699829101562,599.75,362404,0.0005204514379858119
2026-03-12 17:35:00+00:00,600.4199829101562,600.6699829101562,599.989990234375,600.0,503757,0.000683043847574674
2026-03-12 17:40:00+00:00,599.5999755859375,600.7000122070312,599.510009765625,600.4500122070312,474939,-0.0013666563560778132
2026-03-12 17:45:00+00:00,599.135009765625,599.8300170898438,598.9299926757812,599.5900268554688,641042,-0.0007757608634311931
2026-03-12 17:50:00+00:00,599.030029296875,599.719970703125,599.02001953125,599.155029296875,291439,-0.0001752354068030656
2026-03-12 17:55:00+00:00,599.0501098632812,599.1500244140625,598.1199951171875,599.0206298828125,645200,3.352124077821404e-05
2026-03-12 18:00:00+00:00,599.4400024414062,599.989990234375,599.0700073242188,599.0700073242188,523643,0.0006506396471303313
2026-03-12 18:05:00+00:00,599.72998046875,600.1799926757812,599.0900268554688,599.4400024414062,769411,0.00048363124015531224
2026-03-12 18:10:00+00:00,599.8200073242188,599.9249877929688,599.4299926757812,599.72998046875,371154,0.0001501010488165631
2026-03-12 18:15:00+00:00,599.3200073242188,600.1400146484375,599.260009765625,599.8400268554688,463332,-0.0008339310220137743
2026-03-12 18:20:00+00:00,599.219970703125,599.4299926757812,598.7686767578125,599.3400268554688,491694,-0.00016693080441205834
2026-03-12 18:25:00+00:00,599.3499755859375,599.3900146484375,598.8519897460938,599.219970703125,395038,0.00021693332746223486
2026-03-12 18:30:00+00:00,598.9099731445312,599.5700073242188,598.8419799804688,599.3599243164062,435656,-0.0007344023500887317
2026-03-12 18:35:00+00:00,598.99609375,599.1937255859375,598.52001953125,598.9299926757812,481056,0.00014378523992346828
2026-03-12 18:40:00+00:00,598.6799926757812,599.0499877929688,598.6500244140625,599.0079956054688,268430,-0.0005278573817096269
2026-03-12 18:45:00+00:00,598.4490966796875,598.8599853515625,598.3300170898438,598.6699829101562,427474,-0.00038574954198333864
2026-03-12 18:50:00+00:00,598.8300170898438,599.1965942382812,598.4349975585938,598.4349975585938,428439,0.0006363101446071295
2026-03-12 18:55:00+00:00,598.4400024414062,598.8699951171875,598.3300170898438,598.8200073242188,494302,-0.0006515066039751423
2026-03-12 19:00:00+00:00,598.375,599.1799926757812,597.969970703125,598.4400024414062,1145542,-0.00010862571297584256
2026-03-12 19:05:00+00:00,598.4498901367188,598.9099731445312,598.22998046875,598.3599853515625,966185,0.00012514802697316887
2026-03-12 19:10:00+00:00,598.280029296875,598.6400146484375,597.7000122070312,598.4500122070312,542503,-0.00028387498002026474
2026-03-12 19:15:00+00:00,598.5,598.739990234375,598.0499877929688,598.2899780273438,505929,0.00036760423840176485
2026-03-12 19:20:00+00:00,598.6680297851562,599.1599731445312,598.3499755859375,598.52001953125,534803,0.00028071211739547915
2026-03-12 19:25:00+00:00,598.8099975585938,598.9600830078125,598.5399780273438,598.6799926757812,533137,0.0002371112803088539
2026-03-12 19:30:00+00:00,599.0700073242188,599.47998046875,598.780029296875,598.8200073242188,780391,0.00043411655365905595
2026-03-12 19:35:00+00:00,598.6699829101562,599.2000122070312,598.4929809570312,599.0650024414062,567365,-0.0006679653884775478
2026-03-12 19:40:00+00:00,598.0499877929688,598.6900024414062,597.8099975585938,598.6699829101562,1108004,-0.0010361574768293755
2026-03-12 19:45:00+00:00,597.75,598.0800170898438,597.4600219726562,598.0399780273438,976899,-0.0005017357456503268
2026-03-12 19:50:00+00:00,597.739990234375,597.9660034179688,597.1199951171875,597.75,1807566,-1.6745879441951313e-05
2026-03-12 19:55:00+00:00,597.3400268554688,598.0499877929688,597.0499877929688,597.75,2761318,-0.0006693499817913821
2026-03-13 13:30:00+00:00,600.1500244140625,601.0999755859375,599.5850219726562,599.72998046875,4561434,0.004693154174086254
2026-03-13 13:35:00+00:00,600.5399780273438,600.9400024414062,598.9299926757812,600.1199951171875,1042112,0.0006495492195302853
2026-03-13 13:40:00+00:00,602.7698974609375,602.7899780273438,600.260009765625,600.5399780273438,1199243,0.0037063137794732725
2026-03-13 13:45:00+00:00,602.4000244140625,603.5999145507812,602.380126953125,602.7593994140625,1384111,-0.000613810636615377
2026-03-13 13:50:00+00:00,603.1983032226562,603.3699951171875,601.9099731445312,602.4099731445312,959350,0.0013242867163273302
2026-03-13 13:55:00+00:00,601.7000122070312,603.260009765625,601.5599975585938,603.2100219726562,1155463,-0.00248700121612605
2026-03-13 14:00:00+00:00,601.3259887695312,602.5999755859375,600.9299926757812,601.7100219726562,1023700,-0.0006218044319032686
2026-03-13 14:05:00+00:00,600.7100219726562,601.8900146484375,600.5399780273438,601.3350219726562,735421,-0.0010248725417309474
2026-03-13 14:10:00+00:00,600.2999877929688,600.909912109375,600.0700073242188,600.7199096679688,744507,-0.0006828156173296725
2026-03-13 14:15:00+00:00,599.969970703125,600.6799926757812,599.4600219726562,600.280029296875,1016758,-0.0005499047873755422
2026-03-13 14:20:00+00:00,600.3699951171875,600.8499755859375,599.9299926757812,599.969970703125,743585,0.0006665185535136242
2026-03-13 14:25:00+00:00,600.4447021484375,601.1287841796875,600.0,600.4000244140625,623686,0.00012442724346472476
2026-03-13 14:30:00+00:00,600.7999877929688,601.7208862304688,600.25,600.4600219726562,749845,0.0005915291994477598
2026-03-13 14:35:00+00:00,600.0999755859375,600.8499755859375,599.5900268554688,600.8140258789062,791814,-0.0011658128198205533
2026-03-13 14:40:00+00:00,598.5401000976562,600.1400146484375,598.52001953125,600.1400146484375,873391,-0.0026027435599913383
2026-03-13 14:45:00+00:00,597.97998046875,598.5800170898438,597.3400268554688,598.5599975585938,1295855,-0.0009362478389095848
2026-03-13 14:50:00+00:00,597.3599853515625,598.5800170898438,597.1900024414062,597.9500122070312,804820,-0.0010373537077549987
2026-03-13 14:55:00+00:00,595.9749755859375,597.7000122070312,595.8049926757812,597.3300170898438,1158064,-0.0023212432935442056
2026-03-13 15:00:00+00:00,595.8900146484375,596.375,595.27001953125,595.97998046875,1047560,-0.00014256805651658867
2026-03-13 15:05:00+00:00,596.8436279296875,596.8599853515625,595.5499877929688,595.8699951171875,881766,0.0015990384615659841
2026-03-13 15:10:00+00:00,597.719970703125,597.8800048828125,596.6500244140625,596.8699951171875,664526,0.0014672185418194727
2026-03-13 15:15:00+00:00,596.7000122070312,597.77001953125,596.7000122070312,597.719970703125,620014,-0.0017078728732068291
2026-03-13 15:20:00+00:00,595.719970703125,597.260009765625,595.6799926757812,596.7100219726562,554990,-0.0016437861468737692
2026-03-13 15:25:00+00:00,595.47998046875,595.8054809570312,595.2899780273438,595.72998046875,695494,-0.00040293862904542803
2026-03-13 15:30:00+00:00,595.8800048828125,596.1199951171875,595.130615234375,595.4600219726562,764852,0.0006715424959948253
2026-03-13 15:35:00+00:00,595.2999877929688,596.0698852539062,594.77001953125,595.8900146484375,1010794,-0.0009738530520161164
2026-03-13 15:40:00+00:00,594.0999755859375,595.510009765625,593.8200073242188,595.280029296875,1001699,-0.002017845386166511
2026-03-13 15:45:00+00:00,594.8458862304688,595.72998046875,593.6799926757812,594.0700073242188,1285543,0.0012547429893131762
2026-03-13 15:50:00+00:00,594.3555908203125,594.9722290039062,593.760009765625,594.8699951171875,607515,-0.0008245792616282195
2026-03-13 15:55:00+00:00,594.0,594.4398803710938,593.5800170898438,594.3699951171875,506089,-0.0005984586325378031
2026-03-13 16:00:00+00:00,594.6699829101562,595.010009765625,593.9299926757812,593.9600219726562,739833,0.001127281736290126
2026-03-13 16:05:00+00:00,595.1400146484375,595.3800048828125,594.3300170898438,594.6900024414062,501371,0.0007900955004533134
2026-03-13 16:10:00+00:00,594.6300048828125,595.5798950195312,593.9539794921875,595.1599731445312,635683,-0.0008573250098607542
2026-03-13 16:15:00+00:00,594.5,594.969970703125,594.1799926757812,594.6599731445312,379848,-0.00021865545869099475
2026-03-13 16:20:00+00:00,594.77001953125,595.280029296875,594.4498291015625,594.5700073242188,434098,0.0004540928997710242
2026-03-13 16:25:00+00:00,594.8900146484375,595.1599731445312,594.0601196289062,594.7800903320312,415465,0.00020173009792186195
2026-03-13 16:30:00+00:00,594.780029296875,595.489990234375,594.6599731445312,594.8400268554688,512975,-0.00018490059901159791
2026-03-13 16:35:00+00:00,595.1199951171875,595.9199829101562,594.72998046875,594.72998046875,455703,0.0005714191488153619
2026-03-13 16:40:00+00:00,594.4609985351562,595.469970703125,594.4249877929688,595.0900268554688,481027,-0.0011079475091820953
2026-03-13 16:45:00+00:00,594.530029296875,594.635009765625,593.7999877929688,594.4450073242188,546749,0.0001161165394531351
2026-03-13 16:50:00+00:00,595.4199829101562,595.5230102539062,594.4500122070312,594.5999755859375,429932,0.0014957834700302603
2026-03-13 16:55:00+00:00,593.6799926757812,595.52001953125,593.469970703125,595.4299926757812,957959,-0.0029265688537370256
2026-03-13 17:00:00+00:00,593.9299926757812,594.0800170898438,593.5599975585938,593.6878051757812,647123,0.0004210136438331638
2026-03-13 17:05:00+00:00,594.4650268554688,594.5999755859375,593.4299926757812,593.9199829101562,496470,0.0009004316023607091
2026-03-13 17:10:00+00:00,595.2000122070312,595.2000122070312,593.8200073242188,594.4400024414062,636348,0.0012356174569159084
2026-03-13 17:15:00+00:00,595.219970703125,595.5338745117188,594.6400146484375,595.219970703125,529557,3.353185662554518e-05
2026-03-13 17:20:00+00:00,594.989990234375,595.239990234375,594.2550048828125,595.2100219726562,442937,-0.00038645361601755845
2026-03-13 17:25:00+00:00,594.97998046875,595.22998046875,594.47998046875,594.989990234375,360546,-1.68235600421161e-05
2026-03-13 17:30:00+00:00,594.6099853515625,595.1199951171875,594.3599853515625,594.969970703125,535249,-0.0006220548924405507
2026-03-13 17:35:00+00:00,594.6799926757812,594.8099975585938,594.2899780273438,594.5900268554688,550207,0.00011772961278242246
2026-03-13 17:40:00+00:00,594.4199829101562,594.7614135742188,593.9400024414062,594.6699829101562,527544,-0.0004373219663734798
2026-03-13 17:45:00+00:00,592.989990234375,594.5599975585938,592.9400024414062,594.3870849609375,634712,-0.0024085924818609936
2026-03-13 17:50:00+00:00,593.193115234375,593.3900146484375,592.6300048828125,592.97998046875,688576,0.00034248507005196945
2026-03-13 17:55:00+00:00,593.1300048828125,593.5549926757812,592.8499755859375,593.180908203125,709671,-0.00010639656355314271
2026-03-13 18:00:00+00:00,593.5800170898438,593.7199096679688,593.0599975585938,593.1300048828125,716686,0.0007584198671446216
2026-03-13 18:05:00+00:00,593.52001953125,593.77001953125,593.2000122070312,593.5599975585938,606052,-0.00010108256556975378
2026-03-13 18:10:00+00:00,593.7899780273438,593.9500122070312,593.469970703125,593.5399169921875,440107,0.0004547397079126162
2026-03-13 18:15:00+00:00,593.4000244140625,594.1500244140625,593.27001953125,593.780029296875,574560,-0.0006569354972725789
2026-03-13 18:20:00+00:00,593.22802734375,593.5617065429688,592.97998046875,593.4099731445312,531033,-0.00028989213808361256
2026-03-13 18:25:00+00:00,594.0800170898438,594.0999755859375,593.2000122070312,593.2340087890625,476569,0.0014351623343653113
2026-03-13 18:30:00+00:00,594.5800170898438,594.8400268554688,593.719970703125,594.0449829101562,522613,0.0008412834874774606
2026-03-13 18:35:00+00:00,594.8099975585938,594.969970703125,594.4500122070312,594.5999755859375,455120,0.00038672003091295894
2026-03-13 18:40:00+00:00,595.1599731445312,595.260009765625,594.6799926757812,594.8200073242188,567808,0.0005882091223215033
2026-03-13 18:45:00+00:00,595.2249755859375,595.3699951171875,594.9299926757812,595.1500244140625,599856,0.00010921247204988677
2026-03-13 18:50:00+00:00,595.2899780273438,595.5,594.8499755859375,595.22998046875,648505,0.00010920054598815405
2026-03-13 18:55:00+00:00,594.9199829101562,595.2999877929688,594.739990234375,595.2999877929688,429829,-0.0006217308563180293
2026-03-13 19:00:00+00:00,594.2100219726562,594.9400024414062,594.2000122070312,594.9099731445312,615727,-0.0011940847828954466
2026-03-13 19:05:00+00:00,594.280029296875,594.4500122070312,593.9000244140625,594.2000122070312,572568,0.0001178088520387289
2026-03-13 19:10:00+00:00,594.1500244140625,594.5800170898438,594.1099853515625,594.280029296875,414007,-0.00021878424047781108
2026-03-13 19:15:00+00:00,594.2498779296875,594.52001953125,594.0701293945312,594.1599731445312,628372,0.00016804699438803872
2026-03-13 19:20:00+00:00,593.427978515625,594.22998046875,593.1699829101562,594.219970703125,657189,-0.0013840445720248755
2026-03-13 19:25:00+00:00,593.1799926757812,593.469970703125,592.9819946289062,593.4199829101562,728126,-0.0004179743427899712
2026-03-13 19:30:00+00:00,593.239990234375,593.719970703125,593.0999755859375,593.188720703125,673498,0.00010114050590704534
2026-03-13 19:35:00+00:00,592.8392944335938,593.356689453125,592.77001953125,593.2100219726562,771194,-0.0006756644706720275
2026-03-13 19:40:00+00:00,592.97998046875,592.989990234375,592.5700073242188,592.8400268554688,923264,0.0002372807371138186
2026-03-13 19:45:00+00:00,593.0750122070312,593.22998046875,592.7150268554688,592.9600219726562,887465,0.00016024845234242932
2026-03-13 19:50:00+00:00,593.39501953125,593.5349731445312,592.75,593.0800170898438,1301442,0.0005394275850517873
2026-03-13 19:55:00+00:00,593.6900024414062,593.8300170898438,593.219970703125,593.4000244140625,2236851,0.0004969870072789436
2026-03-16 13:30:00+00:00,600.8800048828125,601.239990234375,599.22998046875,600.0399780273438,2011672,0.012037953780490421
2026-03-16 13:35:00+00:00,600.6500244140625,601.4876098632812,600.4940795898438,600.8499755859375,562109,-0.00038281269040458805
2026-03-16 13:40:00+00:00,600.3599853515625,600.9097290039062,600.219970703125,600.6699829101562,439273,-0.0004829919247633602
2026-03-16 13:45:00+00:00,601.3800048828125,601.8751220703125,600.3049926757812,600.3599853515625,662748,0.0016975714954853643
2026-03-16 13:50:00+00:00,601.02001953125,601.4099731445312,600.6799926757812,601.39501953125,274996,-0.0005987780356101223
2026-03-16 13:55:00+00:00,601.9099731445312,602.030029296875,600.6199951171875,601.0,390367,0.001479643505553626
2026-03-16 14:00:00+00:00,601.27001953125,601.969970703125,601.0399780273438,601.9000244140625,392449,-0.00106377047079399
2026-03-16 14:05:00+00:00,601.9949951171875,602.2000122070312,601.02001953125,601.2899780273438,452328,0.0012050141321111939
2026-03-16 14:10:00+00:00,601.9000244140625,602.5,601.6500244140625,602.010009765625,413420,-0.00015777240005354195
2026-03-16 14:15:00+00:00,601.9000244140625,602.5079956054688,601.7000122070312,601.9000244140625,281879,0.0
2026-03-16 14:20:00+00:00,602.280029296875,602.5999755859375,601.8400268554688,601.8699951171875,268073,0.0006311429827387348
2026-03-16 14:25:00+00:00,601.47998046875,602.3699951171875,601.469970703125,602.280029296875,298648,-0.0013292499159889418
2026-03-16 14:30:00+00:00,600.3300170898438,601.5499877929688,600.239990234375,601.489990234375,546466,-0.0019137196931357538
2026-03-16 14:35:00+00:00,599.72998046875,600.989990234375,599.5800170898438,600.3300170898438,458853,-0.0010000111199750575
2026-03-16 14:40:00+00:00,599.72998046875,600.1599731445312,599.4500122070312,599.669921875,6647205,0.0
2026-03-16 14:45:00+00:00,599.6799926757812,600.3400268554688,599.3800048828125,599.719970703125,741847,-8.335397256473243e-05
2026-03-16 14:50:00+00:00,600.405029296875,600.5499877929688,599.1300048828125,599.6599731445312,0,0.0012083089048397428
2026-03-16 14:55:00+00:00,600.9400024414062,600.940673828125,600.0999755859375,600.3900146484375,302937,0.0008906237022004217
2026-03-16 15:00:00+00:00,600.2650146484375,601.030029296875,600.1400146484375,600.9400024414062,7510631,-0.0011238512234137221
2026-03-16 15:05:00+00:00,600.6400146484375,600.6400146484375,599.802001953125,600.25,518197,0.0006245290061083625
2026-03-16 15:10:00+00:00,601.1201782226562,601.239990234375,600.0200805664062,600.6201171875,534131,0.0007991005237456047
2026-03-16 15:15:00+00:00,601.3049926757812,601.3200073242188,600.6099853515625,601.1199951171875,492378,0.00030740283728793703
2026-03-16 15:20:00+00:00,601.780029296875,601.9450073242188,601.1099853515625,601.3099975585938,0,0.0007896975477290746
2026-03-16 15:25:00+00:00,601.469970703125,601.9000244140625,601.1400146484375,601.7899780273438,225469,-0.0005153685445464801
2026-03-16 15:30:00+00:00,601.7901000976562,601.989990234375,601.4400024414062,601.4500122070312,217570,0.0005321034244432955
2026-03-16 15:35:00+00:00,601.60498046875,601.969970703125,601.5599975585938,601.8499145507812,186575,-0.00030766226878600295
2026-03-16 15:40:00+00:00,601.5,601.7778930664062,601.3699951171875,601.5900268554688,170908,-0.00017451589133237545
2026-03-16 15:45:00+00:00,601.75,601.8800048828125,601.489990234375,601.5,155058,0.0004155412484478306
2026-03-16 15:50:00+00:00,601.2319946289062,601.7750244140625,600.9299926757812,601.7703247070312,352715,-0.0008612022547673286
2026-03-16 15:55:00+00:00,600.4600219726562,601.4099731445312,600.323974609375,601.219970703125,359027,-0.0012848096713278764
2026-03-16 16:00:00+00:00,600.25,600.8599853515625,600.219970703125,600.469970703125,217549,-0.00034982963572349085
2026-03-16 16:05:00+00:00,600.6419067382812,601.1500244140625,600.2100219726562,600.25,205460,0.0006526928027330366
2026-03-16 16:10:00+00:00,600.6259765625,601.0198974609375,600.3200073242188,600.6500244140625,144077,-2.6522270350580994e-05
2026-03-16 16:15:00+00:00,600.3900146484375,600.8900146484375,600.1900024414062,600.6199951171875,180017,-0.00039293717789825884
2026-03-16 16:20:00+00:00,599.3900146484375,600.4299926757812,599.3699951171875,600.4099731445312,329275,-0.0016669726235608985
2026-03-16 16:25:00+00:00,599.47998046875,599.8300170898438,599.1599731445312,599.4099731445312,274019,0.00015008436418931543
2026-03-16 16:30:00+00:00,599.4400024414062,599.864990234375,599.1199951171875,599.4600219726562,299967,-6.669006760821552e-05
2026-03-16 16:35:00+00:00,600.1500244140625,600.1599731445312,599.4299926757812,599.4299926757812,179547,0.0011837745224200394
2026-03-16 16:40:00+00:00,600.6300048828125,600.8200073242188,599.8800048828125,600.1199951171875,261867,0.0007994478299154689
2026-03-16 16:45:00+00:00,600.5223999023438,600.8400268554688,600.239990234375,600.6207885742188,156518,-0.00017916957136822714
2026-03-16 16:50:00+00:00,600.6300048828125,601.02001953125,600.409912109375,600.5250244140625,131287,0.00017916957136821803
2026-03-16 16:55:00+00:00,600.47998046875,600.8499755859375,600.344970703125,600.6300048828125,135513,-0.00024980962055490844
2026-03-16 17:00:00+00:00,600.780029296875,601.5900268554688,600.4650268554688,600.47998046875,350927,0.000499556851848407
2026-03-16 17:05:00+00:00,600.9301147460938,601.280029296875,600.6500244140625,600.7899780273438,151958,0.0002497864410034136
2026-03-16 17:10:00+00:00,601.2849731445312,601.5,600.93017578125,600.9400024414062,250378,0.0005903409669660746
2026-03-16 17:15:00+00:00,601.2799072265625,601.3699951171875,600.8800048828125,601.2650146484375,136865,-8.425188613851081e-06
2026-03-16 17:20:00+00:00,601.4400024414062,601.6400146484375,601.2880249023438,601.2999267578125,174224,0.000266221943284382
2026-03-16 17:25:00+00:00,600.989990234375,601.5999755859375,600.9299926757812,601.4299926757812,178326,-0.0007485046626957645
2026-03-16 17:30:00+00:00,600.989990234375,601.3699951171875,600.780029296875,601.010009765625,203931,0.0
2026-03-16 17:35:00+00:00,600.7349853515625,601.1365966796875,600.6749877929688,600.989990234375,165099,-0.00042439808079323163
2026-03-16 17:40:00+00:00,600.4400024414062,600.9099731445312,600.3800048828125,600.719970703125,204900,-0.0004911572736430355
2026-03-16 17:45:00+00:00,600.2999877929688,600.9799194335938,600.1300048828125,600.4716796875,218390,-0.0002332139350914155
2026-03-16 17:50:00+00:00,600.4749755859375,600.760009765625,599.9299926757812,600.3200073242188,320839,0.00029145809921802017
2026-03-16 17:55:00+00:00,600.6500244140625,600.8599853515625,600.3400268554688,600.4650268554688,134930,0.0002914747913237055
2026-03-16 18:00:00+00:00,601.02001953125,601.0449829101562,600.47998046875,600.64501953125,193418,0.0006158015351117767
2026-03-16 18:05:00+00:00,601.3469848632812,601.5900268554688,600.9099731445312,601.0499877929688,301016,0.0005438694490048689
2026-03-16 18:10:00+00:00,601.239990234375,601.52001953125,601.0,601.3200073242188,230425,-0.0001779407750193702
2026-03-16 18:15:00+00:00,601.4500122070312,601.6400146484375,601.1900024414062,601.25,272671,0.00034925371353339583
2026-03-16 18:20:00+00:00,601.52001953125,601.5999755859375,601.27001953125,601.4400024414062,164925,0.00011639080351259048
2026-03-16 18:25:00+00:00,601.5499877929688,601.719970703125,601.3099975585938,601.530029296875,188655,4.9819647306486676e-05
2026-03-16 18:30:00+00:00,601.3800048828125,601.6599731445312,601.1799926757812,601.5399780273438,204386,-0.000282614802727699
2026-03-16 18:35:00+00:00,601.6099853515625,601.6799926757812,601.239990234375,601.3800048828125,148175,0.00038234810500288076
2026-03-16 18:40:00+00:00,601.8099975585938,601.8499755859375,601.469970703125,601.6199951171875,215457,0.0003324063281537242
2026-03-16 18:45:00+00:00,601.7100219726562,601.8900146484375,601.6610107421875,601.8200073242188,174587,-0.0001661386342478885
2026-03-16 18:50:00+00:00,601.35498046875,601.6900024414062,601.3200073242188,601.6799926757812,234120,-0.0005902283143352496
2026-03-16 18:55:00+00:00,601.1500244140625,601.4000244140625,601.094482421875,601.35498046875,212901,-0.0003408818355681345
2026-03-16 19:00:00+00:00,601.0800170898438,601.4840087890625,600.9099731445312,601.1500244140625,15617902,-0.00011646244376038946
2026-03-16 19:05:00+00:00,603.1099853515625,603.1599731445312,600.780029296875,601.0900268554688,0,0.003371511440063978
2026-03-16 19:10:00+00:00,601.3099975585938,603.85498046875,601.0800170898438,603.1099853515625,1070160,-0.0029889725487679407
2026-03-16 19:15:00+00:00,600.9965209960938,601.8399047851562,600.9810180664062,601.3099975585938,329550,-0.0005214586542875282
2026-03-16 19:20:00+00:00,600.52001953125,601.1400146484375,600.3200073242188,600.989990234375,429660,-0.0007931667584296811
2026-03-16 19:25:00+00:00,600.6599731445312,601.0,600.0700073242188,600.510009765625,404846,0.00023302688151295302
2026-03-16 19:30:00+00:00,600.5,600.8800048828125,600.3099975585938,600.6799926757812,275150,-0.0002663644294744496
2026-03-16 19:35:00+00:00,600.3779907226562,600.8900146484375,600.2987060546875,600.510009765625,256836,-0.00020320012308683787
2026-03-16 19:40:00+00:00,600.030029296875,600.5599975585938,599.8300170898438,600.3699951171875,290077,-0.0005797386050808188
2026-03-16 19:45:00+00:00,600.010009765625,600.2100219726562,599.72998046875,600.030029296875,496063,-3.33647721745797e-05
2026-03-16 19:50:00+00:00,599.905029296875,600.3599853515625,599.530029296875,600.02001953125,729762,-0.00017497983707226935
2026-03-16 19:55:00+00:00,600.3099975585938,600.5900268554688,599.8900146484375,599.8900146484375,865350,0.0006748262070139833
2026-03-17 13:30:00+00:00,604.5399780273438,604.9199829101562,602.2899780273438,603.1400146484375,1625478,0.007021617518721519
2026-03-17 13:35:00+00:00,604.9199829101562,604.9500122070312,604.25,604.530029296875,560035,0.0006283877227689631
2026-03-17 13:40:00+00:00,604.6649780273438,604.9598999023438,604.2999877929688,604.9099731445312,489968,-0.0004216403060976198
2026-03-17 13:45:00+00:00,605.8707275390625,605.8900146484375,604.5399780273438,604.6500244140625,751076,0.0019920930955099384
2026-03-17 13:50:00+00:00,605.6300048828125,605.8800048828125,605.0701293945312,605.8599853515625,460232,-0.000397395813268277
2026-03-17 13:55:00+00:00,605.3599853515625,605.6500244140625,604.9299926757812,605.6400146484375,337335,-0.0004459484189008989
2026-03-17 14:00:00+00:00,604.72998046875,605.469970703125,604.4400024414062,605.3699951171875,507319,-0.0010412530597371972
2026-03-17 14:05:00+00:00,604.6599731445312,605.0700073242188,604.6099853515625,604.72998046875,379065,-0.00011577295493122214
2026-03-17 14:10:00+00:00,603.77001953125,604.739990234375,603.7512817382812,604.6699829101562,5206254,-0.0014729091127636607
2026-03-17 14:15:00+00:00,604.4500122070312,604.4600219726562,603.0599975585938,603.760009765625,1124583,0.0011256107823322098
2026-03-17 14:20:00+00:00,604.6300048828125,604.8300170898438,604.1599731445312,604.4600219726562,0,0.00029773492997448795
2026-03-17 14:25:00+00:00,604.6199951171875,605.010009765625,604.2100219726562,604.6400146484375,433784,-1.6555328716567668e-05
2026-03-17 14:30:00+00:00,604.8699951171875,605.010009765625,604.0599975585938,604.6300048828125,453029,0.00041339739159288407
2026-03-17 14:35:00+00:00,604.2999877929688,605.2000122070312,604.219970703125,604.8200073242188,6441973,-0.0009428076688929311
2026-03-17 14:40:00+00:00,605.1900024414062,605.3200073242188,604.0,604.2899780273438,0,0.0014717191812551086
2026-03-17 14:45:00+00:00,605.1701049804688,605.2999877929688,604.9400024414062,605.2000122070312,6786964,-3.287858021311505e-05
2026-03-17 14:50:00+00:00,605.010009765625,605.22998046875,604.719970703125,605.1900024414062,0,-0.00026458080714919166
2026-03-17 14:55:00+00:00,604.9520263671875,605.2899780273438,604.8200073242188,605.010009765625,250773,-9.584333516314436e-05
2026-03-17 15:00:00+00:00,604.5250244140625,605.27001953125,604.4299926757812,604.9500122070312,7351619,-0.0007060935477692464
2026-03-17 15:05:00+00:00,603.6300048828125,604.6193237304688,603.6199951171875,604.5,0,-0.00148163054124259
2026-03-17 15:10:00+00:00,603.75,604.0499877929688,603.4299926757812,603.6199951171875,424172,0.00019876942983525038
2026-03-17 15:15:00+00:00,604.219970703125,604.489990234375,603.7000122070312,603.7449951171875,8594315,0.0007781165728217007
2026-03-17 15:20:00+00:00,603.780029296875,604.4500122070312,603.4099731445312,604.219970703125,0,-0.0007283798438749265
2026-03-17 15:25:00+00:00,603.3800048828125,604.1998291015625,603.3599853515625,603.7949829101562,331359,-0.0006627529364432738
2026-03-17 15:30:00+00:00,603.0499877929688,603.9199829101562,602.9400024414062,603.3900146484375,9289202,-0.0005470969721887738
2026-03-17 15:35:00+00:00,602.530029296875,603.3099975585938,601.969970703125,603.0499877929688,0,-0.0008625865076773781
2026-03-17 15:40:00+00:00,603.0,603.0800170898438,602.3499755859375,602.5399780273438,343824,0.0007796914477656017
2026-03-17 15:45:00+00:00,602.7899780273438,603.4400024414062,602.77001953125,603.0,10165131,-0.0003483558142085999
2026-03-17 15:50:00+00:00,603.22998046875,603.4749755859375,602.7899780273438,602.7899780273438,0,0.0007296769142650744
2026-03-17 15:55:00+00:00,602.9000244140625,603.4000244140625,602.8300170898438,603.2100219726562,216642,-0.0005471318375015405
2026-03-17 16:00:00+00:00,602.4550170898438,602.9600219726562,602.2100219726562,602.9039916992188,377400,-0.000738383843953667
2026-03-17 16:05:00+00:00,602.5499877929688,602.8800048828125,601.8699951171875,602.4600219726562,578647,0.00015762706866245956
2026-03-17 16:10:00+00:00,602.6099853515625,603.3699951171875,602.47998046875,602.5499877929688,353522,9.956779179577622e-05
2026-03-17 16:15:00+00:00,603.594970703125,603.594970703125,602.489990234375,602.6300048828125,316262,0.0016331976842884916
2026-03-17 16:20:00+00:00,603.6599731445312,603.77001953125,603.1099853515625,603.52001953125,236381,0.00010768635374039246
2026-03-17 16:25:00+00:00,603.4199829101562,603.6599731445312,603.25,603.6599731445312,207357,-0.0003976376814698581
2026-03-17 16:30:00+00:00,603.375,603.7100219726562,603.0599975585938,603.4299926757812,214654,-7.454938214713431e-05
2026-03-17 16:35:00+00:00,603.0499877929688,603.6599731445312,602.8699951171875,603.3800048828125,12125242,-0.0005388021935597474
2026-03-17 16:40:00+00:00,603.72998046875,603.75,602.97998046875,603.0399780273438,0,0.0011269539860329582
2026-03-17 16:45:00+00:00,603.4099731445312,603.780029296875,603.27197265625,603.739990234375,141506,-0.0005301909372763258
2026-03-17 16:50:00+00:00,603.4050903320312,603.6099853515625,603.2100219726562,603.3978881835938,124140,-8.092064223883408e-06
2026-03-17 16:55:00+00:00,603.0800170898438,603.5599975585938,603.0599975585938,603.3599853515625,126075,-0.0005388765233059167
2026-03-17 17:00:00+00:00,603.9099731445312,604.0449829101562,603.0549926757812,603.084716796875,185191,0.0013752494920610673
2026-03-17 17:05:00+00:00,603.85498046875,603.9500122070312,603.6199951171875,603.9099731445312,197635,-9.106519551625203e-05
2026-03-17 17:10:00+00:00,603.5449829101562,603.8900146484375,603.22998046875,603.8599853515625,236115,-0.0005134960656084235
2026-03-17 17:15:00+00:00,603.4600219726562,603.5599975585938,603.239990234375,603.530029296875,147084,-0.0001407797603101892
2026-03-17 17:20:00+00:00,603.5,603.6732177734375,603.22998046875,603.4550170898438,185319,6.62458186362766e-05
2026-03-17 17:25:00+00:00,603.5700073242188,603.7000122070312,603.3200073242188,603.489990234375,93926,0.00011599546649721785
2026-03-17 17:30:00+00:00,603.5198974609375,603.8049926757812,603.4199829101562,603.530029296875,199401,-8.302590074094415e-05
2026-03-17 17:35:00+00:00,603.9401245117188,604.0,603.4600219726562,603.4849853515625,165858,0.0006960513144956846
2026-03-17 17:40:00+00:00,603.4099731445312,603.969970703125,603.3200073242188,603.9400024414062,176034,-0.0008782065819843927
2026-03-17 17:45:00+00:00,603.3599853515625,603.614990234375,603.0549926757812,603.4500122070312,179354,-8.284560391219472e-05
2026-03-17 17:50:00+00:00,604.0700073242188,604.1199951171875,603.2000122070312,603.3499755859375,262974,0.0011760881521977362
2026-03-17 17:55:00+00:00,603.969970703125,604.1799926757812,603.8599853515625,604.0700073242188,192436,-0.00016561806420638709
2026-03-17 18:00:00+00:00,604.1300048828125,604.25,603.7100219726562,603.969970703125,221804,0.0002649353263101449
2026-03-17 18:05:00+00:00,604.459716796875,604.4650268554688,603.905029296875,604.1300048828125,253046,0.0005456143078624485
2026-03-17 18:10:00+00:00,604.0,604.530029296875,604.0,604.4550170898438,168540,-0.0007608310192906622
2026-03-17 18:15:00+00:00,604.0499877929688,604.1500244140625,603.9500122070312,604.010009765625,154903,8.275782211394682e-05
2026-03-17 18:20:00+00:00,603.27001953125,604.0800170898438,603.25,604.0399780273438,194224,-0.0012920656752076264
2026-03-17 18:25:00+00:00,603.2100219726562,603.5700073242188,603.177978515625,603.260009765625,266976,-9.945884984291174e-05
2026-03-17 18:30:00+00:00,603.25,603.4000244140625,603.0,603.2000122070312,454863,6.627327326264684e-05
2026-03-17 18:35:00+00:00,603.1300048828125,603.3699951171875,603.030029296875,603.25,217204,-0.00019893419502573802
2026-03-17 18:40:00+00:00,602.9749755859375,603.3599853515625,602.9199829101562,603.125,315455,-0.00025707430155629245
2026-03-17 18:45:00+00:00,603.2559814453125,603.3099975585938,602.9600219726562,603.0,200991,0.00046592381470636306
2026-03-17 18:50:00+00:00,603.47998046875,603.55126953125,603.030029296875,603.25,202646,0.00037124778423752535
2026-03-17 18:55:00+00:00,603.2100219726562,603.489990234375,602.9450073242188,603.489990234375,15831737,-0.0004474363756248147
2026-03-17 19:00:00+00:00,603.2000122070312,603.5999755859375,603.1400146484375,603.219970703125,0,-1.6594301011539893e-05
2026-03-17 19:05:00+00:00,603.1099853515625,603.2000122070312,602.6849975585938,603.1900024414062,282756,-0.00014925990138207597
2026-03-17 19:10:00+00:00,603.2349853515625,603.3200073242188,603.0499877929688,603.0999755859375,136697,0.00020723757048442945
2026-03-17 19:15:00+00:00,603.4500122070312,603.7100219726562,603.1799926757812,603.2197265625,244512,0.00035639269267415276
2026-03-17 19:20:00+00:00,603.2449951171875,603.4749755859375,603.1199951171875,603.44970703125,164900,-0.00033979935372571653
2026-03-17 19:25:00+00:00,603.3099975585938,603.385009765625,603.1513061523438,603.25,169917,0.00010774882514875703
2026-03-17 19:30:00+00:00,603.2001953125,603.510009765625,603.14501953125,603.3200073242188,170489,-0.00018201627644035367
2026-03-17 19:35:00+00:00,603.1649780273438,603.3200073242188,603.0800170898438,603.2100219726562,160871,-5.838577894082896e-05
2026-03-17 19:40:00+00:00,603.1199951171875,603.3599853515625,603.02001953125,603.1799926757812,162337,-7.45809011611007e-05
2026-03-17 19:45:00+00:00,603.489990234375,603.510009765625,603.10400390625,603.1099853515625,233291,0.0006132804025757146
2026-03-17 19:50:00+00:00,603.760009765625,603.760009765625,603.030029296875,603.489990234375,506406,0.00044732994119304706
2026-03-17 19:55:00+00:00,603.3800048828125,603.7550048828125,603.1699829101562,603.7550048828125,1147104,-0.0006295953920071479
2026-03-18 13:30:00+00:00,601.8699951171875,602.2899780273438,600.9299926757812,601.5,2305590,-0.002505721726931998
2026-03-18 13:35:00+00:00,602.2899169921875,602.6329956054688,601.6900024414062,601.8699951171875,900827,0.000697452037390299
2026-03-18 13:40:00+00:00,602.0900268554688,602.9400024414062,601.469970703125,602.2899780273438,558171,-0.00033193867030957265
2026-03-18 13:45:00+00:00,602.4000244140625,603.1500244140625,601.9500122070312,602.0800170898438,537327,0.0005147366142403772
2026-03-18 13:50:00+00:00,601.75,602.489990234375,601.6300048828125,602.4199829101562,421273,-0.0010796403504938228
2026-03-18 13:55:00+00:00,602.4799194335938,602.5,601.5399780273438,601.760009765625,298087,0.0012122594052905705
2026-03-18 14:00:00+00:00,601.7420043945312,602.5700073242188,601.1400146484375,602.4500122070312,379778,-0.001225546748188901
2026-03-18 14:05:00+00:00,602.3800048828125,602.7899780273438,601.47998046875,601.760009765625,513908,0.0010596941889100115
2026-03-18 14:10:00+00:00,600.6500244140625,602.4450073242188,600.6489868164062,602.3699951171875,484201,-0.0028760406957387503
2026-03-18 14:15:00+00:00,600.8699951171875,601.4019775390625,600.5900268554688,600.6699829101562,367343,0.00036615404155873946
2026-03-18 14:20:00+00:00,600.6199951171875,601.0399780273438,600.5112915039062,600.8599243164062,310814,-0.00041614995653713524
2026-03-18 14:25:00+00:00,598.969970703125,600.6799926757812,598.7100219726562,600.6099853515625,671978,-0.002750982421791595
2026-03-18 14:30:00+00:00,599.3300170898438,600.1300048828125,598.8400268554688,598.9500122070312,567436,0.000600928650957808
2026-03-18 14:35:00+00:00,599.2999877929688,599.7999877929688,599.1599731445312,599.3400268554688,367236,-5.010603231853858e-05
2026-03-18 14:40:00+00:00,599.2000122070312,599.6500244140625,599.030029296875,599.2999877929688,331294,-0.00016683452009906403
2026-03-18 14:45:00+00:00,599.1400146484375,599.7374877929688,598.9000244140625,599.1900024414062,361968,-0.00010013444815211008
2026-03-18 14:50:00+00:00,599.469970703125,599.6900024414062,599.1099853515625,599.1400146484375,7365987,0.0005505645156550844
2026-03-18 14:55:00+00:00,600.4000244140625,600.4199829101562,599.4099731445312,599.469970703125,0,0.0015502577795740435
2026-03-18 15:00:00+00:00,600.5900268554688,601.030029296875,599.9378051757812,600.4099731445312,540731,0.0003164096868089667
2026-03-18 15:05:00+00:00,601.52001953125,601.5499877929688,600.52001953125,600.5900268554688,425168,0.001547267430486816
2026-03-18 15:10:00+00:00,600.905029296875,601.5399169921875,600.739990234375,601.52001953125,8821268,-0.0010229166276923022
2026-03-18 15:15:00+00:00,600.2899780273438,601.114990234375,600.2100219726562,600.9199829101562,0,-0.0010240657337599478
2026-03-18 15:20:00+00:00,600.6500244140625,600.6699829101562,599.8699951171875,600.2899780273438,9169351,0.0005996076353090874
2026-03-18 15:25:00+00:00,600.530029296875,600.8699951171875,600.5,600.64501953125,321704,-0.00019979538823663198
2026-03-18 15:30:00+00:00,600.8900146484375,601.2000122070312,600.3699951171875,600.530029296875,625107,0.0005992664499811792
2026-03-18 15:35:00+00:00,600.9299926757812,601.1599731445312,600.5850219726562,600.8900146484375,0,6.652914265834804e-05
2026-03-18 15:40:00+00:00,600.7100219726562,600.989990234375,600.3699951171875,600.9299926757812,214511,-0.00036611747761492705
2026-03-18 15:45:00+00:00,600.4299926757812,600.9600219726562,600.25,600.6900024414062,228346,-0.0004662725386438609
2026-03-18 15:50:00+00:00,601.0997924804688,601.0997924804688,600.3499755859375,600.4000244140625,273178,0.0011149118105000992
2026-03-18 15:55:00+00:00,600.780029296875,601.2000122070312,600.6699829101562,601.0900268554688,260288,-0.0005321050996023746
2026-03-18 16:00:00+00:00,600.6201171875,600.7899780273438,600.27001953125,600.77001953125,10932645,-0.0002662095735335416
2026-03-18 16:05:00+00:00,600.22900390625,600.6300048828125,600.2100219726562,600.6300048828125,0,-0.0006513945644117909
2026-03-18 16:10:00+00:00,600.8560180664062,601.010009765625,599.9901123046875,600.239990234375,314367,0.0010440796540540193
2026-03-18 16:15:00+00:00,600.8499755859375,600.8699951171875,600.27001953125,600.8699951171875,240094,-1.0056503838254717e-05
2026-03-18 16:20:00+00:00,600.7999877929688,601.0700073242188,600.6799926757812,600.8699951171875,146358,-8.319859280319274e-05
2026-03-18 16:25:00+00:00,600.5,600.8499755859375,600.4500122070312,600.7999877929688,132439,-0.0004994386119251158
2026-03-18 16:30:00+00:00,599.6799926757812,600.6699829101562,599.6599731445312,600.469970703125,299621,-0.0013664741235808043
2026-03-18 16:35:00+00:00,599.8140258789062,599.9400024414062,599.1400146484375,599.6599731445312,273459,0.00022348290464058637
2026-03-18 16:40:00+00:00,599.6500244140625,599.9299926757812,599.5,599.7999877929688,175449,-0.00027345790951501865
2026-03-18 16:45:00+00:00,599.719970703125,599.7999267578125,599.4099731445312,599.6300048828125,141314,0.00011663838419591428
2026-03-18 16:50:00+00:00,600.0700073242188,600.1900024414062,599.52001953125,599.6900024414062,205161,0.0005834965076147759
2026-03-18 16:55:00+00:00,599.4970092773438,600.2022705078125,599.4199829101562,600.0800170898438,230763,-0.0009553415232748621
2026-03-18 17:00:00+00:00,599.2100219726562,599.5499877929688,598.6300048828125,599.4500122070312,275165,-0.00047882810843535064
2026-03-18 17:05:00+00:00,598.7177124023438,599.3099975585938,598.6400146484375,599.1950073242188,214178,-0.0008219353870881685
2026-03-18 17:10:00+00:00,598.530029296875,598.9099731445312,598.2999877929688,598.7100219726562,327045,-0.0003135242614695011
2026-03-18 17:15:00+00:00,598.8883056640625,598.9400024414062,598.3800048828125,598.530029296875,224985,0.0005984147184297381
2026-03-18 17:20:00+00:00,599.1699829101562,599.2000122070312,598.7899780273438,598.8900146484375,147427,0.0004702229498684037
2026-03-18 17:25:00+00:00,599.1500854492188,599.260009765625,598.9199829101562,599.176025390625,13292782,-3.3208925502748594e-05
2026-03-18 17:30:00+00:00,599.4149780273438,599.4149780273438,598.6900024414062,599.1699829101562,0,0.0004420161917109757
2026-03-18 17:35:00+00:00,599.9299926757812,600.0650024414062,599.412109375,599.4199829101562,266782,0.0008588265973068749
2026-03-18 17:40:00+00:00,599.5900268554688,599.9500122070312,599.489990234375,599.9400024414062,179347,-0.000566836441042545
2026-03-18 17:45:00+00:00,599.8099975585938,600.3499755859375,599.530029296875,599.5800170898438,230537,0.0003668012358074851
2026-03-18 17:50:00+00:00,600.1199951171875,600.1699829101562,599.6300048828125,599.8099975585938,132348,0.0005166927527148985
2026-03-18 17:55:00+00:00,600.219970703125,600.3900146484375,599.9400024414062,600.1599731445312,173241,0.00016657878437022607
2026-03-18 18:00:00+00:00,600.8900146484375,601.1599731445312,600.2283935546875,600.22998046875,369414,0.0011157080084095027
2026-03-18 18:05:00+00:00,600.1500244140625,600.9099731445312,600.0999755859375,600.9099731445312,234127,-0.0012322492239116782
2026-03-18 18:10:00+00:00,600.1699829101562,600.3699951171875,599.75,600.1500244140625,211227,3.325529187857985e-05
2026-03-18 18:15:00+00:00,599.3900146484375,600.1599731445312,599.0,600.1400146484375,247862,-0.001300424110879691
2026-03-18 18:20:00+00:00,599.3900146484375,599.6500244140625,599.030029296875,599.3499755859375,123520,0.0
2026-03-18 18:25:00+00:00,599.72998046875,599.7899780273438,599.219970703125,599.3900756835938,145937,0.0005670255367361949
2026-03-18 18:30:00+00:00,598.217529296875,599.9199829101562,598.2000122070312,599.719970703125,433615,-0.0025250721975043047
2026-03-18 18:35:00+00:00,598.4550170898438,599.75,598.0900268554688,598.219970703125,392352,0.0003969135864336918
2026-03-18 18:40:00+00:00,598.718017578125,599.2899780273438,598.1300048828125,598.469970703125,16166117,0.00043936922215266416
2026-03-18 18:45:00+00:00,598.4149780273438,598.8599853515625,598.3300170898438,598.7100219726562,0,-0.0005062755071766753
2026-03-18 18:50:00+00:00,597.4000244140625,598.4600219726562,597.2000122070312,598.4299926757812,380910,-0.0016975098237238038
2026-03-18 18:55:00+00:00,597.0499877929688,597.7899780273438,597.0,597.4099731445312,439124,-0.0005861051153866552
2026-03-18 19:00:00+00:00,598.1500244140625,598.1500244140625,596.8900146484375,597.0150146484375,517087,0.0018407578990483578
2026-03-18 19:05:00+00:00,598.0999755859375,598.4500122070312,597.7650146484375,598.1599731445312,324353,-8.367620172071056e-05
2026-03-18 19:10:00+00:00,597.5598754882812,598.0800170898438,597.2899780273438,598.0800170898438,321157,-0.0009034344239401319
2026-03-18 19:15:00+00:00,596.9149780273438,597.6099853515625,596.9149780273438,597.5399780273438,440522,-0.0010798009212171092
2026-03-18 19:20:00+00:00,596.3920288085938,597.0800170898438,596.25,596.9199829101562,777929,-0.0008764705968065831
2026-03-18 19:25:00+00:00,596.52001953125,596.7899780273438,596.219970703125,596.3800048828125,604637,0.00021458534738665164
2026-03-18 19:30:00+00:00,596.8300170898438,597.0050048828125,596.3300170898438,596.510009765625,423970,0.0005195417204569092
2026-03-18 19:35:00+00:00,596.25,596.8800048828125,596.1099853515625,596.8300170898438,307297,-0.0009723021544738119
2026-03-18 19:40:00+00:00,595.635009765625,596.3900146484375,595.3300170898438,596.25,716313,-0.001031962452608664
2026-03-18 19:45:00+00:00,595.405029296875,595.6900024414062,595.2999877929688,595.6300048828125,566869,-0.0003861842827538713
2026-03-18 19:50:00+00:00,595.4500122070312,595.8200073242188,595.25,595.405029296875,1073765,7.554724733045782e-05
2026-03-18 19:55:00+00:00,594.760009765625,595.5599975585938,594.5599975585938,595.4400024414062,1365193,-0.0011594634660584604
2026-03-19 13:30:00+00:00,587.8150024414062,589.5250244140625,587.1099853515625,589.5250244140625,2770672,-0.011745702551912384
2026-03-19 13:35:00+00:00,588.4500122070312,589.010009765625,587.0800170898438,587.7999877929688,4674116,0.0010797053715042677
2026-03-19 13:40:00+00:00,589.6300048828125,590.10498046875,588.22998046875,588.47998046875,0,0.0020032477476452882
2026-03-19 13:45:00+00:00,590.22998046875,590.25,588.6544799804688,589.6099853515625,874650,0.0010170285374565032
2026-03-19 13:50:00+00:00,591.614501953125,591.760009765625,590.0,590.1799926757812,864575,0.0023429852883991536
2026-03-19 13:55:00+00:00,591.2999877929688,591.6300048828125,590.3300170898438,591.5800170898438,597479,-0.0005317614591652446
2026-03-19 14:00:00+00:00,591.0499877929688,591.9299926757812,590.8599853515625,591.280029296875,660744,-0.00042288663913032806
2026-03-19 14:05:00+00:00,590.8660278320312,591.8099975585938,590.6400146484375,591.0800170898438,7827346,-0.0003112910900453638
2026-03-19 14:10:00+00:00,591.1812133789062,592.3699951171875,590.5,590.8599853515625,1671170,0.000533287576597902
2026-03-19 14:15:00+00:00,590.6799926757812,591.4600219726562,590.3099975585938,591.1599731445312,0,-0.0008481888238761822
2026-03-19 14:20:00+00:00,589.9099731445312,591.148681640625,589.5889892578125,590.6900024414062,515618,-0.0013044658395105508
2026-03-19 14:25:00+00:00,589.530029296875,590.3099975585938,589.0499877929688,589.9400024414062,9733810,-0.0006442784033312085
2026-03-19 14:30:00+00:00,591.6400146484375,591.7449951171875,589.4249877929688,589.530029296875,0,0.0035727075991151083
2026-03-19 14:35:00+00:00,590.4600219726562,592.2100219726562,590.02001953125,591.6300048828125,518176,-0.00199643521048208
2026-03-19 14:40:00+00:00,590.5,591.47998046875,590.2650146484375,590.4400024414062,419192,6.770428569152984e-05
2026-03-19 14:45:00+00:00,591.1799926757812,591.22998046875,590.1300048828125,590.510009765625,10971122,0.001150891535869304
2026-03-19 14:50:00+00:00,591.2000122070312,591.8250122070312,590.72998046875,591.1900024414062,0,3.3863108593259565e-05
2026-03-19 14:55:00+00:00,591.0399780273438,591.72998046875,590.5700073242188,591.2000122070312,288182,-0.0002707304472643196
2026-03-19 15:00:00+00:00,591.8599853515625,591.8599853515625,590.8300170898438,591.010009765625,288615,0.0013864358457298222
2026-03-19 15:05:00+00:00,591.969970703125,593.1300048828125,591.52001953125,591.8400268554688,597523,0.00018581275345569767
2026-03-19 15:10:00+00:00,592.5599975585938,592.6199951171875,591.8599853515625,592.0,345314,0.000996221151133166
2026-03-19 15:15:00+00:00,590.9299926757812,592.77001953125,590.8599853515625,592.5599975585938,423208,-0.0027545749046055524
2026-03-19 15:20:00+00:00,590.2949829101562,591.2100219726562,590.22998046875,590.9500122070312,439330,-0.0010751716902739439
2026-03-19 15:25:00+00:00,590.3699951171875,590.6699829101562,589.9801025390625,590.2949829101562,431719,0.00012706772628677057
2026-03-19 15:30:00+00:00,589.2899780273438,590.4099731445312,589.260009765625,590.3599853515625,397843,-0.001831065588708082
2026-03-19 15:35:00+00:00,589.469970703125,589.739990234375,588.7999877929688,589.2899780273438,401224,0.0003053932692131275
2026-03-19 15:40:00+00:00,589.1699829101562,589.8699951171875,589.0598754882812,589.5,371667,-0.0005090406082482917
2026-03-19 15:45:00+00:00,589.6099853515625,589.8599853515625,588.8300170898438,589.1599731445312,15420862,0.0007465387497045682
2026-03-19 15:50:00+00:00,589.3400268554688,589.905029296875,589.2999877929688,589.6099853515625,0,-0.0004579642868939194
2026-03-19 15:55:00+00:00,590.6799926757812,590.6799926757812,589.3400268554688,589.3400268554688,482195,0.0022710909545254317
2026-03-19 16:00:00+00:00,591.0900268554688,591.6699829101562,590.1599731445312,590.6699829101562,542228,0.0006939323038576377
2026-03-19 16:05:00+00:00,591.22998046875,591.7999877929688,590.9000244140625,591.0499877929688,380604,0.00023674405079502408
2026-03-19 16:10:00+00:00,590.5598754882812,591.3049926757812,590.3300170898438,591.260009765625,310349,-0.0011340511156157206
2026-03-19 16:15:00+00:00,590.2091064453125,590.8099975585938,590.030029296875,590.5700073242188,233889,-0.0005941366324049923
2026-03-19 16:20:00+00:00,590.0800170898438,590.5700073242188,589.7100219726562,590.2100219726562,171675,-0.0002187419224822518
2026-03-19 16:25:00+00:00,590.5599975585938,590.760009765625,589.969970703125,590.0999755859375,241854,0.0008130852575518931
2026-03-19 16:30:00+00:00,590.280029296875,590.780029296875,589.9600219726562,590.5700073242188,232347,-0.0004741849202219926
2026-03-19 16:35:00+00:00,590.6500244140625,590.6900024414062,589.8200073242188,590.2899780273438,228409,0.0006266165013436421
2026-03-19 16:40:00+00:00,590.8599243164062,591.3300170898438,590.4299926757812,590.6500244140625,254941,0.00035530789186741224
2026-03-19 16:45:00+00:00,590.47998046875,590.989990234375,590.3699951171875,590.8699951171875,173567,-0.0006432422357320446
2026-03-19 16:50:00+00:00,590.010009765625,590.4600219726562,589.4500122070312,590.4600219726562,19087025,-0.000796229924594476
2026-03-19 16:55:00+00:00,590.2100219726562,590.2799072265625,589.6900024414062,590.0150146484375,0,0.0003389405425554342
2026-03-19 17:00:00+00:00,589.4149780273438,590.4097290039062,589.406005859375,590.2000122070312,217749,-0.0013479606920763336
2026-03-19 17:05:00+00:00,588.5499877929688,589.5800170898438,588.4299926757812,589.4099731445312,466165,-0.0014686181931446987
2026-03-19 17:10:00+00:00,588.5999755859375,588.989990234375,588.3699951171875,588.5599975585938,639187,8.493020354905779e-05
2026-03-19 17:15:00+00:00,589.6300048828125,589.6300048828125,588.4000244140625,588.6099853515625,481334,0.0017484354945159852
2026-03-19 17:20:00+00:00,589.9400024414062,590.27001953125,589.2999877929688,589.6099853515625,408007,0.0005256111359320898
2026-03-19 17:25:00+00:00,590.0499877929688,590.3966064453125,589.739990234375,589.9500122070312,243574,0.00018641743199729533
2026-03-19 17:30:00+00:00,589.8200073242188,590.530029296875,589.6799926757812,590.0399780273438,260804,-0.000389840359724981
2026-03-19 17:35:00+00:00,589.3699951171875,589.9987182617188,589.3599853515625,589.8099975585938,213786,-0.0007632565200622965
2026-03-19 17:40:00+00:00,589.580078125,589.780029296875,589.1400146484375,589.3699951171875,201893,0.0003563900029428054
2026-03-19 17:45:00+00:00,589.6300048828125,589.8800048828125,589.27001953125,589.5900268554688,173521,8.467830891497111e-05
2026-03-19 17:50:00+00:00,590.6599731445312,590.8800048828125,589.5650024414062,589.6300048828125,423964,0.0017452804689246128
2026-03-19 17:55:00+00:00,590.1300048828125,590.6599731445312,590.0800170898438,590.6599731445312,22833474,-0.0008976503987448495
2026-03-19 18:00:00+00:00,589.635009765625,590.1799926757812,589.47998046875,590.1300048828125,0,-0.0008391419309569978
2026-03-19 18:05:00+00:00,590.27001953125,590.510009765625,589.5800170898438,589.6400146484375,286224,0.0010763744728042293
2026-03-19 18:10:00+00:00,591.4500122070312,591.760009765625,590.260009765625,590.2999877929688,392197,0.001997077203180813
2026-03-19 18:15:00+00:00,591.3980102539062,591.6500244140625,590.8359985351562,591.4600219726562,24127617,-8.792668571288133e-05
2026-03-19 18:20:00+00:00,591.0599975585938,591.5202026367188,590.9199829101562,591.4000244140625,0,-0.0005717119801057995
2026-03-19 18:25:00+00:00,590.5408935546875,591.260009765625,590.5150146484375,591.0499877929688,199035,-0.0008786453043609733
2026-03-19 18:30:00+00:00,590.3499755859375,590.614990234375,590.135009765625,590.5399780273438,261004,-0.00032334566284242055
2026-03-19 18:35:00+00:00,589.9849853515625,590.5499877929688,589.6900024414062,590.3599853515625,267488,-0.000618451978612346
2026-03-19 18:40:00+00:00,589.5599975585938,590.0750122070312,589.4000244140625,589.97998046875,25111359,-0.0007205961917792149
2026-03-19 18:45:00+00:00,589.75,589.8992919921875,589.4249877929688,589.5700073242188,0,0.0003222264602921272
2026-03-19 18:50:00+00:00,589.9749755859375,590.0399780273438,589.3300170898438,589.739990234375,241612,0.0003814034513476587
2026-03-19 18:55:00+00:00,591.4600219726562,591.8300170898438,589.8001098632812,589.9600219726562,685946,0.002513971859507624
2026-03-19 19:00:00+00:00,593.239990234375,593.5399780273438,591.4099731445312,591.4600219726562,1049592,0.0030049288136140525
2026-03-19 19:05:00+00:00,594.6799926757812,595.7999877929688,593.25,593.25,1645559,0.0024244110166610523
2026-03-19 19:10:00+00:00,595.0401000976562,595.7899780273438,593.780029296875,594.7000122070312,29588586,0.0006053649678771077
2026-03-19 19:15:00+00:00,595.0623168945312,595.4099731445312,594.3300170898438,595.02001953125,0,3.733594110964455e-05
2026-03-19 19:20:00+00:00,593.97998046875,595.1735229492188,593.8099975585938,595.0900268554688,414937,-0.0018205184577748466
2026-03-19 19:25:00+00:00,593.5399780273438,594.0,593.0,593.97998046875,622135,-0.0007410443224869812
2026-03-19 19:30:00+00:00,593.1400146484375,593.9530029296875,593.010009765625,593.5294189453125,487406,-0.00067408803808937
2026-03-19 19:35:00+00:00,593.5,593.5499877929688,592.2899780273438,593.1400146484375,572585,0.0006067305301724639
2026-03-19 19:40:00+00:00,593.3300170898438,593.719970703125,593.0399780273438,593.510009765625,514022,-0.00028644862174176866
2026-03-19 19:45:00+00:00,593.1300048828125,593.6400146484375,592.8699951171875,593.3099975585938,503782,-0.00033715794080180683
2026-03-19 19:50:00+00:00,592.8699951171875,593.3800048828125,592.7100219726562,593.1199951171875,882890,-0.0004384650418053806
2026-03-19 19:55:00+00:00,592.97998046875,593.5,592.8699951171875,592.8699951171875,1058365,0.0001854962333216677
2026-03-20 13:30:00+00:00,589.0800170898438,591.1500244140625,588.6699829101562,591.0700073242188,4736656,-0.006598611809660003
2026-03-20 13:35:00+00:00,588.739990234375,589.6099853515625,588.5800170898438,589.0599975585938,1171190,-0.0005773834079920324
2026-03-20 13:40:00+00:00,590.3699951171875,590.4000244140625,588.6099853515625,588.739990234375,1093119,0.002764807255297832
2026-03-20 13:45:00+00:00,589.4400024414062,590.72998046875,589.2100219726562,590.364990234375,1208803,-0.0015765129475460772
2026-03-20 13:50:00+00:00,588.1699829101562,589.469970703125,587.5399780273438,589.4000244140625,1322231,-0.0021569450657445855
2026-03-20 13:55:00+00:00,586.2999877929688,588.3496704101562,586.1599731445312,588.1799926757812,1589906,-0.0031844095533339347
2026-03-20 14:00:00+00:00,586.5739135742188,586.9500122070312,585.7000122070312,586.2999877929688,2253996,0.00046710185282692365
2026-03-20 14:05:00+00:00,586.5,587.3400268554688,585.8599853515625,586.5599975585938,1338095,-0.00012601690901359905
2026-03-20 14:10:00+00:00,585.5800170898438,586.8900146484375,585.2349853515625,586.52001953125,1843651,-0.001569829850647309
2026-03-20 14:15:00+00:00,586.1900024414062,586.5900268554688,585.4400024414062,585.5700073242188,1128311,0.001041135029050603
2026-03-20 14:20:00+00:00,585.989990234375,586.4500122070312,585.52001953125,586.1799926757812,968618,-0.0003412653521167775
2026-03-20 14:25:00+00:00,585.9450073242188,586.22998046875,585.5399780273438,585.9500122070312,684009,-7.676690306550271e-05
2026-03-20 14:30:00+00:00,586.989990234375,587.02001953125,585.9600219726562,585.969970703125,1471995,0.0017818262543245207
2026-03-20 14:35:00+00:00,586.3599853515625,587.280029296875,585.7899780273438,587.0,1362192,-0.001073856831231858
2026-03-20 14:40:00+00:00,586.25,586.6599731445312,586.0700073242188,586.3599853515625,702743,-0.0001875906793545593
2026-03-20 14:45:00+00:00,586.47998046875,586.75,586.0,586.260009765625,840796,0.00039221385234185566
2026-03-20 14:50:00+00:00,585.0800170898438,586.6099853515625,584.969970703125,586.469970703125,3102072,-0.0023899143845301373
2026-03-20 14:55:00+00:00,585.9000244140625,586.375,585.0599975585938,585.0700073242188,1055487,0.0014005489917748434
2026-03-20 15:00:00+00:00,585.5250244140625,587.0399780273438,585.1124877929688,585.898681640625,1080601,-0.0006402458495914152
2026-03-20 15:05:00+00:00,585.6599731445312,586.0798950195312,585.0999755859375,585.52001953125,631212,0.00023044818939330035
2026-03-20 15:10:00+00:00,586.719970703125,586.8800048828125,585.5999755859375,585.6699829101562,683058,0.0018082838298214246
2026-03-20 15:15:00+00:00,585.6998901367188,586.8099975585938,585.6199951171875,586.719970703125,1562757,-0.0017401288700107378
2026-03-20 15:20:00+00:00,585.969970703125,587.6300048828125,585.4199829101562,585.7000122070312,2468286,0.0004610182103620028
2026-03-20 15:25:00+00:00,585.75,586.25,585.3499755859375,585.97998046875,770965,-0.00037546634214521014
2026-03-20 15:30:00+00:00,586.3900146484375,586.5800170898438,585.5399780273438,585.7899780273438,598522,0.0010920448138344262
2026-03-20 15:35:00+00:00,586.0599975585938,586.6599731445312,585.8099975585938,586.3599853515625,0,-0.0005629529534281184
2026-03-20 15:40:00+00:00,586.5289916992188,586.6699829101562,585.8099975585938,586.0700073242188,421535,0.0007999293357349519
2026-03-20 15:45:00+00:00,586.4700927734375,586.780029296875,585.9500732421875,586.52001953125,386772,-0.00010042450435032779
2026-03-20 15:50:00+00:00,586.896484375,586.9099731445312,585.969970703125,586.47998046875,419719,0.0007267833064881058
2026-03-20 15:55:00+00:00,587.02001953125,587.1400146484375,586.5499877929688,586.8599853515625,458320,0.00021046668360977358
2026-03-20 16:00:00+00:00,587.7100830078125,587.9299926757812,586.719970703125,586.7899780273438,829908,0.0011748461275376168
2026-03-20 16:05:00+00:00,587.1699829101562,587.7000122070312,586.8599853515625,587.6900024414062,651026,-0.0009194132258609787
2026-03-20 16:10:00+00:00,587.4801025390625,587.7349853515625,587.110107421875,587.1900024414062,583894,0.0005280204546921067
2026-03-20 16:15:00+00:00,587.739990234375,587.760009765625,586.9500122070312,587.5,462373,0.00044227919714263334
2026-03-20 16:20:00+00:00,587.3900146484375,587.9199829101562,587.3499755859375,587.760009765625,658299,-0.0005956372398465678
2026-03-20 16:25:00+00:00,586.739990234375,587.4099731445312,586.6500244140625,587.3800048828125,649011,-0.0011072444750915046
2026-03-20 16:30:00+00:00,586.0650024414062,586.75,585.52001953125,586.75,1691767,-0.0011510658152229674
2026-03-20 16:35:00+00:00,585.8800048828125,586.4199829101562,585.6099853515625,586.0700073242188,445962,-0.00031571030888678017
2026-03-20 16:40:00+00:00,585.7899780273438,586.010009765625,585.6300048828125,585.8900146484375,438272,-0.00015367271835767384
2026-03-20 16:45:00+00:00,585.5302734375,585.9099731445312,585.208984375,585.780029296875,477097,-0.00044343909152879085
2026-03-20 16:50:00+00:00,585.7000122070312,585.8599853515625,585.0800170898438,585.530029296875,542452,0.0002898469631464982
2026-03-20 16:55:00+00:00,585.9400024414062,586.5900268554688,585.6500244140625,585.6799926757812,624206,0.00040966548552620613
2026-03-20 17:00:00+00:00,586.1950073242188,586.4149780273438,585.9400024414062,585.9400024414062,277053,0.00043511179976886953
2026-03-20 17:05:00+00:00,585.9600219726562,586.35498046875,584.8300170898438,586.2050170898438,909052,-0.00040094586268410394
2026-03-20 17:10:00+00:00,585.489990234375,586.1500244140625,585.3800048828125,585.9099731445312,320457,-0.0008024785669166709
2026-03-20 17:15:00+00:00,585.2100219726562,585.72998046875,585.0999755859375,585.52001953125,378063,-0.0004782920716438027
2026-03-20 17:20:00+00:00,585.3499755859375,585.719970703125,585.1199951171875,585.239990234375,457630,0.0002391224956259911
2026-03-20 17:25:00+00:00,585.0399780273438,585.4600219726562,584.8800048828125,585.3599853515625,394963,-0.0005297338120272698
2026-03-20 17:30:00+00:00,584.3599853515625,585.2150268554688,584.1900024414062,585.0499877929688,599806,-0.0011629772083423262
2026-03-20 17:35:00+00:00,584.1300048828125,584.5800170898438,583.43798828125,584.3499755859375,890297,-0.00039363704206566965
2026-03-20 17:40:00+00:00,583.8599853515625,584.4600219726562,583.7100219726562,584.1099853515625,602532,-0.00046236618176202126
2026-03-20 17:45:00+00:00,583.6500244140625,584.0,583.3800048828125,583.8599853515625,1029530,-0.0003596730443546279
2026-03-20 17:50:00+00:00,584.2999877929688,584.4400024414062,583.5399780273438,583.6500244140625,621611,0.0011129987400300381
2026-03-20 17:55:00+00:00,584.47998046875,584.6199951171875,584.260009765625,584.2999877929688,456270,0.00030800096184375363
2026-03-20 18:00:00+00:00,583.97998046875,584.7100219726562,583.969970703125,584.47998046875,554323,-0.0008558274091260569
2026-03-20 18:05:00+00:00,584.0900268554688,584.3800048828125,583.7100219726562,584.010009765625,578796,0.00018842430052013856
2026-03-20 18:10:00+00:00,583.844970703125,584.114990234375,583.60498046875,584.0750122070312,513673,-0.0004196400595104276
2026-03-20 18:15:00+00:00,583.77001953125,583.9500122070312,583.4390258789062,583.8499755859375,473490,-0.00012838336712837987
2026-03-20 18:20:00+00:00,582.3200073242188,583.9400024414062,582.1099853515625,583.760009765625,1448426,-0.0024869657076162315
2026-03-20 18:25:00+00:00,582.8699951171875,583.2999877929688,582.3200073242188,582.3300170898438,1199817,0.0009440311582864959
2026-03-20 18:30:00+00:00,582.3400268554688,583.0549926757812,582.219970703125,582.8599853515625,703967,-0.0009096528321406753
2026-03-20 18:35:00+00:00,581.780029296875,582.4650268554688,581.6400146484375,582.344970703125,1004329,-0.0009620959605153687
2026-03-20 18:40:00+00:00,581.5549926757812,582.0900268554688,581.4600219726562,581.7899780273438,825399,-0.00038688188638738363
2026-03-20 18:45:00+00:00,581.4400024414062,581.8599853515625,581.22998046875,581.5499877929688,804084,-0.00019774846019541067
2026-03-20 18:50:00+00:00,581.3900146484375,581.7899780273438,581.1900024414062,581.4299926757812,720110,-8.597609670351455e-05
2026-03-20 18:55:00+00:00,581.5499877929688,581.719970703125,581.0599975585938,581.3800048828125,1053320,0.00027511848453824604
2026-03-20 19:00:00+00:00,581.6300048828125,582.1500244140625,581.5399780273438,581.5700073242188,776141,0.0001375833327152717
2026-03-20 19:05:00+00:00,581.3800048828125,581.7199096679688,581.0549926757812,581.6199951171875,839835,-0.0004299189203040523
2026-03-20 19:10:00+00:00,581.3599853515625,581.47998046875,580.8499755859375,581.3499755859375,1000860,-3.443509541280326e-05
2026-03-20 19:15:00+00:00,581.6199951171875,581.6599731445312,581.1599731445312,581.3599853515625,905947,0.0004471440167910122
2026-03-20 19:20:00+00:00,580.5499877929688,581.625,580.469970703125,581.625,1288880,-0.0018413960819781941
2026-03-20 19:25:00+00:00,580.7000122070312,581.010009765625,580.469970703125,580.52001953125,1272366,0.00025838435289070023
2026-03-20 19:30:00+00:00,580.02978515625,581.0599975585938,579.9199829101562,580.7000122070312,1663356,-0.001154837459658738
2026-03-20 19:35:00+00:00,579.3200073242188,580.1199951171875,578.5399780273438,580.0368041992188,1860351,-0.0012244413641389247
2026-03-20 19:40:00+00:00,580.4949951171875,580.5964965820312,579.1900024414062,579.3099975585938,2539212,0.002026164849519551
2026-03-20 19:45:00+00:00,579.8900146484375,580.5900268554688,579.6849975585938,580.47998046875,1704652,-0.0010427237830090673
2026-03-20 19:50:00+00:00,580.9000244140625,581.030029296875,579.6900024414062,579.8800048828125,2877145,0.001740211384529364
2026-03-20 19:55:00+00:00,582.0700073242188,582.1099853515625,580.7999877929688,580.9099731445312,5031388,0.002012060969653146
2026-03-23 13:30:00+00:00,590.0999755859375,591.0,589.030029296875,590.469970703125,10681459,0.013701244694233262
2026-03-23 13:35:00+00:00,591.5900268554688,591.6599731445312,589.3200073242188,590.1099853515625,1714078,0.002521900085770945
2026-03-23 13:40:00+00:00,590.5698852539062,592.239990234375,590.0,591.5999755859375,1820555,-0.001725894854559818
2026-03-23 13:45:00+00:00,592.4199829101562,592.47998046875,590.35009765625,590.5900268554688,1307103,0.003127836026978639
2026-03-23 13:50:00+00:00,592.530029296875,593.1699829101562,591.7014770507812,592.4249877929688,1162616,0.00018574013401648497
2026-03-23 13:55:00+00:00,592.969970703125,593.030029296875,591.5900268554688,592.52001953125,1129491,0.0007422040091873847
2026-03-23 14:00:00+00:00,591.8099975585938,593.27001953125,591.630126953125,592.969970703125,1347820,-0.0019581247931950737
2026-03-23 14:05:00+00:00,592.260009765625,592.6099853515625,591.22998046875,591.8099975585938,1086214,0.0007601108480317868
2026-03-23 14:10:00+00:00,593.0800170898438,593.5,591.9600219726562,592.280029296875,1233699,0.0013835818186375614
2026-03-23 14:15:00+00:00,593.9849853515625,594.0399780273438,593.0399780273438,593.0900268554688,1461280,0.0015247158920141835
2026-03-23 14:20:00+00:00,594.6900024414062,595.0798950195312,593.64501953125,593.97998046875,1665622,0.0011862236183222121
2026-03-23 14:25:00+00:00,593.864990234375,594.7899780273438,593.3800048828125,594.6799926757812,1096524,-0.0013882611147434034
2026-03-23 14:30:00+00:00,593.8099975585938,594.3099975585938,593.219970703125,593.8599853515625,737244,-9.260559729855916e-05
2026-03-23 14:35:00+00:00,593.4000244140625,594.1790771484375,593.030029296875,593.8300170898438,719811,-0.0006906497641359261
2026-03-23 14:40:00+00:00,593.010009765625,593.52001953125,592.8599853515625,593.3300170898438,719370,-0.0006574702695537227
2026-03-23 14:45:00+00:00,593.6599731445312,594.0900268554688,592.4600219726562,593.010009765625,1046750,0.0010954409452713588
2026-03-23 14:50:00+00:00,593.0700073242188,593.6699829101562,592.6599731445312,593.6699829101562,735666,-0.000994271449486084
2026-03-23 14:55:00+00:00,593.2100219726562,593.5399780273438,592.7000122070312,593.0698852539062,905397,0.00023605665716320667
2026-03-23 15:00:00+00:00,594.75,594.9000244140625,593.0,593.239990234375,935596,0.00259264430027831
2026-03-23 15:05:00+00:00,594.7650146484375,594.969970703125,594.1400146484375,594.739990234375,717312,2.5244991872120293e-05
2026-03-23 15:10:00+00:00,594.489990234375,595.0800170898438,594.2000122070312,594.780029296875,1046877,-0.0004625154703341293
2026-03-23 15:15:00+00:00,593.8599853515625,594.6199951171875,593.739990234375,594.4600219726562,842593,-0.001060302023442094
2026-03-23 15:20:00+00:00,594.1699829101562,594.3800048828125,593.1099853515625,593.8499755859375,852802,0.0005218682590689803
2026-03-23 15:25:00+00:00,593.219970703125,594.280029296875,592.9099731445312,594.280029296875,768029,-0.0016001691893256435
2026-03-23 15:30:00+00:00,593.0451049804688,593.7000122070312,592.9099731445312,593.239990234375,532695,-0.0002948172841083196
2026-03-23 15:35:00+00:00,591.5361938476562,593.0700073242188,591.3900146484375,593.0599975585938,1175225,-0.0025475869835184482
2026-03-23 15:40:00+00:00,591.47998046875,592.030029296875,591.0,591.5,1067179,-9.503399897478906e-05
2026-03-23 15:45:00+00:00,590.6699829101562,591.4849853515625,590.1799926757812,591.47998046875,1112330,-0.0013703805954353601
2026-03-23 15:50:00+00:00,589.1500244140625,590.9199829101562,588.8800048828125,590.6599731445312,1516827,-0.002576595290052793
2026-03-23 15:55:00+00:00,587.72998046875,589.2000122070312,587.489990234375,589.1699829101562,1524313,-0.002413236062437766
2026-03-23 16:00:00+00:00,588.0700073242188,588.8499755859375,587.6699829101562,587.7249755859375,1427952,0.0005783753503615898
2026-03-23 16:05:00+00:00,589.0700073242188,589.510009765625,587.8699951171875,588.0800170898438,1085130,0.0016990336376564513
2026-03-23 16:10:00+00:00,589.4000244140625,589.7899780273438,588.7100219726562,589.0900268554688,947474,0.0005600772010872605
2026-03-23 16:15:00+00:00,588.4199829101562,589.5599975585938,588.2000122070312,589.3699951171875,902854,-0.0016641621368155488
2026-03-23 16:20:00+00:00,587.8900146484375,588.6500244140625,587.469970703125,588.4498291015625,1985612,-0.0009010691036828866
2026-03-23 16:25:00+00:00,586.2000122070312,587.9000244140625,585.9600219726562,587.8800048828125,2726391,-0.002878831384189965
2026-03-23 16:30:00+00:00,587.6099853515625,587.6300048828125,586.0599975585938,586.2100219726562,1725717,0.0024023885051221135
2026-03-23 16:35:00+00:00,587.5250244140625,588.27001953125,587.3599853515625,587.60498046875,936367,-0.00014459774739415652
2026-03-23 16:40:00+00:00,588.0499877929688,588.1798706054688,587.489990234375,587.510009765625,1417978,0.0008931176800293668
2026-03-23 16:45:00+00:00,588.364990234375,588.780029296875,587.8300170898438,588.0599975585938,842855,0.0005355294769586555
2026-03-23 16:50:00+00:00,587.8300170898438,588.7899780273438,587.5800170898438,588.3699951171875,1114800,-0.0009096674923640196
2026-03-23 16:55:00+00:00,587.4450073242188,588.030029296875,586.969970703125,587.8300170898438,968663,-0.0006551824405347061
2026-03-23 17:00:00+00:00,587.010009765625,588.010009765625,586.9400024414062,587.4600219726562,822658,-0.000740764988280362
2026-03-23 17:05:00+00:00,587.9099731445312,588.0399780273438,586.8200073242188,587.02001953125,756516,0.0015319571851810845
2026-03-23 17:10:00+00:00,587.14501953125,587.969970703125,587.0900268554688,587.9000244140625,621328,-0.0013019879513895007
2026-03-23 17:15:00+00:00,586.969970703125,587.4099731445312,586.4650268554688,587.1400146484375,628812,-0.0002981800434845815
2026-03-23 17:20:00+00:00,586.5800170898438,586.97998046875,586.0700073242188,586.9500122070312,707234,-0.0006645709713084847
2026-03-23 17:25:00+00:00,587.1500244140625,587.510009765625,586.469970703125,586.5599975585938,614677,0.0009712750783804875
2026-03-23 17:30:00+00:00,588.77001953125,589.0399780273438,587.125,587.1400146484375,1042465,0.002755282810917674
2026-03-23 17:35:00+00:00,589.4400024414062,589.9400024414062,588.760009765625,588.780029296875,1271639,0.0011372895661658055
2026-03-23 17:40:00+00:00,588.5599975585938,589.4099731445312,588.2999877929688,589.3900146484375,778840,-0.0014940662928871855
2026-03-23 17:45:00+00:00,588.5,588.72998046875,587.9500122070312,588.590087890625,485678,-0.00010194477557670401
2026-03-23 17:50:00+00:00,589.218994140625,589.219970703125,588.3300170898438,588.469970703125,573289,0.001220994538640948
2026-03-23 17:55:00+00:00,589.844970703125,589.989990234375,588.89501953125,589.1699829101562,452241,0.0010618196128088812
2026-03-23 18:00:00+00:00,590.1699829101562,590.3400268554688,589.6199951171875,589.8499755859375,733488,0.0005508611806227474
2026-03-23 18:05:00+00:00,589.4099731445312,590.25,588.6199951171875,590.1699829101562,797368,-0.0012886110295304287
2026-03-23 18:10:00+00:00,589.5599975585938,590.0399780273438,589.3619995117188,589.3800048828125,433372,0.0002545008246186748
2026-03-23 18:15:00+00:00,589.3900146484375,589.77001953125,589.0,589.5900268554688,382519,-0.00028836322078821283
2026-03-23 18:20:00+00:00,589.510009765625,589.5999755859375,589.2100219726562,589.4000244140625,400123,0.00020357132092091622
2026-03-23 18:25:00+00:00,589.3300170898438,589.8599853515625,589.2100219726562,589.5,377663,-0.00030537252397185006
2026-03-23 18:30:00+00:00,590.8599853515625,590.9099731445312,589.4400024414062,589.4400024414062,881141,0.002592750515825796
2026-03-23 18:35:00+00:00,590.8400268554688,591.510009765625,590.2899780273438,590.8900146484375,1059015,-3.377929405008913e-05
2026-03-23 18:40:00+00:00,590.7559814453125,591.0499877929688,590.4099731445312,590.8499755859375,698503,-0.00014225743774957616
2026-03-23 18:45:00+00:00,591.1799926757812,591.2799072265625,590.5750122070312,590.77001953125,449184,0.0007174859856070994
2026-03-23 18:50:00+00:00,590.8800048828125,591.239990234375,590.6600952148438,591.1799926757812,367731,-0.0005075678054052704
2026-03-23 18:55:00+00:00,590.9550170898438,591.1500244140625,590.6300048828125,590.8873291015625,349338,0.00012694192630511732
2026-03-23 19:00:00+00:00,590.6099853515625,591.030029296875,590.4299926757812,590.969970703125,375267,-0.0005840249962979694
2026-03-23 19:05:00+00:00,590.8900146484375,590.989990234375,590.5549926757812,590.5900268554688,393238,0.00047402336372163046
2026-03-23 19:10:00+00:00,590.4658203125,590.9749755859375,590.4400024414062,590.8900146484375,487000,-0.0007181483201165793
2026-03-23 19:15:00+00:00,590.219970703125,590.6649780273438,589.8699951171875,590.469970703125,687726,-0.00041645222598415586
2026-03-23 19:20:00+00:00,590.0499877929688,590.3099975585938,589.8699951171875,590.2000122070312,522278,-0.0002880407318815281
2026-03-23 19:25:00+00:00,589.989990234375,590.260009765625,589.6400146484375,590.030029296875,637734,-0.00010168733223045439
2026-03-23 19:30:00+00:00,590.0001220703125,590.260009765625,589.8790283203125,589.9749755859375,545636,1.717274718163183e-05
2026-03-23 19:35:00+00:00,590.2100219726562,590.364990234375,589.8200073242188,590.010009765625,599922,0.000355699204275355
2026-03-23 19:40:00+00:00,590.5,590.5167236328125,590.030029296875,590.2000122070312,684708,0.0004911926345632956
2026-03-23 19:45:00+00:00,590.4099731445312,590.9450073242188,590.14501953125,590.47998046875,915187,-0.00015247031135398395
2026-03-23 19:50:00+00:00,589.3599853515625,590.489990234375,589.3099975585938,590.3800048828125,1379372,-0.0017799878063265123
2026-03-23 19:55:00+00:00,588.1699829101562,589.469970703125,588.1699829101562,589.3499755859375,2719145,-0.002021184816685731
2026-03-24 13:30:00+00:00,585.9710083007812,586.280029296875,584.1500244140625,584.8200073242188,3863780,-0.003745678239363148
2026-03-24 13:35:00+00:00,583.6849975585938,586.1900024414062,583.5700073242188,585.9799194335938,1197056,-0.003908864899493596
2026-03-24 13:40:00+00:00,582.9199829101562,583.760009765625,582.0499877929688,583.6901245117188,1297431,-0.001311523216347207
2026-03-24 13:45:00+00:00,582.4500122070312,584.1799926757812,582.3800048828125,582.9266967773438,871815,-0.0008065605439851766
2026-03-24 13:50:00+00:00,582.6699829101562,583.27001953125,581.9400024414062,582.4299926757812,782733,0.0003775932207161269
2026-03-24 13:55:00+00:00,583.8800048828125,583.9949951171875,582.5499877929688,582.7100219726562,578272,0.0020745316004980867
2026-03-24 14:00:00+00:00,584.340087890625,584.8200073242188,583.5,583.885009765625,946767,0.0007876649861537164
2026-03-24 14:05:00+00:00,585.3099975585938,585.4299926757812,583.5900268554688,584.3499755859375,1035915,0.0016584616242851264
2026-03-24 14:10:00+00:00,584.0499877929688,585.4500122070312,582.9299926757812,585.3099975585938,838344,-0.002155042534471209
2026-03-24 14:15:00+00:00,584.1500244140625,584.3599853515625,583.239990234375,584.0399780273438,856315,0.00017126625627962
2026-03-24 14:20:00+00:00,583.5700073242188,584.510009765625,583.1300048828125,584.1500244140625,500860,-0.0009934181512342398
2026-03-24 14:25:00+00:00,583.6300048828125,584.625,583.0599975585938,583.5700073242188,704201,0.00010280595959401417
2026-03-24 14:30:00+00:00,584.25,584.3800048828125,583.3900146484375,583.6199951171875,497229,0.0010617446532842796
2026-03-24 14:35:00+00:00,583.6201171875,584.4299926757812,583.1099853515625,584.27001953125,650615,-0.0010786865154023412
2026-03-24 14:40:00+00:00,584.7100219726562,584.72998046875,583.39501953125,583.6099853515625,518494,0.001865748498287415
2026-03-24 14:45:00+00:00,583.97998046875,585.22998046875,583.760009765625,584.6799926757812,881025,-0.0012493331804623445
2026-03-24 14:50:00+00:00,585.4500122070312,586.9299926757812,583.3300170898438,583.989990234375,1892477,0.002514100924024385
2026-03-24 14:55:00+00:00,584.52001953125,586.6699829101562,583.1300048828125,585.4299926757812,1384158,-0.0015897721247946296
2026-03-24 15:00:00+00:00,585.6849975585938,586.14990234375,584.5399780273438,584.5399780273438,804828,0.0019910671979612203
2026-03-24 15:05:00+00:00,585.7756958007812,586.0999755859375,585.4349975585938,585.6500244140625,436289,0.0001548464116343215
2026-03-24 15:10:00+00:00,586.169921875,586.3499755859375,585.260009765625,585.75,479748,0.0006727719838574281
2026-03-24 15:15:00+00:00,586.6900024414062,586.968994140625,586.0798950195312,586.1799926757812,657617,0.0008868588476959707
2026-03-24 15:20:00+00:00,587.469970703125,587.5499877929688,586.219970703125,586.7000122070312,580147,0.0013285555533870594
2026-03-24 15:25:00+00:00,586.8673706054688,587.9299926757812,586.6699829101562,587.5,619180,-0.001026281170409861
2026-03-24 15:30:00+00:00,586.5,587.2197265625,585.9199829101562,586.8599853515625,454557,-0.0006261817512159513
2026-03-24 15:35:00+00:00,587.0499877929688,587.4099731445312,586.4199829101562,586.510009765625,303827,0.0009373061888377273
2026-03-24 15:40:00+00:00,586.9299926757812,587.2999877929688,586.6799926757812,587.0399780273438,512272,-0.0002044244699257414
2026-03-24 15:45:00+00:00,587.1199951171875,587.239990234375,586.7100219726562,586.8900146484375,347408,0.0003236701078156475
2026-03-24 15:50:00+00:00,587.0996704101562,587.739990234375,587.0399780273438,587.1300048828125,415797,-3.461823648497692e-05
2026-03-24 15:55:00+00:00,585.77001953125,587.1199951171875,585.5599975585938,587.0999755859375,808793,-0.0022673472764090045
2026-03-24 16:00:00+00:00,585.4901123046875,586.1799926757812,585.3900146484375,585.719970703125,576699,-0.0004779591216040685
2026-03-24 16:05:00+00:00,585.9000244140625,585.9199829101562,585.0900268554688,585.530029296875,378606,0.0006998729343158115
2026-03-24 16:10:00+00:00,585.6199951171875,585.97998046875,585.2999877929688,585.8800048828125,438063,-0.0004780614885613236
2026-03-24 16:15:00+00:00,586.6500244140625,586.7899780273438,585.5599975585938,585.6099853515625,483986,0.0017573247541792535
2026-03-24 16:20:00+00:00,586.8099975585938,586.989990234375,586.219970703125,586.6199951171875,287851,0.0002726520589144428
2026-03-24 16:25:00+00:00,586.6300048828125,586.8300170898438,586.2899780273438,586.8099975585938,284730,-0.0003067778102304062
2026-03-24 16:30:00+00:00,586.0850219726562,586.7899780273438,586.0599975585938,586.6300048828125,202625,-0.0009294379911712506
2026-03-24 16:35:00+00:00,584.72998046875,586.14990234375,584.6300048828125,586.1099853515625,533727,-0.0023146989167162455
2026-03-24 16:40:00+00:00,585.6400146484375,585.6400146484375,584.5800170898438,584.7000122070312,429057,0.001555122511491015
2026-03-24 16:45:00+00:00,585.6998901367188,586.27001953125,585.530029296875,585.6400146484375,396949,0.00010223418170736107
2026-03-24 16:50:00+00:00,585.5800170898438,586.1749877929688,585.5499877929688,585.6599731445312,260109,-0.00020468727680541296
2026-03-24 16:55:00+00:00,585.47998046875,585.7899780273438,584.8599853515625,585.5900268554688,411905,-0.0001708479865175515
2026-03-24 17:00:00+00:00,584.02001953125,585.780029296875,583.989990234375,585.4500122070312,485564,-0.0024967279964209317
2026-03-24 17:05:00+00:00,583.3499755859375,584.0800170898438,583.1199951171875,584.02001953125,775975,-0.0011479548415620332
2026-03-24 17:10:00+00:00,583.239990234375,583.6900024414062,582.7750244140625,583.3800048828125,637404,-0.00018855871404829718
2026-03-24 17:15:00+00:00,582.8800048828125,583.4400024414062,582.7000122070312,583.2100219726562,507155,-0.0006174070670344896
2026-03-24 17:20:00+00:00,583.0800170898438,583.4000244140625,582.739990234375,582.8300170898438,530594,0.0003430858781158092
2026-03-24 17:25:00+00:00,583.510009765625,583.6199951171875,582.8499755859375,583.1199951171875,559155,0.0007371787609276562
2026-03-24 17:30:00+00:00,583.090087890625,584.1699829101562,583.02001953125,583.469970703125,508462,-0.0007199071798117735
2026-03-24 17:35:00+00:00,583.510009765625,583.7000122070312,582.8400268554688,583.0399780273438,469859,0.0007199071798118877
2026-03-24 17:40:00+00:00,582.77001953125,583.7899780273438,582.5900268554688,583.530029296875,789036,-0.0012689754005675365
2026-03-24 17:45:00+00:00,583.0700073242188,583.3300170898438,582.5999755859375,582.7750244140625,325117,0.0005146294391670856
2026-03-24 17:50:00+00:00,583.5100708007812,584.0900268554688,582.9199829101562,583.0599975585938,482449,0.0007544505614108424
2026-03-24 17:55:00+00:00,584.5499877929688,584.7650146484375,583.3200073242188,583.510009765625,1335641,0.0017805886936907078
2026-03-24 18:00:00+00:00,584.7100219726562,585.2999877929688,584.2899780273438,584.5549926757812,594542,0.000273735831808581
2026-03-24 18:05:00+00:00,584.2808227539062,584.77001953125,584.1699829101562,584.6799926757812,374285,-0.000734307270192529
2026-03-24 18:10:00+00:00,584.4249877929688,584.6400146484375,584.0900268554688,584.2999877929688,273584,0.0002467088611910998
2026-03-24 18:15:00+00:00,584.5599975585938,584.72998046875,583.72998046875,584.4400024414062,493657,0.00023098631362605996
2026-03-24 18:20:00+00:00,584.510009765625,584.8900146484375,584.1799926757812,584.5474243164062,303402,-8.551719347178815e-05
2026-03-24 18:25:00+00:00,584.9495239257812,585.2999877929688,584.4107055664062,584.5399780273438,643307,0.0007516535086289954
2026-03-24 18:30:00+00:00,585.4600219726562,585.97998046875,584.6500244140625,584.9400024414062,711208,0.0008723409357640561
2026-03-24 18:35:00+00:00,586.969970703125,587.0380249023438,585.4099731445312,585.4199829101562,898572,0.0025757607272413312
2026-03-24 18:40:00+00:00,585.8200073242188,586.97998046875,585.2550048828125,586.9600219726562,747199,-0.0019610736261329808
2026-03-24 18:45:00+00:00,585.4099731445312,585.9199829101562,585.1900024414062,585.8599853515625,327046,-0.0007001770843927919
2026-03-24 18:50:00+00:00,585.7098999023438,586.1699829101562,585.3499755859375,585.4199829101562,305037,0.0005122050633286692
2026-03-24 18:55:00+00:00,585.3300170898438,585.6929931640625,584.8900146484375,585.6500244140625,297722,-0.0006487956905880133
2026-03-24 19:00:00+00:00,585.6599731445312,586.1300048828125,585.2899780273438,585.2899780273438,436684,0.0005635506130227501
2026-03-24 19:05:00+00:00,585.8800048828125,585.97998046875,585.4600219726562,585.6699829101562,258814,0.00037562822438017875
2026-03-24 19:10:00+00:00,586.280029296875,586.2899780273438,585.77001953125,585.8699951171875,320944,0.0006825423456314746
2026-03-24 19:15:00+00:00,586.0650024414062,586.3599853515625,585.8200073242188,586.27001953125,376839,-0.00036683203674468866
2026-03-24 19:20:00+00:00,585.8599853515625,586.14501953125,585.5499877929688,586.0800170898438,393521,-0.0003498809122950684
2026-03-24 19:25:00+00:00,585.0900268554688,585.989990234375,585.0599975585938,585.8499755859375,328936,-0.0013151007285309292
2026-03-24 19:30:00+00:00,584.619873046875,585.4400024414062,584.5399780273438,585.0800170898438,646607,-0.0008038810887242748
2026-03-24 19:35:00+00:00,584.5999755859375,584.7999877929688,584.0899047851562,584.6199951171875,532691,-3.4035448444884825e-05
2026-03-24 19:40:00+00:00,584.469970703125,584.9799194335938,584.4299926757812,584.6199951171875,392160,-0.00022240736537805432
2026-03-24 19:45:00+00:00,584.1699829101562,584.469970703125,583.7700805664062,584.4600219726562,585963,-0.000513396446237147
2026-03-24 19:50:00+00:00,583.5800170898438,584.3200073242188,583.510009765625,584.1699829101562,905588,-0.0010104318056217976
2026-03-24 19:55:00+00:00,583.9299926757812,583.9500122070312,583.25,583.5900268554688,1601769,0.0005995247894968434
2026-03-25 13:30:00+00:00,589.9301147460938,590.2399291992188,589.0,589.1099853515625,4170523,0.01022298021375796
2026-03-25 13:35:00+00:00,590.3386840820312,591.3699951171875,589.739990234375,589.9400024414062,1344886,0.0006923327171962275
2026-03-25 13:40:00+00:00,589.5999145507812,591.2590942382812,589.3900146484375,590.3400268554688,1047273,-0.0012522170706873645
2026-03-25 13:45:00+00:00,588.8599853515625,589.969970703125,588.739990234375,589.5999755859375,1189552,-0.0012557564266962647
2026-03-25 13:50:00+00:00,587.6400146484375,588.8499755859375,587.530029296875,588.8300170898438,1175009,-0.002073899091183412
2026-03-25 13:55:00+00:00,587.6199951171875,588.6199951171875,587.4400024414062,587.6199951171875,915979,-3.4068259084117034e-05
2026-03-25 14:00:00+00:00,588.2849731445312,588.7474975585938,586.7000122070312,587.6300048828125,1196829,0.0011310065288898381
2026-03-25 14:05:00+00:00,588.8300170898438,589.0798950195312,588.0499877929688,588.2849731445312,1522473,0.0009260675274493578
2026-03-25 14:10:00+00:00,589.7249755859375,589.8099975585938,588.239990234375,588.8400268554688,1529055,0.0015187389195737235
2026-03-25 14:15:00+00:00,589.47998046875,589.9298095703125,589.3200073242188,589.72998046875,1119824,-0.0004155259345793252
2026-03-25 14:20:00+00:00,589.5800170898438,590.6199951171875,589.3599853515625,589.47998046875,1137365,0.00016968877163332162
2026-03-25 14:25:00+00:00,590.25,590.905029296875,589.4298706054688,589.5999755859375,1468634,0.0011357279819429582
2026-03-25 14:30:00+00:00,590.6500244140625,590.7000122070312,589.7000122070312,590.27001953125,886286,0.0006774907631350328
2026-03-25 14:35:00+00:00,590.2000122070312,590.9299926757812,589.9500122070312,590.6500244140625,708665,-0.0007621835370461851
2026-03-25 14:40:00+00:00,590.5399780273438,591.0599975585938,589.9000244140625,590.2100219726562,774843,0.0005758521478374106
2026-03-25 14:45:00+00:00,590.85498046875,591.1099853515625,590.4849853515625,590.5599975585938,481995,0.0005332720384590309
2026-03-25 14:50:00+00:00,590.5800170898438,591.2000122070312,590.469970703125,590.8400268554688,482328,-0.000465473571443298
2026-03-25 14:55:00+00:00,590.3599853515625,590.8599853515625,590.1599731445312,590.5999755859375,417905,-0.00037263830570981993
2026-03-25 15:00:00+00:00,590.3099975585938,590.5900268554688,589.9500122070312,590.3599853515625,542865,-8.46769947947638e-05
2026-03-25 15:05:00+00:00,588.844970703125,590.4691162109375,588.75,590.3200073242188,855540,-0.0024848771344443653
2026-03-25 15:10:00+00:00,588.0499877929688,589.2000122070312,588.0399780273438,588.8599853515625,1103117,-0.0013509838330621835
2026-03-25 15:15:00+00:00,586.4000244140625,588.2999877929688,585.6900024414062,588.0499877929688,2517566,-0.002809765332308674
2026-03-25 15:20:00+00:00,588.2451171875,588.60009765625,586.3104248046875,586.4099731445312,2024077,0.003141534793041705
2026-03-25 15:25:00+00:00,588.989990234375,589.0443115234375,587.8699951171875,588.25,990361,0.0012654619991909236
2026-03-25 15:30:00+00:00,589.0599975585938,589.4299926757812,588.72998046875,589.0,843413,0.00011885289253686623
2026-03-25 15:35:00+00:00,587.8800048828125,589.0999755859375,587.7100219726562,589.0900268554688,1004138,-0.002005188146732556
2026-03-25 15:40:00+00:00,587.6400146484375,588.1400146484375,587.010009765625,587.8699951171875,681718,-0.00040831331448526025
2026-03-25 15:45:00+00:00,587.47998046875,587.8200073242188,587.1099853515625,587.6599731445312,692888,-0.00027237078994797506
2026-03-25 15:50:00+00:00,587.530029296875,587.9400024414062,587.280029296875,587.47998046875,453482,8.518876901345586e-05
2026-03-25 15:55:00+00:00,587.8599853515625,588.1799926757812,587.219970703125,587.5499877929688,531836,0.0005614409842565809
2026-03-25 16:00:00+00:00,587.239990234375,588.0499877929688,587.1900024414062,587.8400268554688,684226,-0.0010552211515591713
2026-03-25 16:05:00+00:00,587.4299926757812,587.6300048828125,586.7100219726562,587.2449951171875,514575,0.0003234992735449988
2026-03-25 16:10:00+00:00,587.4000244140625,587.5800170898438,586.9400024414062,587.4299926757812,348073,-5.1017187659993335e-05
2026-03-25 16:15:00+00:00,587.3400268554688,587.5599975585938,587.030029296875,587.3800048828125,380183,-0.00010214610216295086
2026-03-25 16:20:00+00:00,588.8099975585938,588.8300170898438,587.2000122070312,587.3599853515625,1106332,0.0024996325944760546
2026-03-25 16:25:00+00:00,588.6799926757812,589.2899780273438,588.469970703125,588.8300170898438,803647,-0.00022081696561149686
2026-03-25 16:30:00+00:00,589.2899780273438,589.5599975585938,588.239990234375,588.6500244140625,604562,0.001035655273487147
2026-03-25 16:35:00+00:00,589.3499755859375,589.5250244140625,588.9755859375,589.2949829101562,580642,0.00010180811953926797
2026-03-25 16:40:00+00:00,589.239990234375,589.4299926757812,588.9000244140625,589.3499755859375,342213,-0.0001866388736904714
2026-03-25 16:45:00+00:00,588.8300170898438,589.3699951171875,588.7100219726562,589.260009765625,338741,-0.0006960081464303259
2026-03-25 16:50:00+00:00,589.2550048828125,589.3599853515625,588.239990234375,588.8200073242188,586509,0.0007214892023543088
2026-03-25 16:55:00+00:00,588.8300170898438,589.3400268554688,588.6599731445312,589.260009765625,201235,-0.0007214892023542521
2026-03-25 17:00:00+00:00,588.5198974609375,589.3800048828125,588.3200073242188,588.8599853515625,509851,-0.0005268096293986204
2026-03-25 17:05:00+00:00,587.9199829101562,588.5800170898438,587.9099731445312,588.52001953125,373833,-0.00101988144535275
2026-03-25 17:10:00+00:00,588.7100219726562,588.9199829101562,587.8499755859375,587.927978515625,370614,0.0013428846416412706
2026-03-25 17:15:00+00:00,588.3399047851562,588.72998046875,587.969970703125,588.7100219726562,364817,-0.0006288895505358744
2026-03-25 17:20:00+00:00,588.7249755859375,589.0499877929688,588.239990234375,588.3499145507812,285030,0.0006542898712551442
2026-03-25 17:25:00+00:00,589.094970703125,589.4500122070312,588.6699829101562,588.7100219726562,367542,0.0006282711216153669
2026-03-25 17:30:00+00:00,589.239990234375,589.3200073242188,588.5900268554688,589.0999755859375,442563,0.00024614313720569325
2026-03-25 17:35:00+00:00,589.6900024414062,589.7899780273438,589.1798706054688,589.25,287035,0.0007634248542037368
2026-03-25 17:40:00+00:00,589.969970703125,590.5700073242188,589.4998779296875,589.6799926757812,706776,0.0004746592634296844
2026-03-25 17:45:00+00:00,589.1749877929688,590.0,589.1599731445312,589.969970703125,510090,-0.0013484059358117766
2026-03-25 17:50:00+00:00,588.5599975585938,589.8300170898438,588.4500122070312,589.1699829101562,771022,-0.0010443610793958449
2026-03-25 17:55:00+00:00,588.989990234375,589.8300170898438,588.4299926757812,588.5700073242188,797210,0.0007303175225691445
2026-03-25 18:00:00+00:00,588.8800048828125,589.1099853515625,588.5900268554688,588.97998046875,487965,-0.00018675295633317055
2026-03-25 18:05:00+00:00,588.8300170898438,589.2999877929688,588.52001953125,588.8900146484375,326022,-8.48898150922239e-05
2026-03-25 18:10:00+00:00,589.030029296875,589.239990234375,588.760009765625,588.8499755859375,332630,0.00033961965102281225
2026-03-25 18:15:00+00:00,589.0999755859375,589.6400146484375,589.030029296875,589.0800170898438,476822,0.00011874120658130193
2026-03-25 18:20:00+00:00,589.3400268554688,589.510009765625,589.0900268554688,589.0999755859375,176904,0.00040740516675291763
2026-03-25 18:25:00+00:00,588.6799926757812,589.4000244140625,588.6500244140625,589.3499755859375,301945,-0.0011205823972625982
2026-03-25 18:30:00+00:00,588.7999877929688,588.9000244140625,588.47998046875,588.6849975585938,293203,0.00020381682846967362
2026-03-25 18:35:00+00:00,588.5800170898438,588.8099975585938,588.4099731445312,588.780029296875,183360,-0.00037366135788297284
2026-03-25 18:40:00+00:00,588.3099975585938,588.6358032226562,588.0499877929688,588.5850219726562,320497,-0.0004588696184471029
2026-03-25 18:45:00+00:00,588.2000122070312,588.4400024414062,588.0999755859375,588.3049926757812,320275,-0.00018696883319299802
2026-03-25 18:50:00+00:00,588.0599975585938,588.27001953125,587.9600219726562,588.1900024414062,221341,-0.00023806751557706328
2026-03-25 18:55:00+00:00,587.27001953125,588.0784912109375,586.489990234375,588.0700073242188,1252325,-0.001344266095169909
2026-03-25 19:00:00+00:00,586.780029296875,587.280029296875,586.2650146484375,587.260009765625,950378,-0.0008347008090722622
2026-03-25 19:05:00+00:00,586.77001953125,586.9500122070312,586.5599975585938,586.77001953125,490529,-1.705894969750251e-05
2026-03-25 19:10:00+00:00,587.219970703125,587.280029296875,586.5800170898438,586.77001953125,776922,0.0007665332714067176
2026-03-25 19:15:00+00:00,587.673828125,587.739990234375,587.1599731445312,587.22998046875,722302,0.0007725931397430078
2026-03-25 19:20:00+00:00,587.8316040039062,588.1799926757812,587.5800170898438,587.6900024414062,713479,0.000268439218639635
2026-03-25 19:25:00+00:00,587.2509765625,587.9099731445312,587.2100219726562,587.8200073242188,399682,-0.0009882326540488276
2026-03-25 19:30:00+00:00,587.0081787109375,587.3300170898438,586.8300170898438,587.2598876953125,368342,-0.00041353368024802
2026-03-25 19:35:00+00:00,586.8599853515625,587.1400146484375,586.5800170898438,586.97998046875,453116,-0.0002524872293143771
2026-03-25 19:40:00+00:00,586.9603271484375,587.4099731445312,586.760009765625,586.8599853515625,446046,0.0001709661965309103
2026-03-25 19:45:00+00:00,587.02001953125,587.1500244140625,586.7899780273438,586.9600219726562,474087,0.00010169230350883409
2026-03-25 19:50:00+00:00,587.5599975585938,587.8200073242188,587.0275268554688,587.030029296875,664167,0.0009194402382593834
2026-03-25 19:55:00+00:00,587.72998046875,588.1199951171875,587.280029296875,587.5800170898438,1442640,0.00028926122832556816
2026-03-26 13:30:00+00:00,581.8049926757812,582.6199951171875,581.010009765625,582.5999755859375,3982055,-0.010132298082429285
2026-03-26 13:35:00+00:00,580.52001953125,581.9199829101562,580.47998046875,581.7899780273438,1138264,-0.0022110402073831042
2026-03-26 13:40:00+00:00,582.5700073242188,582.635009765625,580.4600219726562,580.47998046875,1420012,0.003525075219326929
2026-03-26 13:45:00+00:00,582.8350219726562,583.489990234375,582.3099975585938,582.5999145507812,1593849,0.0004548026588926704
2026-03-26 13:50:00+00:00,584.3699951171875,584.4099731445312,582.739990234375,582.8400268554688,1330871,0.002630170376142221
2026-03-26 13:55:00+00:00,583.989990234375,584.3800048828125,582.2000122070312,584.3699951171875,1600047,-0.0006504928292247234
2026-03-26 14:00:00+00:00,583.6300048828125,584.280029296875,583.3200073242188,584.010009765625,959856,-0.0006166139060204459
2026-03-26 14:05:00+00:00,583.3300170898438,584.6099853515625,583.0999755859375,583.6149291992188,1130442,-0.0005141355212319671
2026-03-26 14:10:00+00:00,583.9500122070312,583.9600219726562,582.8900146484375,583.2999877929688,2059188,0.0010622903843635783
2026-03-26 14:15:00+00:00,583.4099731445312,584.3699951171875,583.27001953125,583.9600219726562,919299,-0.0009252314758117535
2026-03-26 14:20:00+00:00,583.7899780273438,584.3200073242188,583.1409912109375,583.4099731445312,831352,0.0006511393285397533
2026-03-26 14:25:00+00:00,582.969970703125,584.0,582.9299926757812,583.7750244140625,710023,-0.0014056146855606034
2026-03-26 14:30:00+00:00,583.4500122070312,583.719970703125,582.9299926757812,582.9600219726562,1166262,0.000823102378288762
2026-03-26 14:35:00+00:00,583.0599975585938,583.5599975585938,582.6300048828125,583.4400024414062,896745,-0.0006686863545191107
2026-03-26 14:40:00+00:00,581.8300170898438,584.2625122070312,581.6699829101562,583.0599975585938,1691893,-0.0021117546040832205
2026-03-26 14:45:00+00:00,581.52001953125,582.22998046875,581.1400146484375,581.8400268554688,1686189,-0.0005329394527400668
2026-03-26 14:50:00+00:00,580.5399780273438,581.8800048828125,580.52001953125,581.5399780273438,1723548,-0.0016867317321342052
2026-03-26 14:55:00+00:00,581.3499755859375,581.5999755859375,579.6500244140625,580.5499877929688,1529539,0.0013942760883589292
2026-03-26 15:00:00+00:00,581.135009765625,581.989990234375,581.0999755859375,581.3599853515625,778448,-0.00036983845033968047
2026-03-26 15:05:00+00:00,581.1500244140625,581.9600219726562,580.8699951171875,581.1199951171875,824551,2.5836430818334947e-05
2026-03-26 15:10:00+00:00,581.1400146484375,581.780029296875,581.1300048828125,581.1599731445312,492975,-1.7224213042961215e-05
2026-03-26 15:15:00+00:00,580.75,581.280029296875,580.5,581.1400146484375,741435,-0.0006713452360703452
2026-03-26 15:20:00+00:00,581.0399780273438,581.27001953125,580.6199951171875,580.760009765625,667144,0.0004991918313116462
2026-03-26 15:25:00+00:00,580.8800048828125,581.2899780273438,580.780029296875,581.030029296875,587059,-0.0002753600039503567
2026-03-26 15:30:00+00:00,580.3900146484375,580.8699951171875,580.0999755859375,580.8699951171875,665294,-0.0008438868742198139
2026-03-26 15:35:00+00:00,580.8300170898438,580.9299926757812,580.2999877929688,580.4000244140625,571238,0.0007578278886655909
2026-03-26 15:40:00+00:00,580.7899780273438,581.0900268554688,580.5700073242188,580.8300170898438,470906,-6.893659317874869e-05
2026-03-26 15:45:00+00:00,581.2100219726562,581.9000244140625,580.6099853515625,580.8300170898438,773200,0.000722967235126175
2026-03-26 15:50:00+00:00,581.469970703125,581.8099975585938,581.0599975585938,581.2000122070312,544723,0.000447154395771206
2026-03-26 15:55:00+00:00,581.0800170898438,581.559326171875,580.8200073242188,581.489990234375,497131,-0.0006708591148781805
2026-03-26 16:00:00+00:00,580.7849731445312,581.2899780273438,580.6599731445312,581.0599975585938,449097,-0.0005078799243189364
2026-03-26 16:05:00+00:00,580.9000244140625,581.1300048828125,580.6099853515625,580.780029296875,560186,0.00019807653563433188
2026-03-26 16:10:00+00:00,580.8499755859375,581.030029296875,580.2000122070312,580.8800048828125,484131,-8.616109861154682e-05
2026-03-26 16:15:00+00:00,580.4000244140625,580.8350219726562,579.3400268554688,580.8300170898438,1106373,-0.0007749428536364376
2026-03-26 16:20:00+00:00,579.9600219726562,580.4199829101562,579.4099731445312,580.4199829101562,690008,-0.0007583895427380797
2026-03-26 16:25:00+00:00,579.0399780273438,580.0499877929688,578.9000244140625,579.9600219726562,828726,-0.0015876516627620714
2026-03-26 16:30:00+00:00,578.9010009765625,579.1300048828125,578.4099731445312,579.0599975585938,1052246,-0.00024004168428018712
2026-03-26 16:35:00+00:00,578.6257934570312,579.22998046875,578.5800170898438,578.9199829101562,705950,-0.000475509553714486
2026-03-26 16:40:00+00:00,578.8250122070312,578.9949951171875,578.52001953125,578.6099853515625,785054,0.0003442370958530121
2026-03-26 16:45:00+00:00,578.4299926757812,579.0399780273438,578.1701049804688,578.8200073242188,743511,-0.0006826836694161728
2026-03-26 16:50:00+00:00,578.760009765625,578.8610229492188,578.1900024414062,578.4400024414062,666126,0.0005703766850638713
2026-03-26 16:55:00+00:00,578.8200073242188,578.9000244140625,578.5549926757812,578.77001953125,503555,0.00010366032198500513
2026-03-26 17:00:00+00:00,578.5449829101562,579.2899780273438,578.469970703125,578.8300170898438,667199,-0.00047525961396752245
2026-03-26 17:05:00+00:00,578.625,578.8900146484375,578.469970703125,578.5399780273438,345586,0.00013829790117800755
2026-03-26 17:10:00+00:00,578.0900268554688,578.6199951171875,578.0399780273438,578.6199951171875,406704,-0.0009249870024239375
2026-03-26 17:15:00+00:00,578.3099975585938,578.47998046875,578.0399780273438,578.0850219726562,480795,0.0003804405069769903
2026-03-26 17:20:00+00:00,577.489990234375,578.3200073242188,577.4600219726562,578.3150024414062,676734,-0.0014189435377451216
2026-03-26 17:25:00+00:00,577.8049926757812,577.8200073242188,577.2750244140625,577.4749755859375,762542,0.0005453195138419412
2026-03-26 17:30:00+00:00,578.1699829101562,578.1849975585938,577.3585815429688,577.77001953125,588333,0.0006314846847250837
2026-03-26 17:35:00+00:00,577.5900268554688,578.22998046875,577.5399780273438,578.1699829101562,400441,-0.001003592611726806
2026-03-26 17:40:00+00:00,576.97998046875,577.5811157226562,576.8900146484375,577.5811157226562,661000,-0.0010567508936138643
2026-03-26 17:45:00+00:00,576.4699096679688,577.1300048828125,576.4400024414062,576.97998046875,815172,-0.0008844265162995003
2026-03-26 17:50:00+00:00,575.8599853515625,576.469970703125,575.7999877929688,576.4500122070312,833905,-0.0010585933351206903
2026-03-26 17:55:00+00:00,575.5599975585938,575.989990234375,575.3099975585938,575.8699951171875,895392,-0.0005210745066247768
2026-03-26 18:00:00+00:00,575.989990234375,576.489990234375,575.510009765625,575.52001953125,810914,0.0007468068261457513
2026-03-26 18:05:00+00:00,576.1998901367188,576.2899780273438,575.6199951171875,575.9949951171875,705347,0.00036434950218129067
2026-03-26 18:10:00+00:00,575.9099731445312,576.2999267578125,575.75,576.2100219726562,597677,-0.000503280125527683
2026-03-26 18:15:00+00:00,575.760009765625,575.989013671875,575.5800170898438,575.9199829101562,555523,-0.0002604276953974283
2026-03-26 18:20:00+00:00,576.059326171875,576.1599731445312,575.5,575.75,468659,0.0005197280574282683
2026-03-26 18:25:00+00:00,575.2349853515625,576.1799926757812,575.1699829101562,576.0599975585938,779383,-0.0014320247271861317
2026-03-26 18:30:00+00:00,575.72998046875,575.8400268554688,575.219970703125,575.2349853515625,614805,0.0008601393828747354
2026-03-26 18:35:00+00:00,575.89501953125,575.9400024414062,575.4500122070312,575.719970703125,672807,0.00028661945273824425
2026-03-26 18:40:00+00:00,575.5399780273438,576.030029296875,575.25,575.9099731445312,649103,-0.0006166939790978133
2026-03-26 18:45:00+00:00,575.97998046875,576.0250244140625,575.3200073242188,575.530029296875,596665,0.0007642116136572118
2026-03-26 18:50:00+00:00,576.1900024414062,576.2598876953125,575.7899780273438,575.969970703125,976492,0.0003645676907013016
2026-03-26 18:55:00+00:00,576.0800170898438,576.1799926757812,575.6099853515625,576.1799926757812,776777,-0.00019090204558350755
2026-03-26 19:00:00+00:00,575.5999755859375,576.1500244140625,575.4500122070312,576.0900268554688,653402,-0.0008336370081265043
2026-03-26 19:05:00+00:00,574.9600219726562,575.6500244140625,574.719970703125,575.6099853515625,953099,-0.0011124212220716692
2026-03-26 19:10:00+00:00,574.9996948242188,575.0650024414062,574.6599731445312,574.9600219726562,1024096,6.89986805603233e-05
2026-03-26 19:15:00+00:00,575.4000244140625,575.489990234375,574.9699096679688,575.0,1117279,0.0006959834904488961
2026-03-26 19:20:00+00:00,575.0164794921875,575.4099731445312,574.9600219726562,575.3900146484375,613579,-0.0006667931740954769
2026-03-26 19:25:00+00:00,575.0999755859375,575.10498046875,574.6099853515625,575.0050048828125,922318,0.00014519589477740525
2026-03-26 19:30:00+00:00,574.5999755859375,575.1900024414062,574.3699951171875,575.1099853515625,1185074,-0.000869792211459659
2026-03-26 19:35:00+00:00,574.6799926757812,575.0,574.5,574.5999755859375,1005148,0.00013924734126194937
2026-03-26 19:40:00+00:00,574.385009765625,574.89990234375,574.25,574.6715087890625,1697947,-0.000513431208869117
2026-03-26 19:45:00+00:00,574.469970703125,574.4949951171875,574.0700073242188,574.3900146484375,1363284,0.00014790541730557897
2026-03-26 19:50:00+00:00,573.6099853515625,574.5700073242188,573.52001953125,574.469970703125,1648292,-0.0014981282581796886
2026-03-26 19:55:00+00:00,573.7100219726562,574.1300048828125,573.4310302734375,573.5999755859375,4112588,0.00017438312015588469
2026-03-27 13:30:00+00:00,568.635009765625,571.02001953125,568.4600219726562,570.8099975585938,5695464,-0.008885311276033564
2026-03-27 13:35:00+00:00,569.3699951171875,569.844970703125,567.97998046875,568.6400146484375,2295635,0.0012917086490887885
2026-03-27 13:40:00+00:00,569.282470703125,570.0399780273438,568.8187866210938,569.3800048828125,1490130,-0.00015373332401617343
2026-03-27 13:45:00+00:00,569.875,570.614990234375,569.260009765625,569.280029296875,1381560,0.0010402940164999644
2026-03-27 13:50:00+00:00,567.6900024414062,570.1199951171875,567.5800170898438,569.885009765625,1436847,-0.003841539148939184
2026-03-27 13:55:00+00:00,566.719970703125,567.739990234375,566.4058837890625,567.739990234375,1386667,-0.001710196485701084
2026-03-27 14:00:00+00:00,567.3099975585938,567.5599975585938,566.1500244140625,566.6900024414062,1723737,0.0010405843323770224
2026-03-27 14:05:00+00:00,566.6900024414062,567.5150146484375,566.6300048828125,567.3300170898438,1160739,-0.0010934659240973484
2026-03-27 14:10:00+00:00,567.6400146484375,568.0700073242188,566.6599731445312,566.7000122070312,1330268,0.0016750194649499794
2026-03-27 14:15:00+00:00,568.0999755859375,568.469970703125,567.4500122070312,567.6300048828125,968330,0.0008099758159469233
2026-03-27 14:20:00+00:00,567.2100219726562,568.4400024414062,566.8200073242188,568.0900268554688,1071629,-0.0015677723220627812
2026-03-27 14:25:00+00:00,566.530029296875,567.719970703125,566.489990234375,567.22998046875,842136,-0.0011995567353533015
2026-03-27 14:30:00+00:00,566.989990234375,567.25,566.4500122070312,566.52001953125,837564,0.0008115621335663339
2026-03-27 14:35:00+00:00,566.0499877929688,567.1199951171875,565.8300170898438,567.0,845948,-0.0016592577054618566
2026-03-27 14:40:00+00:00,566.2999877929688,566.5800170898438,565.9600219726562,566.0499877929688,762932,0.0004415596051612184
2026-03-27 14:45:00+00:00,567.5700073242188,567.5900268554688,565.6599731445312,566.3200073242188,1167813,0.0022401511069668942
2026-03-27 14:50:00+00:00,566.8499755859375,567.9849853515625,566.739990234375,567.5599975585938,854309,-0.0012694272770567953
2026-03-27 14:55:00+00:00,567.3599853515625,567.489990234375,566.8300170898438,566.8599853515625,627071,0.0008993216733473816
2026-03-27 15:00:00+00:00,567.8900146484375,568.0750122070312,567.1799926757812,567.3499755859375,762192,0.0009337667216683527
2026-03-27 15:05:00+00:00,567.4400024414062,568.4000244140625,567.2000122070312,567.9000244140625,1035911,-0.0007927425925933202
2026-03-27 15:10:00+00:00,566.9650268554688,567.6599731445312,566.9450073242188,567.4299926757812,644552,-0.0008374004018438627
2026-03-27 15:15:00+00:00,566.52001953125,567.0499877929688,566.1801147460938,566.969970703125,781809,-0.000785201972449744
2026-03-27 15:20:00+00:00,567.5700073242188,568.6898803710938,566.0900268554688,566.530029296875,1500754,0.0018516838489280542
2026-03-27 15:25:00+00:00,568.4500122070312,568.4949951171875,567.9600219726562,568.0399780273438,1181468,0.0015492773783962778
2026-03-27 15:30:00+00:00,569.4199829101562,569.6900024414062,568.1599731445312,568.4600219726562,1372431,0.0017048888576623547
2026-03-27 15:35:00+00:00,568.5999755859375,569.7100219726562,568.5025024414062,569.4199829101562,1065224,-0.0014411126272665781
2026-03-27 15:40:00+00:00,568.10498046875,568.6300048828125,567.5599975585938,568.5999755859375,1046027,-0.0008709298676661366
2026-03-27 15:45:00+00:00,568.52001953125,568.64501953125,568.010009765625,568.1099853515625,786791,0.0007303008132785856
2026-03-27 15:50:00+00:00,568.5599975585938,568.9498901367188,568.3699951171875,568.510009765625,888851,7.031699926019295e-05
2026-03-27 15:55:00+00:00,568.2933959960938,568.739990234375,568.1699829101562,568.5850219726562,623915,-0.0004690166188510718
2026-03-27 16:00:00+00:00,568.0399780273438,568.4500122070312,567.7000122070312,568.2999877929688,731515,-0.0004460275104900856
2026-03-27 16:05:00+00:00,567.2100219726562,568.10498046875,567.2000122070312,568.0499877929688,854526,-0.0014621558292024488
2026-03-27 16:10:00+00:00,567.469970703125,567.469970703125,566.8900146484375,567.219970703125,762843,0.0004581886288547688
2026-03-27 16:15:00+00:00,567.0599975585938,567.52001953125,566.8599853515625,567.469970703125,854440,-0.0007227189652896698
2026-03-27 16:20:00+00:00,566.9400024414062,567.4199829101562,566.9099731445312,567.0800170898438,622915,-0.0002116316007678073
2026-03-27 16:25:00+00:00,566.6749877929688,566.969970703125,566.469970703125,566.9400024414062,709523,-0.0004675567199594175
2026-03-27 16:30:00+00:00,566.5599975585938,566.8499755859375,566.489990234375,566.6699829101562,508142,-0.0002029415544984463
2026-03-27 16:35:00+00:00,565.97998046875,566.64990234375,565.9099731445312,566.5599975585938,679508,-0.0010242766733304578
2026-03-27 16:40:00+00:00,566.469970703125,566.6599731445312,565.739990234375,565.9749755859375,746143,0.0008653632144105717
2026-03-27 16:45:00+00:00,567.2879028320312,567.3800048828125,566.2999877929688,566.4650268554688,696198,0.0014428693990161372
2026-03-27 16:50:00+00:00,566.6199951171875,567.4149780273438,566.469970703125,567.280029296875,483640,-0.0011780635681206868
2026-03-27 16:55:00+00:00,566.4500122070312,566.6599731445312,566.3800048828125,566.6199951171875,333667,-0.00030003955683710767
2026-03-27 17:00:00+00:00,566.1400146484375,566.5999755859375,565.7899780273438,566.4500122070312,609230,-0.0005474135547452319
2026-03-27 17:05:00+00:00,566.7650146484375,567.760009765625,565.8400268554688,566.1500244140625,1230452,0.001103358264362474
2026-03-27 17:10:00+00:00,566.2650146484375,566.8300170898438,565.980224609375,566.72998046875,486497,-0.0008825891980411424
2026-03-27 17:15:00+00:00,565.5399780273438,566.3200073242188,565.4349975585938,566.280029296875,579527,-0.001281204315166867
2026-03-27 17:20:00+00:00,565.219970703125,565.5499877929688,564.989990234375,565.5399780273438,709208,-0.0005660040101724136
2026-03-27 17:25:00+00:00,564.1900024414062,565.22998046875,564.1500244140625,565.22998046875,888526,-0.0018239055289694464
2026-03-27 17:30:00+00:00,564.739990234375,564.8250122070312,564.1500244140625,564.1610107421875,788029,0.0009743524222907841
2026-03-27 17:35:00+00:00,564.4349975585938,564.9149780273438,564.4000244140625,564.739990234375,604951,-0.0005402044616562057
2026-03-27 17:40:00+00:00,563.9099731445312,564.4600219726562,563.7899780273438,564.4324951171875,658991,-0.0009306098145252928
2026-03-27 17:45:00+00:00,563.8099975585938,564.22998046875,563.75,563.885009765625,774572,-0.0001773056943153801
2026-03-27 17:50:00+00:00,563.8599853515625,564.0700073242188,563.7000122070312,563.7899780273438,880892,8.865677682128013e-05
2026-03-27 17:55:00+00:00,563.6900024414062,563.9749755859375,563.3599853515625,563.8699951171875,788224,-0.00030150842673804136
2026-03-27 18:00:00+00:00,563.5650024414062,563.8150024414062,563.5,563.6900024414062,698688,-0.00022177768112959922
2026-03-27 18:05:00+00:00,563.119873046875,563.7899780273438,563.0850219726562,563.5700073242188,825137,-0.000790157793674154
2026-03-27 18:10:00+00:00,563.3599853515625,563.469970703125,562.9199829101562,563.1199951171875,872802,0.00042630555093148005
2026-03-27 18:15:00+00:00,563.9199829101562,563.97998046875,563.1699829101562,563.3800048828125,968518,0.000993537755350141
2026-03-27 18:20:00+00:00,563.489990234375,564.1099853515625,563.3499755859375,563.9249877929688,820584,-0.0007627973973506042
2026-03-27 18:25:00+00:00,563.7550048828125,563.9199829101562,563.3900146484375,563.530029296875,499165,0.00047019885556032345
2026-03-27 18:30:00+00:00,563.8734130859375,563.969970703125,563.5700073242188,563.72998046875,611761,0.0002100128050576012
2026-03-27 18:35:00+00:00,563.7050170898438,563.9500122070312,563.4849853515625,563.8800048828125,503015,-0.0002986860919633344
2026-03-27 18:40:00+00:00,563.8300170898438,564.5599975585938,563.3599853515625,563.7100219726562,962075,0.00022172260146767925
2026-03-27 18:45:00+00:00,563.4299926757812,563.9099731445312,563.3699951171875,563.8300170898438,509397,-0.0007097287713367614
2026-03-27 18:50:00+00:00,563.10498046875,563.5900268554688,562.9099731445312,563.4450073242188,832373,-0.0005770122078706466
2026-03-27 18:55:00+00:00,563.2299194335938,563.3250122070312,562.9600219726562,563.0900268554688,676956,0.00022185047336642743
2026-03-27 19:00:00+00:00,562.8049926757812,563.5399780273438,562.7100219726562,563.219970703125,871109,-0.0007547310894420752
2026-03-27 19:05:00+00:00,562.72998046875,563.0800170898438,562.5599975585938,562.7999877929688,860761,-0.0001332916505166608
2026-03-27 19:10:00+00:00,563.10498046875,563.1898803710938,562.5150146484375,562.719970703125,716885,0.000666172266592278
2026-03-27 19:15:00+00:00,563.5800170898438,563.719970703125,563.0399780273438,563.1099853515625,678587,0.0008432466044574619
2026-03-27 19:20:00+00:00,563.4299926757812,563.5700073242188,562.9400024414062,563.5700073242188,824458,-0.0002662343965868918
2026-03-27 19:25:00+00:00,563.02001953125,563.4351196289062,562.8599853515625,563.4299926757812,699896,-0.0007279029840476475
2026-03-27 19:30:00+00:00,563.4299926757812,563.4500122070312,562.9099731445312,563.0399780273438,1073754,0.0007279029840477198
2026-03-27 19:35:00+00:00,562.989990234375,563.4749755859375,562.969970703125,563.4299926757812,937349,-0.0007812405150139545
2026-03-27 19:40:00+00:00,562.594970703125,563.0449829101562,562.3499755859375,562.989990234375,1243004,-0.0007018920137991893
2026-03-27 19:45:00+00:00,562.3250122070312,562.6699829101562,561.8087768554688,562.5900268554688,1580408,-0.0004799603622965512
2026-03-27 19:50:00+00:00,562.4801025390625,562.869873046875,561.5700073242188,562.3099975585938,2089303,0.00027576391853288945
2026-03-27 19:55:00+00:00,562.5,563.4749755859375,562.3900146484375,562.5,3137007,3.537388953745102e-05
2026-03-30 13:30:00+00:00,566.2600708007812,568.0399780273438,566.1300048828125,567.344970703125,4714457,0.006662327639158353
2026-03-30 13:35:00+00:00,565.3200073242188,566.3599853515625,564.97998046875,566.2899780273438,1711114,-0.0016615062619023792
2026-03-30 13:40:00+00:00,564.5650024414062,565.3099975585938,564.0999755859375,565.3099975585938,1771956,-0.001336428023488
2026-03-30 13:45:00+00:00,563.7000122070312,564.8699951171875,563.5999755859375,564.5499877929688,1408839,-0.0015333106896228636
2026-03-30 13:50:00+00:00,563.3599853515625,564.1300048828125,563.3400268554688,563.7100219726562,1108526,-0.0006033873378908305
2026-03-30 13:55:00+00:00,562.3699951171875,563.4600219726562,562.1099853515625,563.3300170898438,1386504,-0.0017588418302158623
2026-03-30 14:00:00+00:00,563.0900268554688,563.27001953125,562.280029296875,562.3499755859375,1104430,0.0012795333862786295
2026-03-30 14:05:00+00:00,563.4207153320312,563.489990234375,562.27001953125,563.0900268554688,848306,0.0005871022328984321
2026-03-30 14:10:00+00:00,563.8900146484375,564.280029296875,562.97998046875,563.4099731445312,1069211,0.0008325997988594803
2026-03-30 14:15:00+00:00,563.2550048828125,564.1300048828125,562.7100219726562,563.8900146484375,787272,-0.0011267579979588964
2026-03-30 14:20:00+00:00,563.6500244140625,563.969970703125,563.0900268554688,563.22998046875,498422,0.0007010698100723242
2026-03-30 14:25:00+00:00,562.9249877929688,563.8200073242188,562.6599731445312,563.6799926757812,574519,-0.0012871521440447576
2026-03-30 14:30:00+00:00,562.9500122070312,563.5999755859375,562.75,562.8800048828125,601298,4.445327246199513e-05
2026-03-30 14:35:00+00:00,562.5999755859375,563.0999755859375,562.0,562.9749755859375,762189,-0.0006219832724884994
2026-03-30 14:40:00+00:00,561.64990234375,563.0291748046875,561.3699951171875,562.5999755859375,1100895,-0.0016901464469830914
2026-03-30 14:45:00+00:00,562.4299926757812,563.77001953125,561.5700073242188,561.6500244140625,1324589,0.0013879626541152136
2026-03-30 14:50:00+00:00,563.030029296875,563.1900024414062,562.114990234375,562.4400024414062,789762,0.0010662958545517643
2026-03-30 14:55:00+00:00,564.14501953125,564.1799926757812,562.489990234375,563.02001953125,807263,0.0019783805527028163
2026-03-30 15:00:00+00:00,565.02001953125,565.0399780273438,564.1500244140625,564.1500244140625,1063669,0.0015498180423079526
2026-03-30 15:05:00+00:00,563.280029296875,565.5399780273438,563.1300048828125,565.030029296875,914255,-0.003084271095299214
2026-03-30 15:10:00+00:00,562.6799926757812,563.719970703125,562.5900268554688,563.3200073242188,505105,-0.0010658223492603619
2026-03-30 15:15:00+00:00,562.4998779296875,562.780029296875,561.844970703125,562.6900024414062,845257,-0.00032015280816440577
2026-03-30 15:20:00+00:00,563.2163696289062,563.2899780273438,562.4099731445312,562.510009765625,889646,0.0012729527490137062
2026-03-30 15:25:00+00:00,563.0,563.6950073242188,562.9299926757812,563.2000122070312,485930,-0.0003842416739859955
2026-03-30 15:30:00+00:00,564.3200073242188,564.4299926757812,562.6099853515625,562.97998046875,752803,0.0023418513268908645
2026-03-30 15:35:00+00:00,564.0150146484375,564.909912109375,563.9299926757812,564.3300170898438,871595,-0.0005406066057863078
2026-03-30 15:40:00+00:00,564.7449951171875,564.8200073242188,563.8250122070312,564.010009765625,647593,0.0012934203270880751
2026-03-30 15:45:00+00:00,564.6599731445312,564.8200073242188,564.2100219726562,564.739990234375,531399,-0.00015056064955645072
2026-03-30 15:50:00+00:00,564.7550048828125,565.47998046875,564.6199951171875,564.6900024414062,823995,0.00016828489147806486
2026-03-30 15:55:00+00:00,564.0549926757812,564.75,563.9149780273438,564.75,609689,-0.0012402659407316054
2026-03-30 16:00:00+00:00,562.9099731445312,564.1749877929688,562.8099975585938,564.0499877929688,799619,-0.0020320417403874363
2026-03-30 16:05:00+00:00,562.8400268554688,563.135009765625,562.5,562.9299926757812,736177,-0.00012426611441712106
2026-03-30 16:10:00+00:00,563.110107421875,563.39501953125,562.7100219726562,562.8200073242188,501620,0.00047973806896774244
2026-03-30 16:15:00+00:00,562.469970703125,563.1099853515625,562.2999877929688,563.0830078125,451704,-0.0011374344663801442
2026-03-30 16:20:00+00:00,562.2999267578125,562.7899780273438,562.0999755859375,562.47998046875,605284,-0.00030236219335499394
2026-03-30 16:25:00+00:00,561.6624755859375,562.3800048828125,561.6300048828125,562.280029296875,726983,-0.0011342928177885865
2026-03-30 16:30:00+00:00,561.969970703125,562.1296997070312,561.489990234375,561.6699829101562,739265,0.0005473233278003049
2026-03-30 16:35:00+00:00,562.4600219726562,562.6298217773438,561.7999877929688,561.9600219726562,526069,0.0008716439507132917
2026-03-30 16:40:00+00:00,562.2899169921875,562.530029296875,562.0999755859375,562.4600219726562,441774,-0.00030247608979152386
2026-03-30 16:45:00+00:00,562.1099853515625,562.419921875,561.97998046875,562.2899780273438,310283,-0.0003200491956390435
2026-03-30 16:50:00+00:00,561.9500122070312,562.5369873046875,561.9299926757812,562.0999755859375,295560,-0.0002846345318911171
2026-03-30 16:55:00+00:00,561.969970703125,562.1063842773438,561.6900024414062,561.9500122070312,732007,3.551586660863155e-05
2026-03-30 17:00:00+00:00,561.3699951171875,562.4099731445312,561.3300170898438,561.9600219726562,645616,-0.0010681995855984375
2026-03-30 17:05:00+00:00,561.8098754882812,562.1500244140625,561.3099975585938,561.375,724516,0.0007832768465593883
2026-03-30 17:10:00+00:00,561.010009765625,561.9000244140625,560.9199829101562,561.8200073242188,769900,-0.0014247447314831689
2026-03-30 17:15:00+00:00,560.719970703125,561.1950073242188,560.219970703125,561.0,824074,-0.000517128139594407
2026-03-30 17:20:00+00:00,560.2100219726562,560.8800048828125,560.0549926757812,560.7100219726562,668068,-0.000909867286951391
2026-03-30 17:25:00+00:00,559.7698974609375,560.3300170898438,559.6500244140625,560.2100219726562,827101,-0.0007859507598983181
2026-03-30 17:30:00+00:00,559.2999877929688,559.8200073242188,559.1599731445312,559.77001953125,830829,-0.0008398218945568977
2026-03-30 17:35:00+00:00,559.9898071289062,560.0399780273438,559.1199951171875,559.2949829101562,817397,0.0012326020060301004
2026-03-30 17:40:00+00:00,560.52001953125,560.6500244140625,559.7899780273438,559.969970703125,518450,0.0009463771388725924
2026-03-30 17:45:00+00:00,560.1199951171875,561.1400146484375,560.0499877929688,560.510009765625,1107974,-0.0007139213767563074
2026-03-30 17:50:00+00:00,560.0999755859375,560.4500122070312,559.8836059570312,560.110107421875,632383,-3.5742143107037516e-05
2026-03-30 17:55:00+00:00,560.0999755859375,560.1799926757812,559.6900024414062,560.0900268554688,501978,0.0
2026-03-30 18:00:00+00:00,559.6950073242188,560.1400146484375,559.6400146484375,560.094970703125,686047,-0.0007232900406844363
2026-03-30 18:05:00+00:00,559.4400024414062,560.030029296875,559.2100219726562,559.7000122070312,521143,-0.000455717826715438
2026-03-30 18:10:00+00:00,559.6649780273438,559.7899780273438,559.3399047851562,559.4500122070312,430889,0.00040206342192134
2026-03-30 18:15:00+00:00,559.8599853515625,559.9400024414062,559.3400268554688,559.6500244140625,430955,0.00034837512796927504
2026-03-30 18:20:00+00:00,559.4749755859375,560.0800170898438,559.3900146484375,559.8499755859375,495615,-0.0006879259457528595
2026-03-30 18:25:00+00:00,558.7319946289062,559.510009765625,558.7100219726562,559.4849853515625,515578,-0.001328879333001453
2026-03-30 18:30:00+00:00,559.0499877929688,559.1849975585938,558.7000122070312,558.75,459868,0.0005689717272990382
2026-03-30 18:35:00+00:00,558.844970703125,559.6900024414062,558.8350219726562,559.0499877929688,502515,-0.0003667913350608318
2026-03-30 18:40:00+00:00,558.77001953125,559.0399780273438,558.719970703125,558.844970703125,558333,-0.0001341269983711086
2026-03-30 18:45:00+00:00,558.47998046875,559.0800170898438,558.4450073242188,558.7949829101562,642354,-0.0005192017346440335
2026-03-30 18:50:00+00:00,558.1300048828125,558.5050048828125,557.8599853515625,558.47998046875,1097293,-0.0006268537842018646
2026-03-30 18:55:00+00:00,557.9199829101562,558.3699951171875,557.77001953125,558.1500244140625,672583,-0.00037636660979813895
2026-03-30 19:00:00+00:00,557.8400268554688,558.1400146484375,557.655029296875,557.9199829101562,911681,-0.00014332124135036435
2026-03-30 19:05:00+00:00,556.8150024414062,557.85498046875,556.7999877929688,557.8400268554688,1173213,-0.0018391783575307486
2026-03-30 19:10:00+00:00,556.10498046875,556.8900146484375,555.9099731445312,556.8150024414062,1281781,-0.0012759624768902294
2026-03-30 19:15:00+00:00,556.2999877929688,556.5499877929688,556.0900268554688,556.094970703125,604275,0.0003506049177775539
2026-03-30 19:20:00+00:00,556.1199951171875,556.489990234375,555.97998046875,556.280029296875,502053,-0.0003236056167943212
2026-03-30 19:25:00+00:00,555.880126953125,556.1799926757812,555.5999755859375,556.114990234375,690272,-0.0004314175205957431
2026-03-30 19:30:00+00:00,555.760009765625,556.4000244140625,555.6199951171875,555.9099731445312,742794,-0.00021610804432097615
2026-03-30 19:35:00+00:00,556.4099731445312,556.9299926757812,555.7550048828125,555.760009765625,976400,0.0011688203474087817
2026-03-30 19:40:00+00:00,556.9500122070312,557.1500244140625,556.4199829101562,556.4199829101562,823788,0.0009701069051487078
2026-03-30 19:45:00+00:00,557.4110107421875,557.739990234375,556.8701171875,556.9500122070312,986893,0.0008273773973794717
2026-03-30 19:50:00+00:00,558.2401123046875,558.3099975585938,557.0399780273438,557.4099731445312,1477291,0.0014863100085761728
2026-03-30 19:55:00+00:00,558.2703247070312,558.97998046875,558.0700073242188,558.22998046875,2501157,5.411933708745182e-05
2026-03-31 13:30:00+00:00,566.1099853515625,566.135009765625,564.22998046875,564.2899780273438,5089082,0.013945081782654318
2026-03-31 13:35:00+00:00,565.8099975585938,566.1500244140625,564.8099975585938,566.0900268554688,1661881,-0.0005300512483595892
2026-03-31 13:40:00+00:00,565.0999755859375,566.3499755859375,564.8900146484375,565.780029296875,1808856,-0.0012556650534659992
2026-03-31 13:45:00+00:00,567.8300170898438,567.8599853515625,565.1199951171875,565.1199951171875,1488786,0.004819444812631532
2026-03-31 13:50:00+00:00,568.469970703125,568.5599975585938,567.1099853515625,567.8699951171875,1216418,0.001126381567926035
2026-03-31 13:55:00+00:00,568.7550048828125,568.8300170898438,567.3599853515625,568.4598999023438,1179647,0.0005012802071274709
2026-03-31 14:00:00+00:00,568.5399780273438,569.0399780273438,568.0599975585938,568.739990234375,1369700,-0.00037813735444557935
2026-03-31 14:05:00+00:00,567.135009765625,568.5499877929688,567.0349731445312,568.530029296875,986924,-0.0024742448210536526
2026-03-31 14:10:00+00:00,567.72802734375,568.0399780273438,567.02001953125,567.1799926757812,873092,0.0010450911038757235
2026-03-31 14:15:00+00:00,568.3300170898438,568.8699951171875,567.2899780273438,567.72998046875,1273556,0.0010597870511757158
2026-03-31 14:20:00+00:00,568.5599975585938,568.8250122070312,567.239990234375,568.35498046875,1150505,0.00040457822467211257
2026-03-31 14:25:00+00:00,568.739990234375,568.97998046875,568.1109008789062,568.5599975585938,1004255,0.0003165262977506521
2026-03-31 14:30:00+00:00,568.5700073242188,569.2100219726562,568.1699829101562,568.72998046875,1270352,-0.00029892098334992513
2026-03-31 14:35:00+00:00,567.5999755859375,568.760009765625,567.27001953125,568.5800170898438,885152,-0.001707547265931966
2026-03-31 14:40:00+00:00,566.9099731445312,568.0499877929688,566.5800170898438,567.6099853515625,988888,-0.001216388674697393
2026-03-31 14:45:00+00:00,565.880126953125,567.2000122070312,565.8300170898438,566.9000244140625,753260,-0.0018182476613137306
2026-03-31 14:50:00+00:00,564.9299926757812,566.0,564.72998046875,565.8800048828125,1124524,-0.0016804492362460296
2026-03-31 14:55:00+00:00,564.97802734375,565.1300048828125,564.2100219726562,564.9099731445312,1318784,8.502403230469754e-05
2026-03-31 15:00:00+00:00,566.239990234375,566.4000244140625,564.9600219726562,564.97998046875,1105217,0.0022311586175726116
2026-03-31 15:05:00+00:00,566.5800170898438,567.52001953125,566.1400146484375,566.219970703125,956339,0.0006003193154817838
2026-03-31 15:10:00+00:00,568.2000122070312,568.3300170898438,566.4000244140625,566.5499877929688,789316,0.0028551722375815686
2026-03-31 15:15:00+00:00,567.9400024414062,568.530029296875,567.8200073242188,568.2000122070312,919038,-0.0004577072663790208
2026-03-31 15:20:00+00:00,567.969970703125,568.0700073242188,567.02001953125,567.9400024414062,695565,5.276520575428759e-05
2026-03-31 15:25:00+00:00,566.9525756835938,568.1300048828125,566.72998046875,567.97998046875,605803,-0.0017928893831583475
2026-03-31 15:30:00+00:00,566.9600830078125,567.010009765625,566.159912109375,566.9500122070312,643701,1.324145058504524e-05
2026-03-31 15:35:00+00:00,567.2399291992188,567.6199951171875,566.9400024414062,566.9400024414062,675678,0.0004934688662902917
2026-03-31 15:40:00+00:00,566.75,567.3099975585938,566.60498046875,567.25,350237,-0.0008640803892287389
2026-03-31 15:45:00+00:00,566.5399169921875,566.75,566.0700073242188,566.739990234375,551099,-0.00037074892676449805
2026-03-31 15:50:00+00:00,566.8300170898438,567.3800048828125,566.3099975585938,566.530029296875,591387,0.000511924827486652
2026-03-31 15:55:00+00:00,565.8599853515625,567.02001953125,565.760009765625,566.8300170898438,481822,-0.0017127933915471998
2026-03-31 16:00:00+00:00,566.6799926757812,567.3400268554688,565.6199951171875,565.8599853515625,623018,0.0014480856895489576
2026-03-31 16:05:00+00:00,567.6950073242188,567.9299926757812,566.6600952148438,566.7000122070312,564788,0.0017895579844777983
2026-03-31 16:10:00+00:00,567.510009765625,567.72998046875,566.6901245117188,567.719970703125,656568,-0.000325928017312164
2026-03-31 16:15:00+00:00,567.8499755859375,568.239990234375,567.530029296875,567.530029296875,545436,0.0005988687902679559
2026-03-31 16:20:00+00:00,568.5999755859375,568.6199951171875,567.6119995117188,567.8499755859375,537554,0.00131989993595428
2026-03-31 16:25:00+00:00,568.3400268554688,568.760009765625,568.0999755859375,568.6400146484375,592617,-0.00045727784129367954
2026-03-31 16:30:00+00:00,568.25,568.3699951171875,567.969970703125,568.3400268554688,346484,-0.00015841570580400006
2026-03-31 16:35:00+00:00,571.2000122070312,571.25,567.9000244140625,568.2301025390625,1725106,0.005177969663574867
2026-03-31 16:40:00+00:00,573.8300170898438,575.7100219726562,571.0999755859375,571.1900024414062,4144359,0.004593782591838708
2026-03-31 16:45:00+00:00,573.375,574.8800048828125,571.8800048828125,573.8300170898438,2018405,-0.000793262070729966
2026-03-31 16:50:00+00:00,573.6400146484375,574.8800048828125,572.27001953125,573.4000244140625,1655452,0.0004620944796167013
2026-03-31 16:55:00+00:00,573.7399291992188,573.8699951171875,572.719970703125,573.6099853515625,871683,0.00017416122979941554
2026-03-31 17:00:00+00:00,575.3499755859375,575.8699951171875,573.6500244140625,573.780029296875,1719025,0.002802300209304445
2026-03-31 17:05:00+00:00,573.7698974609375,575.4000244140625,573.4099731445312,575.3598022460938,1163557,-0.002750068392148248
2026-03-31 17:10:00+00:00,575.0894775390625,575.155029296875,573.6300048828125,573.77001953125,658460,0.0022972013583908452
2026-03-31 17:15:00+00:00,575.9849853515625,576.2100219726562,575.0,575.0800170898438,1354874,0.0015559514558575356
2026-03-31 17:20:00+00:00,575.6400146484375,576.1300048828125,575.3800048828125,575.9600219726562,1038305,-0.0005991025089645774
2026-03-31 17:25:00+00:00,574.47998046875,575.77001953125,574.239990234375,575.6599731445312,1029200,-0.0020172409452680925
2026-03-31 17:30:00+00:00,575.7697143554688,575.8900146484375,574.4199829101562,574.510009765625,985914,0.002242529483852955
2026-03-31 17:35:00+00:00,574.2000122070312,576.0900268554688,573.4619750976562,575.760009765625,1883788,-0.002729990341616037
2026-03-31 17:40:00+00:00,574.030029296875,574.8499755859375,573.489990234375,574.1900024414062,803014,-0.0002960781468064882
2026-03-31 17:45:00+00:00,574.5800170898438,574.8300170898438,573.7899780273438,574.02001953125,592527,0.000957658061118542
2026-03-31 17:50:00+00:00,574.27001953125,574.9000244140625,574.0499877929688,574.6099853515625,589804,-0.0005396658506085567
2026-03-31 17:55:00+00:00,573.4500122070312,574.3099975585938,573.114013671875,574.280029296875,648792,-0.001428932912331285
2026-03-31 18:00:00+00:00,574.219970703125,574.6799926757812,573.4199829101562,573.4199829101562,651672,0.001341777031858122
2026-03-31 18:05:00+00:00,574.8699951171875,575.1199951171875,574.135009765625,574.2299194335938,662878,0.0011313726561602774
2026-03-31 18:10:00+00:00,574.8250122070312,574.9400024414062,574.1599731445312,574.8699951171875,603973,-7.825190140451767e-05
2026-03-31 18:15:00+00:00,574.9949951171875,575.3499755859375,574.75,574.7999877929688,859153,0.0002956687313002303
2026-03-31 18:20:00+00:00,574.530029296875,575.0700073242188,574.4500122070312,575.0,542525,-0.0008089703761027874
2026-03-31 18:25:00+00:00,575.0599975585938,575.5499877929688,574.260009765625,574.5499267578125,619238,0.0009220126947562032
2026-03-31 18:30:00+00:00,574.9000244140625,575.25,574.52001953125,575.030029296875,923586,-0.0002782238382317906
2026-03-31 18:35:00+00:00,575.7000122070312,575.9600219726562,574.739990234375,574.9099731445312,1113194,0.0013905577897010705
2026-03-31 18:40:00+00:00,575.3099975585938,575.719970703125,575.0599975585938,575.6599731445312,728675,-0.0006776911756720445
2026-03-31 18:45:00+00:00,575.635009765625,576.0,575.3150024414062,575.3366088867188,839053,0.0005647745350162191
2026-03-31 18:50:00+00:00,575.8300170898438,576.1400146484375,575.614990234375,575.6799926757812,710148,0.00033871167866139537
2026-03-31 18:55:00+00:00,575.780029296875,576.0300903320312,575.6900024414062,575.8049926757812,2155664,-8.681374942318257e-05
2026-03-31 19:00:00+00:00,576.0900268554688,576.3200073242188,575.7100219726562,575.7700805664062,916606,0.0005382509327718855
2026-03-31 19:05:00+00:00,575.5399780273438,576.0999755859375,575.239990234375,576.0800170898438,886367,-0.0009552527593408636
2026-03-31 19:10:00+00:00,576.3800048828125,576.530029296875,575.5,575.5349731445312,1034423,0.0014584815210047833
2026-03-31 19:15:00+00:00,576.489990234375,576.9749755859375,576.219970703125,576.3800048828125,1366501,0.00019080269650877368
2026-03-31 19:20:00+00:00,576.7999877929688,577.0700073242188,576.4500122070312,576.52001953125,1117344,0.0005375882422731745
2026-03-31 19:25:00+00:00,576.4400024414062,576.8200073242188,576.27001953125,576.7949829101562,953969,-0.000624302601892073
2026-03-31 19:30:00+00:00,576.5399780273438,576.9500122070312,576.2899780273438,576.4500122070312,1049096,0.00017342120050933214
2026-03-31 19:35:00+00:00,577.125,577.25,576.5,576.5399780273438,1826436,0.00101419742116556
2026-03-31 19:40:00+00:00,577.0599975585938,577.3499755859375,576.6599731445312,577.1300048828125,1526293,-0.00011263782082152369
2026-03-31 19:45:00+00:00,577.8099975585938,577.969970703125,576.85498046875,577.0399780273438,1723845,0.0012988476774161322
2026-03-31 19:50:00+00:00,577.1300048828125,578.6400146484375,576.72998046875,577.8200073242188,2387439,-0.0011775377992219987
2026-03-31 19:55:00+00:00,577.1900024414062,577.6799926757812,576.3499755859375,577.1400146484375,3868060,0.00010395307759909588
2026-04-01 13:30:00+00:00,583.1400146484375,583.2999877929688,580.4199829101562,581.47998046875,6072983,0.010255813901241794
2026-04-01 13:35:00+00:00,583.8400268554688,584.0260009765625,582.6400146484375,583.1599731445312,1356592,0.0011996988227638077
2026-04-01 13:40:00+00:00,581.6599731445312,583.8699951171875,581.030029296875,583.8699951171875,1835530,-0.003740980271836033
2026-04-01 13:45:00+00:00,581.1400146484375,582.3300170898438,580.7999877929688,581.6400146484375,1266318,-0.0008943215277054294
2026-04-01 13:50:00+00:00,581.7000122070312,582.72998046875,580.9299926757812,581.1300048828125,1119303,0.0009631550152243327
2026-04-01 13:55:00+00:00,582.1798706054688,582.4299926757812,581.3800048828125,581.719970703125,530413,0.0008245841047918238
2026-04-01 14:00:00+00:00,582.8800048828125,583.3699951171875,581.969970703125,582.1799926757812,885171,0.0012018856306947126
2026-04-01 14:05:00+00:00,583.1599731445312,583.5897827148438,582.260009765625,582.8900146484375,1270216,0.0004802035476902834
2026-04-01 14:10:00+00:00,583.3099975585938,583.3699951171875,582.5,583.1500244140625,807739,0.00025722807900356874
2026-04-01 14:15:00+00:00,583.6300048828125,583.7999877929688,583.02001953125,583.3099975585938,699946,0.0005484555016896761
2026-04-01 14:20:00+00:00,583.5800170898438,584.3599853515625,583.0700073242188,583.6099853515625,1235510,-8.565346777065552e-05
2026-04-01 14:25:00+00:00,583.8300170898438,584.0800170898438,583.469970703125,583.5850219726562,608167,0.00042829853522259815
2026-04-01 14:30:00+00:00,583.1500244140625,584.530029296875,583.0,583.8400268554688,1183124,-0.001165388830240656
2026-04-01 14:35:00+00:00,584.4349975585938,585.1300048828125,582.52001953125,583.1500244140625,1472147,0.0022010793888763125
2026-04-01 14:40:00+00:00,584.27001953125,584.6799926757812,583.3900146484375,584.4299926757812,871840,-0.000282326208970007
2026-04-01 14:45:00+00:00,584.9500122070312,585.1400146484375,583.5800170898438,584.2789916992188,959975,0.0011631561793131256
2026-04-01 14:50:00+00:00,585.2550048828125,585.5700073242188,584.480712890625,584.9299926757812,1166298,0.0005212636730027265
2026-04-01 14:55:00+00:00,585.5700073242188,585.7999877929688,584.9000244140625,585.22998046875,1082536,0.0005380862993571479
2026-04-01 15:00:00+00:00,585.5900268554688,586.0900268554688,585.3599853515625,585.5700073242188,901729,3.418752462125849e-05
2026-04-01 15:05:00+00:00,586.0999755859375,586.2050170898438,585.4550170898438,585.5599975585938,946544,0.0008704499681733525
2026-04-01 15:10:00+00:00,585.7100219726562,586.1199951171875,585.6199951171875,586.10498046875,905388,-0.0006655577755582063
2026-04-01 15:15:00+00:00,586.0050048828125,586.0449829101562,585.5,585.719970703125,675714,0.0005035062444831588
2026-04-01 15:20:00+00:00,585.760009765625,586.1599731445312,585.5900268554688,585.97998046875,607954,-0.0004181642525502313
2026-04-01 15:25:00+00:00,585.3099975585938,586.02001953125,585.2949829101562,585.780029296875,804613,-0.0007685488081282108
2026-04-01 15:30:00+00:00,585.5700073242188,585.6599731445312,584.8599853515625,585.3200073242188,768342,0.00044412709895905986
2026-04-01 15:35:00+00:00,586.1199951171875,586.280029296875,585.5576171875,585.5800170898438,893160,0.0009387941046119762
2026-04-01 15:40:00+00:00,586.280029296875,586.35498046875,585.6900024414062,586.0999755859375,740731,0.00027300269080329456
2026-04-01 15:45:00+00:00,586.2650146484375,586.5700073242188,586.0800170898438,586.27001953125,594505,-2.5610356746355212e-05
2026-04-01 15:50:00+00:00,586.5650024414062,586.6599731445312,586.1099853515625,586.27001953125,524325,0.0005115622812165133
2026-04-01 15:55:00+00:00,586.875,587.1799926757812,586.530029296875,586.5650024414062,947723,0.0005283569081680254
2026-04-01 16:00:00+00:00,586.9000244140625,587.1099243164062,586.659912109375,586.8800048828125,572841,4.263920009505188e-05
2026-04-01 16:05:00+00:00,587.1400146484375,587.1900024414062,586.72998046875,586.9099731445312,700997,0.0004088280292540445
2026-04-01 16:10:00+00:00,586.60498046875,587.2000122070312,586.5,587.1500244140625,813139,-0.0009116702843815844
2026-04-01 16:15:00+00:00,587.1099853515625,587.260009765625,586.4400024414062,586.5875244140625,680760,0.0008605239409597127
2026-04-01 16:20:00+00:00,586.8099975585938,587.1099853515625,586.7899780273438,587.094970703125,273850,-0.0005110873038468312
2026-04-01 16:25:00+00:00,586.6649780273438,587.0599975585938,586.5999755859375,586.8400268554688,553939,-0.00024716254714483014
2026-04-01 16:30:00+00:00,586.7100830078125,586.8049926757812,586.27001953125,586.6799926757812,427683,7.68807553335467e-05
2026-04-01 16:35:00+00:00,586.8350219726562,587.0399780273438,586.7000122070312,586.719970703125,425545,0.00021292571505862157
2026-04-01 16:40:00+00:00,587.1799926757812,587.239990234375,586.8049926757812,586.8200073242188,509411,0.0005876768333439384
2026-04-01 16:45:00+00:00,587.1300048828125,587.239990234375,586.878173828125,587.1799926757812,336392,-8.513559980390066e-05
2026-04-01 16:50:00+00:00,587.1900024414062,587.3099975585938,587.0750122070312,587.1599731445312,322724,0.0001021826389259074
2026-04-01 16:55:00+00:00,587.0374145507812,587.25,586.97998046875,587.1699829101562,358698,-0.0002598949560805531
2026-04-01 17:00:00+00:00,587.5900268554688,587.6900024414062,586.9201049804688,587.0499877929688,692715,0.0009409150952507971
2026-04-01 17:05:00+00:00,587.489990234375,587.739013671875,587.4400024414062,587.5800170898438,642769,-0.0001702635052600659
2026-04-01 17:10:00+00:00,587.594970703125,587.6599731445312,587.4299926757812,587.5,405742,0.00017867724040232974
2026-04-01 17:15:00+00:00,587.510009765625,587.6849975585938,587.4500122070312,587.593505859375,453160,-0.00014460144252672653
2026-04-01 17:20:00+00:00,587.5,587.6699829101562,587.3150024414062,587.5150146484375,456582,-1.703775379282988e-05
2026-04-01 17:25:00+00:00,587.3400268554688,587.5399780273438,587.2899780273438,587.510009765625,378960,-0.00027233179303248056
2026-04-01 17:30:00+00:00,586.7449951171875,587.5499877929688,586.719970703125,587.3474731445312,511502,-0.0010136093691517425
2026-04-01 17:35:00+00:00,587.0700073242188,587.27197265625,586.719970703125,586.75,531713,0.0005537707639805984
2026-04-01 17:40:00+00:00,586.8200073242188,587.27001953125,586.6799926757812,587.0800170898438,775963,-0.0004259342879825591
2026-04-01 17:45:00+00:00,586.6500244140625,586.9500122070312,586.5499877929688,586.8499755859375,368415,-0.00028970984643449365
2026-04-01 17:50:00+00:00,586.510009765625,586.7899780273438,586.4000244140625,586.6599731445312,558428,-0.00023869658873977795
2026-04-01 17:55:00+00:00,585.760009765625,586.625,585.7000122070312,586.5349731445312,1184309,-0.001279568853310651
2026-04-01 18:00:00+00:00,584.8599853515625,585.9500122070312,584.510009765625,585.7501220703125,1559952,-0.001537688737861821
2026-04-01 18:05:00+00:00,584.9349975585938,585.27001953125,584.7000122070312,584.8300170898438,1268476,0.00012824846785963916
2026-04-01 18:10:00+00:00,584.7899169921875,585.27001953125,584.77001953125,584.9349975585938,677674,-0.00024805929213860635
2026-04-01 18:15:00+00:00,583.8499755859375,584.7899780273438,583.469970703125,584.760009765625,1493805,-0.0016086077754210349
2026-04-01 18:20:00+00:00,582.969970703125,584.0599975585938,582.77001953125,583.8099975585938,1686106,-0.0015083819100990934
2026-04-01 18:25:00+00:00,583.0250244140625,583.6798095703125,582.7000122070312,582.989990234375,1323852,9.443215658561098e-05
2026-04-01 18:30:00+00:00,582.7849731445312,583.25,582.6199951171875,583.030029296875,1258801,-0.0004118188614380798
2026-04-01 18:35:00+00:00,583.22998046875,583.4954223632812,582.3264770507812,582.7899780273438,1370070,0.0007632961214531493
2026-04-01 18:40:00+00:00,583.6699829101562,584.27001953125,583.1900024414062,583.22998046875,1198322,0.000754139131148104
2026-04-01 18:45:00+00:00,583.3901977539062,583.8099975585938,583.090087890625,583.6699829101562,941244,-0.0004794699814894296
2026-04-01 18:50:00+00:00,583.35498046875,583.4901123046875,582.8800048828125,583.39501953125,516708,-6.0368426326958154e-05
2026-04-01 18:55:00+00:00,583.1699829101562,583.380126953125,582.9749755859375,583.3499755859375,522457,-0.00031717719886392037
2026-04-01 19:00:00+00:00,583.5449829101562,583.8300170898438,583.0599975585938,583.1649780273438,701614,0.0006428305522760432
2026-04-01 19:05:00+00:00,584.0349731445312,584.219970703125,583.5150146484375,583.5599975585938,760129,0.0008393262672921102
2026-04-01 19:10:00+00:00,584.0,584.1799926757812,583.5599975585938,584.0299072265625,711945,-5.988372839141636e-05
2026-04-01 19:15:00+00:00,584.47998046875,584.52001953125,583.7650146484375,584.030029296875,869119,0.0008215468022891326
2026-04-01 19:20:00+00:00,584.635009765625,584.6799926757812,584.2103271484375,584.4650268554688,983502,0.00026520795486949125
2026-04-01 19:25:00+00:00,585.030029296875,585.2999877929688,584.6298828125,584.6300048828125,1261327,0.0006754404604324044
2026-04-01 19:30:00+00:00,584.7050170898438,585.2249755859375,584.4099731445312,585.0399780273438,1112586,-0.0005557022787322573
2026-04-01 19:35:00+00:00,584.9099731445312,585.0374145507812,584.280029296875,584.739990234375,1102689,0.0003504675615422454
2026-04-01 19:40:00+00:00,584.9299926757812,585.510009765625,584.8599853515625,584.9099731445312,682153,3.422610243594339e-05
2026-04-01 19:45:00+00:00,585.0449829101562,585.239990234375,584.7999877929688,584.9299926757812,1043584,0.00019656870812578074
2026-04-01 19:50:00+00:00,584.3800048828125,585.2000122070312,584.0399780273438,585.0700073242188,1817921,-0.0011372736275659435
2026-04-01 19:55:00+00:00,584.2899780273438,584.5399780273438,583.8200073242188,584.3699951171875,3884901,-0.000154067199403277
2026-04-02 13:30:00+00:00,574.5499877929688,575.288818359375,573.9099731445312,573.969970703125,4978279,-0.01681029285482509
2026-04-02 13:35:00+00:00,572.1649780273438,574.5599975585938,572.1099853515625,574.5599975585938,1072973,-0.0041597315388241535
2026-04-02 13:40:00+00:00,572.6699829101562,573.3800048828125,571.9199829101562,572.1950073242188,1316828,0.0008822318199544102
2026-04-02 13:45:00+00:00,574.135009765625,574.6500244140625,572.3300170898438,572.719970703125,1149493,0.00255497257473738
2026-04-02 13:50:00+00:00,575.9500122070312,576.3499755859375,573.9099731445312,574.135009765625,1306818,0.003156295253854417
2026-04-02 13:55:00+00:00,577.1900024414062,577.4262084960938,575.72998046875,575.9500122070312,1285388,0.0021506333950071037
2026-04-02 14:00:00+00:00,576.7000122070312,577.719970703125,576.385009765625,577.2000122070312,1532652,-0.0008492841737193308
2026-04-02 14:05:00+00:00,577.9600219726562,578.3499755859375,576.2349853515625,576.7100219726562,1290201,0.002182478354611503
2026-04-02 14:10:00+00:00,578.030029296875,578.77001953125,577.530029296875,577.9500122070312,921009,0.00012112098063034179
2026-04-02 14:15:00+00:00,579.0900268554688,579.5999755859375,577.9500122070312,578.0399780273438,1076602,0.0018321311595386682
2026-04-02 14:20:00+00:00,579.1370239257812,579.7000122070312,578.8099975585938,579.0999755859375,917920,8.115346694176614e-05
2026-04-02 14:25:00+00:00,578.22998046875,579.2000122070312,578.1400146484375,579.0999755859375,773486,-0.0015674261306760223
2026-04-02 14:30:00+00:00,580.0684204101562,580.3292846679688,577.9700927734375,578.25,873927,0.0031743831879528605
2026-04-02 14:35:00+00:00,584.7000122070312,585.9899291992188,579.989990234375,580.0599975585938,3033844,0.007952853251646621
2026-04-02 14:40:00+00:00,584.489990234375,584.8099975585938,582.5599975585938,584.635009765625,1410863,-0.00035926064108764805
2026-04-02 14:45:00+00:00,582.4700927734375,584.7100219726562,582.4199829101562,584.469970703125,1012144,-0.0034618141744173895
2026-04-02 14:50:00+00:00,582.9998779296875,583.2799072265625,581.3300170898438,582.4500122070312,1001022,0.0009091357238840825
2026-04-02 14:55:00+00:00,583.8300170898438,584.489990234375,582.8900146484375,582.9299926757812,588671,0.0014228968657049564
2026-04-02 15:00:00+00:00,583.5700073242188,583.8800048828125,582.1300048828125,583.8200073242188,840797,-0.0004454510270459983
2026-04-02 15:05:00+00:00,583.5250244140625,583.7449951171875,582.5499877929688,583.5399780273438,398049,-7.708525690748442e-05
2026-04-02 15:10:00+00:00,583.9439697265625,584.739990234375,583.3099975585938,583.4600219726562,520537,0.000717698427256867
2026-04-02 15:15:00+00:00,583.9705810546875,584.489990234375,583.2999877929688,584.010009765625,465304,4.5570676573525075e-05
2026-04-02 15:20:00+00:00,583.3599853515625,584.010009765625,582.510009765625,583.989990234375,521776,-0.0010461402731731149
2026-04-02 15:25:00+00:00,583.9600219726562,584.47998046875,582.6599731445312,583.344970703125,537612,0.0010280585789283578
2026-04-02 15:30:00+00:00,583.6099853515625,584.1400146484375,582.9400024414062,584.0399780273438,390532,-0.0005995985326533099
2026-04-02 15:35:00+00:00,584.030029296875,584.7000122070312,583.469970703125,583.6099853515625,476458,0.0007194751090445372
2026-04-02 15:40:00+00:00,584.0999755859375,584.2899780273438,583.1719970703125,584.030029296875,401835,0.00011975771336019207
2026-04-02 15:45:00+00:00,582.9619750976562,584.1199951171875,582.8499755859375,584.1199951171875,350470,-0.0019501978421826236
2026-04-02 15:50:00+00:00,583.1296997070312,583.3200073242188,581.72998046875,582.9299926757812,509120,0.00028766968181936106
2026-04-02 15:55:00+00:00,582.8703002929688,583.4299926757812,582.469970703125,583.0599975585938,319360,-0.00044493896799646584
2026-04-02 16:00:00+00:00,582.635009765625,583.5800170898438,582.4000244140625,582.8594970703125,317731,-0.00040375711463438746
2026-04-02 16:05:00+00:00,582.4099731445312,582.9000244140625,581.5999755859375,582.6300048828125,281235,-0.00038631405172067344
2026-04-02 16:10:00+00:00,582.2901000976562,582.6799926757812,581.8900146484375,582.4199829101562,343955,-0.00020584363314170797
2026-04-02 16:15:00+00:00,581.3800048828125,582.6099853515625,581.3499755859375,582.2650146484375,357676,-0.0015641811137135533
2026-04-02 16:20:00+00:00,581.3900146484375,582.0,580.969970703125,581.3900146484375,533977,1.7217103050630422e-05
2026-04-02 16:25:00+00:00,581.6998901367188,582.2000122070312,581.1699829101562,581.4000244140625,367570,0.0005328487408208778
2026-04-02 16:30:00+00:00,582.5017700195312,582.9000244140625,581.3599853515625,581.6699829101562,482590,0.001377562044558506
2026-04-02 16:35:00+00:00,582.0999755859375,582.77001953125,581.27001953125,582.5001220703125,497781,-0.0006900117590439813
2026-04-02 16:40:00+00:00,583.0999755859375,583.8499755859375,582.0200805664062,582.0499877929688,676701,0.001716444022348825
2026-04-02 16:45:00+00:00,583.0009155273438,583.469970703125,582.6300048828125,583.1199951171875,382257,-0.0001698996366214807
2026-04-02 16:50:00+00:00,583.219970703125,583.4000244140625,582.6799926757812,583.010009765625,242860,0.00037566670421325567
2026-04-02 16:55:00+00:00,582.52001953125,583.2050170898438,582.47998046875,583.2050170898438,311285,-0.0012008702830042172
2026-04-02 17:00:00+00:00,582.6799926757812,582.8200073242188,581.969970703125,582.52001953125,295909,0.0002745848675943972
2026-04-02 17:05:00+00:00,582.64501953125,582.9199829101562,582.3599853515625,582.6599731445312,276107,-6.0022987879637226e-05
2026-04-02 17:10:00+00:00,583.3499755859375,583.6199951171875,582.4400024414062,582.6500244140625,336907,0.0012091923953968888
2026-04-02 17:15:00+00:00,583.5700073242188,583.9600219726562,583.22998046875,583.3099975585938,385677,0.0003771153877067079
2026-04-02 17:20:00+00:00,583.7308959960938,583.9199829101562,583.3599853515625,583.5599975585938,322063,0.00027565929647821653
2026-04-02 17:25:00+00:00,583.5399169921875,583.9500122070312,583.510009765625,583.760009765625,216069,-0.00032722313191640366
2026-04-02 17:30:00+00:00,583.219970703125,583.6599731445312,583.0402221679688,583.5599975585938,208267,-0.0005484355443757888
2026-04-02 17:35:00+00:00,583.1580200195312,583.219970703125,582.780029296875,583.2100219726562,337217,-0.00010622745652744987
2026-04-02 17:40:00+00:00,582.9299926757812,583.2988891601562,582.6099853515625,583.1599731445312,322702,-0.00039109800319357414
2026-04-02 17:45:00+00:00,581.4099731445312,582.97998046875,581.3400268554688,582.9299926757812,366777,-0.002610956317536526
2026-04-02 17:50:00+00:00,581.9000244140625,581.9199829101562,581.1400146484375,581.35498046875,429027,0.0008425119693759452
2026-04-02 17:55:00+00:00,581.8099975585938,582.1199951171875,581.4500122070312,581.9299926757812,226284,-0.00015472386410447797
2026-04-02 18:00:00+00:00,582.5700073242188,582.5798950195312,581.8150024414062,581.8150024414062,255041,0.0013054327116046613
2026-04-02 18:05:00+00:00,582.69677734375,583.0800170898438,582.4450073242188,582.5700073242188,230701,0.00021758110966398794
2026-04-02 18:10:00+00:00,582.6300048828125,583.0407104492188,582.52001953125,582.7094116210938,227858,-0.00011459868944745943
2026-04-02 18:15:00+00:00,582.6400146484375,582.9199829101562,582.3300170898438,582.6300048828125,205936,1.7180165038889203e-05
2026-04-02 18:20:00+00:00,582.3900146484375,582.719970703125,582.385009765625,582.6699829101562,161823,-0.00042917349347320786
2026-04-02 18:25:00+00:00,582.1799926757812,582.3800048828125,581.989990234375,582.3800048828125,307523,-0.00036068587309012696
2026-04-02 18:30:00+00:00,582.405029296875,582.47998046875,582.0499877929688,582.1959838867188,255599,0.0003864666291405892
2026-04-02 18:35:00+00:00,582.27001953125,582.5,582.0599975585938,582.4000244140625,246969,-0.00023184108969373816
2026-04-02 18:40:00+00:00,582.9500122070312,583.1599731445312,582.1799926757812,582.2000122070312,292297,0.001167149095367839
2026-04-02 18:45:00+00:00,583.0599975585938,583.219970703125,582.780029296875,582.9600219726562,338655,0.0001886525003515966
2026-04-02 18:50:00+00:00,583.2899780273438,583.5399780273438,582.8800048828125,583.0700073242188,307492,0.00039435928588234877
2026-04-02 18:55:00+00:00,582.9641723632812,583.2999877929688,582.8699951171875,583.2999877929688,244873,-0.0005587215658421166
2026-04-02 19:00:00+00:00,583.1790161132812,583.3800048828125,582.9299926757812,583.0,285375,0.0003684689059692966
2026-04-02 19:05:00+00:00,583.5150146484375,583.5900268554688,583.1400146484375,583.1400146484375,318288,0.000575983995094233
2026-04-02 19:10:00+00:00,583.5299072265625,583.9600219726562,583.4400024414062,583.510009765625,293951,2.552185926468997e-05
2026-04-02 19:15:00+00:00,583.280029296875,583.64990234375,583.0700073242188,583.530029296875,345624,-0.00042830957414031416
2026-04-02 19:20:00+00:00,583.1799926757812,583.5700073242188,582.8499755859375,583.27001953125,319040,-0.00017152173148601724
2026-04-02 19:25:00+00:00,583.1290283203125,583.1799926757812,582.840087890625,583.1799926757812,331012,-8.739425758310845e-05
2026-04-02 19:30:00+00:00,583.090087890625,583.3599853515625,582.9099731445312,583.11962890625,257490,-6.678064037998173e-05
2026-04-02 19:35:00+00:00,583.469970703125,583.5050048828125,583.0501098632812,583.0999755859375,255756,0.000651287215140797
2026-04-02 19:40:00+00:00,583.0999755859375,583.6900024414062,583.0900268554688,583.47998046875,488800,-0.0006343299529888551
2026-04-02 19:45:00+00:00,583.27001953125,583.39501953125,582.9700927734375,583.1099853515625,472566,0.00029157805366931635
2026-04-02 19:50:00+00:00,584.530029296875,584.625,583.260009765625,583.260009765625,941675,0.002157921222624894
2026-04-02 19:55:00+00:00,584.9600219726562,585.0900268554688,584.4000244140625,584.530029296875,1749930,0.0007353507534170595
2026-04-06 13:30:00+00:00,588.3400268554688,588.719970703125,586.1300048828125,586.2000122070312,2724424,0.005761551337622764
2026-04-06 13:35:00+00:00,586.9099731445312,588.780029296875,585.72998046875,588.3400268554688,1308322,-0.0024336173864756903
2026-04-06 13:40:00+00:00,587.6998901367188,588.1500244140625,586.1300048828125,586.9199829101562,674642,0.0013449863413544723
2026-04-06 13:45:00+00:00,588.5,589.02001953125,587.6599731445312,587.6799926757812,812512,0.001360500019435512
2026-04-06 13:50:00+00:00,588.9000244140625,589.5999755859375,588.3800048828125,588.5499877929688,845643,0.0006795047072526647
2026-04-06 13:55:00+00:00,589.5501098632812,589.6599731445312,588.47998046875,588.9299926757812,566473,0.0011032889661643547
2026-04-06 14:00:00+00:00,586.8049926757812,590.6099853515625,586.7000122070312,589.5599975585938,1118699,-0.004667165832014896
2026-04-06 14:05:00+00:00,587.4000244140625,587.4400024414062,586.3200073242188,586.77001953125,936334,0.0010135057857109276
2026-04-06 14:10:00+00:00,588.2150268554688,588.3099975585938,586.489990234375,587.3699951171875,669411,0.0013865126532545168
2026-04-06 14:15:00+00:00,588.5900268554688,588.7999877929688,587.9400024414062,588.260009765625,545006,0.0006373188346030263
2026-04-06 14:20:00+00:00,588.7999877929688,589.1500244140625,588.4199829101562,588.5999755859375,331981,0.0003566548673140986
2026-04-06 14:25:00+00:00,588.52001953125,588.9299926757812,588.1300048828125,588.780029296875,473904,-0.0004756026658077646
2026-04-06 14:30:00+00:00,588.530029296875,589.1300048828125,588.231689453125,588.510009765625,586388,1.7008224306579608e-05
2026-04-06 14:35:00+00:00,587.0899047851562,588.9199829101562,586.6712036132812,588.5700073242188,771610,-0.0024499843704951186
2026-04-06 14:40:00+00:00,587.3798828125,588.1099853515625,587.0050048828125,587.0399780273438,748798,0.0004938024567312394
2026-04-06 14:45:00+00:00,586.27001953125,587.4000244140625,586.0800170898438,587.3300170898438,532996,-0.0018913026957489132
2026-04-06 14:50:00+00:00,586.9199829101562,587.2000122070312,586.2899780273438,586.3200073242188,532430,0.0011080275898220678
2026-04-06 14:55:00+00:00,587.1400146484375,587.6286010742188,586.52001953125,586.9199829101562,462938,0.0003748219704527394
2026-04-06 15:00:00+00:00,587.3499755859375,587.8900146484375,586.8200073242188,587.1500244140625,370167,0.0003575355115538329
2026-04-06 15:05:00+00:00,587.5599975585938,587.75,586.8519897460938,587.3300170898438,393942,0.0003575116046230553
2026-04-06 15:10:00+00:00,587.3150024414062,587.5595092773438,586.830078125,587.5399780273438,369063,-0.0004170573392720761
2026-04-06 15:15:00+00:00,587.0999755859375,587.5499877929688,586.9000244140625,587.2650146484375,218392,-0.00036618548280563005
2026-04-06 15:20:00+00:00,586.7199096679688,587.3798828125,586.5900268554688,587.1699829101562,258712,-0.0006475711240284894
2026-04-06 15:25:00+00:00,586.5399780273438,586.9099731445312,586.219970703125,586.6699829101562,212402,-0.00030672086197216424
2026-04-06 15:30:00+00:00,586.344970703125,586.6599731445312,585.8699951171875,586.5399780273438,374067,-0.00033252592460446636
2026-04-06 15:35:00+00:00,586.6199951171875,586.6799926757812,585.8900146484375,586.344970703125,531192,0.00046893884662618465
2026-04-06 15:40:00+00:00,586.8300170898438,586.9299926757812,586.3599853515625,586.5700073242188,153423,0.00035795640668808467
2026-04-06 15:45:00+00:00,587.1300048828125,587.2999877929688,586.6599731445312,586.8250122070312,498943,0.0005110698727103163
2026-04-06 15:50:00+00:00,587.6099853515625,587.75,586.969970703125,587.0800170898438,232895,0.0008171689045228905
2026-04-06 15:55:00+00:00,587.530029296875,587.619873046875,587.1300048828125,587.5900268554688,264618,-0.00013607919705605143
2026-04-06 16:00:00+00:00,586.9400024414062,587.6599731445312,586.9299926757812,587.5549926757812,173925,-0.0010047542962556336
2026-04-06 16:05:00+00:00,586.6701049804688,587.25,586.6699829101562,586.9199829101562,237098,-0.00045994400353020006
2026-04-06 16:10:00+00:00,587.0886840820312,587.1699829101562,586.5900268554688,586.6898803710938,197936,0.0007132285154446662
2026-04-06 16:15:00+00:00,587.0098876953125,587.298828125,586.8250122070312,587.0900268554688,199988,-0.00013422448290308832
2026-04-06 16:20:00+00:00,587.1849975585938,587.3800048828125,586.8699951171875,586.9899291992188,119895,0.00029826371546750127
2026-04-06 16:25:00+00:00,587.2744750976562,587.530029296875,587.1500244140625,587.1500244140625,379901,0.00015237228924247265
2026-04-06 16:30:00+00:00,587.5800170898438,587.6099853515625,587.0399780273438,587.280029296875,278119,0.0005201358995649154
2026-04-06 16:35:00+00:00,587.6599731445312,588.0999755859375,587.5399780273438,587.5850219726562,307835,0.00013606762103961193
2026-04-06 16:40:00+00:00,587.8200073242188,587.8701171875,587.469970703125,587.6900024414062,138265,0.00027228737764200986
2026-04-06 16:45:00+00:00,587.9299926757812,588.0526123046875,587.7100219726562,587.8099975585938,123054,0.00018708969063719547
2026-04-06 16:50:00+00:00,587.52001953125,588.02001953125,587.1699829101562,587.9598999023438,259701,-0.0006975594995920225
2026-04-06 16:55:00+00:00,587.2100219726562,587.6400146484375,587.0599975585938,587.5250244140625,253419,-0.0005277766888342378
2026-04-06 17:00:00+00:00,586.489990234375,587.2799072265625,585.97998046875,587.2091064453125,555443,-0.001226943547959447
2026-04-06 17:05:00+00:00,586.4749755859375,586.7899780273438,586.1199951171875,586.489990234375,274759,-2.5601188229568797e-05
2026-04-06 17:10:00+00:00,585.260009765625,586.5399780273438,584.6900024414062,586.5,946032,-0.0020737901845134373
2026-04-06 17:15:00+00:00,585.8250122070312,585.9550170898438,585.0449829101562,585.25,371290,0.0009649213757218068
2026-04-06 17:20:00+00:00,586.77001953125,586.7999877929688,585.3400268554688,585.7899780273438,343219,0.0016118225017715893
2026-04-06 17:25:00+00:00,587.1500244140625,587.280029296875,586.5900268554688,586.77001953125,374715,0.0006474118881357107
2026-04-06 17:30:00+00:00,587.260009765625,587.7899780273438,586.9500122070312,587.1599731445312,401870,0.00018730315423577418
2026-04-06 17:35:00+00:00,586.9998779296875,587.5195922851562,586.8400268554688,587.2141723632812,216916,-0.0004430566741121255
2026-04-06 17:40:00+00:00,586.8040161132812,587.010009765625,586.5499877929688,586.8800048828125,349805,-0.00033372153426645696
2026-04-06 17:45:00+00:00,586.5501098632812,586.7999877929688,586.2949829101562,586.780029296875,234916,-0.00043278708165245516
2026-04-06 17:50:00+00:00,586.3200073242188,586.6500244140625,586.1300048828125,586.5700073242188,175614,-0.00039237514647647004
2026-04-06 17:55:00+00:00,586.0999755859375,586.5399780273438,586.0800170898438,586.3499755859375,180096,-0.00037534628217161
2026-04-06 18:00:00+00:00,585.7999877929688,586.239990234375,585.7100219726562,586.135009765625,376687,-0.000511968271858801
2026-04-06 18:05:00+00:00,586.3701171875,586.4398803710938,585.780029296875,585.780029296875,324506,0.0009727759427883818
2026-04-06 18:10:00+00:00,587.0900268554688,587.6099853515625,586.3599853515625,586.3800048828125,393079,0.0012269862967936036
2026-04-06 18:15:00+00:00,587.7775268554688,587.9000244140625,587.0499877929688,587.0499877929688,436280,0.0011703448210842655
2026-04-06 18:20:00+00:00,588.2100219726562,588.4949951171875,587.52001953125,587.77001953125,522388,0.0007355437344854596
2026-04-06 18:25:00+00:00,587.97998046875,588.4010009765625,587.6599731445312,588.22998046875,361384,-0.00039116385339436774
2026-04-06 18:30:00+00:00,587.77001953125,588.344970703125,587.5399780273438,587.97998046875,293503,-0.0003571523533605845
2026-04-06 18:35:00+00:00,587.7150268554688,588.02001953125,587.7150268554688,587.77001953125,140037,-9.35659300650757e-05
2026-04-06 18:40:00+00:00,587.8399047851562,587.8800048828125,587.6201782226562,587.72998046875,188692,0.00021245783892549666
2026-04-06 18:45:00+00:00,587.9500732421875,588.1599731445312,587.739990234375,587.8800048828125,136344,0.00018739478888641958
2026-04-06 18:50:00+00:00,588.1400146484375,588.25,587.9299926757812,587.9749755859375,172664,0.00032300486137435926
2026-04-06 18:55:00+00:00,588.2000122070312,588.260009765625,588.0700073242188,588.1300048828125,191107,0.00010200717016520883
2026-04-06 19:00:00+00:00,588.2390747070312,588.2849731445312,587.989990234375,588.22998046875,165882,6.640802817403332e-05
2026-04-06 19:05:00+00:00,587.8800048828125,588.280029296875,587.8300170898438,588.219970703125,284403,-0.0006106011569850426
2026-04-06 19:10:00+00:00,588.0501098632812,588.0800170898438,587.7100219726562,587.8699951171875,236326,0.00028931137917493765
2026-04-06 19:15:00+00:00,587.9299926757812,588.1400146484375,587.7755737304688,588.0499877929688,160915,-0.00020428438824498062
2026-04-06 19:20:00+00:00,587.9199829101562,588.14501953125,587.8250122070312,587.9550170898438,158017,-1.702558291118401e-05
2026-04-06 19:25:00+00:00,587.85498046875,588.0700073242188,587.8300170898438,587.9199829101562,174101,-0.00011056952817855773
2026-04-06 19:30:00+00:00,588.0100708007812,588.1099853515625,587.7600708007812,587.85498046875,268291,0.0002637893400491692
2026-04-06 19:35:00+00:00,588.030029296875,588.1599731445312,587.9199829101562,588.0189208984375,290811,3.394186319660706e-05
2026-04-06 19:40:00+00:00,588.0499877929688,588.0999755859375,587.6400146484375,588.02001953125,287905,3.3940711185697515e-05
2026-04-06 19:45:00+00:00,588.5449829101562,588.5700073242188,587.97998046875,588.010009765625,368575,0.0008414027914715401
2026-04-06 19:50:00+00:00,588.135009765625,588.8300170898438,588.0700073242188,588.5499877929688,617810,-0.0006968303424421453
2026-04-06 19:55:00+00:00,588.530029296875,588.6500244140625,587.8900146484375,587.9199829101562,1075641,0.0006714222535319216
2026-04-07 13:30:00+00:00,585.1599731445312,586.0800170898438,584.5499877929688,586.0800170898438,3464289,-0.005742684025462282
2026-04-07 13:35:00+00:00,584.9099731445312,586.0900268554688,584.6599731445312,585.1300048828125,691356,-0.000427324887024436
2026-04-07 13:40:00+00:00,584.5449829101562,585.4000244140625,584.3480834960938,584.9099731445312,662867,-0.0006242057367602103
2026-04-07 13:45:00+00:00,583.8099975585938,584.697998046875,583.3599853515625,584.5599975585938,812284,-0.0012581543465865824
2026-04-07 13:50:00+00:00,584.5750122070312,584.6799926757812,583.3400268554688,583.7899780273438,629434,0.0013095251160660857
2026-04-07 13:55:00+00:00,582.6900024414062,584.7578125,582.6599731445312,584.5382080078125,505578,-0.003229791659307501
2026-04-07 14:00:00+00:00,581.6900024414062,582.9099731445312,581.52001953125,582.6699829101562,856051,-0.0017176527279194466
2026-04-07 14:05:00+00:00,580.2899780273438,581.719970703125,579.6900024414062,581.7100219726562,1335611,-0.0024097232569626854
2026-04-07 14:10:00+00:00,580.6699829101562,580.8599853515625,580.1500244140625,580.2750244140625,836217,0.0006546391075823041
2026-04-07 14:15:00+00:00,581.1300048828125,581.469970703125,580.5601196289062,580.655029296875,638508,0.0007919125521271396
2026-04-07 14:20:00+00:00,582.6699829101562,582.969970703125,581.080078125,581.2000122070312,761710,0.0026464666477105533
2026-04-07 14:25:00+00:00,582.3735961914062,582.7100219726562,581.6300048828125,582.6849975585938,633131,-0.0005087993796293114
2026-04-07 14:30:00+00:00,582.5,583.239990234375,581.7999877929688,582.4299926757812,493777,0.00021702579490705143
2026-04-07 14:35:00+00:00,581.9400024414062,582.6199951171875,581.5999755859375,582.481201171875,452980,-0.0009618316110606176
2026-04-07 14:40:00+00:00,581.5700073242188,582.1500244140625,581.2202758789062,581.9237060546875,321516,-0.0006359981891926178
2026-04-07 14:45:00+00:00,581.6900024414062,582.739990234375,581.360107421875,581.5700073242188,513841,0.00020630833451803227
2026-04-07 14:50:00+00:00,581.3499755859375,581.780029296875,580.9600219726562,581.6699829101562,506511,-0.0005847208549672365
2026-04-07 14:55:00+00:00,580.0250244140625,581.3400268554688,579.97998046875,581.3400268554688,522931,-0.0022816949679431812
2026-04-07 15:00:00+00:00,579.24951171875,580.1699829101562,579.1199951171875,580.030029296875,673723,-0.0013379277933308722
2026-04-07 15:05:00+00:00,579.0198974609375,579.0499877929688,578.4099731445312,578.739990234375,698279,-0.00039647815784577526
2026-04-07 15:10:00+00:00,579.9000244140625,580.260009765625,579.010009765625,579.010009765625,664514,0.0015188747828305746
2026-04-07 15:15:00+00:00,580.989990234375,581.8800048828125,579.75,579.9500122070312,830701,0.0018778112083713298
2026-04-07 15:20:00+00:00,580.4556884765625,581.0499877929688,580.4099731445312,580.9749755859375,219488,-0.0009200633405373965
2026-04-07 15:25:00+00:00,581.3900146484375,581.4600219726562,580.4299926757812,580.4500122070312,254140,0.0016083484593010526
2026-04-07 15:30:00+00:00,581.5700073242188,581.7999877929688,580.9299926757812,581.3800048828125,303172,0.0003095423296031621
2026-04-07 15:35:00+00:00,581.2000122070312,582.0499877929688,580.9515991210938,581.510009765625,488572,-0.000636402940323926
2026-04-07 15:40:00+00:00,581.1099853515625,581.5050048828125,580.8300170898438,581.1799926757812,280563,-0.00015491023193107742
2026-04-07 15:45:00+00:00,581.6580810546875,581.752685546875,581.0800170898438,581.1300048828125,135344,0.0009427430277010858
2026-04-07 15:50:00+00:00,581.8599853515625,581.9600219726562,581.22998046875,581.77001953125,188520,0.00034705829626726714
2026-04-07 15:55:00+00:00,582.4000244140625,582.97998046875,581.77001953125,581.8300170898438,410543,0.0009276950109097786
2026-04-07 16:00:00+00:00,584.0800170898438,585.5399780273438,582.3599853515625,582.4550170898438,939194,0.0028804502050272735
2026-04-07 16:05:00+00:00,583.3250122070312,584.3250122070312,583.3001098632812,584.0599975585938,445851,-0.0012934756474922197
2026-04-07 16:10:00+00:00,583.6300048828125,583.9199829101562,583.25,583.3499145507812,295003,0.0005227154059226203
2026-04-07 16:15:00+00:00,583.719970703125,584.1699829101562,583.3599853515625,583.6300048828125,249107,0.00015413684391506473
2026-04-07 16:20:00+00:00,584.4901123046875,585.280029296875,583.469970703125,583.7100219726562,695257,0.0013184986576213827
2026-04-07 16:25:00+00:00,584.4000244140625,585.0260009765625,584.1799926757812,584.4500122070312,352143,-0.00015414261438853106
2026-04-07 16:30:00+00:00,584.75,584.780029296875,584.1500244140625,584.3800048828125,202702,0.0005986838114572971
2026-04-07 16:35:00+00:00,584.3104858398438,584.8800048828125,584.0435180664062,584.7686157226562,214104,-0.0007519100785410289
2026-04-07 16:40:00+00:00,584.75,584.8350219726562,584.1599731445312,584.3300170898438,263714,0.0007519100785410734
2026-04-07 16:45:00+00:00,585.1506958007812,585.6199951171875,584.7349853515625,584.780029296875,329905,0.0006850082539278027
2026-04-07 16:50:00+00:00,585.219970703125,585.4498901367188,584.9600219726562,585.1500244140625,222554,0.00011838113241786764
2026-04-07 16:55:00+00:00,584.6900024414062,585.2150268554688,584.6199951171875,585.2150268554688,269097,-0.000905998427461218
2026-04-07 17:00:00+00:00,585.1900024414062,585.5,584.4000244140625,584.6799926757812,463491,0.0008547885737980707
2026-04-07 17:05:00+00:00,584.97998046875,585.364990234375,584.9000244140625,585.1699829101562,208435,-0.00035895977162066396
2026-04-07 17:10:00+00:00,584.6699829101562,585.1156005859375,584.5800170898438,584.9500122070312,168830,-0.0005300689532048293
2026-04-07 17:15:00+00:00,584.4802856445312,584.9199829101562,584.2899780273438,584.6400146484375,732117,-0.00032450450962848544
2026-04-07 17:20:00+00:00,584.2750244140625,584.52001953125,583.9000244140625,584.5050048828125,307411,-0.0003512475722036117
2026-04-07 17:25:00+00:00,584.3200073242188,584.5180053710938,583.9000244140625,584.2899780273438,228663,7.698631083787302e-05
2026-04-07 17:30:00+00:00,585.3200073242188,585.409912109375,584.2108154296875,584.3400268554688,342052,0.0017099282362619459
2026-04-07 17:35:00+00:00,586.0499877929688,586.97998046875,585.3350219726562,585.3499755859375,589368,0.0012463706024420159
2026-04-07 17:40:00+00:00,585.3599853515625,586.0800170898438,585.2318115234375,586.0549926757812,413887,-0.0011780717887450265
2026-04-07 17:45:00+00:00,585.4550170898438,585.4979858398438,585.0225219726562,585.3499755859375,272014,0.0001623343368367305
2026-04-07 17:50:00+00:00,585.6002197265625,585.919921875,585.3400268554688,585.469970703125,323416,0.00024798597520921735
2026-04-07 17:55:00+00:00,585.22998046875,585.6500244140625,585.010009765625,585.5750122070312,206487,-0.0006324388798501668
2026-04-07 18:00:00+00:00,585.1099853515625,585.5399169921875,585.0499877929688,585.25,149713,-0.00020506027498404047
2026-04-07 18:05:00+00:00,584.8300170898438,585.1298828125,584.6300048828125,585.1199951171875,209490,-0.0004786027770289643
2026-04-07 18:10:00+00:00,584.8800048828125,585.0,584.5800170898438,584.8400268554688,323909,8.547040216836313e-05
2026-04-07 18:15:00+00:00,585.1400756835938,585.2492065429688,584.739990234375,584.8599853515625,151525,0.0004445578488508964
2026-04-07 18:20:00+00:00,584.4500122070312,585.239990234375,584.35498046875,585.0999755859375,280198,-0.0011800092421758769
2026-04-07 18:25:00+00:00,584.469970703125,584.72998046875,584.2999877929688,584.47998046875,225345,3.4148609635427595e-05
2026-04-07 18:30:00+00:00,584.52001953125,584.7100219726562,584.239990234375,584.45068359375,148589,8.56274708487095e-05
2026-04-07 18:35:00+00:00,584.3099975585938,584.6199951171875,584.147705078125,584.510009765625,152634,-0.0003593712889740419
2026-04-07 18:40:00+00:00,583.8150024414062,584.3699951171875,583.510009765625,584.3300170898438,481246,-0.0008475037291651725
2026-04-07 18:45:00+00:00,583.3499755859375,583.889892578125,583.239990234375,583.8101196289062,215519,-0.0007968485840983925
2026-04-07 18:50:00+00:00,582.5399780273438,583.4000244140625,582.3099975585938,583.3400268554688,593896,-0.0013894925269826064
2026-04-07 18:55:00+00:00,582.260009765625,582.5900268554688,581.6599731445312,582.5300903320312,778238,-0.0004807147493891281
2026-04-07 19:00:00+00:00,582.52001953125,582.9099731445312,582.0,582.22998046875,378062,0.00044645300126026737
2026-04-07 19:05:00+00:00,582.3099975585938,582.9600219726562,581.8300170898438,582.52001953125,689306,-0.0003606053618996397
2026-04-07 19:10:00+00:00,583.0098876953125,583.0750122070312,582.260009765625,582.27001953125,914270,0.0012011984515666106
2026-04-07 19:15:00+00:00,585.8900146484375,586.3099975585938,582.8499755859375,583.010009765625,928713,0.004927937415172602
2026-04-07 19:20:00+00:00,585.239990234375,586.9400024414062,584.5399780273438,585.8400268554688,1310806,-0.0011100808246792824
2026-04-07 19:25:00+00:00,585.0499877929688,585.302001953125,584.3699951171875,585.1900024414062,673735,-0.00032471002340116656
2026-04-07 19:30:00+00:00,584.9199829101562,585.1900024414062,584.739990234375,584.9600219726562,349699,-0.00022223627375569956
2026-04-07 19:35:00+00:00,584.7000732421875,584.9600219726562,584.4199829101562,584.9000244140625,317954,-0.00037603608009852786
2026-04-07 19:40:00+00:00,585.6077880859375,586.0150146484375,584.5599975585938,584.7000122070312,481045,0.0015512414395699539
2026-04-07 19:45:00+00:00,586.6300048828125,588.0,585.1901245117188,585.5900268554688,1646818,0.0017440438486317502
2026-04-07 19:50:00+00:00,587.619873046875,588.0,586.719970703125,586.719970703125,1124034,0.0016859586994876035
2026-04-07 19:55:00+00:00,588.719970703125,588.97998046875,587.5700073242188,587.5700073242188,1568254,0.0018703744207950528
2026-04-08 13:30:00+00:00,607.75,609.8800048828125,607.0700073242188,608.7100219726562,6840968,0.0318129743415727
2026-04-08 13:35:00+00:00,606.8187255859375,608.2000122070312,606.5499877929688,607.72998046875,1400706,-0.0015335066298785038
2026-04-08 13:40:00+00:00,606.2349853515625,606.9650268554688,606.0,606.8200073242188,2052728,-0.0009624310517668034
2026-04-08 13:45:00+00:00,607.530029296875,607.719970703125,606.1500244140625,606.219970703125,1471962,0.002133929419805367
2026-04-08 13:50:00+00:00,605.77001953125,607.52001953125,605.5499877929688,607.52001953125,1567408,-0.0029011966196101292
2026-04-08 13:55:00+00:00,605.780029296875,606.29931640625,605.4099731445312,605.72998046875,1692891,1.6523899503544475e-05
2026-04-08 14:00:00+00:00,605.9359741210938,606.3300170898438,605.5900268554688,605.77001953125,800822,0.00025739500780686236
2026-04-08 14:05:00+00:00,605.6751708984375,606.1099853515625,604.8599853515625,605.9600219726562,1450962,-0.00043050648346432623
2026-04-08 14:10:00+00:00,605.6751708984375,605.969970703125,605.2149047851562,605.6900024414062,1159867,0.0
2026-04-08 14:15:00+00:00,605.35498046875,606.0599975585938,605.0599975585938,605.6900024414062,935045,-0.000528790198636991
2026-04-08 14:20:00+00:00,605.7100219726562,606.030029296875,605.260009765625,605.3699951171875,507586,0.0005863294098367021
2026-04-08 14:25:00+00:00,605.1500244140625,605.760009765625,605.0800170898438,605.7100219726562,649122,-0.0009249584213968078
2026-04-08 14:30:00+00:00,605.0449829101562,605.4299926757812,604.5599975585938,605.2000122070312,691392,-0.00017359434394348896
2026-04-08 14:35:00+00:00,604.9249877929688,605.3200073242188,604.52001953125,605.0560913085938,862810,-0.00019834395974494128
2026-04-08 14:40:00+00:00,604.6199951171875,605.2999877929688,604.5399780273438,604.9199829101562,555316,-0.0005043097802141134
2026-04-08 14:45:00+00:00,604.5800170898438,604.760009765625,603.8599853515625,604.6300048828125,1029995,-6.612310114904005e-05
2026-04-08 14:50:00+00:00,604.010009765625,604.7000122070312,603.5700073242188,604.5999755859375,501123,-0.0009432600862427481
2026-04-08 14:55:00+00:00,603.6900024414062,603.989990234375,602.1300048828125,603.989990234375,1339725,-0.0005299450666117481
2026-04-08 15:00:00+00:00,604.530029296875,604.9199829101562,603.6500244140625,603.7100219726562,793836,0.0013905198867009989
2026-04-08 15:05:00+00:00,603.6099853515625,604.7100219726562,603.6099853515625,604.4949951171875,667634,-0.0015230753257301115
2026-04-08 15:10:00+00:00,604.4000244140625,604.52001953125,603.35009765625,603.6199951171875,468754,0.0013080010409696108
2026-04-08 15:15:00+00:00,604.7150268554688,604.7667236328125,603.969970703125,604.4000244140625,357315,0.0005210462779405829
2026-04-08 15:20:00+00:00,604.5449829101562,604.7899780273438,604.1500244140625,604.7100219726562,312910,-0.0002812363677952738
2026-04-08 15:25:00+00:00,604.1699829101562,604.5999755859375,604.0999755859375,604.5599975585938,484944,-0.0006204937022139291
2026-04-08 15:30:00+00:00,604.780029296875,604.8099975585938,604.0,604.2100219726562,510391,0.001009216977273781
2026-04-08 15:35:00+00:00,605.25,605.3699951171875,604.6201171875,604.780029296875,870900,0.0007767918404967696
2026-04-08 15:40:00+00:00,605.27001953125,605.2849731445312,604.719970703125,605.22998046875,434020,3.307591932207318e-05
2026-04-08 15:45:00+00:00,605.7999877929688,605.8599853515625,605.280029296875,605.2849731445312,614086,0.000875206705380783
2026-04-08 15:50:00+00:00,605.8099975585938,605.989990234375,605.739990234375,605.8098754882812,481154,1.652308209114635e-05
2026-04-08 15:55:00+00:00,605.7899780273438,606.0399780273438,605.719970703125,605.7999877929688,382813,-3.3046437199081295e-05
2026-04-08 16:00:00+00:00,606.3350219726562,606.7000122070312,605.760009765625,605.780029296875,731622,0.0008993197600038695
2026-04-08 16:05:00+00:00,606.2100219726562,606.4199829101562,606.109619140625,606.3400268554688,245533,-0.00020617790830452896
2026-04-08 16:10:00+00:00,605.8599853515625,606.3826293945312,605.8400268554688,606.2100219726562,334311,-0.0005775848403304828
2026-04-08 16:15:00+00:00,605.7802734375,606.030029296875,605.4099731445312,605.8599853515625,444182,-0.00013157686631702018
2026-04-08 16:20:00+00:00,606.010009765625,606.1099853515625,605.5599975585938,605.7899780273438,310985,0.00037916846514083767
2026-04-08 16:25:00+00:00,606.2000122070312,606.280029296875,605.7899780273438,606.010009765625,568104,0.000313481062717308
2026-04-08 16:30:00+00:00,606.583984375,606.6199951171875,606.0499877929688,606.2100219726562,209189,0.0006332078620437839
2026-04-08 16:35:00+00:00,606.7603149414062,606.7899169921875,606.489990234375,606.5609130859375,347688,0.0002906521549520472
2026-04-08 16:40:00+00:00,607.0900268554688,607.2349853515625,606.75,606.77001953125,435375,0.0005432497084989513
2026-04-08 16:45:00+00:00,607.2901000976562,607.4199829101562,607.030029296875,607.0800170898438,457809,0.00032950678219624796
2026-04-08 16:50:00+00:00,607.4600219726562,607.5,607.260009765625,607.2999877929688,295650,0.0002797643285167056
2026-04-08 16:55:00+00:00,607.3499755859375,607.7050170898438,607.25,607.469970703125,351068,-0.00018117464828396366
2026-04-08 17:00:00+00:00,607.280029296875,607.6900024414062,607.2550048828125,607.3499755859375,357968,-0.00011517299730555749
2026-04-08 17:05:00+00:00,606.9600219726562,607.3099975585938,606.8599853515625,607.2899780273438,267123,-0.0005270907203118392
2026-04-08 17:10:00+00:00,606.9000244140625,607.125,606.7999877929688,606.9498901367188,227457,-9.885416168228257e-05
2026-04-08 17:15:00+00:00,606.6199951171875,607.0499267578125,606.4600219726562,606.89501953125,413276,-0.0004615157514312488
2026-04-08 17:20:00+00:00,606.1599731445312,606.8300170898438,606.030029296875,606.6099853515625,490955,-0.0007586239990060303
2026-04-08 17:25:00+00:00,605.89501953125,606.3422241210938,605.6600952148438,606.1799926757812,655940,-0.00043719735342475003
2026-04-08 17:30:00+00:00,606.0599975585938,606.2999877929688,605.8378295898438,605.8800048828125,260277,0.0002722510753887126
2026-04-08 17:35:00+00:00,606.02001953125,606.2999877929688,605.4949951171875,606.0598754882812,471658,-6.596598705459712e-05
2026-04-08 17:40:00+00:00,606.1699829101562,606.280029296875,605.8800048828125,605.9957275390625,367704,0.00024742553456018167
2026-04-08 17:45:00+00:00,606.0499877929688,606.3275756835938,606.0,606.1599731445312,295807,-0.0001979758137622432
2026-04-08 17:50:00+00:00,606.0399780273438,606.22998046875,606.0050048828125,606.0700073242188,460448,-1.651653904827021e-05
2026-04-08 17:55:00+00:00,606.2039184570312,606.219970703125,605.9600219726562,606.02001953125,550627,0.0002704743346820211
2026-04-08 18:00:00+00:00,606.8049926757812,606.8049926757812,605.8388061523438,606.2000122070312,641504,0.0009910467473569786
2026-04-08 18:05:00+00:00,607.0599975585938,607.0999755859375,606.6900024414062,606.7899780273438,510232,0.00042015362270979756
2026-04-08 18:10:00+00:00,606.8499755859375,607.0999755859375,606.6900024414062,607.0700073242188,518412,-0.0003460256187001914
2026-04-08 18:15:00+00:00,605.25,607.0900268554688,604.72998046875,606.8419799804688,696522,-0.0026400075033992695
2026-04-08 18:20:00+00:00,605.469970703125,605.8499755859375,605.02001953125,605.1599731445312,938131,0.00036337173065324995
2026-04-08 18:25:00+00:00,605.239990234375,605.719970703125,605.1110229492188,605.4600219726562,698633,-0.0003799101005793681
2026-04-08 18:30:00+00:00,605.3400268554688,605.6599731445312,605.1500244140625,605.219970703125,284997,0.00016527056437286376
2026-04-08 18:35:00+00:00,604.9400024414062,605.5499877929688,604.9000244140625,605.3499755859375,320343,-0.0006610444177315908
2026-04-08 18:40:00+00:00,604.3298950195312,604.9450073242188,604.239990234375,604.9450073242188,627803,-0.001009050956982963
2026-04-08 18:45:00+00:00,603.9550170898438,604.6300048828125,603.9400024414062,604.3200073242188,505759,-0.0006205124933018059
2026-04-08 18:50:00+00:00,603.780029296875,604.219970703125,603.780029296875,603.969970703125,555930,-0.0002897784488688436
2026-04-08 18:55:00+00:00,602.7852783203125,603.77197265625,602.6699829101562,603.760009765625,805343,-0.0016488974043346425
2026-04-08 19:00:00+00:00,603.0800170898438,603.4299926757812,602.5599975585938,602.72998046875,856857,0.0004888419569291206
2026-04-08 19:05:00+00:00,603.3900146484375,603.6400146484375,602.8300170898438,603.0900268554688,449281,0.0005138918618132758
2026-04-08 19:10:00+00:00,604.1199951171875,604.2100219726562,603.4099731445312,603.4199829101562,818343,0.0012090675054828122
2026-04-08 19:15:00+00:00,603.4400024414062,604.219970703125,603.239990234375,604.1099853515625,341341,-0.0011262260244301642
2026-04-08 19:20:00+00:00,603.2000122070312,603.4500122070312,602.9000244140625,603.4500122070312,664131,-0.0003977826603229946
2026-04-08 19:25:00+00:00,602.9400024414062,603.5800170898438,602.8629760742188,603.25,571424,-0.00043114359277511956
2026-04-08 19:30:00+00:00,603.7999877929688,603.8283081054688,602.885009765625,602.885009765625,632925,0.0014253037176353161
2026-04-08 19:35:00+00:00,604.1079711914062,604.3499755859375,603.75,603.8099975585938,966222,0.0005099451540505448
2026-04-08 19:40:00+00:00,604.2650146484375,604.3200073242188,603.5900268554688,604.0700073242188,461304,0.0002599254696285669
2026-04-08 19:45:00+00:00,604.780029296875,604.8499755859375,604.22998046875,604.25,959767,0.0008519362982649167
2026-04-08 19:50:00+00:00,604.909912109375,605.1199951171875,604.6199951171875,604.780029296875,875738,0.00021473736129121938
2026-04-08 19:55:00+00:00,605.9199829101562,606.1300048828125,604.7100219726562,604.9099731445312,2192669,0.0016683946097362052
2026-04-09 13:30:00+00:00,604.6199951171875,606.4199829101562,604.469970703125,606.0399780273438,2595512,-0.0021477825041694536
2026-04-09 13:35:00+00:00,605.510009765625,605.8400268554688,604.510009765625,604.6400146484375,530703,0.0014709408168064168
2026-04-09 13:40:00+00:00,606.4400024414062,606.6400146484375,605.0499877929688,605.5050048828125,548484,0.0015347049778454628
2026-04-09 13:45:00+00:00,605.869873046875,606.6699829101562,605.4500122070312,606.4600219726562,610512,-0.0009405671736078151
2026-04-09 13:50:00+00:00,604.4749755859375,605.7501831054688,604.3300170898438,605.7301025390625,771816,-0.0023049597477699363
2026-04-09 13:55:00+00:00,604.6849975585938,604.9299926757812,604.1199951171875,604.4619750976562,647129,0.0003473849274419869
2026-04-09 14:00:00+00:00,604.8496704101562,605.030029296875,604.2000732421875,604.760009765625,563317,0.0002722912487601628
2026-04-09 14:05:00+00:00,604.3566284179688,605.3250122070312,604.3300170898438,604.8001098632812,403068,-0.0008154804022910451
2026-04-09 14:10:00+00:00,604.27001953125,605.1199951171875,604.02001953125,604.3200073242188,398147,-0.00014331785090783376
2026-04-09 14:15:00+00:00,603.6995239257812,604.27001953125,603.3900146484375,604.2100219726562,730299,-0.0009445530327718292
2026-04-09 14:20:00+00:00,603.9400024414062,604.1599731445312,603.540771484375,603.6900024414062,485367,0.0003982620865797616
2026-04-09 14:25:00+00:00,603.5349731445312,603.9400024414062,603.0900268554688,603.9299926757812,487660,-0.0006708699066318371
2026-04-09 14:30:00+00:00,603.4000244140625,603.6705932617188,603.0499877929688,603.5250244140625,482023,-0.0002236222021965862
2026-04-09 14:35:00+00:00,603.6099853515625,603.6799926757812,603.030029296875,603.4099731445312,376049,0.0003479025657103835
2026-04-09 14:40:00+00:00,603.6699829101562,603.9299926757812,603.4500122070312,603.5999755859375,318116,9.939294980523797e-05
2026-04-09 14:45:00+00:00,604.260009765625,604.4199829101562,603.64990234375,603.6500244140625,294680,0.0009769223481031037
2026-04-09 14:50:00+00:00,604.8499755859375,604.905029296875,604.1699829101562,604.260009765625,371407,0.0009758679926219744
2026-04-09 14:55:00+00:00,604.9749755859375,605.25,604.5800170898438,604.8499755859375,331171,0.00020664146548420048
2026-04-09 15:00:00+00:00,604.7100219726562,605.0399780273438,604.38671875,604.9199829101562,336317,-0.00043805390337625535
2026-04-09 15:05:00+00:00,604.6387939453125,604.8400268554688,604.3790283203125,604.7412719726562,158718,-0.00011779567067596423
2026-04-09 15:10:00+00:00,605.77001953125,605.8800048828125,604.6005249023438,604.6099853515625,391641,0.0018691633813239699
2026-04-09 15:15:00+00:00,606.364990234375,606.4401245117188,605.7427978515625,605.7427978515625,683147,0.0009816905643570235
2026-04-09 15:20:00+00:00,606.1599731445312,606.510009765625,605.9099731445312,606.3599853515625,329277,-0.00033816556028034076
2026-04-09 15:25:00+00:00,605.3699951171875,606.1300048828125,605.27001953125,606.1300048828125,366845,-0.0013041000387886946
2026-04-09 15:30:00+00:00,606.9500732421875,607.6900024414062,605.15087890625,605.3300170898438,1093098,0.002606702736257052
2026-04-09 15:35:00+00:00,606.6500244140625,607.4500122070312,606.1599731445312,606.9349975585938,540936,-0.0004944772743808882
2026-04-09 15:40:00+00:00,607.030029296875,607.4299926757812,606.6199951171875,606.6199951171875,407897,0.0006262027526417559
2026-04-09 15:45:00+00:00,607.6300048828125,608.27001953125,606.6199951171875,607.0300903320312,518346,0.0009878906325210966
2026-04-09 15:50:00+00:00,608.2650146484375,608.2999877929688,607.5,607.6199951171875,418156,0.0010445142272286607
2026-04-09 15:55:00+00:00,608.5700073242188,608.760009765625,608.22998046875,608.260009765625,591475,0.0005012884682981159
2026-04-09 16:00:00+00:00,609.708984375,610.3599853515625,608.5399780273438,608.5700073242188,1003604,0.0018698137132511468
2026-04-09 16:05:00+00:00,609.4500122070312,610.0,609.27001953125,609.6900024414062,565575,-0.00042483740445644675
2026-04-09 16:10:00+00:00,609.0,609.7999877929688,609.0,609.4500122070312,478649,-0.0007386634215342811
2026-04-09 16:15:00+00:00,609.7288818359375,609.7899780273438,608.9000244140625,609.0399780273438,412827,0.001196134650953311
2026-04-09 16:20:00+00:00,609.2000122070312,609.8300170898438,609.1611938476562,609.739990234375,246887,-0.0008677613020380174
2026-04-09 16:25:00+00:00,609.1900024414062,609.3900146484375,609.0,609.1900024414062,324250,-1.6431135358776182e-05
2026-04-09 16:30:00+00:00,608.844970703125,609.280029296875,608.6799926757812,609.2000122070312,394401,-0.00056653832626678
2026-04-09 16:35:00+00:00,608.4600830078125,608.8599853515625,608.2100219726562,608.8350219726562,300699,-0.0006323603224432262
2026-04-09 16:40:00+00:00,608.3800048828125,608.489990234375,608.0498046875,608.4598999023438,310506,-0.00013161651380895175
2026-04-09 16:45:00+00:00,608.1099243164062,608.3499755859375,607.9110107421875,608.3499755859375,236760,-0.0004440325634616686
2026-04-09 16:50:00+00:00,608.8911743164062,609.1099853515625,608.110107421875,608.110107421875,456687,0.001283893840678188
2026-04-09 16:55:00+00:00,608.7100830078125,609.0,608.5499877929688,608.9140014648438,146340,-0.0002974558523813363
2026-04-09 17:00:00+00:00,609.0150146484375,609.030029296875,608.530029296875,608.72998046875,209879,0.0005008218153432597
2026-04-09 17:05:00+00:00,609.4000244140625,609.6599731445312,608.8400268554688,609.0499877929688,281479,0.0006319846129538683
2026-04-09 17:10:00+00:00,609.469970703125,609.8200073242188,609.260009765625,609.4199829101562,299912,0.0001147723537693533
2026-04-09 17:15:00+00:00,609.831787109375,610.0800170898438,609.4000244140625,609.4600219726562,313601,0.0005934813339711327
2026-04-09 17:20:00+00:00,609.594970703125,609.9500122070312,609.52001953125,609.864990234375,237208,-0.0003884061223192605
2026-04-09 17:25:00+00:00,609.3701171875,609.6867065429688,609.3250122070312,609.6099853515625,214285,-0.0003689252799920747
2026-04-09 17:30:00+00:00,609.125,609.3699951171875,608.5601196289062,609.3699951171875,625668,-0.00040232773582577874
2026-04-09 17:35:00+00:00,610.0089721679688,610.1199951171875,609.1104125976562,609.1300048828125,378027,0.0014501643675979884
2026-04-09 17:40:00+00:00,609.630126953125,610.1599731445312,609.489990234375,610.0050048828125,337116,-0.0006212415251381744
2026-04-09 17:45:00+00:00,609.7999877929688,609.8800048828125,609.510009765625,609.655029296875,256842,0.0002785905299341371
2026-04-09 17:50:00+00:00,609.52001953125,609.7799072265625,609.239990234375,609.77001953125,229521,-0.00045922032765321514
2026-04-09 17:55:00+00:00,609.4450073242188,609.52001953125,609.27001953125,609.52001953125,117852,-0.00012307524083675792
2026-04-09 18:00:00+00:00,607.969970703125,609.5650024414062,607.6500244140625,609.4600219726562,624379,-0.0024232285120606035
2026-04-09 18:05:00+00:00,608.4349975585938,608.6400146484375,608.010009765625,608.1199951171875,545569,0.0007645922044989969
2026-04-09 18:10:00+00:00,608.25,608.5899047851562,607.9600219726562,608.4682006835938,257241,-0.00030410099638056195
2026-04-09 18:15:00+00:00,608.3099975585938,608.639892578125,608.0599975585938,608.2000122070312,189370,9.863477142554197e-05
2026-04-09 18:20:00+00:00,607.8099975585938,608.4899291992188,607.6500244140625,608.3049926757812,305684,-0.0008222873239165587
2026-04-09 18:25:00+00:00,607.9237060546875,608.1799926757812,607.5599975585938,607.8300170898438,308809,0.00018706151863258146
2026-04-09 18:30:00+00:00,607.7611083984375,608.1500244140625,607.530029296875,607.9299926757812,170769,-0.00026749969282578235
2026-04-09 18:35:00+00:00,608.54931640625,608.6300048828125,607.6799926757812,607.75,231911,0.0012960640673186977
2026-04-09 18:40:00+00:00,608.1300048828125,608.6400146484375,607.989990234375,608.5166015625,285594,-0.0006892720747391538
2026-04-09 18:45:00+00:00,608.4099731445312,608.4500122070312,608.0599975585938,608.0802001953125,213182,0.000460269735015574
2026-04-09 18:50:00+00:00,608.239990234375,608.4600219726562,607.921875,608.4099731445312,246130,-0.00027942779990755264
2026-04-09 18:55:00+00:00,608.369873046875,608.5700073242188,608.27001953125,608.3099975585938,177965,0.0002135159625339105
2026-04-09 19:00:00+00:00,608.9749755859375,609.1199951171875,608.27001953125,608.3599853515625,235180,0.0009941350465771522
2026-04-09 19:05:00+00:00,609.3099975585938,609.3339233398438,608.6699829101562,608.969970703125,304228,0.0005499895155671166
2026-04-09 19:10:00+00:00,609.3400268554688,609.5700073242188,609.2600708007812,609.3201293945312,461990,4.928288890086978e-05
2026-04-09 19:15:00+00:00,609.0750122070312,609.52001953125,608.9801025390625,609.3400268554688,201921,-0.0004350153997124568
2026-04-09 19:20:00+00:00,609.25,609.280029296875,608.9400024414062,609.0900268554688,371393,0.0002872596268134247
2026-04-09 19:25:00+00:00,609.3800048828125,609.5,609.22802734375,609.22998046875,385762,0.00021336235409394913
2026-04-09 19:30:00+00:00,609.8900146484375,610.135009765625,609.3499755859375,609.3900146484375,634784,0.0008365821962325722
2026-04-09 19:35:00+00:00,609.9299926757812,610.1300048828125,609.7100219726562,609.8900146484375,317625,6.554742030464164e-05
2026-04-09 19:40:00+00:00,609.969970703125,610.0,609.5900268554688,609.9100952148438,325670,6.554312412194988e-05
2026-04-09 19:45:00+00:00,610.0,610.25,609.8099975585938,609.97998046875,886856,4.9229567288109567e-05
2026-04-09 19:50:00+00:00,610.4400024414062,610.5,609.9500122070312,610.010009765625,713879,0.000721055454737613
2026-04-09 19:55:00+00:00,610.0800170898438,610.4500122070312,609.8900146484375,610.4500122070312,1415537,-0.0005898885003776615
2026-04-10 13:30:00+00:00,612.3099975585938,613.1099853515625,611.7100219726562,611.8499755859375,3105854,0.0036485621050879147
2026-04-10 13:35:00+00:00,611.6300048828125,612.819091796875,611.489990234375,612.3200073242188,644062,-0.0011111537238562188
2026-04-10 13:40:00+00:00,612.010009765625,612.3399047851562,611.25,611.5999755859375,377669,0.0006211057018071127
2026-04-10 13:45:00+00:00,611.9600219726562,612.739990234375,611.9400024414062,612.0291748046875,771077,-8.16814001982873e-05
2026-04-10 13:50:00+00:00,612.39501953125,612.52001953125,611.469970703125,611.9600219726562,413527,0.0007105742405610901
2026-04-10 13:55:00+00:00,611.8699951171875,612.4190063476562,611.6900024414062,612.3800048828125,303198,-0.0008576973775554555
2026-04-10 14:00:00+00:00,611.219970703125,611.9600219726562,611.0800170898438,611.8599853515625,505493,-0.0010629217693343864
2026-04-10 14:05:00+00:00,611.1099853515625,611.489990234375,610.7999877929688,611.2000122070312,403726,-0.0001799601675709502
2026-04-10 14:10:00+00:00,611.9849853515625,612.0700073242188,610.6599731445312,611.1199951171875,720668,0.0014307967414344648
2026-04-10 14:15:00+00:00,612.27001953125,612.3049926757812,611.72998046875,611.969970703125,521274,0.0004656451208299868
2026-04-10 14:20:00+00:00,612.4500122070312,612.4896850585938,611.9349975585938,612.260009765625,444535,0.0002939327722461836
2026-04-10 14:25:00+00:00,612.4199829101562,612.6699829101562,612.1599731445312,612.4349975585938,412139,-4.903262713713676e-05
2026-04-10 14:30:00+00:00,612.739990234375,613.2100219726562,612.3599853515625,612.4299926757812,810448,0.0005223927299466355
2026-04-10 14:35:00+00:00,612.530029296875,612.9600219726562,612.3900146484375,612.7449951171875,324952,-0.00034271782743104646
2026-04-10 14:40:00+00:00,611.9099731445312,612.77001953125,611.5903930664062,612.5399780273438,547463,-0.0010127996538988578
2026-04-10 14:45:00+00:00,611.85498046875,612.4600219726562,611.768798828125,611.9149780273438,465256,-8.987457216505364e-05
2026-04-10 14:50:00+00:00,611.9500122070312,612.6599731445312,611.85498046875,611.85498046875,447704,0.00015530536162380244
2026-04-10 14:55:00+00:00,612.6699829101562,612.8599853515625,611.7000122070312,611.9600219726562,292511,0.0011758272589807823
2026-04-10 15:00:00+00:00,612.3699951171875,612.8200073242188,612.3499755859375,612.6699829101562,202062,-0.0004897600149314478
2026-04-10 15:05:00+00:00,612.760009765625,612.909912109375,612.1199951171875,612.385009765625,277599,0.0006366910614519903
2026-04-10 15:10:00+00:00,613.0999755859375,613.1500244140625,612.5599975585938,612.739990234375,382519,0.0005546568663479669
2026-04-10 15:15:00+00:00,613.119873046875,613.3900146484375,613.0399780273438,613.1099853515625,346013,3.245333365204931e-05
2026-04-10 15:20:00+00:00,613.5999755859375,613.6699829101562,613.0399780273438,613.1199951171875,213963,0.0007827419832004206
2026-04-10 15:25:00+00:00,612.5999145507812,613.5499877929688,612.5,613.5499877929688,499900,-0.0016311553522983357
2026-04-10 15:30:00+00:00,612.25,612.8099975585938,612.010009765625,612.635009765625,318496,-0.0005713590802326599
2026-04-10 15:35:00+00:00,611.5,612.375,611.4400024414062,612.27001953125,311725,-0.001225740705050125
2026-04-10 15:40:00+00:00,611.5599975585938,611.6500244140625,611.1300048828125,611.530029296875,479334,9.811057308982666e-05
2026-04-10 15:45:00+00:00,611.4003295898438,611.8099975585938,611.2100219726562,611.5700073242188,274123,-0.0002611171697278731
2026-04-10 15:50:00+00:00,610.9400024414062,611.5700073242188,610.9000244140625,611.4099731445312,288865,-0.0007531898574177085
2026-04-10 15:55:00+00:00,610.5999755859375,610.9616088867188,610.1400146484375,610.9299926757812,583886,-0.0005567183561196848
2026-04-10 16:00:00+00:00,610.419921875,610.734375,610.219970703125,610.6099853515625,357459,-0.000294923469497931
2026-04-10 16:05:00+00:00,610.5419921875,610.72998046875,610.3150024414062,610.4199829101562,433209,0.00019995760965317946
2026-04-10 16:10:00+00:00,611.2899780273438,611.489990234375,610.530029296875,610.5449829101562,1038811,0.0012243679188602284
2026-04-10 16:15:00+00:00,611.2000122070312,611.4949951171875,611.0800170898438,611.2899780273438,507899,-0.0001471845515195529
2026-04-10 16:20:00+00:00,611.2896728515625,611.3001098632812,610.7449951171875,611.219970703125,191219,0.00014668531896483533
2026-04-10 16:25:00+00:00,610.8599243164062,611.2899780273438,610.760009765625,611.280029296875,244895,-0.0007032666931516392
2026-04-10 16:30:00+00:00,610.60009765625,611.0499877929688,610.4299926757812,610.85009765625,231350,-0.0004254362146959381
2026-04-10 16:35:00+00:00,610.25,610.6599731445312,610.1799926757812,610.6400146484375,148754,-0.0005735309625953124
2026-04-10 16:40:00+00:00,609.6810913085938,610.3399047851562,609.5800170898438,610.2750244140625,314238,-0.0009326899473274578
2026-04-10 16:45:00+00:00,610.239990234375,610.239990234375,609.6599731445312,609.7050170898438,280539,0.0009162870833870204
2026-04-10 16:50:00+00:00,610.57470703125,610.75,610.02001953125,610.2310180664062,444440,0.0005483498945609808
2026-04-10 16:55:00+00:00,610.6199951171875,610.6500244140625,610.3800048828125,610.5900268554688,133597,7.417013172186039e-05
2026-04-10 17:00:00+00:00,609.885009765625,610.6400146484375,609.8599853515625,610.6300048828125,186713,-0.0012043956189735484
2026-04-10 17:05:00+00:00,610.1300048828125,610.188720703125,609.7200927734375,609.905029296875,136138,0.00040162640219843247
2026-04-10 17:10:00+00:00,610.2000122070312,610.3150024414062,609.8499755859375,610.1099853515625,166802,0.00011473506889974026
2026-04-10 17:15:00+00:00,610.2750244140625,610.4000244140625,609.9600219726562,610.2100219726562,127676,0.0001229229683113377
2026-04-10 17:20:00+00:00,609.9949951171875,610.2949829101562,609.72998046875,610.2949829101562,136797,-0.0004589628480722229
2026-04-10 17:25:00+00:00,609.8599853515625,610.3099975585938,609.7999877929688,610.010009765625,140635,-0.00022135379752169672
2026-04-10 17:30:00+00:00,609.9390869140625,610.2000122070312,609.6099853515625,609.844970703125,154047,0.0001296960530784917
2026-04-10 17:35:00+00:00,610.0399780273438,610.1099853515625,609.72998046875,609.9099731445312,140159,0.0001653981062635795
2026-04-10 17:40:00+00:00,610.344970703125,610.4000244140625,609.8599853515625,610.0349731445312,241245,0.0004998302911686989
2026-04-10 17:45:00+00:00,610.3499755859375,610.4400024414062,610.2100219726562,610.3499755859375,168668,8.200054940518726e-06
2026-04-10 17:50:00+00:00,610.8150024414062,610.8499755859375,610.3198852539062,610.3198852539062,213332,0.0007616118809732497
2026-04-10 17:55:00+00:00,610.780029296875,610.85498046875,610.6599731445312,610.8150024414062,120876,-5.725816433785798e-05
2026-04-10 18:00:00+00:00,610.2575073242188,610.8200073242188,610.2249755859375,610.780029296875,201561,-0.0008558655878804048
2026-04-10 18:05:00+00:00,610.1699829101562,610.3499755859375,610.0,610.25,196227,-0.000143432387278845
2026-04-10 18:10:00+00:00,610.3900146484375,610.510009765625,610.1170043945312,610.1799926757812,143629,0.00036054227748706777
2026-04-10 18:15:00+00:00,610.75,610.7899780273438,610.3900146484375,610.409912109375,151974,0.0005895890031810016
2026-04-10 18:20:00+00:00,610.7899780273438,610.9849853515625,610.6799926757812,610.760009765625,242222,6.54551272608911e-05
2026-04-10 18:25:00+00:00,610.64501953125,610.7966918945312,610.5399780273438,610.788330078125,156371,-0.00023735769331005127
2026-04-10 18:30:00+00:00,610.4450073242188,610.72802734375,610.4099731445312,610.6500244140625,176839,-0.00032759617132416117
2026-04-10 18:35:00+00:00,610.4099731445312,610.5800170898438,610.2999877929688,610.4400024414062,196591,-5.7392860343901714e-05
2026-04-10 18:40:00+00:00,610.1900024414062,610.4700927734375,610.0,610.4066162109375,170488,-0.00036043046027555624
2026-04-10 18:45:00+00:00,610.1849975585938,610.260009765625,610.1099853515625,610.1799926757812,108093,-8.202204752735627e-06
2026-04-10 18:50:00+00:00,610.4249877929688,610.4299926757812,610.135009765625,610.1699829101562,160123,0.0003932300085163692
2026-04-10 18:55:00+00:00,610.510498046875,610.5499877929688,610.2899780273438,610.4299926757812,97566,0.00014007333726942983
2026-04-10 19:00:00+00:00,610.8049926757812,610.8699951171875,610.4843139648438,610.52001953125,704750,0.0004822580845832
2026-04-10 19:05:00+00:00,610.8499755859375,610.969970703125,610.7700805664062,610.8049926757812,310361,7.364257723380311e-05
2026-04-10 19:10:00+00:00,611.2949829101562,611.3200073242188,610.8297119140625,610.85498046875,301248,0.0007282398716976387
2026-04-10 19:15:00+00:00,611.3499755859375,611.3699951171875,611.0599975585938,611.2999877929688,342100,8.995690112032969e-05
2026-04-10 19:20:00+00:00,611.280029296875,611.47998046875,611.1599731445312,611.35498046875,425490,-0.0001144193891193415
2026-04-10 19:25:00+00:00,611.3200073242188,611.3599853515625,611.0900268554688,611.27001953125,364889,6.539837421977224e-05
2026-04-10 19:30:00+00:00,611.010009765625,611.3099975585938,610.97998046875,611.3099975585938,329073,-0.0005072240080923807
2026-04-10 19:35:00+00:00,610.739990234375,611.1199951171875,610.6199951171875,611.0150146484375,327828,-0.00044202093005351
2026-04-10 19:40:00+00:00,610.885009765625,611.030029296875,610.4600219726562,610.739990234375,456941,0.00023742070100280362
2026-04-10 19:45:00+00:00,610.7100219726562,611.0700073242188,610.5349731445312,610.8699951171875,712268,-0.00028649067754745106
2026-04-10 19:50:00+00:00,610.7000122070312,611.0599975585938,610.52001953125,610.719970703125,623385,-1.6390508257063607e-05
2026-04-10 19:55:00+00:00,611.02001953125,611.1699829101562,610.4600219726562,610.7100219726562,2482197,0.0005238636074122875
2026-04-13 13:30:00+00:00,609.5900268554688,609.9500122070312,609.010009765625,609.5599975585938,2798354,-0.002343079731710605
2026-04-13 13:35:00+00:00,609.0399780273438,609.5900268554688,608.4650268554688,609.5900268554688,565835,-0.0009027331729486351
2026-04-13 13:40:00+00:00,608.6300048828125,609.4199829101562,608.5750122070312,608.9500122070312,385881,-0.0006733731894132043
2026-04-13 13:45:00+00:00,610.760009765625,610.9099731445312,608.1099853515625,608.6300048828125,833215,0.003493561573593489
2026-04-13 13:50:00+00:00,610.7849731445312,611.4099731445312,609.7849731445312,610.7374877929688,1000325,4.087181275996322e-05
2026-04-13 13:55:00+00:00,611.6400146484375,611.6900024414062,610.4199829101562,610.8099975585938,625120,0.0013989269720225625
2026-04-13 14:00:00+00:00,611.875,612.0800170898438,611.1900024414062,611.6099853515625,935585,0.00038411519538124024
2026-04-13 14:05:00+00:00,611.719970703125,612.25,611.4600830078125,611.8499755859375,571648,-0.0002533996974757866
2026-04-13 14:10:00+00:00,611.0261840820312,611.6699829101562,610.8800048828125,611.6599731445312,304979,-0.0011348008625207072
2026-04-13 14:15:00+00:00,610.780029296875,611.0399780273438,610.2999877929688,611.0,356651,-0.000402935892437369
2026-04-13 14:20:00+00:00,611.3150024414062,611.4199829101562,610.1699829101562,610.7899780273438,366302,0.0008755017650990068
2026-04-13 14:25:00+00:00,611.3380126953125,611.4000244140625,610.9600219726562,611.3599853515625,218601,3.76398759486207e-05
2026-04-13 14:30:00+00:00,611.5700073242188,611.719970703125,611.1849975585938,611.375,256172,0.00037941468678168806
2026-04-13 14:35:00+00:00,611.219970703125,611.5800170898438,610.9400024414062,611.5800170898438,221942,-0.0005725212619418829
2026-04-13 14:40:00+00:00,611.8699951171875,611.9199829101562,611.1799926757812,611.22998046875,213074,0.001062921769334388
2026-04-13 14:45:00+00:00,611.4749755859375,611.9194946289062,611.3200073242188,611.9099731445312,422967,-0.0006458023769891475
2026-04-13 14:50:00+00:00,612.1900024414062,612.3699951171875,611.3499755859375,611.489990234375,298431,0.001168664544117297
2026-04-13 14:55:00+00:00,612.7100219726562,612.8800048828125,611.9400024414062,612.1599731445312,506427,0.0008490808263973631
2026-04-13 15:00:00+00:00,611.7249755859375,612.7249755859375,611.6799926757812,612.7100219726562,321937,-0.0016089814505333526
2026-04-13 15:05:00+00:00,612.1749877929688,612.2899780273438,611.6300048828125,611.719970703125,201221,0.000735374198506376
2026-04-13 15:10:00+00:00,612.2100219726562,612.6799926757812,611.989990234375,612.1799926757812,252841,5.7227390759730664e-05
2026-04-13 15:15:00+00:00,611.8699951171875,612.4299926757812,611.8400268554688,612.2349853515625,186718,-0.0005555631322581186
2026-04-13 15:20:00+00:00,611.9550170898438,612.4199829101562,611.876708984375,611.9000244140625,176268,0.00013894465621314557
2026-04-13 15:25:00+00:00,611.7999267578125,612.1799926757812,611.719970703125,611.9201049804688,213612,-0.00025346632287986704
2026-04-13 15:30:00+00:00,611.739990234375,611.89990234375,611.4500122070312,611.760009765625,191437,-9.79723221990178e-05
2026-04-13 15:35:00+00:00,612.4249877929688,612.780029296875,611.6300048828125,611.7999877929688,236923,0.0011191263308168947
2026-04-13 15:40:00+00:00,611.9528198242188,612.530029296875,611.8200073242188,612.4515991210938,160211,-0.0007712782594050362
2026-04-13 15:45:00+00:00,611.969970703125,612.1400146484375,611.7697143554688,611.9500122070312,183449,2.802607981493696e-05
2026-04-13 15:50:00+00:00,611.5899047851562,611.9799194335938,611.5700073242188,611.9600219726562,129692,-0.0006212461487279115
2026-04-13 15:55:00+00:00,611.6900024414062,611.8599853515625,611.4199829101562,611.5399780273438,115560,0.00016365454199325543
2026-04-13 16:00:00+00:00,611.3292846679688,611.8350219726562,611.1300048828125,611.6950073242188,379052,-0.0005898807773500046
2026-04-13 16:05:00+00:00,611.8300170898438,612.52001953125,611.0700073242188,611.3200073242188,496525,0.000818752633655819
2026-04-13 16:10:00+00:00,611.8400268554688,612.155029296875,611.6799926757812,611.7999877929688,142274,1.636023644579433e-05
2026-04-13 16:15:00+00:00,612.1749877929688,612.27001953125,611.6199951171875,611.8350219726562,144619,0.0005473150931205384
2026-04-13 16:20:00+00:00,612.780029296875,612.9000244140625,612.1749877929688,612.1749877929688,280510,0.0009878592187767328
2026-04-13 16:25:00+00:00,613.489990234375,613.760009765625,612.7238159179688,612.7999877929688,427139,0.0011579195536335482
2026-04-13 16:30:00+00:00,613.4194946289062,614.0900268554688,613.1699829101562,613.5,458589,-0.00011491573977716592
2026-04-13 16:35:00+00:00,613.530029296875,614.4199829101562,613.3861083984375,613.4249877929688,337887,0.00018017802054992276
2026-04-13 16:40:00+00:00,613.419921875,613.8200073242188,612.5700073242188,613.510009765625,517215,-0.00017948152174493529
2026-04-13 16:45:00+00:00,613.9149780273438,614.22998046875,613.2501220703125,613.3699951171875,1942394,0.0008067173503034184
2026-04-13 16:50:00+00:00,613.9000244140625,614.7100219726562,613.72998046875,613.9299926757812,418189,-2.4358088559403595e-05
2026-04-13 16:55:00+00:00,614.14501953125,614.27001953125,613.5999755859375,613.8508911132812,213240,0.00039900021851110704
2026-04-13 17:00:00+00:00,614.3099975585938,614.4099731445312,614.0,614.1699829101562,233710,0.00026859433359862934
2026-04-13 17:05:00+00:00,614.0399780273438,614.4199829101562,613.8200073242188,614.2899780273438,205853,-0.0004396459331071082
2026-04-13 17:10:00+00:00,614.2000122070312,614.2399291992188,613.97998046875,614.0017700195312,116968,0.00026059106016024784
2026-04-13 17:15:00+00:00,614.6336059570312,614.8251953125,614.1500854492188,614.2150268554688,331032,0.0007056997165204849
2026-04-13 17:20:00+00:00,614.3699951171875,614.6099853515625,614.3499755859375,614.6099853515625,492050,-0.00042898302927014384
2026-04-13 17:25:00+00:00,614.5999755859375,614.614990234375,614.3599853515625,614.3800048828125,134145,0.00037426540422782204
2026-04-13 17:30:00+00:00,614.4650268554688,614.7901000976562,614.4299926757812,614.5900268554688,233230,-0.00021959575895984953
2026-04-13 17:35:00+00:00,614.5372924804688,614.6400146484375,614.27001953125,614.4600219726562,186718,0.00011760046982231393
2026-04-13 17:40:00+00:00,614.4000244140625,614.6300048828125,614.3607177734375,614.510009765625,181687,-0.00022339311385539197
2026-04-13 17:45:00+00:00,614.1300048828125,614.3900146484375,614.1199951171875,614.3800048828125,163632,-0.0004395814984719252
2026-04-13 17:50:00+00:00,614.1099853515625,614.239990234375,613.864990234375,614.1199951171875,224847,-3.259872893072315e-05
2026-04-13 17:55:00+00:00,613.9949951171875,614.2894897460938,613.9749755859375,614.1099853515625,115709,-0.00018726450350714963
2026-04-13 18:00:00+00:00,614.3099975585938,614.4500122070312,614.0020141601562,614.0050048828125,204492,0.0005129059153715622
2026-04-13 18:05:00+00:00,614.4013061523438,614.469970703125,614.2100219726562,614.3099975585938,149491,0.0001486249758462536
2026-04-13 18:10:00+00:00,614.2800903320312,614.489990234375,614.25,614.4000244140625,102561,-0.00019731041920649864
2026-04-13 18:15:00+00:00,614.0900268554688,614.3300170898438,614.0900268554688,614.2899169921875,96191,-0.00030945636892312913
2026-04-13 18:20:00+00:00,613.9400024414062,614.1699829101562,613.9199829101562,614.0599975585938,204992,-0.0002443334629117193
2026-04-13 18:25:00+00:00,613.8900146484375,614.0599975585938,613.8099975585938,613.9500122070312,154859,-8.142461464637874e-05
2026-04-13 18:30:00+00:00,614.1699829101562,614.1701049804688,613.8300170898438,613.8800048828125,159205,0.00045595209863631816
2026-04-13 18:35:00+00:00,614.3400268554688,614.3800048828125,614.1099853515625,614.1741943359375,139411,0.00027682956597291727
2026-04-13 18:40:00+00:00,614.4600219726562,614.489990234375,614.219970703125,614.3499755859375,232837,0.0001953045455741996
2026-04-13 18:45:00+00:00,614.7449951171875,614.8499755859375,614.469970703125,614.469970703125,254035,0.00046367065814864464
2026-04-13 18:50:00+00:00,615.0900268554688,615.0999755859375,614.6199951171875,614.7449951171875,330371,0.0005611024912597336
2026-04-13 18:55:00+00:00,614.97998046875,615.2000122070312,614.9400024414062,615.0700073242188,242059,-0.0001789270307496387
2026-04-13 19:00:00+00:00,614.9949951171875,615.1900024414062,614.9600219726562,614.97998046875,161478,2.4414559216796907e-05
2026-04-13 19:05:00+00:00,614.9400024414062,615.02001953125,614.7711791992188,615.010009765625,155424,-8.942371089044947e-05
2026-04-13 19:10:00+00:00,614.8099975585938,614.9600219726562,614.6599731445312,614.9600219726562,123967,-0.0002114330283338928
2026-04-13 19:15:00+00:00,615.1400756835938,615.2100219726562,614.7401123046875,614.8099975585938,218018,0.000536734197761515
2026-04-13 19:20:00+00:00,615.3049926757812,615.3599853515625,615.0650024414062,615.1500244140625,242439,0.00026806071626584506
2026-04-13 19:25:00+00:00,615.344970703125,615.3900146484375,615.27001953125,615.2901000976562,174728,6.497059041547337e-05
2026-04-13 19:30:00+00:00,615.7000122070312,615.8350219726562,615.1591186523438,615.3300170898438,369352,0.0005768132256400181
2026-04-13 19:35:00+00:00,615.5700073242188,615.9699096679688,615.52001953125,615.6950073242188,433779,-0.0002111720113921189
2026-04-13 19:40:00+00:00,615.5,615.64501953125,615.3099975585938,615.5700073242188,299011,-0.00011373410752876835
2026-04-13 19:45:00+00:00,615.6599731445312,615.6599731445312,615.2899780273438,615.47998046875,458803,0.0002598738570471478
2026-04-13 19:50:00+00:00,616.9000244140625,617.0900268554688,615.6300048828125,615.6699829101562,1195950,0.002012156309434044
2026-04-13 19:55:00+00:00,617.3200073242188,617.9600219726562,616.9099731445312,616.9099731445312,2242152,0.0006805641061829196
2026-04-14 13:30:00+00:00,621.719970703125,621.9199829101562,620.0999755859375,620.27001953125,3452265,0.007102243595226064
2026-04-14 13:35:00+00:00,621.4500122070312,622.3900146484375,621.35009765625,621.7100219726562,1460998,-0.0004343066580567309
2026-04-14 13:40:00+00:00,622.3939819335938,622.5499877929688,621.4000244140625,621.469970703125,730851,0.00151782685326379
2026-04-14 13:45:00+00:00,622.3400268554688,622.7598876953125,621.9403076171875,622.4099731445312,891111,-8.669334617327897e-05
2026-04-14 13:50:00+00:00,622.2100219726562,622.7000122070312,622.1599731445312,622.3900146484375,897303,-0.00020891869058664643
2026-04-14 13:55:00+00:00,621.7698974609375,622.2282104492188,621.6599731445312,622.1900024414062,644814,-0.0007076071296771942
2026-04-14 14:00:00+00:00,621.7100219726562,622.0499877929688,621.5399780273438,621.75,440160,-9.630310452423816e-05
2026-04-14 14:05:00+00:00,622.6199951171875,622.659912109375,621.6799926757812,621.739990234375,443677,0.0014625915862343482
2026-04-14 14:10:00+00:00,623.0372924804688,623.0999755859375,622.3099975585938,622.614990234375,1285340,0.0006700035122767656
2026-04-14 14:15:00+00:00,622.8101196289062,623.2899780273438,622.7999877929688,623.030029296875,584889,-0.0003646880859922111
2026-04-14 14:20:00+00:00,623.4503784179688,623.530029296875,622.7899780273438,622.8200073242188,551739,0.001027487987293842
2026-04-14 14:25:00+00:00,623.7100219726562,623.780029296875,623.2999877929688,623.469970703125,515033,0.00041637556541611434
2026-04-14 14:30:00+00:00,623.52001953125,623.9000244140625,623.4202880859375,623.760009765625,561777,-0.00030467906729856345
2026-04-14 14:35:00+00:00,623.385009765625,624.010009765625,623.3350219726562,623.5399780273438,669332,-0.000216551803032996
2026-04-14 14:40:00+00:00,623.2999877929688,623.6099853515625,623.1699829101562,623.3800048828125,328490,-0.00013639688125634055
2026-04-14 14:45:00+00:00,623.6748046875,623.8200073242188,623.27001953125,623.2949829101562,723948,0.0006011619610589709
2026-04-14 14:50:00+00:00,624.0501098632812,624.0800170898438,623.3900146484375,623.6799926757812,406864,0.0006015832219477156
2026-04-14 14:55:00+00:00,623.8051147460938,624.1099853515625,623.7449951171875,624.0499877929688,336209,-0.00039266593672693825
2026-04-14 15:00:00+00:00,623.2550048828125,623.8200073242188,623.25,623.7999877929688,462941,-0.0008822508078073977
2026-04-14 15:05:00+00:00,622.989990234375,623.280029296875,622.760009765625,623.25,524617,-0.00042530104990673835
2026-04-14 15:10:00+00:00,623.2999877929688,623.510009765625,622.9600219726562,622.9893188476562,476561,0.0004974726114344022
2026-04-14 15:15:00+00:00,623.9000244140625,623.969970703125,623.25,623.2999877929688,369212,0.0009622140178262276
2026-04-14 15:20:00+00:00,624.2200927734375,624.4400024414062,623.7899780273438,623.8699951171875,1253143,0.0005128807107321368
2026-04-14 15:25:00+00:00,624.4600219726562,624.77001953125,624.2208862304688,624.2260131835938,795853,0.0003842925010786875
2026-04-14 15:30:00+00:00,624.719970703125,624.9000244140625,624.4500122070312,624.469970703125,603202,0.0004161909984873006
2026-04-14 15:35:00+00:00,624.969970703125,625.0900268554688,624.6900024414062,624.6900024414062,943288,0.00040009924870434114
2026-04-14 15:40:00+00:00,625.1599731445312,625.4500122070312,624.8200073242188,624.969970703125,647460,0.00030397230912572546
2026-04-14 15:45:00+00:00,625.5850219726562,625.6799926757812,625.1199951171875,625.1699829101562,602840,0.0006796730686864577
2026-04-14 15:50:00+00:00,625.9400024414062,626.02001953125,625.5800170898438,625.5850219726562,641379,0.000567276676606029
2026-04-14 15:55:00+00:00,625.4400024414062,625.9600219726562,625.4224853515625,625.9299926757812,513002,-0.0007991178133851056
2026-04-14 16:00:00+00:00,625.89501953125,625.9299926757812,625.3800048828125,625.4299926757812,487348,0.0007272506593496192
2026-04-14 16:05:00+00:00,625.7899780273438,625.9299926757812,625.5999755859375,625.905029296875,399525,-0.00016784015843880788
2026-04-14 16:10:00+00:00,625.8392944335938,625.9400024414062,625.6799926757812,625.7999877929688,225448,7.88035360958852e-05
2026-04-14 16:15:00+00:00,626.1649780273438,626.1798706054688,625.8300170898438,625.84912109375,459451,0.0005202595682136546
2026-04-14 16:20:00+00:00,626.4600219726562,626.5,626.0700073242188,626.1300048828125,830549,0.00047108105102287563
2026-04-14 16:25:00+00:00,626.719970703125,626.8093872070312,626.4500122070312,626.469970703125,536960,0.00041486256677619005
2026-04-14 16:30:00+00:00,626.3900146484375,626.8499755859375,626.3400268554688,626.719970703125,488907,-0.000526619476614362
2026-04-14 16:35:00+00:00,626.5599975585938,626.5900268554688,626.22998046875,626.3900146484375,325069,0.00027133231101481584
2026-04-14 16:40:00+00:00,626.6599731445312,626.6699829101562,626.4400024414062,626.5449829101562,665026,0.00015954994093096746
2026-04-14 16:45:00+00:00,626.885009765625,626.9400024414062,626.5800170898438,626.6699829101562,259021,0.00035904036405419763
2026-04-14 16:50:00+00:00,626.510009765625,626.9600219726562,626.4600219726562,626.9000244140625,441839,-0.0005983748225350101
2026-04-14 16:55:00+00:00,626.3800048828125,626.5798950195312,626.1599731445312,626.510009765625,338240,-0.00020752800606454322
2026-04-14 17:00:00+00:00,626.4400024414062,626.6699829101562,626.3699951171875,626.3759765625,315842,9.578001355160844e-05
2026-04-14 17:05:00+00:00,626.3499755859375,626.6950073242188,626.3200073242188,626.4299926757812,478495,-0.00014372218361046344
2026-04-14 17:10:00+00:00,626.6199951171875,626.6400146484375,626.3599853515625,626.3599853515625,383425,0.00043100719369761786
2026-04-14 17:15:00+00:00,627.22998046875,627.280029296875,626.5700073242188,626.6300048828125,434725,0.000972979880467333
2026-04-14 17:20:00+00:00,627.3699951171875,627.4650268554688,627.1849975585938,627.2249755859375,556432,0.00022320205921157413
2026-04-14 17:25:00+00:00,627.0599975585938,627.4099731445312,627.0150146484375,627.3800048828125,333281,-0.0004942445042196916
2026-04-14 17:30:00+00:00,627.35498046875,627.4199829101562,627.030029296875,627.0800170898438,588899,0.0004703115328827328
2026-04-14 17:35:00+00:00,627.4749755859375,627.52001953125,627.22998046875,627.3519897460938,302908,0.00019125319247314485
2026-04-14 17:40:00+00:00,627.5750122070312,627.6500244140625,627.3798828125,627.469970703125,965327,0.00015941456082000906
2026-04-14 17:45:00+00:00,627.5850219726562,627.6699829101562,627.5,627.5800170898438,467482,1.5949783856545505e-05
2026-04-14 17:50:00+00:00,627.4149780273438,627.7000122070312,627.27001953125,627.5999755859375,445274,-0.00027098636869011774
2026-04-14 17:55:00+00:00,627.4299926757812,627.52001953125,627.2999877929688,627.4091796875,415122,2.393068273575192e-05
2026-04-14 18:00:00+00:00,627.4099731445312,627.5800170898438,627.3699951171875,627.4249877929688,218637,-3.190770424434669e-05
2026-04-14 18:05:00+00:00,627.3400268554688,627.489990234375,627.2150268554688,627.4000244140625,393473,-0.00011149039909933548
2026-04-14 18:10:00+00:00,626.9299926757812,627.3400268554688,626.8900146484375,627.3319091796875,377640,-0.0006538212472742805
2026-04-14 18:15:00+00:00,626.3099975585938,626.97998046875,626.125,626.9299926757812,623308,-0.0009894276796116124
2026-04-14 18:20:00+00:00,625.8800048828125,626.4793090820312,625.77001953125,626.3099975585938,338132,-0.0006867850595265379
2026-04-14 18:25:00+00:00,626.260009765625,626.4299926757812,625.6799926757812,625.885009765625,498810,0.0006069686936500356
2026-04-14 18:30:00+00:00,626.4849853515625,626.6300048828125,626.219970703125,626.260009765625,309209,0.0003591722006201435
2026-04-14 18:35:00+00:00,626.6649780273438,626.760009765625,626.5,626.510009765625,272622,0.00028726438539514805
2026-04-14 18:40:00+00:00,626.22998046875,626.8699951171875,626.1400146484375,626.6699829101562,455236,-0.0006943879422974722
2026-04-14 18:45:00+00:00,626.1799926757812,626.447998046875,626.0599975585938,626.22998046875,290589,-7.982656489039553e-05
2026-04-14 18:50:00+00:00,626.3200073242188,626.447998046875,626.1099853515625,626.1749877929688,464085,0.00022357628586151034
2026-04-14 18:55:00+00:00,626.44873046875,626.4744262695312,626.22998046875,626.3200073242188,247596,0.00020550184738959228
2026-04-14 19:00:00+00:00,626.9500122070312,627.010009765625,626.3756103515625,626.4400024414062,414907,0.0007998759659482371
2026-04-14 19:05:00+00:00,627.239990234375,627.2999877929688,626.9500122070312,626.9500122070312,400690,0.0004624148365819964
2026-04-14 19:10:00+00:00,627.4299926757812,627.7000122070312,627.2050170898438,627.239990234375,497675,0.0003028723814974566
2026-04-14 19:15:00+00:00,627.7150268554688,627.8099975585938,627.4398803710938,627.4398803710938,478952,0.0004541852617059851
2026-04-14 19:20:00+00:00,628.030029296875,628.0700073242188,627.6699829101562,627.7000122070312,521268,0.0005016980898633303
2026-04-14 19:25:00+00:00,628.1199951171875,628.1799926757812,627.97998046875,628.0349731445312,359501,0.00014324056636192943
2026-04-14 19:30:00+00:00,627.72998046875,628.2999877929688,627.6900024414062,628.0800170898438,460351,-0.0006211166437998395
2026-04-14 19:35:00+00:00,628.0900268554688,628.1699829101562,627.4600219726562,627.7020263671875,502755,0.0005734044600084099
2026-04-14 19:40:00+00:00,627.77001953125,628.1300048828125,627.6201171875,628.080078125,428515,-0.0005096226001700724
2026-04-14 19:45:00+00:00,627.8499755859375,627.8880004882812,627.625,627.7550048828125,418244,0.00012735709069067706
2026-04-14 19:50:00+00:00,627.5999755859375,628.1799926757812,627.3599853515625,627.8400268554688,944790,-0.0003982635915850189
2026-04-14 19:55:00+00:00,628.5399780273438,628.5999755859375,627.6199951171875,627.6199951171875,2992737,0.0014966526845469584
2026-04-15 13:30:00+00:00,629.030029296875,629.52001953125,628.4400024414062,629.125,3035079,0.0007793622485940065
2026-04-15 13:35:00+00:00,629.8400268554688,629.8900146484375,628.7999877929688,629.0599975585938,849261,0.001286864623423596
2026-04-15 13:40:00+00:00,628.3499755859375,630.0,628.2000122070312,629.8699951171875,1219052,-0.0023685643078563638
2026-04-15 13:45:00+00:00,629.4600219726562,629.7734985351562,628.3900146484375,628.3900146484375,621976,0.0017650466716896413
2026-04-15 13:50:00+00:00,629.6599731445312,630.0800170898438,629.22998046875,629.47998046875,788353,0.0003176046355092163
2026-04-15 13:55:00+00:00,630.2249755859375,630.27001953125,629.6300048828125,629.6300048828125,436355,0.0008969112296354956
2026-04-15 14:00:00+00:00,630.3400268554688,630.5936889648438,629.739990234375,630.260009765625,562849,0.00018253921000176018
2026-04-15 14:05:00+00:00,630.1701049804688,630.47998046875,629.8900146484375,630.3499145507812,495418,-0.0002696081082375173
2026-04-15 14:10:00+00:00,630.72998046875,630.760009765625,629.97998046875,630.1699829101562,556402,0.0008880569230464463
2026-04-15 14:15:00+00:00,630.3101196289062,631.1300048828125,630.2650146484375,630.7100219726562,637851,-0.0006658961207113012
2026-04-15 14:20:00+00:00,631.4400024414062,631.6400146484375,630.2606811523438,630.31201171875,432348,0.0017909776187124216
2026-04-15 14:25:00+00:00,631.7249755859375,631.72998046875,631.3599853515625,631.4099731445312,467202,0.0004512049563169661
2026-04-15 14:30:00+00:00,631.8090209960938,632.2150268554688,631.5499877929688,631.72998046875,1110872,0.00013303228960597784
2026-04-15 14:35:00+00:00,631.22998046875,632.2100219726562,631.1300048828125,631.8300170898438,467342,-0.0009169005347248033
2026-04-15 14:40:00+00:00,632.0399780273438,632.1099853515625,631.22998046875,631.22998046875,344879,0.001282382540881124
2026-04-15 14:45:00+00:00,632.4500122070312,632.4600219726562,631.8699951171875,632.0399780273438,373702,0.0006485368760938205
2026-04-15 14:50:00+00:00,632.4400024414062,632.5800170898438,632.239990234375,632.4600219726562,415597,-1.5827092489106698e-05
2026-04-15 14:55:00+00:00,632.469970703125,632.77001953125,632.360107421875,632.4249877929688,510284,4.73840231488349e-05
2026-04-15 15:00:00+00:00,632.6300048828125,632.8599853515625,632.27001953125,632.5040283203125,502603,0.0002529984722622268
2026-04-15 15:05:00+00:00,632.2050170898438,632.7000122070312,631.8900756835938,632.6298828125,392685,-0.0006720051256950473
2026-04-15 15:10:00+00:00,633.0098876953125,633.068603515625,632.1199951171875,632.2000122070312,493532,0.0012723067219636394
2026-04-15 15:15:00+00:00,633.0401000976562,633.14990234375,632.8499755859375,633.02001953125,336335,4.772702917070797e-05
2026-04-15 15:20:00+00:00,633.0999755859375,633.25,632.9299926757812,633.0549926757812,342094,9.457956426120745e-05
2026-04-15 15:25:00+00:00,633.1749877929688,633.4000244140625,633.0499877929688,633.094970703125,349164,0.00011847696477993804
2026-04-15 15:30:00+00:00,632.6500244140625,633.2000122070312,632.5599975585938,633.1799926757812,510046,-0.0008294407267046105
2026-04-15 15:35:00+00:00,632.8599853515625,633.02001953125,632.6201171875,632.6699829101562,333632,0.0003318202745236812
2026-04-15 15:40:00+00:00,633.4400024414062,633.5999755859375,632.8699951171875,632.8699951171875,680986,0.0009160817120711954
2026-04-15 15:45:00+00:00,633.5599975585938,633.739990234375,633.3400268554688,633.4199829101562,440040,0.00018941612872348598
2026-04-15 15:50:00+00:00,633.4099731445312,633.6799926757812,633.3499755859375,633.5700073242188,326362,-0.0002368239472644103
2026-04-15 15:55:00+00:00,633.2799072265625,633.530029296875,633.030029296875,633.4149780273438,465034,-0.00020536347600371956
2026-04-15 16:00:00+00:00,633.4199829101562,633.469970703125,633.0449829101562,633.27001953125,285460,0.00022116633190782302
2026-04-15 16:05:00+00:00,633.8400268554688,633.9000244140625,633.3099975585938,633.4099731445312,312479,0.0006629167770752858
2026-04-15 16:10:00+00:00,633.7949829101562,633.864990234375,633.6300048828125,633.8250122070312,195029,-7.106768901847954e-05
2026-04-15 16:15:00+00:00,634.25,634.280029296875,633.6607055664062,633.7949829101562,441184,0.0007176671419479216
2026-04-15 16:20:00+00:00,634.372802734375,634.5701293945312,634.260009765625,634.260009765625,608873,0.00019360007481154375
2026-04-15 16:25:00+00:00,633.7050170898438,634.3798828125,633.6900024414062,634.3602294921875,491391,-0.0010532251188717526
2026-04-15 16:30:00+00:00,633.260009765625,633.7999877929688,633.0250244140625,633.719970703125,620721,-0.0007024777055184522
2026-04-15 16:35:00+00:00,633.1199951171875,633.6199951171875,633.114990234375,633.2999877929688,344640,-0.00022112580500038292
2026-04-15 16:40:00+00:00,632.0,633.1300048828125,631.9500122070312,633.1199951171875,1211942,-0.001770575777954909
2026-04-15 16:45:00+00:00,632.2266845703125,632.22998046875,631.510009765625,632.0050048828125,1002620,0.00035861380796421493
2026-04-15 16:50:00+00:00,631.5349731445312,632.489990234375,631.3300170898438,632.2249755859375,982540,-0.0010946866296092652
2026-04-15 16:55:00+00:00,631.9600219726562,632.1099853515625,630.9500122070312,631.5399780273438,814868,0.0006728144484970592
2026-04-15 17:00:00+00:00,632.3900146484375,632.4400024414062,631.780029296875,631.9696044921875,315160,0.0006801798234739579
2026-04-15 17:05:00+00:00,632.6799926757812,632.8699951171875,632.3504028320312,632.4000244140625,722242,0.00045843792160676504
2026-04-15 17:10:00+00:00,632.625,632.8099975585938,632.4199829101562,632.7100219726562,1056847,-8.692398454789957e-05
2026-04-15 17:15:00+00:00,632.7550048828125,632.9000244140625,632.6099853515625,632.6298828125,268754,0.00020547959153504426
2026-04-15 17:20:00+00:00,632.7698974609375,632.7999267578125,632.469970703125,632.7550048828125,198998,2.3535812054104042e-05
2026-04-15 17:25:00+00:00,633.0150146484375,633.2899780273438,632.75,632.760009765625,275535,0.0003872967487904338
2026-04-15 17:30:00+00:00,633.5300903320312,633.5499877929688,632.9901123046875,633.0079956054688,240352,0.0008133554975086401
2026-04-15 17:35:00+00:00,633.3300170898438,633.7999877929688,633.3099975585938,633.5349731445312,301722,-0.0003158568853479029
2026-04-15 17:40:00+00:00,632.904296875,633.3200073242188,632.75,633.31201171875,816734,-0.0006724193558637866
2026-04-15 17:45:00+00:00,633.1699829101562,633.3099975585938,632.9500122070312,632.9500122070312,190727,0.0004197005551702624
2026-04-15 17:50:00+00:00,633.4400024414062,633.6400146484375,633.1649780273438,633.1649780273438,677274,0.00042636571393443723
2026-04-15 17:55:00+00:00,633.0850219726562,633.5999755859375,633.0100708007812,633.4500122070312,327243,-0.0005605581748525755
2026-04-15 18:00:00+00:00,633.489990234375,634.239990234375,632.6799926757812,633.0698852539062,827266,0.0006394698641860191
2026-04-15 18:05:00+00:00,633.8300170898438,633.9199829101562,633.4099731445312,633.4600219726562,302654,0.0005366077417902511
2026-04-15 18:10:00+00:00,634.3499145507812,634.510009765625,633.6900024414062,633.8400268554688,641707,0.0008199112398666211
2026-04-15 18:15:00+00:00,634.2849731445312,634.6900024414062,634.1849975585938,634.3300170898438,331121,-0.0001023799785684574
2026-04-15 18:20:00+00:00,634.3599853515625,634.4299926757812,634.0399780273438,634.2899780273438,254158,0.00011825563427548374
2026-04-15 18:25:00+00:00,634.4793090820312,634.5850219726562,634.1599731445312,634.3499755859375,239756,0.00018808328421728875
2026-04-15 18:30:00+00:00,635.135009765625,635.1500244140625,634.4849853515625,634.4849853515625,540835,0.0010329132747756318
2026-04-15 18:35:00+00:00,635.14501953125,635.4249877929688,634.9500122070312,635.1400146484375,692896,1.5759935438455398e-05
2026-04-15 18:40:00+00:00,635.0499267578125,635.2000122070312,634.8400268554688,635.1500244140625,259194,-0.00014972941577667337
2026-04-15 18:45:00+00:00,635.405029296875,635.4099731445312,635.0404052734375,635.0599975585938,342862,0.0005590163533428313
2026-04-15 18:50:00+00:00,635.6779174804688,635.719970703125,635.405029296875,635.405029296875,440912,0.00042937904009833695
2026-04-15 18:55:00+00:00,635.8099975585938,636.0700073242188,635.6199951171875,635.6699829101562,582243,0.00020775671878252506
2026-04-15 19:00:00+00:00,635.9398803710938,635.969970703125,635.5401000976562,635.8098754882812,533806,0.00020425842409056954
2026-04-15 19:05:00+00:00,636.239990234375,636.2899780273438,635.9400024414062,635.9400024414062,438198,0.0004718041462258071
2026-04-15 19:10:00+00:00,635.8499755859375,636.3900146484375,635.7999877929688,636.2349853515625,465242,-0.0006131872291067067
2026-04-15 19:15:00+00:00,636.0900268554688,636.1099853515625,635.8400268554688,635.8599853515625,394976,0.00037745691136473756
2026-04-15 19:20:00+00:00,636.25,636.3599853515625,635.9749755859375,636.0999755859375,329647,0.00025146288255904704
2026-04-15 19:25:00+00:00,636.6300048828125,636.6599731445312,636.25,636.260009765625,358444,0.000597078896116102
2026-04-15 19:30:00+00:00,636.9299926757812,636.969970703125,636.530029296875,636.6199951171875,565215,0.0004711011638117631
2026-04-15 19:35:00+00:00,636.72998046875,637.1599731445312,636.7249755859375,636.9199829101562,765729,-0.0003140747340619765
2026-04-15 19:40:00+00:00,636.6649780273438,636.8699951171875,636.47998046875,636.7301025390625,826764,-0.00010209313462252175
2026-04-15 19:45:00+00:00,636.6799926757812,636.9500122070312,636.47998046875,636.6099853515625,872623,2.358300191012607e-05
2026-04-15 19:50:00+00:00,637.094970703125,637.3400268554688,636.6799926757812,636.6799926757812,1115917,0.0006515719871341122
2026-04-15 19:55:00+00:00,637.364990234375,637.6500244140625,637.0689697265625,637.0999755859375,2585376,0.00042373953449536476
2026-04-16 13:30:00+00:00,638.14501953125,639.5800170898438,637.5,639.2150268554688,2792660,0.0012230862763015782
2026-04-16 13:35:00+00:00,637.4000244140625,638.52001953125,637.2706909179688,638.1699829101562,738644,-0.0011681205700046662
2026-04-16 13:40:00+00:00,638.1599731445312,638.4299926757812,636.9716186523438,637.4099731445312,791480,0.0011915532344034996
2026-04-16 13:45:00+00:00,637.8800048828125,638.1400146484375,637.4400024414062,638.1400146484375,477813,-0.00043880798569325184
2026-04-16 13:50:00+00:00,635.4000244140625,637.885009765625,635.3499755859375,637.885009765625,917010,-0.0038954252759683893
2026-04-16 13:55:00+00:00,636.3499755859375,636.4600219726562,635.2550048828125,635.4000244140625,939277,0.0014939278137239874
2026-04-16 14:00:00+00:00,636.5958862304688,636.6599731445312,635.60009765625,636.3200073242188,623830,0.00038636466006410287
2026-04-16 14:05:00+00:00,636.9400024414062,637.4199829101562,636.4099731445312,636.6500244140625,1019708,0.0005404107137823648
2026-04-16 14:10:00+00:00,637.2349853515625,637.9000244140625,636.969970703125,636.969970703125,445300,0.0004630179029603086
2026-04-16 14:15:00+00:00,636.3800048828125,637.5087890625,636.2432250976562,637.280029296875,557432,-0.001342604482103381
2026-04-16 14:20:00+00:00,636.7000122070312,636.9000244140625,636.1199951171875,636.385009765625,467403,0.0005027293283418305
2026-04-16 14:25:00+00:00,637.0999755859375,637.4000244140625,636.52001953125,636.6699829101562,310082,0.0006279846065057246
2026-04-16 14:30:00+00:00,637.6765747070312,637.7098999023438,637.0399780273438,637.0999755859375,383188,0.0009046278114904504
2026-04-16 14:35:00+00:00,637.6300048828125,638.02001953125,637.4299926757812,637.6799926757812,305288,-7.303314353549531e-05
2026-04-16 14:40:00+00:00,638.0,638.0700073242188,637.3200073242188,637.5900268554688,246976,0.000580097875006022
2026-04-16 14:45:00+00:00,638.6550903320312,638.6799926757812,637.9099731445312,638.0,779323,0.0010262605687124025
2026-04-16 14:50:00+00:00,638.5499877929688,638.7899780273438,638.0999755859375,638.6798706054688,379313,-0.00016458208802933193
2026-04-16 14:55:00+00:00,638.3599853515625,638.5999755859375,637.9299926757812,638.5501098632812,321515,-0.00029759724147294464
2026-04-16 15:00:00+00:00,639.239990234375,639.35498046875,638.3599853515625,638.3599853515625,412468,0.00137759085597737
2026-04-16 15:05:00+00:00,639.8209228515625,639.9000244140625,638.9901123046875,639.239990234375,448455,0.0009083737157315961
2026-04-16 15:10:00+00:00,639.9400024414062,640.3400268554688,639.75,639.8350219726562,840433,0.00018609661825734676
2026-04-16 15:15:00+00:00,639.9450073242188,640.5700073242188,639.8699951171875,639.9299926757812,816878,7.820831987887052e-06
2026-04-16 15:20:00+00:00,640.4000244140625,640.6199951171875,639.9600219726562,639.9600219726562,347721,0.000710772639750194
2026-04-16 15:25:00+00:00,639.6500244140625,640.75,639.6500244140625,640.4099731445312,659651,-0.0011718293148156567
2026-04-16 15:30:00+00:00,640.3900146484375,640.3900146484375,639.5,639.6799926757812,516857,0.0011561987035211651
2026-04-16 15:35:00+00:00,640.8599853515625,641.6500244140625,640.3699951171875,640.39501953125,606095,0.0007336128377798301
2026-04-16 15:40:00+00:00,640.6199951171875,640.9600219726562,640.1099853515625,640.8800048828125,335326,-0.00037455167593468326
2026-04-16 15:45:00+00:00,640.2750244140625,640.8499755859375,640.010009765625,640.6300048828125,596742,-0.0005386401011877636
2026-04-16 15:50:00+00:00,640.7100219726562,640.9498291015625,640.22998046875,640.280029296875,281170,0.0006791610511634181
2026-04-16 15:55:00+00:00,641.530029296875,641.5993041992188,640.72998046875,640.72998046875,413200,0.0012790232767950225
2026-04-16 16:00:00+00:00,641.64501953125,641.8300170898438,641.351318359375,641.510009765625,354385,0.00017922766622958177
2026-04-16 16:05:00+00:00,641.625,641.7999877929688,641.3201293945312,641.6500244140625,438373,-3.1200808788347194e-05
2026-04-16 16:10:00+00:00,641.9201049804688,641.9400024414062,641.60498046875,641.6300048828125,334698,0.00045982799439378227
2026-04-16 16:15:00+00:00,642.1450805664062,642.1799926757812,641.8900146484375,641.9349975585938,295518,0.0003504114756351032
2026-04-16 16:20:00+00:00,641.4149780273438,642.1799926757812,641.1900024414062,642.1500244140625,348982,-0.0011376212790586142
2026-04-16 16:25:00+00:00,641.1199951171875,641.6400146484375,641.0501098632812,641.4100952148438,358876,-0.0004599997996694107
2026-04-16 16:30:00+00:00,639.9199829101562,641.219970703125,639.0189819335938,641.1300048828125,683573,-0.0018734974374210464
2026-04-16 16:35:00+00:00,640.8200073242188,640.8300170898438,639.6900024414062,639.9299926757812,522623,0.0014054758484647954
2026-04-16 16:40:00+00:00,640.5900268554688,641.0999755859375,640.2999877929688,640.7999877929688,284011,-0.00035894907185825617
2026-04-16 16:45:00+00:00,640.8372802734375,641.1300048828125,640.5800170898438,640.590087890625,323273,0.0003859031560537601
2026-04-16 16:50:00+00:00,640.22998046875,641.1400146484375,640.117919921875,640.8400268554688,243268,-0.0009481154796331772
2026-04-16 16:55:00+00:00,640.030029296875,640.5098266601562,639.969970703125,640.2399291992188,390679,-0.00031236025803442876
2026-04-16 17:00:00+00:00,639.919921875,640.22998046875,639.7319946289062,640.0800170898438,220194,-0.0001720495743537803
2026-04-16 17:05:00+00:00,639.8900146484375,640.0,639.3499755859375,639.9099731445312,261720,-4.673698135082453e-05
2026-04-16 17:10:00+00:00,639.314697265625,640.139892578125,639.2999877929688,639.9400024414062,184623,-0.0008994923427725088
2026-04-16 17:15:00+00:00,639.4099731445312,639.4598999023438,639.0499877929688,639.2999877929688,421769,0.00014901703437389022
2026-04-16 17:20:00+00:00,640.1900024414062,640.2100219726562,639.260009765625,639.469970703125,225059,0.0012191769433833161
2026-04-16 17:25:00+00:00,640.1300048828125,640.4299926757812,640.0,640.1900024414062,205064,-9.372275414654371e-05
2026-04-16 17:30:00+00:00,640.1699829101562,640.6298828125,640.0999755859375,640.1400146484375,1230623,6.245103138007188e-05
2026-04-16 17:35:00+00:00,640.1900024414062,640.315185546875,639.8599853515625,640.1599731445312,254037,3.1271722766517086e-05
2026-04-16 17:40:00+00:00,640.760009765625,640.8499755859375,640.1799926757812,640.1900024414062,195020,0.0008899759653538892
2026-04-16 17:45:00+00:00,640.8599853515625,640.9199829101562,640.469970703125,640.7650146484375,150113,0.00015601439821669597
2026-04-16 17:50:00+00:00,640.322509765625,640.8298950195312,640.2990112304688,640.8201293945312,0,-0.0008390305354882109
2026-04-16 17:55:00+00:00,639.7550048828125,640.3203125,639.2000122070312,640.3203125,678577,-0.0008866727420782478
2026-04-16 18:00:00+00:00,639.3751220703125,640.2899780273438,639.3679809570312,639.75,452687,-0.0005939705674409071
2026-04-16 18:05:00+00:00,638.4650268554688,639.60498046875,638.1400146484375,639.3875122070312,471615,-0.0014244275694268362
2026-04-16 18:10:00+00:00,638.719970703125,638.7949829101562,638.1099853515625,638.4600219726562,393208,0.00039922775718435985
2026-04-16 18:15:00+00:00,638.3800048828125,638.9199829101562,638.3400268554688,638.7100219726562,272355,-0.0005324028421296606
2026-04-16 18:20:00+00:00,637.7000122070312,638.64501953125,637.5499877929688,638.3900146484375,343000,-0.0010657525093056939
2026-04-16 18:25:00+00:00,637.60009765625,637.8690185546875,637.2000122070312,637.7000122070312,356939,-0.0001566918252620771
2026-04-16 18:30:00+00:00,638.5900268554688,638.75,637.5900268554688,637.6099853515625,788145,0.0015513823195321059
2026-04-16 18:35:00+00:00,638.9199829101562,639.1950073242188,638.5006713867188,638.5700073242188,747121,0.0005165612159625514
2026-04-16 18:40:00+00:00,639.1298828125,639.2849731445312,638.8800048828125,638.9199829101562,297972,0.00032846903686710774
2026-04-16 18:45:00+00:00,639.119873046875,639.489990234375,639.010009765625,639.0828247070312,547027,-1.5661674221884687e-05
2026-04-16 18:50:00+00:00,638.969970703125,639.25,638.8250122070312,639.094970703125,480791,-0.0002345724679222275
2026-04-16 18:55:00+00:00,639.1400146484375,639.1599731445312,638.7100219726562,638.9299926757812,481668,0.0002660865626037043
2026-04-16 19:00:00+00:00,639.6099853515625,639.8400268554688,639.1500244140625,639.1500244140625,413745,0.000735047076105963
2026-04-16 19:05:00+00:00,639.219970703125,639.7650146484375,639.1500244140625,639.6099243164062,258312,-0.0006099554654360365
2026-04-16 19:10:00+00:00,639.3099975585938,639.4299926757812,639.0900268554688,639.22998046875,36786,0.0001408286983526694
2026-04-16 19:15:00+00:00,639.5900268554688,639.7000122070312,639.2971801757812,639.2971801757812,264990,0.0004379221143240122
2026-04-16 19:20:00+00:00,639.4600219726562,639.639892578125,639.280029296875,639.580078125,322012,-0.0002032834968097323
2026-04-16 19:25:00+00:00,639.3499755859375,639.5449829101562,639.3499755859375,639.469970703125,164562,-0.0001721074861792773
2026-04-16 19:30:00+00:00,639.6651000976562,639.8099975585938,639.2208862304688,639.3499755859375,378886,0.0004927612255496097
2026-04-16 19:35:00+00:00,639.9749755859375,640.0,639.5601196289062,639.6699829101562,434888,0.0004843166453235518
2026-04-16 19:40:00+00:00,639.9099731445312,640.219970703125,639.8699951171875,639.9600219726562,340310,-0.00010157544477202722
2026-04-16 19:45:00+00:00,640.27001953125,640.27001953125,639.7100219726562,639.9000244140625,406480,0.0005624933966657902
2026-04-16 19:50:00+00:00,640.239990234375,640.719970703125,639.9500122070312,640.260009765625,676153,-4.6902088467044345e-05
2026-04-16 19:55:00+00:00,640.4099731445312,640.719970703125,640.0900268554688,640.260009765625,2692945,0.00026546350058986824
2026-04-17 13:30:00+00:00,645.094970703125,646.27001953125,644.0700073242188,645.5499877929688,5391059,0.007288993050703886
2026-04-17 13:35:00+00:00,645.6900024414062,646.1799926757812,644.9500122070312,645.030029296875,918195,0.0009219688682632509
2026-04-17 13:40:00+00:00,645.8900146484375,646.1900024414062,645.3101196289062,645.6799926757812,644162,0.0003097170999606913
2026-04-17 13:45:00+00:00,645.6699829101562,646.2000122070312,644.1199951171875,645.8800048828125,1273460,-0.00034072244545479
2026-04-17 13:50:00+00:00,645.969970703125,646.6599731445312,645.469970703125,645.6699829101562,1017642,0.00046450684267476943
2026-04-17 13:55:00+00:00,646.4450073242188,646.4600219726562,645.40380859375,645.97998046875,683403,0.0007351147279506562
2026-04-17 14:00:00+00:00,646.9199829101562,647.0349731445312,646.2899780273438,646.4600219726562,661370,0.0007344803839231843
2026-04-17 14:05:00+00:00,647.2449951171875,647.3099975585938,646.739990234375,646.8900146484375,882152,0.0005022732331382876
2026-04-17 14:10:00+00:00,647.35009765625,647.530029296875,646.77001953125,647.2449951171875,647377,0.00016237129258425838
2026-04-17 14:15:00+00:00,646.8300170898438,647.3690795898438,646.739990234375,647.3499755859375,927497,-0.0008037221225650657
2026-04-17 14:20:00+00:00,646.6298828125,647.0,646.1500244140625,646.8099975585938,794282,-0.00030945571479404566
2026-04-17 14:25:00+00:00,646.6300048828125,646.8400268554688,646.25,646.6599731445312,581423,1.8877924484766919e-07
2026-04-17 14:30:00+00:00,647.909912109375,648.0,646.635009765625,646.6400146484375,815225,0.001977393862959373
2026-04-17 14:35:00+00:00,648.219970703125,648.22998046875,647.3300170898438,647.9000244140625,736286,0.00047843754515044775
2026-04-17 14:40:00+00:00,648.8200073242188,648.969970703125,648.1903076171875,648.2100219726562,723194,0.0009252400451255603
2026-04-17 14:45:00+00:00,649.3099975585938,649.4000244140625,648.6900024414062,648.8499755859375,562505,0.0007549170819600104
2026-04-17 14:50:00+00:00,648.9849853515625,649.39501953125,648.760009765625,649.2999877929688,520162,-0.0005006754521874426
2026-04-17 14:55:00+00:00,648.760009765625,649.1300048828125,648.1199951171875,648.989990234375,559558,-0.00034671771270581865
2026-04-17 15:00:00+00:00,648.8049926757812,649.3400268554688,648.3900146484375,648.780029296875,708154,6.933434562368857e-05
2026-04-17 15:05:00+00:00,649.14501953125,649.4199829101562,648.739990234375,648.8300170898438,439780,0.0005239444663500706
2026-04-17 15:10:00+00:00,648.5599975585938,649.3699951171875,648.4218139648438,649.1199951171875,495443,-0.0009016255691142005
2026-04-17 15:15:00+00:00,648.5900268554688,649.22998046875,648.260009765625,648.5700073242188,470331,4.630042217972883e-05
2026-04-17 15:20:00+00:00,648.969970703125,649.14501953125,648.2698974609375,648.5800170898438,413168,0.0005856281932702373
2026-04-17 15:25:00+00:00,649.0598754882812,649.25,648.8499755859375,648.989990234375,368379,0.0001385249893349222
2026-04-17 15:30:00+00:00,649.7999877929688,649.8099975585938,649.0349731445312,649.0800170898438,669612,0.001139633929283924
2026-04-17 15:35:00+00:00,649.635009765625,649.9000244140625,649.25,649.780029296875,519308,-0.00025392271031661923
2026-04-17 15:40:00+00:00,648.4400024414062,649.6699829101562,648.4201049804688,649.635009765625,545676,-0.001841199700436632
2026-04-17 15:45:00+00:00,648.75,649.219970703125,648.4429931640625,648.469970703125,497179,0.00047795244168018263
2026-04-17 15:50:00+00:00,648.8099975585938,649.2899780273438,648.6300048828125,648.760009765625,541177,9.247750970956134e-05
2026-04-17 15:55:00+00:00,648.1500244140625,648.97998046875,648.030029296875,648.81982421875,2223963,-0.001017723276453778
2026-04-17 16:00:00+00:00,648.7999877929688,648.9561767578125,647.8699951171875,648.1500244140625,2236017,0.0010022952730656255
2026-04-17 16:05:00+00:00,648.989990234375,649.5150146484375,648.739990234375,648.7650146484375,407171,0.0002928092310476811
2026-04-17 16:10:00+00:00,649.155029296875,649.4299926757812,648.88037109375,648.9849853515625,297582,0.0002542690699514475
2026-04-17 16:15:00+00:00,648.9000244140625,649.3599853515625,648.5850219726562,649.1500244140625,457760,-0.000392903036529825
2026-04-17 16:20:00+00:00,649.219970703125,649.2301025390625,648.780029296875,648.9000244140625,337192,0.0004929379360068313
2026-04-17 16:25:00+00:00,649.3499755859375,649.419921875,649.1099853515625,649.219970703125,351667,0.00020022777150866596
2026-04-17 16:30:00+00:00,649.7100219726562,649.844970703125,649.3699951171875,649.375,455130,0.0005543183480587796
2026-04-17 16:35:00+00:00,649.7800903320312,649.9799194335938,649.6950073242188,649.72998046875,431449,0.00010783977312253173
2026-04-17 16:40:00+00:00,649.77001953125,649.8900146484375,649.5050048828125,649.7999877929688,656808,-1.549890335895954e-05
2026-04-17 16:45:00+00:00,649.75,650.0,649.7091064453125,649.77001953125,215652,-3.0810654627420005e-05
2026-04-17 16:50:00+00:00,649.5908813476562,649.8800048828125,649.5399780273438,649.7550048828125,193556,-0.00024492210692871486
2026-04-17 16:55:00+00:00,649.45068359375,649.6500244140625,649.3300170898438,649.5900268554688,185214,-0.0002158479886006186
2026-04-17 17:00:00+00:00,649.7899780273438,649.8699951171875,649.4299926757812,649.4500122070312,300297,0.0005222965249310782
2026-04-17 17:05:00+00:00,649.0999755859375,649.7999877929688,648.3699951171875,649.780029296875,442446,-0.0010624495237537032
2026-04-17 17:10:00+00:00,649.0,649.1699829101562,648.6500244140625,649.1500244140625,327947,-0.0001540337231576316
2026-04-17 17:15:00+00:00,648.469970703125,649.1701049804688,648.4099731445312,649.02001953125,414093,-0.0008170197974934269
2026-04-17 17:20:00+00:00,647.010009765625,648.6099853515625,646.489990234375,648.4500122070312,877329,-0.00225393148112876
2026-04-17 17:25:00+00:00,647.3798828125,647.6199951171875,646.6386108398438,647.0599975585938,642978,0.0005715017693865298
2026-04-17 17:30:00+00:00,647.3900146484375,647.969970703125,647.22998046875,647.3400268554688,781609,1.5650403917536206e-05
2026-04-17 17:35:00+00:00,647.8400268554688,648.1300048828125,647.0900268554688,647.3599853515625,343031,0.0006948761389386038
2026-04-17 17:40:00+00:00,647.8099975585938,647.9899291992188,647.6300048828125,647.8298950195312,149895,-4.6354025106374415e-05
2026-04-17 17:45:00+00:00,648.469970703125,648.72998046875,647.7999877929688,647.7999877929688,567622,0.0010182571939925942
2026-04-17 17:50:00+00:00,648.4600219726562,648.6400146484375,648.3699951171875,648.469970703125,619509,-1.534196992148183e-05
2026-04-17 17:55:00+00:00,648.2000122070312,648.6713256835938,648.1600952148438,648.47998046875,169798,-0.0004010453970295153
2026-04-17 18:00:00+00:00,647.9500122070312,648.530029296875,647.780029296875,648.2100219726562,284016,-0.0003857578187574496
2026-04-17 18:05:00+00:00,647.4199829101562,648.0399780273438,647.3699951171875,647.9600219726562,636604,-0.0008183443007826808
2026-04-17 18:10:00+00:00,647.2598876953125,647.6798706054688,647.0700073242188,647.4400024414062,300078,-0.0002473124349803691
2026-04-17 18:15:00+00:00,647.489990234375,647.8200073242188,647.219970703125,647.239990234375,400513,0.0003554393715841939
2026-04-17 18:20:00+00:00,647.6699829101562,647.7899780273438,646.9400024414062,647.4450073242188,446532,0.00027794663311436226
2026-04-17 18:25:00+00:00,647.6524047851562,648.280029296875,647.489990234375,647.6697998046875,336610,-2.714092671919848e-05
2026-04-17 18:30:00+00:00,648.1400146484375,648.2680053710938,647.6500244140625,647.6599731445312,288594,0.0007526049373094869
2026-04-17 18:35:00+00:00,648.2000122070312,648.3499755859375,648.0499877929688,648.1799926757812,225407,9.25645392313873e-05
2026-04-17 18:40:00+00:00,648.1699829101562,648.3400268554688,647.7700805664062,648.1699829101562,300445,-4.632828126761008e-05
2026-04-17 18:45:00+00:00,648.030029296875,648.3599853515625,647.9299926757812,648.1799926757812,718347,-0.00021594447231463055
2026-04-17 18:50:00+00:00,647.5750122070312,648.0449829101562,647.22998046875,648.0172729492188,546373,-0.0007024009539560727
2026-04-17 18:55:00+00:00,647.6500244140625,648.02001953125,647.5250244140625,647.5850219726562,229029,0.00011582884054006259
2026-04-17 19:00:00+00:00,647.64501953125,647.9199829101562,647.56201171875,647.6500244140625,204110,-7.727788098817174e-06
2026-04-17 19:05:00+00:00,647.39990234375,647.6599731445312,647.2000122070312,647.6500244140625,270925,-0.0003785462361755622
2026-04-17 19:10:00+00:00,647.2100219726562,647.489990234375,647.02001953125,647.4349975585938,424104,-0.00029333989936094535
2026-04-17 19:15:00+00:00,647.6099243164062,647.75,647.1599731445312,647.1799926757812,395948,0.000617695699871338
2026-04-17 19:20:00+00:00,647.719970703125,647.7999877929688,647.5,647.6199951171875,404984,0.00016991252561480673
2026-04-17 19:25:00+00:00,647.52001953125,647.9285888671875,647.4299926757812,647.719970703125,334010,-0.0003087476837820862
2026-04-17 19:30:00+00:00,648.130126953125,648.2999877929688,647.5198974609375,647.52001953125,358860,0.0009417781005540513
2026-04-17 19:35:00+00:00,648.3099975585938,648.4099731445312,647.8408203125,648.1300048828125,438780,0.00027748386249721354
2026-04-17 19:40:00+00:00,648.60498046875,648.7150268554688,648.1199951171875,648.3200073242188,575801,0.0004548993885346243
2026-04-17 19:45:00+00:00,648.2938842773438,648.5999755859375,648.1099853515625,648.5999755859375,416582,-0.0004797539821026028
2026-04-17 19:50:00+00:00,648.4249877929688,648.5999755859375,647.8400268554688,648.3200073242188,836648,0.00020220807901462736
2026-04-17 19:55:00+00:00,648.780029296875,648.8499755859375,648.2999877929688,648.4500122070312,2069791,0.0005473946031570433
2026-04-20 13:30:00+00:00,648.3900146484375,648.75,646.844970703125,648.0399780273438,2546444,-0.0006013315864182862
2026-04-20 13:35:00+00:00,646.8330078125,648.5189819335938,646.5499877929688,648.3800048828125,671023,-0.0024042308682557427
2026-04-20 13:40:00+00:00,646.8909301757812,647.219970703125,646.469970703125,646.8300170898438,606380,8.954362150864187e-05
2026-04-20 13:45:00+00:00,646.4401245117188,647.3200073242188,646.0800170898438,646.8900146484375,483601,-0.0006971234173733135
2026-04-20 13:50:00+00:00,647.489990234375,647.6099853515625,646.3599853515625,646.4199829101562,355284,0.0016227552648770637
2026-04-20 13:55:00+00:00,647.655029296875,648.2100219726562,647.4199829101562,647.4600219726562,405104,0.00025485804431850395
2026-04-20 14:00:00+00:00,646.8250122070312,647.8200073242188,646.6599731445312,647.6699829101562,323177,-0.0012823947484410278
2026-04-20 14:05:00+00:00,647.2698974609375,647.2999877929688,646.614990234375,646.9299926757812,268486,0.0006875620452702577
2026-04-20 14:10:00+00:00,647.0701293945312,647.6099853515625,646.5599975585938,647.25,506789,-0.0003086794255722772
2026-04-20 14:15:00+00:00,646.4600219726562,647.010009765625,646.1099853515625,647.010009765625,552343,-0.0009433216016997012
2026-04-20 14:20:00+00:00,647.280029296875,647.280029296875,646.4199829101562,646.5349731445312,302088,0.001267654090515412
2026-04-20 14:25:00+00:00,646.405029296875,647.489990234375,646.260009765625,647.2650146484375,323486,-0.0013527251128320472
2026-04-20 14:30:00+00:00,646.3499755859375,646.6099853515625,645.9500122070312,646.3800048828125,395577,-8.517269051422339e-05
2026-04-20 14:35:00+00:00,646.3800048828125,646.659423828125,646.02001953125,646.3300170898438,3202662,4.645873049142795e-05
2026-04-20 14:40:00+00:00,645.60498046875,646.419921875,645.4500122070312,646.4099731445312,2720463,-0.0011997422815475966
2026-04-20 14:45:00+00:00,646.0599975585938,646.1699829101562,645.3200073242188,645.5999755859375,504562,0.0007045435409427968
2026-04-20 14:50:00+00:00,645.030029296875,646.1599731445312,643.5900268554688,646.0349731445312,1529219,-0.0015955021861956764
2026-04-20 14:55:00+00:00,644.1500244140625,645.0390014648438,643.9500122070312,645.02001953125,738875,-0.001365216622705305
2026-04-20 15:00:00+00:00,643.4299926757812,644.739990234375,643.1500244140625,644.1599731445312,817275,-0.001118426511409543
2026-04-20 15:05:00+00:00,643.3098754882812,643.719970703125,642.52001953125,643.3499755859375,1122786,-0.00018670003288280088
2026-04-20 15:10:00+00:00,643.77001953125,644.1594848632812,643.1099853515625,643.3200073242188,205026,0.0007150202009269182
2026-04-20 15:15:00+00:00,644.1649780273438,644.4500122070312,643.4450073242188,643.8200073242188,246014,0.0006133205623313091
2026-04-20 15:20:00+00:00,644.8800048828125,645.4000244140625,643.9600219726562,644.1599731445312,607564,0.001109390189300028
2026-04-20 15:25:00+00:00,645.6500244140625,645.9000244140625,644.72998046875,644.8699951171875,511869,0.0011933385588072864
2026-04-20 15:30:00+00:00,644.6801147460938,645.6199951171875,644.5050048828125,645.6199951171875,430151,-0.0015033514620865522
2026-04-20 15:35:00+00:00,644.8699951171875,644.9199829101562,644.4199829101562,644.6749877929688,241222,0.00029449087866178993
2026-04-20 15:40:00+00:00,644.6099853515625,645.3098754882812,644.4400024414062,644.8699951171875,498495,-0.0004032784891384108
2026-04-20 15:45:00+00:00,644.5800170898438,645.0349731445312,644.3699951171875,644.6199951171875,259272,-4.649161359829182e-05
2026-04-20 15:50:00+00:00,644.5806884765625,644.6400756835938,644.0800170898438,644.5700073242188,249556,1.0415873146234989e-06
2026-04-20 15:55:00+00:00,644.6798706054688,644.8599853515625,644.5499877929688,644.5800170898438,197319,0.00015385893627666296
2026-04-20 16:00:00+00:00,644.3599243164062,644.8508911132812,644.22998046875,644.6699829101562,384366,-0.0004964102689352142
2026-04-20 16:05:00+00:00,644.8300170898438,645.0599975585938,644.2800903320312,644.3699951171875,197626,0.0007292839932645719
2026-04-20 16:10:00+00:00,645.1199951171875,645.260009765625,644.8499755859375,644.8499755859375,179312,0.0004495957664781879
2026-04-20 16:15:00+00:00,645.1799926757812,645.22998046875,644.510009765625,645.094970703125,380925,9.29978442293567e-05
2026-04-20 16:20:00+00:00,645.0999755859375,645.3900146484375,644.9500122070312,645.1799926757812,234737,-0.0001240305854768893
2026-04-20 16:25:00+00:00,645.0800170898438,645.219970703125,644.869873046875,645.0800170898438,126470,-3.0939087892580885e-05
2026-04-20 16:30:00+00:00,645.4224853515625,645.5999755859375,645.1099853515625,645.1099853515625,135442,0.0005307518104152315
2026-04-20 16:35:00+00:00,645.0499877929688,645.4749755859375,644.8699951171875,645.4249877929688,172119,-0.0005773041683431791
2026-04-20 16:40:00+00:00,645.3400268554688,645.6599731445312,644.9299926757812,645.0599975585938,146010,0.00044953706103095364
2026-04-20 16:45:00+00:00,645.280029296875,645.5499877929688,645.1799926757812,645.3200073242188,89015,-9.297478115416392e-05
2026-04-20 16:50:00+00:00,645.3499755859375,645.3800048828125,645.0050048828125,645.2899780273438,161263,0.00010839092360529096
2026-04-20 16:55:00+00:00,645.1699829101562,645.3099975585938,644.9389038085938,645.3099975585938,193167,-0.0002789459795075571
2026-04-20 17:00:00+00:00,645.0499877929688,645.4500122070312,644.7550048828125,645.1900024414062,129228,-0.0001860072239745346
2026-04-20 17:05:00+00:00,645.4100952148438,645.5,644.9246826171875,645.0399780273438,417639,0.0005581070440907493
2026-04-20 17:10:00+00:00,645.5900268554688,645.6900024414062,645.2650146484375,645.4100952148438,125238,0.0002787476758739874
2026-04-20 17:15:00+00:00,645.9298706054688,645.97998046875,645.4600219726562,645.5599975585938,283013,0.0005262694883937526
2026-04-20 17:20:00+00:00,645.9099731445312,646.0900268554688,645.6912231445312,645.9249877929688,247971,-3.0804841692063003e-05
2026-04-20 17:25:00+00:00,645.6099853515625,645.97998046875,645.581298828125,645.9199829101562,157068,-0.00046455000000618856
2026-04-20 17:30:00+00:00,645.4400024414062,645.6300048828125,645.3099975585938,645.5999755859375,197041,-0.0002633250652502702
2026-04-20 17:35:00+00:00,645.760009765625,645.8800048828125,645.3699951171875,645.489990234375,157172,0.0004956742994817312
2026-04-20 17:40:00+00:00,645.885009765625,646.1799926757812,645.530029296875,645.739990234375,228788,0.00019355163144676608
2026-04-20 17:45:00+00:00,646.1699829101562,646.2000122070312,645.8701171875,645.8800048828125,154160,0.0004411161301455074
2026-04-20 17:50:00+00:00,646.2849731445312,646.3099975585938,646.0499877929688,646.1799926757812,158820,0.0001779408003964504
2026-04-20 17:55:00+00:00,645.8599853515625,646.2999877929688,645.7716064453125,646.2999877929688,125285,-0.0006578020608274259
2026-04-20 18:00:00+00:00,645.9299926757812,646.0499877929688,645.72998046875,645.9000244140625,144713,0.00010838809013543516
2026-04-20 18:05:00+00:00,646.3250122070312,646.4199829101562,645.9249877929688,645.9249877929688,196940,0.000611364695143266
2026-04-20 18:10:00+00:00,646.260009765625,646.4180297851562,645.6199951171875,646.3499755859375,271402,-0.00010057743259601952
2026-04-20 18:15:00+00:00,646.4099731445312,646.530029296875,646.10009765625,646.280029296875,112603,0.00023202113696712062
2026-04-20 18:20:00+00:00,646.6400146484375,646.6699829101562,646.219970703125,646.4099731445312,158173,0.00035581224006029976
2026-04-20 18:25:00+00:00,646.489990234375,646.7100219726562,646.1300048828125,646.6099853515625,365185,-0.00023203299617066304
2026-04-20 18:30:00+00:00,646.4400024414062,646.6099853515625,646.1580810546875,646.5,176020,-7.732482543803229e-05
2026-04-20 18:35:00+00:00,646.0050048828125,646.510009765625,645.9849853515625,646.4301147460938,270037,-0.0006731390079329846
2026-04-20 18:40:00+00:00,646.2999877929688,646.4697875976562,645.9349975585938,645.9901123046875,166223,0.00045652213208381763
2026-04-20 18:45:00+00:00,646.5,646.5999755859375,646.1699829101562,646.2999877929688,379848,0.00030942483062445137
2026-04-20 18:50:00+00:00,646.760009765625,646.77001953125,646.52001953125,646.52001953125,403970,0.00040209975900425
2026-04-20 18:55:00+00:00,646.4299926757812,646.8099975585938,646.3499755859375,646.77001953125,247675,-0.0005103922801519552
2026-04-20 19:00:00+00:00,646.409912109375,646.6300048828125,646.3300170898438,646.4349975585938,214139,-3.1064273826218806e-05
2026-04-20 19:05:00+00:00,646.5098876953125,646.6400146484375,646.364990234375,646.3900146484375,201814,0.00015465087030438592
2026-04-20 19:10:00+00:00,646.6099853515625,646.6699829101562,646.3800048828125,646.510009765625,174812,0.00015481574220052122
2026-04-20 19:15:00+00:00,646.5549926757812,646.6699829101562,646.4199829101562,646.6099853515625,163859,-8.505129159664281e-05
2026-04-20 19:20:00+00:00,646.3900146484375,646.625,646.3399047851562,646.5850219726562,129116,-0.00025519728573839776
2026-04-20 19:25:00+00:00,646.3297729492188,646.4299926757812,646.1500244140625,646.39501953125,204900,-9.320148084735227e-05
2026-04-20 19:30:00+00:00,646.219970703125,646.5700073242188,646.219970703125,646.3099975585938,164551,-0.00016990022534464646
2026-04-20 19:35:00+00:00,646.3800048828125,646.4299926757812,646.1500244140625,646.219970703125,217216,0.0002476159423298788
2026-04-20 19:40:00+00:00,646.1699829101562,646.52001953125,646.0599975585938,646.4199829101562,384928,-0.00032497307877920695
2026-04-20 19:45:00+00:00,646.27001953125,646.3099975585938,646.0501098632812,646.1500244140625,598911,0.0001548027314297929
2026-04-20 19:50:00+00:00,646.3300170898438,646.4761962890625,645.9199829101562,646.280029296875,555985,9.283236412968175e-05
2026-04-20 19:55:00+00:00,646.77001953125,646.9299926757812,646.0900268554688,646.3400268554688,1435030,0.0006805389311373278
2026-04-21 13:30:00+00:00,647.2150268554688,649.0900268554688,646.6710205078125,648.3900146484375,2664813,0.000687809094865554
2026-04-21 13:35:00+00:00,646.7698974609375,647.4000244140625,646.4500122070312,647.22998046875,640945,-0.0006879978332429905
2026-04-21 13:40:00+00:00,647.434814453125,647.5892944335938,646.5800170898438,646.7899780273438,574155,0.0010275299488080524
2026-04-21 13:45:00+00:00,647.469970703125,647.9500122070312,646.8400268554688,647.4299926757812,612009,5.4299359167743943e-05
2026-04-21 13:50:00+00:00,648.1099853515625,648.2899780273438,647.1500244140625,647.469970703125,500446,0.0009879972247307147
2026-04-21 13:55:00+00:00,649.0900268554688,649.0900268554688,648.0499877929688,648.0900268554688,555138,0.0015110109175905675
2026-04-21 14:00:00+00:00,648.8099975585938,649.4199829101562,648.6599731445312,649.0999755859375,705271,-0.0004315113582751938
2026-04-21 14:05:00+00:00,649.6400146484375,649.8400268554688,648.72998046875,648.77001953125,492657,0.001278473865139959
2026-04-21 14:10:00+00:00,649.5,650.02001953125,649.3200073242188,649.6300048828125,452653,-0.00021554974429378114
2026-04-21 14:15:00+00:00,649.3699951171875,650.2000122070312,649.2750244140625,649.5800170898438,524791,-0.00020018151737337527
2026-04-21 14:20:00+00:00,648.8599853515625,649.3720092773438,648.530029296875,649.3599853515625,428962,-0.0007857002218939582
2026-04-21 14:25:00+00:00,649.168212890625,649.27001953125,648.77001953125,648.8300170898438,283602,0.00047491656232605245
2026-04-21 14:30:00+00:00,649.1799926757812,649.4500122070312,648.760009765625,649.1400146484375,248541,1.8145802653145354e-05
2026-04-21 14:35:00+00:00,648.97998046875,649.4000244140625,648.9000244140625,649.1900024414062,158532,-0.00030814724340856684
2026-04-21 14:40:00+00:00,648.760009765625,649.5800170898438,648.6099853515625,648.9400024414062,364608,-0.0003390058207144448
2026-04-21 14:45:00+00:00,648.0501098632812,648.8599853515625,647.764892578125,648.760009765625,535203,-0.001094840273853689
2026-04-21 14:50:00+00:00,648.0349731445312,648.3699951171875,647.6099853515625,648.030029296875,481090,-2.3357600437089148e-05
2026-04-21 14:55:00+00:00,646.6199951171875,648.0499877929688,646.489990234375,648.030029296875,741780,-0.002185877512442998
2026-04-21 15:00:00+00:00,645.5599975585938,647.010009765625,645.0800170898438,646.6500244140625,950187,-0.0016406348997302636
2026-04-21 15:05:00+00:00,646.8839111328125,647.0,644.8800048828125,645.5650024414062,811132,0.002048698637322294
2026-04-21 15:10:00+00:00,647.2100219726562,647.4600219726562,646.8687744140625,646.8900146484375,356846,0.0005039987259103896
2026-04-21 15:15:00+00:00,647.6599731445312,647.8049926757812,646.780029296875,647.2213134765625,312657,0.0006949750811770395
2026-04-21 15:20:00+00:00,647.0499877929688,647.8300170898438,646.8800048828125,647.6749877929688,464878,-0.0009422734281793553
2026-04-21 15:25:00+00:00,646.3099975585938,647.0399780273438,645.9199829101562,647.0399780273438,506635,-0.001144291339613868
2026-04-21 15:30:00+00:00,646.6900024414062,647.135009765625,646.27001953125,646.2999877929688,238804,0.0005877879253723644
2026-04-21 15:35:00+00:00,646.3800048828125,646.7100830078125,645.5900268554688,646.6900024414062,303228,-0.00047947529952250065
2026-04-21 15:40:00+00:00,646.5900268554688,646.75,646.0150146484375,646.4500122070312,154952,0.0003248675055849039
2026-04-21 15:45:00+00:00,646.739990234375,647.22998046875,646.2329711914062,646.6439819335938,455577,0.00023190272799158556
2026-04-21 15:50:00+00:00,646.2000122070312,646.739990234375,646.1199951171875,646.7340087890625,299155,-0.0008352716409398454
2026-04-21 15:55:00+00:00,646.510009765625,646.9149780273438,646.1500244140625,646.219970703125,202340,0.00047960882064316445
2026-04-21 16:00:00+00:00,646.860107421875,647.72998046875,646.5650024414062,646.5750122070312,418893,0.0005413727441947426
2026-04-21 16:05:00+00:00,647.0999755859375,647.22998046875,646.5850219726562,646.8400268554688,426183,0.0003707504890761656
2026-04-21 16:10:00+00:00,646.5401000976562,647.0999755859375,646.2520141601562,647.0900268554688,185280,-0.0008655815999543158
2026-04-21 16:15:00+00:00,646.8900146484375,647.0499877929688,646.3499755859375,646.5399780273438,142126,0.0005410645002439379
2026-04-21 16:20:00+00:00,646.22998046875,646.9149780273438,646.0999755859375,646.9149780273438,209342,-0.0010208398903412592
2026-04-21 16:25:00+00:00,645.89501953125,646.2800903320312,645.7999877929688,646.280029296875,230395,-0.0005184652336318842
2026-04-21 16:30:00+00:00,646.52001953125,646.5800170898438,645.8150024414062,645.8200073242188,200243,0.0009671816403098673
2026-04-21 16:35:00+00:00,646.0650024414062,646.8499755859375,645.8499755859375,646.5399780273438,361776,-0.0007040420566601042
2026-04-21 16:40:00+00:00,645.3099975585938,646.1854858398438,645.05517578125,646.1799926757812,188788,-0.0011693039881323726
2026-04-21 16:45:00+00:00,646.0599975585938,646.1201171875,645.3099975585938,645.3099975585938,219208,0.0011615572410103529
2026-04-21 16:50:00+00:00,645.547607421875,646.0900268554688,645.4530029296875,646.0200805664062,181578,-0.0007934145968518429
2026-04-21 16:55:00+00:00,645.0399780273438,645.5999145507812,644.969970703125,645.5999145507812,248109,-0.0007866640380443218
2026-04-21 17:00:00+00:00,645.5501098632812,645.8900146484375,645.0599975585938,645.0599975585938,195744,0.0007905404935174661
2026-04-21 17:05:00+00:00,645.0999755859375,645.5599975585938,644.219970703125,645.5599975585938,735223,-0.0006975311134592578
2026-04-21 17:10:00+00:00,644.3800048828125,645.0800170898438,643.760009765625,645.0701293945312,510648,-0.001116683917309372
2026-04-21 17:15:00+00:00,643.5850219726562,644.6599731445312,643.4749755859375,644.4498901367188,318468,-0.0012344791893239397
2026-04-21 17:20:00+00:00,643.9400024414062,644.1500244140625,643.364990234375,643.6199951171875,426528,0.0005514152672973198
2026-04-21 17:25:00+00:00,644.1796264648438,644.5198974609375,643.8499755859375,643.9299926757812,653021,0.00037205244113097793
2026-04-21 17:30:00+00:00,644.9149780273438,645.1199951171875,644.1199951171875,644.1799926757812,249042,0.0011408808006784967
2026-04-21 17:35:00+00:00,646.0401000976562,646.6300048828125,644.6090087890625,644.8150024414062,409293,0.0017430852153623318
2026-04-21 17:40:00+00:00,646.405029296875,647.4199829101562,645.9199829101562,646.030029296875,728600,0.0005647113376298098
2026-04-21 17:45:00+00:00,646.02001953125,646.4600219726562,645.6300048828125,646.39501953125,267697,-0.0005957943593912909
2026-04-21 17:50:00+00:00,645.7750244140625,646.4000244140625,645.6400146484375,646.0,221883,-0.00037930958362656015
2026-04-21 17:55:00+00:00,645.7249755859375,645.780029296875,645.2100830078125,645.719970703125,233390,-7.750496035630973e-05
2026-04-21 18:00:00+00:00,646.0900268554688,646.4600219726562,645.7100830078125,645.7100830078125,289814,0.0005651757853230806
2026-04-21 18:05:00+00:00,646.0800170898438,646.47998046875,645.885009765625,646.0999755859375,209408,-1.5492954154346896e-05
2026-04-21 18:10:00+00:00,646.2949829101562,646.2999877929688,645.773193359375,646.0599975585938,184321,0.00033266787471903573
2026-04-21 18:15:00+00:00,645.27001953125,646.52001953125,644.780029296875,646.2899780273438,566304,-0.0015871653259939109
2026-04-21 18:20:00+00:00,645.2899169921875,645.5700073242188,645.0499877929688,645.2686157226562,140492,3.083539226034348e-05
2026-04-21 18:25:00+00:00,645.219970703125,645.5299072265625,645.010009765625,645.2100219726562,140204,-0.00010840101234076421
2026-04-21 18:30:00+00:00,645.8400268554688,645.9349975585938,645.2100219726562,645.2100219726562,165211,0.0009605381642836796
2026-04-21 18:35:00+00:00,645.5599975585938,645.8347778320312,645.25,645.8159790039062,127471,-0.0004336832832121075
2026-04-21 18:40:00+00:00,645.47998046875,645.6599731445312,645.360107421875,645.5399780273438,59544,-0.00012395757111796868
2026-04-21 18:45:00+00:00,645.0499877929688,645.52001953125,645.0,645.489990234375,121587,-0.0006663815676786897
2026-04-21 18:50:00+00:00,646.3699951171875,646.719970703125,644.9149780273438,645.0499877929688,319289,0.002044273437588709
2026-04-21 18:55:00+00:00,646.3350219726562,646.8900146484375,645.6099853515625,646.3599853515625,543951,-5.410846879590974e-05
2026-04-21 19:00:00+00:00,646.6699829101562,646.8699951171875,646.3300170898438,646.3400268554688,546432,0.0005181123719213832
2026-04-21 19:05:00+00:00,646.760009765625,646.9400024414062,646.5399780273438,646.6900024414062,234892,0.00013920638321974338
2026-04-21 19:10:00+00:00,646.5900268554688,647.47998046875,646.2100219726562,646.7849731445312,451241,-0.0002628567770857709
2026-04-21 19:15:00+00:00,646.6500244140625,646.989990234375,646.260009765625,646.6500244140625,291963,9.278642209985087e-05
2026-04-21 19:20:00+00:00,647.4000244140625,647.489990234375,646.635009765625,646.6649780273438,311661,0.0011591515871525306
2026-04-21 19:25:00+00:00,647.6312255859375,647.6900024414062,647.2999877929688,647.4199829101562,386473,0.000357058834420153
2026-04-21 19:30:00+00:00,647.375,647.8300170898438,647.22998046875,647.6599731445312,541024,-0.00039571329344780383
2026-04-21 19:35:00+00:00,646.260009765625,647.3599853515625,645.7301025390625,647.3400268554688,773561,-0.0017238100423370838
2026-04-21 19:40:00+00:00,642.75,646.3599853515625,642.2100219726562,646.3099975585938,1370991,-0.005446068555719655
2026-04-21 19:45:00+00:00,643.5850219726562,644.030029296875,642.6500244140625,642.739990234375,864283,0.0012982964401710656
2026-04-21 19:50:00+00:00,643.280029296875,644.5,643.1300048828125,643.5675048828125,739858,-0.00047400880331769816
2026-04-21 19:55:00+00:00,644.280029296875,644.3499755859375,643.0399780273438,643.2899780273438,2803849,0.001553325911896716
2026-04-22 13:30:00+00:00,648.8099975585938,650.4600219726562,648.5465087890625,650.260009765625,2590189,0.007006452295059177
2026-04-22 13:35:00+00:00,649.0598754882812,649.4500732421875,648.6599731445312,648.8099975585938,362736,0.0003850585300794309
2026-04-22 13:40:00+00:00,649.47998046875,649.6799926757812,648.9500122070312,649.0599975585938,370949,0.0006470421268911794
2026-04-22 13:45:00+00:00,649.130126953125,650.1199951171875,648.8109741210938,649.469970703125,601311,-0.0005388122610313515
2026-04-22 13:50:00+00:00,649.7100219726562,649.72998046875,648.52001953125,649.1400146484375,347018,0.0008929429207163093
2026-04-22 13:55:00+00:00,649.7501220703125,649.77001953125,649.0800170898438,649.7349853515625,544584,6.171808785804188e-05
2026-04-22 14:00:00+00:00,650.2799072265625,650.5900268554688,649.6599731445312,649.75,800873,0.0008150353047826974
2026-04-22 14:05:00+00:00,650.3300170898438,650.760009765625,649.47998046875,650.260009765625,929818,7.705594485974498e-05
2026-04-22 14:10:00+00:00,651.1400146484375,651.1900024414062,650.3400268554688,650.3499755859375,428355,0.001244742703902375
2026-04-22 14:15:00+00:00,651.7095947265625,651.719970703125,651.1500244140625,651.1500244140625,737678,0.0008743604945862784
2026-04-22 14:20:00+00:00,652.25,652.4699096679688,651.5850219726562,651.7050170898438,637314,0.0008288681743854203
2026-04-22 14:25:00+00:00,652.760009765625,652.7899780273438,652.1201171875,652.219970703125,440202,0.0007816182064096668
2026-04-22 14:30:00+00:00,652.1300048828125,652.9099731445312,651.77001953125,652.75,961182,-0.0009656061808908269
2026-04-22 14:35:00+00:00,652.9199829101562,653.0599975585938,651.6900024414062,652.1900024414062,1069475,0.0012106480689937707
2026-04-22 14:40:00+00:00,652.260009765625,653.1799926757812,652.0700073242188,652.9201049804688,470131,-0.0010113136954045517
2026-04-22 14:45:00+00:00,652.5,652.7498779296875,652.2249755859375,652.239990234375,390524,0.00036786878090245764
2026-04-22 14:50:00+00:00,652.280029296875,652.780029296875,651.719970703125,652.489990234375,386205,-0.00033717668920419823
2026-04-22 14:55:00+00:00,652.3499755859375,652.4400024414062,651.8699951171875,652.211181640625,312549,0.00010722777932086218
2026-04-22 15:00:00+00:00,651.7899169921875,652.45751953125,651.6099853515625,652.3400268554688,375518,-0.0008588934843061364
2026-04-22 15:05:00+00:00,652.3049926757812,652.655029296875,651.6699829101562,651.77001953125,668609,0.000789935926532722
2026-04-22 15:10:00+00:00,652.4099731445312,652.5800170898438,652.1099853515625,652.2899780273438,170618,0.00016092475632872342
2026-04-22 15:15:00+00:00,652.6300048828125,652.719970703125,652.1824951171875,652.4349975585938,162617,0.0003372030651486302
2026-04-22 15:20:00+00:00,652.880126953125,653.219970703125,652.5703125,652.5999755859375,250593,0.00038317906123201803
2026-04-22 15:25:00+00:00,652.780029296875,653.22998046875,652.489990234375,652.9298706054688,271774,-0.00015332880607094227
2026-04-22 15:30:00+00:00,652.85498046875,653.1400146484375,652.6649780273438,652.77001953125,207728,0.00011481182933480193
2026-04-22 15:35:00+00:00,652.9400024414062,653.030029296875,652.5300903320312,652.9000244140625,257891,0.00013022254471666735
2026-04-22 15:40:00+00:00,652.2799072265625,653.1400146484375,652.25,652.9400024414062,210645,-0.0010114698162835666
2026-04-22 15:45:00+00:00,652.9334106445312,653.0700073242188,652.1400146484375,652.2799072265625,259352,0.0010013742024071242
2026-04-22 15:50:00+00:00,652.830810546875,653.0,652.589599609375,652.9500122070312,164461,-0.00015714950096244412
2026-04-22 15:55:00+00:00,652.5499877929688,653.1099853515625,652.4600219726562,652.8099975585938,641492,-0.00043025415816678845
2026-04-22 16:00:00+00:00,652.916015625,652.97998046875,652.260009765625,652.5599975585938,249777,0.0005607619664771057
2026-04-22 16:05:00+00:00,652.9000244140625,653.1199951171875,652.7871704101562,652.9099731445312,177120,-2.4492287501445508e-05
2026-04-22 16:10:00+00:00,652.97998046875,653.0599975585938,652.5700073242188,652.9349975585938,140173,0.00012245543922629029
2026-04-22 16:15:00+00:00,652.4199829101562,653.1049194335938,652.4199829101562,652.989990234375,285993,-0.000857970903409682
2026-04-22 16:20:00+00:00,652.7249755859375,652.9600219726562,652.4199829101562,652.4199829101562,114156,0.00046736981872791275
2026-04-22 16:25:00+00:00,652.4299926757812,652.8400268554688,652.3300170898438,652.7100219726562,136107,-0.0004520274179730903
2026-04-22 16:30:00+00:00,652.4500122070312,652.7299194335938,652.0599975585938,652.4099731445312,174092,3.06840953598726e-05
2026-04-22 16:35:00+00:00,652.6500244140625,652.7299194335938,652.219970703125,652.4400024414062,131533,0.0003065086246032536
2026-04-22 16:40:00+00:00,652.27001953125,652.8200073242188,652.1099853515625,652.6400146484375,436939,-0.0005824186628407196
2026-04-22 16:45:00+00:00,652.5750122070312,652.6199951171875,652.18212890625,652.2698974609375,147157,0.00046747724659562006
2026-04-22 16:50:00+00:00,652.5299072265625,652.6699829101562,652.1599731445312,652.5800170898438,194303,-6.91208496958526e-05
2026-04-22 16:55:00+00:00,652.2899780273438,652.5150146484375,652.030029296875,652.510009765625,131606,-0.000367758346779329
2026-04-22 17:00:00+00:00,653.0050048828125,653.0230102539062,652.239990234375,652.239990234375,357447,0.0010955790627415155
2026-04-22 17:05:00+00:00,653.1699829101562,653.1799926757812,652.8099975585938,653.02001953125,224674,0.0002526124443704986
2026-04-22 17:10:00+00:00,653.4500732421875,653.9000244140625,653.1541137695312,653.1600952148438,555572,0.0004287249916340472
2026-04-22 17:15:00+00:00,653.3900146484375,653.6699829101562,653.22998046875,653.47998046875,186908,-9.191422018464232e-05
2026-04-22 17:20:00+00:00,653.9600219726562,654.25,653.4000244140625,653.409912109375,476049,0.0008720041983721243
2026-04-22 17:25:00+00:00,653.7100219726562,654.0399780273438,653.6599731445312,653.9500122070312,157382,-0.0003823594555879569
2026-04-22 17:30:00+00:00,653.8599853515625,654.0900268554688,653.6849975585938,653.72998046875,191894,0.00022937720921066958
2026-04-22 17:35:00+00:00,653.7799072265625,654.0050048828125,653.7050170898438,653.85498046875,265146,-0.0001224773357781862
2026-04-22 17:40:00+00:00,654.0499267578125,654.1199951171875,653.780029296875,653.7872924804688,230457,0.0004129276272343249
2026-04-22 17:45:00+00:00,654.02001953125,654.1734008789062,653.5700073242188,654.0499877929688,314549,-4.572725893227813e-05
2026-04-22 17:50:00+00:00,653.9849853515625,654.22998046875,653.9338989257812,654.02001953125,216057,-5.3568877129872606e-05
2026-04-22 17:55:00+00:00,653.7750244140625,654.0499877929688,653.77001953125,653.989990234375,440454,-0.00032110010664969445
2026-04-22 18:00:00+00:00,653.9299926757812,654.030029296875,653.655029296875,653.7664184570312,201068,0.00023700798026909475
2026-04-22 18:05:00+00:00,653.6749877929688,654.0,653.6699829101562,653.9349975585938,136553,-0.0003900335190736837
2026-04-22 18:10:00+00:00,653.780029296875,653.9099731445312,653.6199951171875,653.6701049804688,164619,0.00016068086895428568
2026-04-22 18:15:00+00:00,653.469970703125,653.760009765625,653.2650146484375,653.760009765625,525016,-0.0004743677178262876
2026-04-22 18:20:00+00:00,653.2442016601562,653.4400024414062,652.8895263671875,653.4400024414062,695130,-0.00034555230208757994
2026-04-22 18:25:00+00:00,653.0499877929688,653.3499755859375,653.0449829101562,653.25,93656,-0.00029735088801061355
2026-04-22 18:30:00+00:00,653.2999877929688,653.5399780273438,653.0098876953125,653.0549926757812,231513,0.00038274583032743656
2026-04-22 18:35:00+00:00,653.5499267578125,653.5499267578125,653.2901000976562,653.2999877929688,100248,0.00038250600181130524
2026-04-22 18:40:00+00:00,653.7000732421875,653.739990234375,653.469970703125,653.510009765625,115201,0.00022971349785460093
2026-04-22 18:45:00+00:00,653.8400268554688,653.9299926757812,653.530029296875,653.6900024414062,96417,0.00021407162014417232
2026-04-22 18:50:00+00:00,653.77001953125,654.0499877929688,653.75,653.8499145507812,157886,-0.00010707676111707651
2026-04-22 18:55:00+00:00,653.3991088867188,653.7899780273438,653.3200073242188,653.7750244140625,280735,-0.0005675021639085087
2026-04-22 19:00:00+00:00,652.9401245117188,653.4299926757812,652.530029296875,653.4000244140625,724064,-0.0007027032215710963
2026-04-22 19:05:00+00:00,653.6799926757812,653.7000122070312,652.7901000976562,652.9550170898438,298314,0.0011324917371251346
2026-04-22 19:10:00+00:00,653.8300170898438,653.9400024414062,653.5650024414062,653.6599731445312,148648,0.00022948109551809863
2026-04-22 19:15:00+00:00,654.2800903320312,654.3200073242188,653.8200073242188,653.8300170898438,381446,0.0006881274862012883
2026-04-22 19:20:00+00:00,654.1599731445312,654.4099731445312,654.0399780273438,654.2930297851562,337928,-0.0001836036532209167
2026-04-22 19:25:00+00:00,654.1400146484375,654.4290771484375,654.0900268554688,654.159912109375,290470,-3.0510580572474903e-05
2026-04-22 19:30:00+00:00,654.260009765625,654.3707275390625,653.9600219726562,654.1300048828125,274703,0.00018342267698692415
2026-04-22 19:35:00+00:00,654.2550048828125,654.3599853515625,654.0100708007812,654.25,257243,-7.649713998639852e-06
2026-04-22 19:40:00+00:00,654.4149780273438,654.4349975585938,654.239990234375,654.27001953125,475219,0.00024448202742796736
2026-04-22 19:45:00+00:00,654.6367797851562,654.6799926757812,654.344970703125,654.4199829101562,469521,0.00033887393468021805
2026-04-22 19:50:00+00:00,655.1400146484375,655.3300170898438,654.3400268554688,654.6400146484375,1110324,0.0007684284683963742
2026-04-22 19:55:00+00:00,655.0800170898438,655.2899780273438,654.8150024414062,655.1500244140625,3572761,-9.15839434329242e-05
2026-04-23 13:30:00+00:00,653.2899780273438,653.5700073242188,652.3099975585938,653.5399780273438,2675393,-0.0027362904775530823
2026-04-23 13:35:00+00:00,654.313720703125,654.4199829101562,653.1400146484375,653.27001953125,553944,0.0015658305126317357
2026-04-23 13:40:00+00:00,654.5700073242188,654.8300170898438,654.010009765625,654.3099975585938,403408,0.00039161098710472535
2026-04-23 13:45:00+00:00,655.1058959960938,655.6199951171875,654.1500244140625,654.5599975585938,512173,0.0008183531519876062
2026-04-23 13:50:00+00:00,654.5889892578125,655.1500244140625,654.219970703125,655.1099853515625,476140,-0.000789354483919465
2026-04-23 13:55:00+00:00,653.5800170898438,654.5828247070312,653.5499267578125,654.5800170898438,438922,-0.0015425718896351214
2026-04-23 14:00:00+00:00,653.5599975585938,653.877685546875,652.4199829101562,653.5800170898438,636127,-3.063104338817746e-05
2026-04-23 14:05:00+00:00,653.8125,653.9000244140625,652.9307861328125,653.489990234375,275681,0.00038627467690707963
2026-04-23 14:10:00+00:00,652.9099731445312,653.8400268554688,652.6500244140625,653.8400268554688,268597,-0.0013813598794399685
2026-04-23 14:15:00+00:00,652.9450073242188,653.7899780273438,652.8599853515625,652.8800048828125,355943,5.365707558630453e-05
2026-04-23 14:20:00+00:00,653.7100219726562,653.8499755859375,652.8499755859375,652.9349975585938,697255,0.001170951350885858
2026-04-23 14:25:00+00:00,653.52001953125,653.8800048828125,653.197998046875,653.7000122070312,234433,-0.00029069473116708253
2026-04-23 14:30:00+00:00,654.0900268554688,654.489990234375,653.5449829101562,653.5449829101562,441752,0.0008718308059784604
2026-04-23 14:35:00+00:00,653.9199829101562,654.5599975585938,653.5999755859375,654.0800170898438,216634,-0.00026000404431298263
2026-04-23 14:40:00+00:00,653.9949951171875,654.0900268554688,653.2902221679688,653.905029296875,209660,0.00011470502039306764
2026-04-23 14:45:00+00:00,654.27001953125,654.5599975585938,654.0100708007812,654.0390014648438,170137,0.00042044144731287524
2026-04-23 14:50:00+00:00,654.9212036132812,654.989990234375,654.10009765625,654.2899780273438,339414,0.0009947884223792949
2026-04-23 14:55:00+00:00,655.4500122070312,655.6998291015625,654.9650268554688,654.9650268554688,448509,0.0008071126961161142
2026-04-23 15:00:00+00:00,655.6699829101562,655.8900146484375,655.4199829101562,655.4199829101562,226004,0.0003355462596987871
2026-04-23 15:05:00+00:00,655.9199829101562,655.9490966796875,655.4199829101562,655.7000122070312,240701,0.0003812167057427649
2026-04-23 15:10:00+00:00,656.0349731445312,656.32958984375,655.9400024414062,655.9500122070312,414891,0.00017529601018496417
2026-04-23 15:15:00+00:00,656.4400024414062,656.5599975585938,655.7650146484375,656.0401000976562,275233,0.0006171992872498501
2026-04-23 15:20:00+00:00,656.614990234375,656.780029296875,656.239990234375,656.530029296875,234844,0.0002665353621603344
2026-04-23 15:25:00+00:00,656.3300170898438,656.760009765625,656.2899780273438,656.61572265625,282765,-0.000434097616300117
2026-04-23 15:30:00+00:00,656.6599731445312,656.9199829101562,656.0540161132812,656.2999877929688,228762,0.0005026025546081642
2026-04-23 15:35:00+00:00,656.2150268554688,656.6799926757812,656.1599731445312,656.6799926757812,250531,-0.0006778197560286068
2026-04-23 15:40:00+00:00,656.0750122070312,656.5399780273438,655.969970703125,656.2000122070312,212325,-0.00021338979158724324
2026-04-23 15:45:00+00:00,655.3599853515625,656.0900268554688,655.1500244140625,656.0800170898438,332419,-0.0010904496641493877
2026-04-23 15:50:00+00:00,654.72998046875,655.4000244140625,654.6500244140625,655.3699951171875,398525,-0.0009617735389361175
2026-04-23 15:55:00+00:00,655.407470703125,655.5900268554688,654.6500244140625,654.6981201171875,220000,0.0010342278119864566
2026-04-23 16:00:00+00:00,654.2999267578125,655.5789794921875,654.27001953125,655.4199829101562,224311,-0.0016912849564189678
2026-04-23 16:05:00+00:00,654.3800048828125,654.7598876953125,654.1199951171875,654.2714233398438,216074,0.00012238000012658101
2026-04-23 16:10:00+00:00,655.1596069335938,655.1699829101562,654.3900146484375,654.3900146484375,128262,0.0011906507231194182
2026-04-23 16:15:00+00:00,655.2000122070312,655.3900146484375,655.0,655.1400146484375,214202,6.167051069040377e-05
2026-04-23 16:20:00+00:00,655.364990234375,655.3800048828125,654.8099975585938,655.2249755859375,188524,0.00025176626555396044
2026-04-23 16:25:00+00:00,655.3099975585938,655.6900024414062,655.1876831054688,655.364990234375,173148,-8.391504579804098e-05
2026-04-23 16:30:00+00:00,655.780029296875,655.8400268554688,655.2000122070312,655.3099975585938,408869,0.0007170091279628634
2026-04-23 16:35:00+00:00,655.572021484375,656.02001953125,655.489990234375,655.7750244140625,163608,-0.0003172417568883947
2026-04-23 16:40:00+00:00,655.5999755859375,655.6798706054688,655.3800048828125,655.5712280273438,169951,4.2639869718388334e-05
2026-04-23 16:45:00+00:00,655.489990234375,655.8900146484375,655.3099975585938,655.5999755859375,293186,-0.0001677769713563165
2026-04-23 16:50:00+00:00,655.4299926757812,655.7587280273438,655.3200073242188,655.4299926757812,118733,-9.153504320295786e-05
2026-04-23 16:55:00+00:00,655.2301025390625,655.719970703125,654.969970703125,655.4199829101562,111302,-0.0003050220861966105
2026-04-23 17:00:00+00:00,653.489990234375,655.530029296875,653.2000122070312,655.280029296875,942818,-0.0026592597450796297
2026-04-23 17:05:00+00:00,652.0599975585938,653.5250244140625,651.969970703125,653.469970703125,605694,-0.0021906372961844013
2026-04-23 17:10:00+00:00,651.8599853515625,652.3699951171875,651.344970703125,652.0700073242188,824871,-0.0003067860163528606
2026-04-23 17:15:00+00:00,650.360107421875,651.8699951171875,649.9199829101562,651.8699951171875,790487,-0.0023035715717522314
2026-04-23 17:20:00+00:00,650.239990234375,650.8198852539062,649.7999877929688,650.3599853515625,688197,-0.00018471040876897392
2026-04-23 17:25:00+00:00,650.0650024414062,651.5700073242188,649.9099731445312,650.280029296875,854570,-0.0002691488458642558
2026-04-23 17:30:00+00:00,651.5499877929688,651.6099853515625,649.6199951171875,650.0800170898438,608504,0.002281759209893296
2026-04-23 17:35:00+00:00,649.7999877929688,651.969970703125,649.5399780273438,651.5700073242188,812417,-0.0026895164063719195
2026-04-23 17:40:00+00:00,647.4050903320312,649.8699951171875,647.0001220703125,649.8250122070312,1328653,-0.00369240025696661
2026-04-23 17:45:00+00:00,647.119873046875,647.7000122070312,645.5250244140625,647.4400024414062,1525906,-0.00044065166426288533
2026-04-23 17:50:00+00:00,649.2000122070312,650.3599853515625,646.1699829101562,647.0999755859375,1573074,0.003209301915684492
2026-04-23 17:55:00+00:00,650.2899780273438,650.5999755859375,648.9299926757812,649.1849975585938,1035232,0.001677529006163972
2026-04-23 18:00:00+00:00,650.9598999023438,651.8800048828125,649.8499755859375,650.2899780273438,908305,0.0010296591693108952
2026-04-23 18:05:00+00:00,651.0,651.6900024414062,650.469970703125,650.9199829101562,494272,6.159958946815113e-05
2026-04-23 18:10:00+00:00,651.2050170898438,651.8900146484375,650.6400146484375,651.010009765625,401499,0.00031487682637845277
2026-04-23 18:15:00+00:00,651.3200073242188,651.6400146484375,650.9619140625,651.1900024414062,218778,0.0001765651062641517
2026-04-23 18:20:00+00:00,651.4598999023438,651.7979736328125,650.780029296875,651.3499755859375,221465,0.00021476011087777824
2026-04-23 18:25:00+00:00,651.6749877929688,651.72998046875,651.090087890625,651.4400024414062,233176,0.00033010840951170717
2026-04-23 18:30:00+00:00,652.2949829101562,652.409912109375,651.6799926757812,651.6799926757812,356201,0.0009509347267772637
2026-04-23 18:35:00+00:00,652.159912109375,652.739990234375,652.0,652.25,353375,-0.00020709156258252737
2026-04-23 18:40:00+00:00,651.9199829101562,652.260009765625,651.3099975585938,652.1799926757812,281652,-0.00036796702846541023
2026-04-23 18:45:00+00:00,651.0700073242188,651.9149780273438,651.0700073242188,651.9149780273438,263240,-0.001304654238131461
2026-04-23 18:50:00+00:00,651.0601196289062,651.3800048828125,650.6224975585938,651.0599975585938,208979,-1.5186954219101394e-05
2026-04-23 18:55:00+00:00,649.8400268554688,651.1599731445312,649.3800048828125,651.0599975585938,329152,-0.0018757675360041865
2026-04-23 19:00:00+00:00,649.8150024414062,650.1699829101562,649.3400268554688,649.7999877929688,353328,-3.850931747498803e-05
2026-04-23 19:05:00+00:00,650.5150146484375,650.8200073242188,649.8300170898438,649.8300170898438,263189,0.001076668638658278
2026-04-23 19:10:00+00:00,650.8250122070312,650.8599853515625,650.260009765625,650.5202026367188,223082,0.0004764282325297938
2026-04-23 19:15:00+00:00,651.0700073242188,651.3800048828125,650.8499755859375,650.8499755859375,353020,0.00037636693651033645
2026-04-23 19:20:00+00:00,651.02001953125,651.1500244140625,650.8001098632812,651.0701293945312,197410,-7.67808553361605e-05
2026-04-23 19:25:00+00:00,651.1099853515625,651.3499755859375,651.0,651.030029296875,240930,0.00013818254723913117
2026-04-23 19:30:00+00:00,650.5498046875,651.619873046875,650.5,651.1099853515625,414172,-0.0008607175283936822
2026-04-23 19:35:00+00:00,650.1699829101562,650.47998046875,649.7100219726562,650.4404907226562,342545,-0.0005840178519017403
2026-04-23 19:40:00+00:00,649.989990234375,650.6300048828125,649.9199829101562,650.1799926757812,355280,-0.00027687773912276963
2026-04-23 19:45:00+00:00,650.7999877929688,650.7999877929688,649.9901123046875,649.9901123046875,338429,0.0012453934562358649
2026-04-23 19:50:00+00:00,650.9000244140625,651.0599975585938,649.3499755859375,650.780029296875,742539,0.00015370149858270275
2026-04-23 19:55:00+00:00,651.4099731445312,651.8499145507812,650.6749877929688,650.919921875,1448629,0.000783144961626806
2026-04-24 13:30:00+00:00,658.780029296875,659.3400268554688,657.72998046875,658.469970703125,4018992,0.011250481038864201
2026-04-24 13:35:00+00:00,659.3900146484375,659.5999755859375,658.2050170898438,658.780029296875,752294,0.0009255033489872364
2026-04-24 13:40:00+00:00,658.5999145507812,659.6950073242188,658.2100219726562,659.375,1050192,-0.0011989472374528021
2026-04-24 13:45:00+00:00,659.1749877929688,659.2999877929688,658.3402709960938,658.6199951171875,592353,0.0008727944016399152
2026-04-24 13:50:00+00:00,657.5501098632812,659.5198974609375,657.3699951171875,659.1900024414062,816985,-0.0024680607324709895
2026-04-24 13:55:00+00:00,658.0200805664062,658.2398071289062,656.5300903320312,657.5499877929688,636467,0.0007144745700932008
2026-04-24 14:00:00+00:00,657.8800048828125,658.72998046875,657.2340087890625,658.02001953125,485274,-0.0002128971426808813
2026-04-24 14:05:00+00:00,658.9401245117188,659.239990234375,657.6799926757812,657.8400268554688,599756,0.001610120978971832
2026-04-24 14:10:00+00:00,659.0800170898438,659.8499755859375,658.6300048828125,658.9400024414062,708107,0.00021227684499612834
2026-04-24 14:15:00+00:00,659.27001953125,659.739990234375,658.760009765625,659.0499877929688,523783,0.0002882427844562186
2026-04-24 14:20:00+00:00,659.0498046875,659.5900268554688,658.6339721679688,659.25,371041,-0.0003340840997042534
2026-04-24 14:25:00+00:00,658.1400146484375,659.0499877929688,657.9199829101562,659.0499877929688,597053,-0.0013814108952044715
2026-04-24 14:30:00+00:00,658.0750122070312,658.5850219726562,657.4600219726562,658.239990234375,494729,-9.877176621265133e-05
2026-04-24 14:35:00+00:00,658.989990234375,659.2899780273438,657.85009765625,658.08251953125,311927,0.0013894199190531112
2026-04-24 14:40:00+00:00,659.4600219726562,659.5999755859375,658.8800048828125,658.97998046875,362987,0.000713006566562579
2026-04-24 14:45:00+00:00,659.7050170898438,660.1199951171875,658.9199829101562,659.47998046875,589097,0.00037143968002435496
2026-04-24 14:50:00+00:00,659.760009765625,660.1400146484375,659.3400268554688,659.6900024414062,529013,8.335601883147735e-05
2026-04-24 14:55:00+00:00,660.385009765625,660.5499877929688,659.719970703125,659.75,999682,0.0009468657419433124
2026-04-24 15:00:00+00:00,660.530029296875,660.739013671875,660.3400268554688,660.4000244140625,675353,0.0002195743519364651
2026-04-24 15:05:00+00:00,660.530029296875,660.760009765625,660.3099975585938,660.5399780273438,427844,0.0
2026-04-24 15:10:00+00:00,661.030029296875,661.0399780273438,660.4600219726562,660.5700073242188,349747,0.0007566815001794087
2026-04-24 15:15:00+00:00,660.6900024414062,661.1300048828125,660.6400146484375,661.030029296875,492557,-0.0005145217667964462
2026-04-24 15:20:00+00:00,661.239990234375,661.3699951171875,660.47998046875,660.7000122070312,559255,0.0008320982620103216
2026-04-24 15:25:00+00:00,661.2000122070312,661.2772216796875,660.6900024414062,661.219970703125,391120,-6.0461007353253866e-05
2026-04-24 15:30:00+00:00,661.260009765625,661.6749877929688,661.0700073242188,661.22998046875,572478,9.073629090942381e-05
2026-04-24 15:35:00+00:00,660.9199829101562,661.4299926757812,660.77001953125,661.25,449895,-0.0005143427745820681
2026-04-24 15:40:00+00:00,662.719970703125,663.0999755859375,660.8400268554688,660.9199829101562,617051,0.0027197560750691603
2026-04-24 15:45:00+00:00,662.4005737304688,663.4349975585938,661.6599731445312,662.7100219726562,1111412,-0.0004820647905327817
2026-04-24 15:50:00+00:00,662.8099975585938,663.3099975585938,662.3400268554688,662.4099731445312,703227,0.0006179000530507298
2026-04-24 15:55:00+00:00,662.9099731445312,663.02001953125,662.6400146484375,662.8900146484375,311578,0.00015082459091866275
2026-04-24 16:00:00+00:00,662.8499755859375,663.0999755859375,662.3599853515625,662.9099731445312,324555,-9.051044073571878e-05
2026-04-24 16:05:00+00:00,662.2849731445312,663.1099853515625,662.0599975585938,662.8599853515625,369622,-0.000852747074832873
2026-04-24 16:10:00+00:00,662.6099853515625,663.040283203125,662.1500244140625,662.27001953125,329425,0.0004906233682399223
2026-04-24 16:15:00+00:00,662.6300048828125,662.7440185546875,662.2100219726562,662.5800170898438,164232,3.021268811548089e-05
2026-04-24 16:20:00+00:00,662.989990234375,663.0,662.6099853515625,662.6300048828125,187937,0.0005431199917586213
2026-04-24 16:25:00+00:00,663.0,663.27001953125,662.7899780273438,662.989990234375,783963,1.5097799680044268e-05
2026-04-24 16:30:00+00:00,663.5963745117188,663.6500244140625,663.0,663.0,482643,0.0008991047516068671
2026-04-24 16:35:00+00:00,663.4099731445312,663.7399291992188,663.2999877929688,663.5900268554688,207381,-0.0002809351571568911
2026-04-24 16:40:00+00:00,662.8400268554688,663.4000244140625,662.4849853515625,663.393310546875,272302,-0.0008594855029566982
2026-04-24 16:45:00+00:00,662.8300170898438,663.1300048828125,662.6649780273438,662.8200073242188,132269,-1.510144348647792e-05
2026-04-24 16:50:00+00:00,662.9600219726562,663.1300048828125,662.7899780273438,662.8250122070312,199728,0.00019611685017811907
2026-04-24 16:55:00+00:00,663.260009765625,663.489990234375,662.9099731445312,663.02001953125,229129,0.0004523952148300609
2026-04-24 17:00:00+00:00,663.3599853515625,663.5800170898438,663.2100219726562,663.2899780273438,376372,0.0001507222663531726
2026-04-24 17:05:00+00:00,663.25,663.447998046875,663.1201782226562,663.3400268554688,239868,-0.00016581414738163342
2026-04-24 17:10:00+00:00,663.219970703125,663.510009765625,663.0499877929688,663.22998046875,186861,-4.5277009722585056e-05
2026-04-24 17:15:00+00:00,662.89501953125,663.25,662.864990234375,663.22998046875,243036,-0.0004900799414407461
2026-04-24 17:20:00+00:00,662.8099975585938,662.968017578125,662.2249755859375,662.9099731445312,255953,-0.0001282668039673853
2026-04-24 17:25:00+00:00,662.6199951171875,663.030029296875,662.6199951171875,662.8099975585938,164145,-0.00028670309825144753
2026-04-24 17:30:00+00:00,662.8499755859375,662.989990234375,662.3200073242188,662.60498046875,252409,0.00034701724843426315
2026-04-24 17:35:00+00:00,662.9249877929688,663.510009765625,662.8200073242188,662.8499755859375,279497,0.00011315978832496952
2026-04-24 17:40:00+00:00,663.3800048828125,663.4000244140625,662.9099731445312,662.9349975585938,138550,0.0006861424939331888
2026-04-24 17:45:00+00:00,663.380126953125,663.5798950195312,663.3110961914062,663.3800048828125,237773,1.8401263285396754e-07
2026-04-24 17:50:00+00:00,663.8900146484375,664.510009765625,663.2999877929688,663.4000244140625,425280,0.0007683254590213516
2026-04-24 17:55:00+00:00,663.8099975585938,664.0399780273438,663.6799926757812,663.8499755859375,294393,-0.00012053489373338826
2026-04-24 18:00:00+00:00,663.6599731445312,664.0599975585938,663.5150146484375,663.7999877929688,305861,-0.00022603059656670733
2026-04-24 18:05:00+00:00,663.510009765625,663.6599731445312,663.1701049804688,663.60498046875,341879,-0.00022598970964620753
2026-04-24 18:10:00+00:00,663.4000244140625,663.6300048828125,663.2100219726562,663.52001953125,150391,-0.00016577665249527883
2026-04-24 18:15:00+00:00,663.0,663.4600219726562,662.8400268554688,663.4000244140625,308987,-0.0006031731285096105
2026-04-24 18:20:00+00:00,662.9400024414062,663.030029296875,662.6699829101562,662.969970703125,411058,-9.049815002828796e-05
2026-04-24 18:25:00+00:00,662.760009765625,663.2498779296875,662.6900024414062,662.9400024414062,247474,-0.0002715435999545313
2026-04-24 18:30:00+00:00,663.25,663.3200073242188,662.7000122070312,662.7899780273438,520900,0.0007390445819692808
2026-04-24 18:35:00+00:00,663.3300170898438,663.4500122070312,663.1799926757812,663.239990234375,206276,0.00012063665803791467
2026-04-24 18:40:00+00:00,663.2299194335938,663.5700073242188,663.0700073242188,663.3400268554688,188456,-0.000150913130547783
2026-04-24 18:45:00+00:00,663.0800170898438,663.3264770507812,662.9714965820312,663.219970703125,641208,-0.00022604421524766917
2026-04-24 18:50:00+00:00,663.1749877929688,663.3599853515625,662.9299926757812,663.0200805664062,468162,0.0001432163542269663
2026-04-24 18:55:00+00:00,663.27001953125,663.3250122070312,663.1099853515625,663.2000122070312,271225,0.00014328786782571708
2026-04-24 19:00:00+00:00,663.4400024414062,663.7100219726562,663.2650146484375,663.27001953125,512450,0.0002562472707240818
2026-04-24 19:05:00+00:00,663.8425903320312,663.8607177734375,663.3400268554688,663.4400024414062,279699,0.0006066347967842398
2026-04-24 19:10:00+00:00,664.0900268554688,664.1699829101562,663.8099975585938,663.8499755859375,404637,0.0003726642799470404
2026-04-24 19:15:00+00:00,664.3049926757812,664.3800048828125,664.0900268554688,664.0900268554688,699979,0.0003236474377400351
2026-04-24 19:20:00+00:00,663.8798828125,664.3300170898438,663.8099975585938,664.2999877929688,505055,-0.0006401366039371272
2026-04-24 19:25:00+00:00,663.6300048828125,663.9400024414062,663.5399780273438,663.8699951171875,316177,-0.00037646112462855197
2026-04-24 19:30:00+00:00,663.6199951171875,663.72998046875,663.25,663.6199951171875,717971,-1.5083466754846639e-05
2026-04-24 19:35:00+00:00,663.3883056640625,663.6099853515625,663.2000122070312,663.6099853515625,306521,-0.00034919066496094496
2026-04-24 19:40:00+00:00,663.510009765625,663.7100219726562,663.2550048828125,663.3699951171875,291092,0.00018344148980916071
2026-04-24 19:45:00+00:00,663.614990234375,663.6300048828125,663.3200073242188,663.510009765625,463614,0.00015820735645696719
2026-04-24 19:50:00+00:00,664.0999755859375,664.1300048828125,663.3599853515625,663.6300048828125,1451224,0.0007305564607130726
2026-04-24 19:55:00+00:00,663.9099731445312,664.239990234375,663.8499755859375,664.1099853515625,3406862,-0.0002861461134148373
2026-04-27 13:30:00+00:00,662.4400024414062,663.8499755859375,662.3099975585938,663.385009765625,2685558,-0.0022165662638571858
2026-04-27 13:35:00+00:00,662.989990234375,663.5,662.0700073242188,662.4299926757812,1445534,0.0008299009794168796
2026-04-27 13:40:00+00:00,662.8699951171875,663.1900024414062,662.25,662.9949951171875,566014,-0.00018100722375037794
2026-04-27 13:45:00+00:00,661.967529296875,662.9000244140625,661.3599853515625,662.8300170898438,741667,-0.001362379828875949
2026-04-27 13:50:00+00:00,662.7000122070312,662.739990234375,660.6900024414062,662.0198974609375,960217,0.0011059121807716888
2026-04-27 13:55:00+00:00,663.280029296875,663.5089721679688,662.510009765625,662.6799926757812,663109,0.0008748504633290092
2026-04-27 14:00:00+00:00,662.8400268554688,663.4099731445312,662.5700073242188,663.1900024414062,560755,-0.0006635937003009869
2026-04-27 14:05:00+00:00,662.342529296875,663.2100219726562,662.2999877929688,662.8400268554688,611938,-0.0007508362974690004
2026-04-27 14:10:00+00:00,662.9249877929688,662.97998046875,661.9099731445312,662.3574829101562,581605,0.0008790052213395255
2026-04-27 14:15:00+00:00,662.2899780273438,663.0,662.0407104492188,662.8800048828125,462233,-0.0009583498988531123
2026-04-27 14:20:00+00:00,662.4791870117188,662.5985717773438,662.0399780273438,662.2899780273438,317197,0.00028564823314859814
2026-04-27 14:25:00+00:00,662.1699829101562,662.77001953125,662.080078125,662.4849853515625,283129,-0.00046684679113424485
2026-04-27 14:30:00+00:00,662.0800170898438,662.1900024414062,661.27001953125,662.1859741210938,582039,-0.00013587437485507013
2026-04-27 14:35:00+00:00,662.6199951171875,663.280029296875,662.0001831054688,662.099609375,1105996,0.0008152457949343602
2026-04-27 14:40:00+00:00,662.5999755859375,662.7999877929688,662.1300048828125,662.6199951171875,373237,-3.0213144525550463e-05
2026-04-27 14:45:00+00:00,662.510009765625,662.6699829101562,661.9619750976562,662.6400146484375,203245,-0.0001357861935163757
2026-04-27 14:50:00+00:00,662.1500244140625,662.9000244140625,661.9099731445312,662.5,540840,-0.0005435135825581748
2026-04-27 14:55:00+00:00,662.39990234375,662.5499267578125,661.8400268554688,662.219970703125,168932,0.0003773023992587864
2026-04-27 15:00:00+00:00,661.6799926757812,662.6400146484375,661.5900268554688,662.4199829101562,272433,-0.0010874113285997222
2026-04-27 15:05:00+00:00,662.0999755859375,662.3699951171875,661.510009765625,661.6199951171875,264244,0.0006345207425955804
2026-04-27 15:10:00+00:00,661.719970703125,662.3250122070312,661.6199951171875,662.0899047851562,246840,-0.0005741035921313318
2026-04-27 15:15:00+00:00,661.6699829101562,662.1998901367188,661.5800170898438,661.6849975585938,265461,-7.554506947259483e-05
2026-04-27 15:20:00+00:00,661.2550048828125,661.780029296875,660.9500122070312,661.7249755859375,254109,-0.0006273644307631433
2026-04-27 15:25:00+00:00,661.8200073242188,661.8200073242188,661.02001953125,661.22998046875,300632,0.0008540747433640313
2026-04-27 15:30:00+00:00,661.9500122070312,662.1649780273438,661.6099853515625,661.8300170898438,383347,0.0001964161165646325
2026-04-27 15:35:00+00:00,662.1901245117188,662.22998046875,661.840087890625,662.0,110159,0.0003626690267304446
2026-04-27 15:40:00+00:00,662.489990234375,662.72998046875,662.0999755859375,662.1950073242188,289338,0.0004527368146320315
2026-04-27 15:45:00+00:00,662.2899780273438,662.6680908203125,662.2000122070312,662.4550170898438,276638,-0.0003019553636720342
2026-04-27 15:50:00+00:00,662.1400146484375,662.469970703125,661.9199829101562,662.2750244140625,201814,-0.0002264572387766472
2026-04-27 15:55:00+00:00,662.3400268554688,662.3900146484375,661.9901123046875,662.135009765625,138961,0.0003020237410666786
2026-04-27 16:00:00+00:00,662.1099853515625,662.5399780273438,661.9000244140625,662.3900146484375,165718,-0.0003473766531002495
2026-04-27 16:05:00+00:00,662.4600219726562,662.5900268554688,662.114990234375,662.135009765625,196948,0.0005285286958131196
2026-04-27 16:10:00+00:00,662.5549926757812,662.760009765625,662.3200073242188,662.4849853515625,254046,0.00014335038054319796
2026-04-27 16:15:00+00:00,662.85498046875,662.9099731445312,662.5,662.5499877929688,269704,0.00045267170787862456
2026-04-27 16:20:00+00:00,662.5,662.8900146484375,662.4400024414062,662.8699951171875,475181,-0.000535676075420818
2026-04-27 16:25:00+00:00,662.5800170898438,662.780029296875,662.47998046875,662.530029296875,88568,0.00012077321959281026
2026-04-27 16:30:00+00:00,662.969970703125,663.0399780273438,662.5800170898438,662.5800170898438,220097,0.0005883650230042536
2026-04-27 16:35:00+00:00,663.1699829101562,663.1801147460938,662.7999877929688,662.969970703125,238203,0.00030164570187770094
2026-04-27 16:40:00+00:00,663.0800170898438,663.3300170898438,663.0,663.1400146484375,138063,-0.00013566947476035735
2026-04-27 16:45:00+00:00,663.260009765625,663.3200073242188,663.0399780273438,663.0750122070312,85558,0.0002714125687857846
2026-04-27 16:50:00+00:00,662.9299926757812,663.260009765625,662.9099731445312,663.260009765625,152143,-0.0004976920291183245
2026-04-27 16:55:00+00:00,662.9400024414062,662.989990234375,662.6500244140625,662.9349975585938,103855,1.5099166075282958e-05
2026-04-27 17:00:00+00:00,663.1300048828125,663.25,662.9349975585938,662.9349975585938,143006,0.0002865647238185197
2026-04-27 17:05:00+00:00,663.260009765625,663.27001953125,663.02001953125,663.1099853515625,709039,0.00019602813922448993
2026-04-27 17:10:00+00:00,663.47998046875,663.5,663.0800170898438,663.2449951171875,193738,0.00033159580137730177
2026-04-27 17:15:00+00:00,662.9600219726562,663.5800170898438,662.6500244140625,663.489990234375,181188,-0.0007839910162074684
2026-04-27 17:20:00+00:00,663.1749877929688,663.6500244140625,662.72998046875,662.9500122070312,303335,0.0003241990002712266
2026-04-27 17:25:00+00:00,663.469970703125,663.530029296875,663.135009765625,663.2000122070312,209948,0.0004447051385203278
2026-04-27 17:30:00+00:00,664.0650024414062,664.0800170898438,663.4400024414062,663.4400024414062,345893,0.0008964461052499708
2026-04-27 17:35:00+00:00,663.669921875,664.0900268554688,663.6300048828125,664.0599975585938,261460,-0.0005951196595510818
2026-04-27 17:40:00+00:00,663.9000244140625,663.9199829101562,663.60009765625,663.6649780273438,146116,0.00034665223027967155
2026-04-27 17:45:00+00:00,664.02001953125,664.0499877929688,663.780029296875,663.9000244140625,170352,0.00018072641957819294
2026-04-27 17:50:00+00:00,663.72998046875,664.1224975585938,663.5800170898438,664.021484375,245404,-0.0004368880694608845
2026-04-27 17:55:00+00:00,663.8599853515625,663.89990234375,663.64599609375,663.73876953125,157237,0.00019585095786358415
2026-04-27 18:00:00+00:00,663.6950073242188,663.8400268554688,663.5900268554688,663.8400268554688,176023,-0.0002485441719600824
2026-04-27 18:05:00+00:00,663.9600219726562,663.97998046875,663.6300048828125,663.6950073242188,184393,0.0003992221565230286
2026-04-27 18:10:00+00:00,663.9000244140625,664.030029296875,663.8200073242188,663.97998046875,390616,-9.036729254393283e-05
2026-04-27 18:15:00+00:00,663.969970703125,664.0399780273438,663.8400268554688,663.8900146484375,1493947,0.0001053511102507785
2026-04-27 18:20:00+00:00,663.969970703125,664.02001953125,663.8800048828125,663.9600219726562,208004,0.0
2026-04-27 18:25:00+00:00,663.8599853515625,663.97998046875,663.72998046875,663.9600219726562,232051,-0.00016566180226996717
2026-04-27 18:30:00+00:00,663.7650146484375,664.0,663.7000732421875,663.8400268554688,471201,-0.00014306856723396083
2026-04-27 18:35:00+00:00,663.6699829101562,663.8599853515625,663.6699829101562,663.7550048828125,134483,-0.0001431810048980326
2026-04-27 18:40:00+00:00,663.4500122070312,664.375,663.3300170898438,663.6699829101562,471118,-0.0003315008528976024
2026-04-27 18:45:00+00:00,663.3001098632812,663.4400024414062,663.0798950195312,663.4400024414062,200831,-0.00022596921891209916
2026-04-27 18:50:00+00:00,663.02001953125,663.47998046875,662.969970703125,663.2899780273438,138560,-0.0004223570614475939
2026-04-27 18:55:00+00:00,663.1900024414062,663.364990234375,662.97998046875,662.9901123046875,148139,0.00025634387958292274
2026-04-27 19:00:00+00:00,663.1699829101562,663.3499755859375,663.0200805664062,663.1699829101562,131408,-3.0187176140132445e-05
2026-04-27 19:05:00+00:00,663.14501953125,663.2598876953125,662.9299926757812,663.1649780273438,201356,-3.764321275603759e-05
2026-04-27 19:10:00+00:00,663.489990234375,663.5399780273438,663.02001953125,663.114990234375,838714,0.0005200687579643846
2026-04-27 19:15:00+00:00,663.7999877929688,663.8400268554688,663.469970703125,663.5,466468,0.0004671135461914936
2026-04-27 19:20:00+00:00,663.6849975585938,663.8400268554688,663.6099853515625,663.739990234375,165538,-0.00017324525087887815
2026-04-27 19:25:00+00:00,663.6901245117188,663.8200073242188,663.5999755859375,663.7000122070312,184773,7.724949849982611e-06
2026-04-27 19:30:00+00:00,663.8499755859375,664.0194702148438,663.6898803710938,663.7100219726562,662775,0.00024082297021328278
2026-04-27 19:35:00+00:00,663.7999267578125,663.97998046875,663.4299926757812,663.8599243164062,478346,-7.539461730139539e-05
2026-04-27 19:40:00+00:00,663.8798828125,663.8900146484375,663.5599975585938,663.7999877929688,302551,0.00012044478526795381
2026-04-27 19:45:00+00:00,664.22998046875,664.2449951171875,663.8499755859375,663.8699951171875,458119,0.0005272119032295013
2026-04-27 19:50:00+00:00,664.1300048828125,664.4199829101562,664.030029296875,664.2249755859375,532884,-0.00015052483849066885
2026-04-27 19:55:00+00:00,664.27001953125,664.3800048828125,663.9500122070312,664.1300048828125,818438,0.00021080193673995513
2026-04-28 13:30:00+00:00,656.9500122070312,657.4600219726562,655.2750244140625,657.4550170898438,4799104,-0.011080792065680176
2026-04-28 13:35:00+00:00,657.6400146484375,658.0999755859375,656.8800048828125,656.969970703125,1106949,0.0010497607477243263
2026-04-28 13:40:00+00:00,658.7550048828125,659.3800048828125,657.3200073242188,657.6099853515625,829640,0.001694005954851676
2026-04-28 13:45:00+00:00,659.0999755859375,659.6400146484375,658.5499877929688,658.760009765625,671535,0.0005235336453812144
2026-04-28 13:50:00+00:00,658.0499877929688,659.2750244140625,657.9099731445312,659.0900268554688,493554,-0.0015943332871356597
2026-04-28 13:55:00+00:00,658.4600219726562,658.739990234375,657.0,658.0800170898438,614702,0.0006229108626662882
2026-04-28 14:00:00+00:00,658.0549926757812,658.64501953125,657.6799926757812,658.3099975585938,363164,-0.0006153052645007324
2026-04-28 14:05:00+00:00,658.9600219726562,659.2000122070312,658.0399780273438,658.0399780273438,343583,0.001374364649250558
2026-04-28 14:10:00+00:00,658.5499877929688,658.9600219726562,658.22998046875,658.9600219726562,388573,-0.000622438068608978
2026-04-28 14:15:00+00:00,658.0700073242188,658.8099975585938,657.9105834960938,658.6300048828125,645492,-0.0007291101332096442
2026-04-28 14:20:00+00:00,657.5900268554688,658.4400024414062,657.4199829101562,658.0599975585938,253176,-0.00072964212269856
2026-04-28 14:25:00+00:00,657.6386108398438,658.1099853515625,657.1599731445312,657.5900268554688,405434,7.387914618743087e-05
2026-04-28 14:30:00+00:00,657.052490234375,657.9299926757812,656.9099731445312,657.6572265625,347831,-0.0008916476940051874
2026-04-28 14:35:00+00:00,655.3101196289062,657.0599975585938,654.5999755859375,657.0599975585938,910547,-0.0026553204367782916
2026-04-28 14:40:00+00:00,656.010009765625,656.0599975585938,654.5599975585938,655.3200073242188,657029,0.0010674589484118019
2026-04-28 14:45:00+00:00,655.0499877929688,656.27001953125,654.97998046875,656.010009765625,457592,-0.001464497652324268
2026-04-28 14:50:00+00:00,654.2119750976562,655.02001953125,653.8800048828125,655.02001953125,836271,-0.0012801300786318766
2026-04-28 14:55:00+00:00,655.7750244140625,655.7890014648438,653.8609008789062,654.219970703125,715122,0.002386359648986455
2026-04-28 15:00:00+00:00,655.5399780273438,656.4199829101562,655.4500122070312,655.8099975585938,413342,-0.000358489590675553
2026-04-28 15:05:00+00:00,654.8101196289062,655.7620239257812,654.3499755859375,655.594970703125,421416,-0.0011139900324666637
2026-04-28 15:10:00+00:00,655.8900146484375,655.9299926757812,654.760009765625,654.8400268554688,257021,0.0016478143789603436
2026-04-28 15:15:00+00:00,655.897705078125,656.010009765625,655.239990234375,655.9000244140625,181164,1.1725113098710856e-05
2026-04-28 15:20:00+00:00,655.030029296875,655.9600219726562,654.739990234375,655.9298706054688,293695,-0.0013237585645690837
2026-04-28 15:25:00+00:00,654.6849975585938,655.0700073242188,654.4299926757812,655.010009765625,291321,-0.0005268806407321413
2026-04-28 15:30:00+00:00,654.1099853515625,654.6729736328125,653.9099731445312,654.5850219726562,313958,-0.0008786895603002633
2026-04-28 15:35:00+00:00,654.565673828125,654.9600219726562,653.8599853515625,654.1400146484375,346361,0.0006964116613357874
2026-04-28 15:40:00+00:00,654.4525146484375,654.8699951171875,654.3599853515625,654.52001953125,139868,-0.00017289168472294585
2026-04-28 15:45:00+00:00,654.0900268554688,654.6799926757812,653.8099975585938,654.4450073242188,523400,-0.0005540328888724443
2026-04-28 15:50:00+00:00,654.489990234375,654.6599731445312,654.030029296875,654.1599731445312,424342,0.0006112937476312085
2026-04-28 15:55:00+00:00,654.8599853515625,654.8900146484375,654.1796875,654.469970703125,166672,0.0005651584892267395
2026-04-28 16:00:00+00:00,655.0599975585938,655.218017578125,654.5574951171875,654.8800048828125,272454,0.00030538080370559926
2026-04-28 16:05:00+00:00,655.2999877929688,655.6500244140625,655.02001953125,655.0549926757812,373873,0.0003662966509070067
2026-04-28 16:10:00+00:00,655.279296875,655.4400024414062,654.9199829101562,655.2849731445312,948530,-3.157522511236089e-05
2026-04-28 16:15:00+00:00,655.3599853515625,655.4500122070312,654.9099731445312,655.280029296875,163521,0.00012312842710971377
2026-04-28 16:20:00+00:00,655.4600219726562,655.6788940429688,655.3150024414062,655.4299926757812,159752,0.00015263212451604053
2026-04-28 16:25:00+00:00,655.2550048828125,655.5999145507812,655.1400146484375,655.4849853515625,235972,-0.0003128324423159484
2026-04-28 16:30:00+00:00,654.52001953125,655.4400024414062,654.52001953125,655.27001953125,160972,-0.0011223079002269866
2026-04-28 16:35:00+00:00,654.510009765625,654.760009765625,654.2501220703125,654.52001953125,179073,-1.5293408708995752e-05
2026-04-28 16:40:00+00:00,654.5499877929688,654.760009765625,654.27001953125,654.5399780273438,128998,6.107898405079819e-05
2026-04-28 16:45:00+00:00,654.9727172851562,655.0399780273438,654.47998046875,654.530029296875,133030,0.0006456237913738776
2026-04-28 16:50:00+00:00,655.7100830078125,655.8300170898438,654.5399780273438,654.989990234375,300848,0.0011251628544800486
2026-04-28 16:55:00+00:00,655.5800170898438,655.8599853515625,655.3099975585938,655.739990234375,176195,-0.00019837855618005877
2026-04-28 17:00:00+00:00,654.9998779296875,655.9199829101562,654.8800048828125,655.5999755859375,327375,-0.0008853167979350084
2026-04-28 17:05:00+00:00,655.2698974609375,655.2698974609375,654.701416015625,655.0399780273438,135904,0.00041215868692676095
2026-04-28 17:10:00+00:00,655.280029296875,655.4000244140625,654.8231811523438,655.2186279296875,117279,1.546196101474072e-05
2026-04-28 17:15:00+00:00,654.9158935546875,655.3499755859375,654.7301025390625,655.2899780273438,105545,-0.0005558493126287303
2026-04-28 17:20:00+00:00,655.1699829101562,655.219970703125,654.8400268554688,654.91748046875,104517,0.0003878972565376249
2026-04-28 17:25:00+00:00,655.5800170898438,655.7899780273438,655.0700073242188,655.2000122070312,137430,0.000625648206084519
2026-04-28 17:30:00+00:00,656.02001953125,656.030029296875,655.56201171875,655.5800170898438,205249,0.000670939990282013
2026-04-28 17:35:00+00:00,656.2999267578125,656.3400268554688,656.0360107421875,656.0360107421875,194184,0.0004265838244685037
2026-04-28 17:40:00+00:00,656.4492797851562,656.739990234375,656.1699829101562,656.3200073242188,190815,0.00022754236261391265
2026-04-28 17:45:00+00:00,656.47998046875,656.719970703125,656.4199829101562,656.4400024414062,172165,4.676669875326573e-05
2026-04-28 17:50:00+00:00,656.6950073242188,656.8200073242188,656.3099975585938,656.47998046875,166975,0.00032749155198581113
2026-04-28 17:55:00+00:00,656.9896850585938,657.030029296875,656.6699829101562,656.6950073242188,174496,0.00044862780395643853
2026-04-28 18:00:00+00:00,656.6898803710938,657.1099853515625,656.6199951171875,656.9700927734375,214305,-0.00045643504031651737
2026-04-28 18:05:00+00:00,656.8300170898438,656.97998046875,656.4600219726562,656.719970703125,202506,0.00021337586062091296
2026-04-28 18:10:00+00:00,656.969970703125,657.0,656.6400146484375,656.8350219726562,119260,0.00021305162903175322
2026-04-28 18:15:00+00:00,657.4199829101562,657.47998046875,656.969970703125,656.969970703125,267577,0.0006847469023595602
2026-04-28 18:20:00+00:00,657.6799926757812,657.9600219726562,656.3800048828125,657.4199829101562,424618,0.0003954220573946049
2026-04-28 18:25:00+00:00,657.8200073242188,657.8800048828125,657.5900268554688,657.7100219726562,206270,0.00021286909763006153
2026-04-28 18:30:00+00:00,657.3800048828125,657.9199829101562,657.3200073242188,657.8099975585938,245601,-0.0006691034880445937
2026-04-28 18:35:00+00:00,657.5449829101562,657.5906982421875,657.2000122070312,657.3665161132812,121310,0.0002509314671802825
2026-04-28 18:40:00+00:00,657.9000244140625,657.9000244140625,657.2100219726562,657.530029296875,179408,0.0005398044168333085
2026-04-28 18:45:00+00:00,657.9099731445312,657.97998046875,657.6950073242188,657.8701171875,133899,1.5121834440327756e-05
2026-04-28 18:50:00+00:00,658.2000122070312,658.22998046875,657.8099975585938,657.9249877929688,227263,0.0004407520198516378
2026-04-28 18:55:00+00:00,658.2449951171875,658.25,657.760009765625,658.2000122070312,203695,6.833997610764734e-05
2026-04-28 19:00:00+00:00,658.4373168945312,658.5999755859375,658.0999755859375,658.25,214445,0.0002921308761527696
2026-04-28 19:05:00+00:00,658.7000122070312,658.9199829101562,658.489990234375,658.489990234375,597834,0.00039888827106944203
2026-04-28 19:10:00+00:00,658.530029296875,658.9639892578125,656.3800048828125,658.7100219726562,367279,-0.00025809145820226444
2026-04-28 19:15:00+00:00,657.989990234375,658.52001953125,657.97998046875,658.52001953125,329026,-0.0008204039206061653
2026-04-28 19:20:00+00:00,657.9600219726562,658.1599731445312,657.7100219726562,658.0,323073,-4.554620076138715e-05
2026-04-28 19:25:00+00:00,658.030029296875,658.0999755859375,657.8499755859375,657.9500122070312,151662,0.0001063949141822575
2026-04-28 19:30:00+00:00,657.7249755859375,658.14990234375,657.6900024414062,658.0299072265625,218298,-0.0004636937959897612
2026-04-28 19:35:00+00:00,657.8499755859375,657.8699951171875,657.5001220703125,657.719970703125,284825,0.00019003098267390763
2026-04-28 19:40:00+00:00,657.8599853515625,658.1500244140625,657.760009765625,657.8499755859375,235735,1.5215763234022108e-05
2026-04-28 19:45:00+00:00,657.7999877929688,657.94970703125,657.6099853515625,657.8499755859375,312803,-9.12052655854092e-05
2026-04-28 19:50:00+00:00,657.5599975585938,658.0700073242188,657.27001953125,657.8099975585938,764415,-0.00036490426911363674
2026-04-28 19:55:00+00:00,657.5700073242188,657.8900146484375,657.2899780273438,657.5599975585938,1945222,1.522247319729382e-05
2026-04-29 13:30:00+00:00,657.1500244140625,658.8200073242188,656.760009765625,658.5800170898438,2102492,-0.0006388933222335498
2026-04-29 13:35:00+00:00,658.010009765625,658.1699829101562,656.5899047851562,657.1500244140625,559378,0.0013078035399272498
2026-04-29 13:40:00+00:00,657.9650268554688,658.4299926757812,657.780029296875,658.02001953125,324047,-6.836438218352482e-05
2026-04-29 13:45:00+00:00,657.9400024414062,658.3400268554688,657.3502807617188,657.9550170898438,442981,-3.8033769167855445e-05
2026-04-29 13:50:00+00:00,659.0499877929688,659.1300048828125,657.8900146484375,657.9500122070312,456217,0.0016856401682891205
2026-04-29 13:55:00+00:00,658.9343872070312,659.27001953125,658.8099975585938,659.0401000976562,445469,-0.0001754202681408358
2026-04-29 14:00:00+00:00,658.469970703125,659.02001953125,658.0800170898438,658.9249877929688,346430,-0.0007050478015438828
2026-04-29 14:05:00+00:00,658.1599731445312,658.8150024414062,657.9099731445312,658.52001953125,275470,-0.00047089550981368257
2026-04-29 14:10:00+00:00,658.780029296875,659.14501953125,657.9000244140625,658.139892578125,257028,0.0009416620301799446
2026-04-29 14:15:00+00:00,658.9598999023438,659.1397705078125,658.510009765625,658.7839965820312,276530,0.0002729986435109638
2026-04-29 14:20:00+00:00,659.4650268554688,659.489990234375,658.6400756835938,658.9299926757812,184845,0.0007662582337283764
2026-04-29 14:25:00+00:00,660.0599975585938,660.280029296875,659.35107421875,659.5,476386,0.0009017953164020549
2026-04-29 14:30:00+00:00,660.52001953125,660.5700073242188,659.6030883789062,660.0700073242188,272255,0.0006966968836578679
2026-04-29 14:35:00+00:00,660.9299926757812,661.22998046875,660.469970703125,660.52001953125,770128,0.0006204898466044343
2026-04-29 14:40:00+00:00,660.9797973632812,660.9797973632812,660.3300170898438,660.9199829101562,293897,7.535262678119005e-05
2026-04-29 14:45:00+00:00,660.5598754882812,661.1099853515625,660.435791015625,660.989990234375,190521,-0.0006355040227079467
2026-04-29 14:50:00+00:00,660.9000244140625,661.010009765625,660.4000244140625,660.5499877929688,130144,0.000514807802066187
2026-04-29 14:55:00+00:00,660.9099731445312,661.0700073242188,660.6749877929688,660.9149780273438,371570,1.5053192950967593e-05
2026-04-29 15:00:00+00:00,660.4401245117188,661.0599975585938,660.3499755859375,660.9199829101562,400623,-0.0007111645179400069
2026-04-29 15:05:00+00:00,659.6400146484375,660.6099853515625,659.6400146484375,660.4400024414062,339369,-0.0012122142247635835
2026-04-29 15:10:00+00:00,659.1699829101562,659.719970703125,658.9500122070312,659.5999755859375,311904,-0.0007128119426654555
2026-04-29 15:15:00+00:00,659.8389282226562,659.9099731445312,658.9299926757812,659.1500244140625,264701,0.0010143151637670076
2026-04-29 15:20:00+00:00,660.030029296875,660.22998046875,659.780029296875,659.8400268554688,217857,0.00028957583169974085
2026-04-29 15:25:00+00:00,660.239990234375,660.510009765625,659.8599853515625,660.030029296875,241225,0.00031805757332047444
2026-04-29 15:30:00+00:00,660.5,660.6400146484375,659.9949951171875,660.2498779296875,216958,0.00039373346897438613
2026-04-29 15:35:00+00:00,660.4099731445312,660.6799926757812,660.1599731445312,660.5399780273438,170476,-0.00013631035791766632
2026-04-29 15:40:00+00:00,660.3250122070312,660.5499877929688,660.0700073242188,660.4099731445312,220745,-0.00012865705619901637
2026-04-29 15:45:00+00:00,660.4500122070312,660.77001953125,660.2550048828125,660.3084106445312,268003,0.00018928280450882797
2026-04-29 15:50:00+00:00,658.9000244140625,660.6199951171875,658.4199829101562,660.5,729314,-0.002349624380240366
2026-04-29 15:55:00+00:00,659.3699951171875,659.47998046875,658.5401000976562,658.8400268554688,433570,0.0007130113194907185
2026-04-29 16:00:00+00:00,659.6749877929688,659.77001953125,659.1500244140625,659.3800048828125,243491,0.0004624447007769997
2026-04-29 16:05:00+00:00,659.77001953125,660.0700073242188,659.5399780273438,659.6799926757812,269472,0.00014404804735039186
2026-04-29 16:10:00+00:00,659.530029296875,660.1599731445312,659.530029296875,659.77001953125,201913,-0.0003638144897141108
2026-04-29 16:15:00+00:00,658.6799926757812,659.760009765625,658.5999755859375,659.5399780273438,393699,-0.0012896833201779037
2026-04-29 16:20:00+00:00,658.9349975585938,659.114013671875,658.530029296875,658.625,198837,0.00038707040810294314
2026-04-29 16:25:00+00:00,658.4600219726562,659.0700073242188,658.3800048828125,658.9500122070312,153314,-0.0007210830456718245
2026-04-29 16:30:00+00:00,657.5399780273438,658.875,657.2899780273438,658.4099731445312,470292,-0.0013982433057894816
2026-04-29 16:35:00+00:00,658.0900268554688,658.1099853515625,657.3300170898438,657.5599975585938,215616,0.0008361756088454217
2026-04-29 16:40:00+00:00,658.530029296875,658.6400146484375,658.1220092773438,658.1599731445312,200358,0.0006683818247042081
2026-04-29 16:45:00+00:00,658.5189819335938,658.6400146484375,658.2999877929688,658.52001953125,393415,-1.6775933450142348e-05
2026-04-29 16:50:00+00:00,658.5,658.9199829101562,658.3699951171875,658.510009765625,255940,-2.882560366317948e-05
2026-04-29 16:55:00+00:00,658.4099731445312,658.7100219726562,658.0401000976562,658.5,189384,-0.00013672438882676567
2026-04-29 17:00:00+00:00,658.0900268554688,658.5,657.6900024414062,658.4550170898438,149943,-0.00048605589876408073
2026-04-29 17:05:00+00:00,658.530029296875,658.530029296875,658.02001953125,658.1099853515625,101833,0.0006683818247042081
2026-04-29 17:10:00+00:00,658.530029296875,658.7999877929688,658.3350219726562,658.5399780273438,90668,0.0
2026-04-29 17:15:00+00:00,658.510009765625,658.7899780273438,658.2000122070312,658.5272216796875,87552,-3.0400793685523523e-05
2026-04-29 17:20:00+00:00,658.603515625,659.1199951171875,658.530029296875,658.530029296875,186150,0.00014198602888741392
2026-04-29 17:25:00+00:00,658.706787109375,658.719970703125,658.27001953125,658.6201171875,235954,0.00015679143231818888
2026-04-29 17:30:00+00:00,658.780029296875,659.1199951171875,658.6799926757812,658.7899780273438,259081,0.00011118469902449405
2026-04-29 17:35:00+00:00,658.909912109375,659.010009765625,658.7000122070312,658.8200073242188,122634,0.00019713713953380764
2026-04-29 17:40:00+00:00,658.8800048828125,658.9500122070312,658.5499877929688,658.919921875,127513,-4.5389976326252024e-05
2026-04-29 17:45:00+00:00,659.2999877929688,659.5499877929688,658.8099975585938,658.8900146484375,335700,0.0006372163539133411
2026-04-29 17:50:00+00:00,659.2301025390625,659.68408203125,658.875,659.3098754882812,186407,-0.00010600479197870581
2026-04-29 17:55:00+00:00,659.5700073242188,659.5999755859375,659.1699829101562,659.25,177908,0.0005154758331312482
2026-04-29 18:00:00+00:00,658.4400024414062,659.75,658.3200073242188,659.5999755859375,244021,-0.0017147140785184513
2026-04-29 18:05:00+00:00,657.8699951171875,659.0700073242188,657.780029296875,658.469970703125,249289,-0.000866068571848588
2026-04-29 18:10:00+00:00,658.2100219726562,658.4000244140625,657.3900146484375,657.8682250976562,308044,0.0005167267318387062
2026-04-29 18:15:00+00:00,658.89990234375,659.3200073242188,658.1400146484375,658.2000122070312,267289,0.0010475669819908493
2026-04-29 18:20:00+00:00,658.969970703125,659.2401123046875,658.77001953125,658.8900146484375,159181,0.00010633577847705865
2026-04-29 18:25:00+00:00,658.6290893554688,658.989990234375,658.52001953125,658.989990234375,152906,-0.000517428048630334
2026-04-29 18:30:00+00:00,658.530029296875,658.698974609375,657.9600219726562,658.6300048828125,202347,-0.00015041471812738056
2026-04-29 18:35:00+00:00,658.9000244140625,659.969970703125,658.489990234375,658.530029296875,714458,0.0005616922520827512
2026-04-29 18:40:00+00:00,658.2188110351562,658.9299926757812,658.0900268554688,658.8699951171875,263787,-0.0010343993591351737
2026-04-29 18:45:00+00:00,659.3400268554688,659.4398803710938,657.75,658.2000122070312,353166,0.0017019598043250246
2026-04-29 18:50:00+00:00,659.69970703125,660.0050048828125,659.3800048828125,659.3800048828125,353894,0.0005453667170983231
2026-04-29 18:55:00+00:00,660.719970703125,660.8099975585938,659.6400146484375,659.6799926757812,433070,0.001545363026807651
2026-04-29 19:00:00+00:00,660.4107055664062,660.969970703125,660.27001953125,660.6799926757812,450079,-0.0004681825165715071
2026-04-29 19:05:00+00:00,660.3599853515625,660.6900024414062,659.9299926757812,660.4000244140625,350859,-7.680396789158378e-05
2026-04-29 19:10:00+00:00,661.2449951171875,661.280029296875,660.22998046875,660.3599853515625,301168,0.001339295645812171
2026-04-29 19:15:00+00:00,661.2899780273438,661.719970703125,661.219970703125,661.239990234375,467317,6.802528641893967e-05
2026-04-29 19:20:00+00:00,661.239990234375,661.3499755859375,660.72998046875,661.2750244140625,348081,-7.559419323896576e-05
2026-04-29 19:25:00+00:00,661.0549926757812,661.5,661.0549926757812,661.260009765625,265168,-0.000279812843868778
2026-04-29 19:30:00+00:00,660.27001953125,661.1296997070312,660.02001953125,661.0499877929688,497431,-0.0011881607168963957
2026-04-29 19:35:00+00:00,660.6300048828125,660.7449951171875,660.030029296875,660.2899780273438,385990,0.0005450607219643694
2026-04-29 19:40:00+00:00,660.25,660.7100219726562,660.125,660.6099853515625,206271,-0.0005753814001144855
2026-04-29 19:45:00+00:00,660.3499755859375,660.4749755859375,660.2000122070312,660.25,247470,0.0001514093411733836
2026-04-29 19:50:00+00:00,660.6799926757812,660.760009765625,659.8599853515625,660.3300170898438,633708,0.0004996360485951667
2026-04-29 19:55:00+00:00,661.5800170898438,661.6199951171875,660.47998046875,660.6599731445312,1711872,0.0013613427713356108
2026-04-30 13:30:00+00:00,661.9901123046875,665.31201171875,661.9099731445312,665.3099975585938,3282304,0.0006196803914796412
2026-04-30 13:35:00+00:00,660.8099975585938,662.655029296875,660.77001953125,661.9500122070312,903349,-0.0017842681602157162
2026-04-30 13:40:00+00:00,662.0,662.1199951171875,660.2000122070312,660.8200073242188,844572,0.0017992043673986065
2026-04-30 13:45:00+00:00,661.4949951171875,662.4600219726562,660.580078125,661.9400024414062,1271047,-0.0007631383710317754
2026-04-30 13:50:00+00:00,659.530029296875,661.9199829101562,659.5050048828125,661.52001953125,993214,-0.002974913015540689
2026-04-30 13:55:00+00:00,659.5800170898438,659.9500122070312,658.5999755859375,659.5499877929688,667544,7.579017858232153e-05
2026-04-30 14:00:00+00:00,660.5800170898438,660.9400024414062,659.4199829101562,659.6099853515625,666923,0.0015149681332112459
2026-04-30 14:05:00+00:00,659.1400146484375,660.9000244140625,658.530029296875,660.6099853515625,648289,-0.002182285603401724
2026-04-30 14:10:00+00:00,659.739990234375,660.219970703125,658.52001953125,659.0850219726562,652265,0.0009098259509640138
2026-04-30 14:15:00+00:00,658.7949829101562,659.7369995117188,657.5599975585938,659.7349853515625,943747,-0.0014334204329422074
2026-04-30 14:20:00+00:00,659.4400024414062,659.8099975585938,658.5650024414062,658.77001953125,785077,0.0009786109303642815
2026-04-30 14:25:00+00:00,659.1298828125,659.469970703125,658.1599731445312,659.3699951171875,524999,-0.00047038786202025456
2026-04-30 14:30:00+00:00,658.9199829101562,660.239990234375,658.5,659.0700073242188,647234,-0.00031850070255584926
2026-04-30 14:35:00+00:00,657.8300170898438,659.1500244140625,657.77001953125,658.9299926757812,488869,-0.0016555398811646594
2026-04-30 14:40:00+00:00,659.5499877929688,659.7879028320312,657.8300170898438,657.8699951171875,680530,0.0026112005253347
2026-04-30 14:45:00+00:00,660.4301147460938,660.8400268554688,659.489990234375,659.52001953125,497305,0.0013335459858263411
2026-04-30 14:50:00+00:00,661.7949829101562,662.010009765625,660.219970703125,660.3800048828125,478000,0.0020645027102524725
2026-04-30 14:55:00+00:00,662.2899780273438,662.7000122070312,661.739990234375,661.780029296875,385683,0.0007476788194867085
2026-04-30 15:00:00+00:00,662.760009765625,663.3599853515625,662.3200073242188,662.3200073242188,571841,0.0007094551335064848
2026-04-30 15:05:00+00:00,663.3699951171875,663.3699951171875,662.239990234375,662.739990234375,411893,0.0009199481081583221
2026-04-30 15:10:00+00:00,663.3170776367188,663.6400146484375,662.64990234375,663.4000244140625,322802,-7.977386918671494e-05
2026-04-30 15:15:00+00:00,663.219970703125,663.5150146484375,662.9100952148438,663.3400268554688,219083,-0.00014640666672483633
2026-04-30 15:20:00+00:00,663.1901245117188,663.3099975585938,662.739990234375,663.2100219726562,263061,-4.50029617822194e-05
2026-04-30 15:25:00+00:00,663.375,663.669677734375,663.0263061523438,663.2050170898438,255366,0.0002787281017148791
2026-04-30 15:30:00+00:00,663.4099731445312,664.1900024414062,663.3900146484375,663.3900146484375,397252,5.2718632253415014e-05
2026-04-30 15:35:00+00:00,662.530029296875,663.3916015625,662.4000854492188,663.3916015625,284463,-0.001327275706617627
2026-04-30 15:40:00+00:00,662.3499755859375,662.719970703125,662.1500244140625,662.5,190032,-0.0002718038031858051
2026-04-30 15:45:00+00:00,662.5999755859375,662.5999755859375,661.6400146484375,662.4000244140625,290894,0.00037737274943223963
2026-04-30 15:50:00+00:00,663.4600219726562,663.530029296875,662.5399780273438,662.6199951171875,246149,0.001297145693096881
2026-04-30 15:55:00+00:00,662.97998046875,663.7999877929688,662.9500122070312,663.469970703125,352204,-0.0007238043544830427
2026-04-30 16:00:00+00:00,662.9027099609375,663.0900268554688,662.2899780273438,662.989990234375,235506,-0.0001165570807398405
2026-04-30 16:05:00+00:00,663.0750122070312,663.489990234375,662.8865966796875,662.9000244140625,220974,0.00025988709189146984
2026-04-30 16:10:00+00:00,664.02001953125,664.0499877929688,662.9500732421875,663.02001953125,135581,0.0014241745486887642
2026-04-30 16:15:00+00:00,663.9099731445312,664.0999755859375,663.510009765625,664.0549926757812,87982,-0.00016574124777304536
2026-04-30 16:20:00+00:00,663.489990234375,664.0299072265625,663.489990234375,663.8800048828125,94933,-0.0006327903205623689
2026-04-30 16:25:00+00:00,663.6500244140625,663.7100219726562,663.1799926757812,663.4500122070312,244042,0.00024117150970772683
2026-04-30 16:30:00+00:00,663.6683959960938,663.8699951171875,663.5599975585938,663.6699829101562,311150,2.7682252803772708e-05
2026-04-30 16:35:00+00:00,663.7899780273438,663.8200073242188,663.4000244140625,663.64501953125,185396,0.00018318017946041952
2026-04-30 16:40:00+00:00,663.1699829101562,663.8099975585938,663.0999755859375,663.7899780273438,245066,-0.000934459487180281
2026-04-30 16:45:00+00:00,663.2000122070312,663.3099975585938,662.797119140625,663.1500244140625,301814,4.528042249255263e-05
2026-04-30 16:50:00+00:00,662.625,663.2670288085938,662.2999877929688,663.1799926757812,917345,-0.0008674029193743146
2026-04-30 16:55:00+00:00,662.5,662.6400146484375,662.030029296875,662.5750122070312,223938,-0.00018866144759288833
2026-04-30 17:00:00+00:00,663.5755004882812,663.7999877929688,662.5599975585938,662.5700073242188,328968,0.0016220806789685144
2026-04-30 17:05:00+00:00,663.97998046875,664.010009765625,663.385986328125,663.5800170898438,356932,0.0006093605861099892
2026-04-30 17:10:00+00:00,664.4299926757812,664.5700073242188,663.8701171875,663.969970703125,370704,0.0006775200929578555
2026-04-30 17:15:00+00:00,664.219970703125,664.421875,663.9099731445312,664.4199829101562,211598,-0.0003161434240683804
2026-04-30 17:20:00+00:00,664.4700927734375,664.530029296875,663.9500122070312,664.27001953125,283960,0.0003764942331436444
2026-04-30 17:25:00+00:00,664.780029296875,664.7899780273438,664.25,664.4749755859375,175173,0.0004663328953794712
2026-04-30 17:30:00+00:00,665.2600708007812,665.719970703125,664.760009765625,664.7750244140625,674252,0.0007218451905550315
2026-04-30 17:35:00+00:00,665.6400146484375,665.6699829101562,665.1799926757812,665.2999877929688,300212,0.0005709577482664153
2026-04-30 17:40:00+00:00,665.6099853515625,665.760009765625,665.4199829101562,665.6300048828125,349308,-4.511443662739029e-05
2026-04-30 17:45:00+00:00,665.9199829101562,666.1900024414062,665.6099853515625,665.6199951171875,435974,0.0004656261166983042
2026-04-30 17:50:00+00:00,666.0800170898438,666.2100219726562,665.8599853515625,665.9299926757812,249988,0.00024029156224845486
2026-04-30 17:55:00+00:00,666.6799926757812,666.8200073242188,666.0499877929688,666.0850219726562,380878,0.0009003505838577042
2026-04-30 18:00:00+00:00,667.530029296875,667.7100219726562,666.6599731445312,666.7100219726562,536102,0.001274217285295195
2026-04-30 18:05:00+00:00,667.1500244140625,667.5700073242188,667.072509765625,667.5399780273438,333346,-0.0005694321901703827
2026-04-30 18:10:00+00:00,667.3599243164062,667.3800048828125,666.97998046875,667.0999755859375,198718,0.0003145722581901961
2026-04-30 18:15:00+00:00,667.2899780273438,667.7100219726562,667.25,667.3499755859375,232953,-0.00010481593563036982
2026-04-30 18:20:00+00:00,667.0750122070312,667.3798828125,667.010009765625,667.27001953125,229936,-0.0003221994338062705
2026-04-30 18:25:00+00:00,667.1796264648438,667.1799926757812,666.9199829101562,667.0449829101562,271490,0.00015681303252720758
2026-04-30 18:30:00+00:00,667.4099731445312,667.6799926757812,667.1400146484375,667.1699829101562,363426,0.00034519478054124866
2026-04-30 18:35:00+00:00,667.5999755859375,667.8699951171875,667.4000244140625,667.4118041992188,502019,0.00028464573296975264
2026-04-30 18:40:00+00:00,667.47998046875,667.7899780273438,667.4404907226562,667.5999755859375,154693,-0.0001797572002581992
2026-04-30 18:45:00+00:00,667.4301147460938,667.6326293945312,667.4050903320312,667.498779296875,179760,-7.471023383247908e-05
2026-04-30 18:50:00+00:00,667.3400268554688,667.5598754882812,667.239990234375,667.4249877929688,309833,-0.0001349863739890019
2026-04-30 18:55:00+00:00,666.8900756835938,667.4199829101562,666.8200073242188,667.3200073242188,727085,-0.0006744731483365479
2026-04-30 19:00:00+00:00,667.22998046875,667.3298950195312,666.6900024414062,666.8900146484375,292837,0.0005095565289547492
2026-04-30 19:05:00+00:00,667.5797119140625,667.7999877929688,667.1525268554688,667.22998046875,421668,0.0005240169520960014
2026-04-30 19:10:00+00:00,668.0250244140625,668.0999755859375,667.5700073242188,667.5900268554688,481836,0.0006668327902543363
2026-04-30 19:15:00+00:00,667.97998046875,668.1599731445312,667.8599853515625,668.030029296875,366527,-6.743080327536641e-05
2026-04-30 19:20:00+00:00,668.0999755859375,668.1199951171875,667.7999877929688,667.9600219726562,223870,0.00017962265950687977
2026-04-30 19:25:00+00:00,667.8900146484375,668.260009765625,667.869873046875,668.1199951171875,209184,-0.0003143151382320889
2026-04-30 19:30:00+00:00,668.0,668.0399780273438,667.6699829101562,667.8900146484375,312771,0.0001646622859741671
2026-04-30 19:35:00+00:00,668.1699829101562,668.2100219726562,667.77001953125,667.989990234375,605311,0.0002544330635284378
2026-04-30 19:40:00+00:00,668.489990234375,668.510009765625,667.8400268554688,668.169921875,311271,0.0004788163583290558
2026-04-30 19:45:00+00:00,668.4199829101562,668.5399780273438,668.1900024414062,668.5,449418,-0.00010473005017397601
2026-04-30 19:50:00+00:00,668.0750122070312,668.75,667.4000244140625,668.4299926757812,1082548,-0.000516231953050918
2026-04-30 19:55:00+00:00,667.5700073242188,668.6099853515625,667.5,668.0599975585938,2373724,-0.0007561962939143637
2026-05-01 13:30:00+00:00,671.6099853515625,671.8900146484375,668.7999877929688,669.1599731445312,2466441,0.006033528435607483
2026-05-01 13:35:00+00:00,672.4550170898438,672.52001953125,671.3200073242188,671.5999755859375,941917,0.001257427056113946
2026-05-01 13:40:00+00:00,672.9299926757812,673.0700073242188,672.260009765625,672.4699096679688,894182,0.0007060813108858883
2026-05-01 13:45:00+00:00,672.7698974609375,672.9500122070312,672.0599975585938,672.89501953125,1021342,-0.0002379359867269536
2026-05-01 13:50:00+00:00,672.9400024414062,673.47998046875,672.219970703125,672.77001953125,801842,0.00025281077502239995
2026-05-01 13:55:00+00:00,674.9400024414062,674.9400024414062,672.9099731445312,672.9500122070312,1293887,0.002967625397742656
2026-05-01 14:00:00+00:00,675.3099975585938,675.5800170898438,674.4824829101562,674.97998046875,841953,0.0005480394392862511
2026-05-01 14:05:00+00:00,675.0765991210938,675.3300170898438,674.5599975585938,675.2999877929688,573424,-0.0003456764757559312
2026-05-01 14:10:00+00:00,675.3099975585938,675.760009765625,674.8099975585938,675.0700073242188,583087,0.0003456764757559633
2026-05-01 14:15:00+00:00,675.0399780273438,675.4099731445312,674.5999755859375,675.3099975585938,772275,-0.0003999252634218392
2026-05-01 14:20:00+00:00,675.159912109375,675.72998046875,675.02001953125,675.0499877929688,820639,0.00017765381736860753
2026-05-01 14:25:00+00:00,674.864990234375,675.2949829101562,674.815673828125,675.14501953125,725155,-0.0004369132438661085
2026-05-01 14:30:00+00:00,673.4899291992188,674.9000244140625,673.260009765625,674.9000244140625,843516,-0.002039613594355951
2026-05-01 14:35:00+00:00,673.0900268554688,673.6093139648438,672.010009765625,673.47998046875,866054,-0.0005939526334227185
2026-05-01 14:40:00+00:00,673.5902709960938,674.030029296875,672.7100219726562,673.0900268554688,688742,0.0007429293566289445
2026-05-01 14:45:00+00:00,673.8099975585938,674.0800170898438,673.4500122070312,673.5549926757812,318809,0.0003261489099798049
2026-05-01 14:50:00+00:00,673.6500244140625,674.0698852539062,673.0499877929688,673.780029296875,411476,-0.0002374439948855147
2026-05-01 14:55:00+00:00,673.530029296875,674.2799072265625,673.510009765625,673.6099853515625,255588,-0.00017814265758210493
2026-05-01 15:00:00+00:00,673.0349731445312,673.64990234375,672.469970703125,673.5700073242188,511720,-0.0007352874517760809
2026-05-01 15:05:00+00:00,673.2100219726562,673.3699951171875,672.760009765625,673.0900268554688,232872,0.000260054937617405
2026-05-01 15:10:00+00:00,674.0700073242188,674.0999145507812,672.9199829101562,673.2100219726562,678324,0.001276624680334035
2026-05-01 15:15:00+00:00,674.4149780273438,674.419921875,673.8800048828125,674.0850219726562,283899,0.000511641900944913
2026-05-01 15:20:00+00:00,674.6599731445312,674.8599853515625,674.4099731445312,674.4099731445312,517156,0.0003632046087104387
2026-05-01 15:25:00+00:00,674.7000122070312,674.8099975585938,674.3800048828125,674.6799926757812,339197,5.9345264342153434e-05
2026-05-01 15:30:00+00:00,674.7493896484375,675.02001953125,674.52001953125,674.7100219726562,485101,7.318161223435066e-05
2026-05-01 15:35:00+00:00,675.3150024414062,675.6799926757812,674.6500244140625,674.739990234375,527239,0.0008379049612375914
2026-05-01 15:40:00+00:00,675.4500122070312,675.6300048828125,675.3099975585938,675.3099975585938,377546,0.0001999011887493575
2026-05-01 15:45:00+00:00,675.8200073242188,675.9199829101562,675.3400268554688,675.4400024414062,697274,0.0005476257462774551
2026-05-01 15:50:00+00:00,675.2000122070312,675.969970703125,674.1099853515625,675.8300170898438,747154,-0.0009178178735289987
2026-05-01 15:55:00+00:00,675.3599853515625,675.6599731445312,675.1300048828125,675.219970703125,358186,0.00023689898348616266
2026-05-01 16:00:00+00:00,675.219970703125,675.6099853515625,675.1099853515625,675.3499755859375,633208,-0.00020734003686554328
2026-05-01 16:05:00+00:00,674.3350219726562,675.3400268554688,674.1950073242188,675.219970703125,385450,-0.0013114676498701175
2026-05-01 16:10:00+00:00,674.22998046875,674.6699829101562,674.1300048828125,674.3367919921875,334009,-0.00015578263402729094
2026-05-01 16:15:00+00:00,674.7401123046875,674.8300170898438,674.1500244140625,674.219970703125,185505,0.0007563279022832922
2026-05-01 16:20:00+00:00,674.3900756835938,675.0499877929688,673.75,674.7899780273438,879150,-0.0005189071181782167
2026-05-01 16:25:00+00:00,674.010009765625,674.5,673.6300048828125,674.4199829101562,313743,-0.0005637287213716194
2026-05-01 16:30:00+00:00,673.8599853515625,674.219970703125,673.4249877929688,673.969970703125,272064,-0.00022260962144052184
2026-05-01 16:35:00+00:00,674.2600708007812,674.3499755859375,673.700927734375,673.8699951171875,175520,0.0005935457441474117
2026-05-01 16:40:00+00:00,673.6599731445312,674.3499755859375,673.6500244140625,674.260009765625,179340,-0.0008904054785640031
2026-05-01 16:45:00+00:00,673.6400146484375,673.9600219726562,673.3300170898438,673.6099853515625,220548,-2.9627397426035494e-05
2026-05-01 16:50:00+00:00,674.1749267578125,674.2299194335938,673.4401245117188,673.6500244140625,232723,0.0007937471547857938
2026-05-01 16:55:00+00:00,673.9349975585938,674.5349731445312,673.9349975585938,674.1699829101562,286278,-0.00035594901784236543
2026-05-01 17:00:00+00:00,674.2000122070312,674.3800048828125,673.8900146484375,673.905029296875,214383,0.00039315743591175455
2026-05-01 17:05:00+00:00,674.25,674.4349975585938,674.1300048828125,674.2000122070312,157380,7.414111392954721e-05
2026-05-01 17:10:00+00:00,674.5401000976562,674.5798950195312,674.239990234375,674.27001953125,214611,0.0004301634510939172
2026-05-01 17:15:00+00:00,675.0098876953125,675.0349731445312,674.52001953125,674.5499877929688,310589,0.0006962137318092503
2026-05-01 17:20:00+00:00,675.0599975585938,675.2849731445312,674.8699951171875,675.0150146484375,173306,7.423299171641151e-05
2026-05-01 17:25:00+00:00,675.25,675.25,674.9199829101562,675.0850219726562,172795,0.00028142047826602916
2026-05-01 17:30:00+00:00,675.02001953125,675.3389892578125,674.9801025390625,675.25,157205,-0.0003406436751868937
2026-05-01 17:35:00+00:00,674.969970703125,675.0499877929688,674.739990234375,675.0349731445312,130327,-7.414696184413108e-05
2026-05-01 17:40:00+00:00,675.22998046875,675.2999877929688,674.9710083007812,674.97998046875,161975,0.0003851426133045064
2026-05-01 17:45:00+00:00,675.25,675.3400268554688,675.1099853515625,675.25,139214,2.9648023726390388e-05
2026-05-01 17:50:00+00:00,675.219970703125,675.52001953125,675.0399780273438,675.260009765625,197097,-4.447236522308943e-05
2026-05-01 17:55:00+00:00,675.219970703125,675.4500122070312,675.219970703125,675.22998046875,119013,0.0
2026-05-01 18:00:00+00:00,674.8599243164062,675.3900146484375,674.8200073242188,675.239990234375,214500,-0.0005333705013793303
2026-05-01 18:05:00+00:00,675.0999755859375,675.1599731445312,674.5800170898438,674.8699951171875,195730,0.0003556420780777856
2026-05-01 18:10:00+00:00,674.3499145507812,675.1400146484375,674.280029296875,675.1199951171875,486145,-0.0011116546347971722
2026-05-01 18:15:00+00:00,674.484619140625,674.6199951171875,674.0700073242188,674.3200073242188,265802,0.00019973478870370377
2026-05-01 18:20:00+00:00,674.8599853515625,674.8599853515625,674.3499755859375,674.47998046875,114388,0.00055636820923372
2026-05-01 18:25:00+00:00,674.8701171875,674.9600219726562,674.5419921875,674.8400268554688,205434,1.5013128800636304e-05
2026-05-01 18:30:00+00:00,674.27001953125,674.8798828125,674.260009765625,674.8370971679688,303468,-0.0008896002416551715
2026-05-01 18:35:00+00:00,673.989990234375,674.2999877929688,673.9141235351562,674.27001953125,188752,-0.0004153936167702307
2026-05-01 18:40:00+00:00,673.760009765625,674.0800170898438,673.530029296875,673.9837036132812,182643,-0.0003412806098789471
2026-05-01 18:45:00+00:00,673.4650268554688,673.8200073242188,673.090087890625,673.7100219726562,334704,-0.0004379118660236493
2026-05-01 18:50:00+00:00,673.5098876953125,673.7000122070312,673.1699829101562,673.469970703125,312494,6.660976292238291e-05
2026-05-01 18:55:00+00:00,673.75,673.8400268554688,673.4400024414062,673.510009765625,227693,0.000356445418471462
2026-05-01 19:00:00+00:00,674.1199951171875,674.239990234375,673.6610107421875,673.7708129882812,336058,0.0005490071413730338
2026-05-01 19:05:00+00:00,674.5200805664062,674.5399780273438,674.0999755859375,674.1300048828125,299849,0.0005933168799728357
2026-05-01 19:10:00+00:00,674.8800048828125,674.9899291992188,674.3900146484375,674.52001953125,322243,0.0005334582809396856
2026-05-01 19:15:00+00:00,674.9249877929688,675.0999755859375,674.719970703125,674.8699951171875,318839,6.665097612911311e-05
2026-05-01 19:20:00+00:00,675.1099853515625,675.114990234375,674.8099975585938,674.9299926757812,390399,0.00027406335899699707
2026-05-01 19:25:00+00:00,675.5499877929688,675.6400146484375,675.0900268554688,675.0999755859375,364602,0.000651536975582297
2026-05-01 19:30:00+00:00,675.27001953125,675.6599731445312,675.0599975585938,675.5504760742188,351222,-0.00041451601872865163
2026-05-01 19:35:00+00:00,675.0999755859375,675.3099975585938,674.8400268554688,675.25,408507,-0.0002518479332718114
2026-05-01 19:40:00+00:00,675.0250244140625,675.219970703125,674.780029296875,675.0999755859375,295110,-0.00011102849284618528
2026-05-01 19:45:00+00:00,674.8900146484375,675.0449829101562,674.6699829101562,675.02001953125,465406,-0.00020002705676787732
2026-05-01 19:50:00+00:00,674.35498046875,675.1799926757812,674.1300048828125,674.9000244140625,705597,-0.0007930868147265256
2026-05-01 19:55:00+00:00,674.1599731445312,674.3099975585938,673.8400268554688,674.3099975585938,1554242,-0.0002892178912151627
2026-05-04 13:30:00+00:00,673.989990234375,675.1146240234375,673.572509765625,674.6400146484375,2864688,-0.00025217211092893016
2026-05-04 13:35:00+00:00,674.219970703125,674.6199951171875,673.5599975585938,673.9600219726562,476242,0.0003411641771594786
2026-05-04 13:40:00+00:00,674.6799926757812,675.369873046875,673.9199829101562,674.2000122070312,452285,0.0006820698390978709
2026-05-04 13:45:00+00:00,674.9942016601562,675.6400146484375,674.4600219726562,674.6296997070312,403278,0.0004656071685598167
2026-05-04 13:50:00+00:00,675.0499877929688,675.4550170898438,674.55029296875,674.97998046875,428428,8.26434175711718e-05
2026-05-04 13:55:00+00:00,675.6099853515625,675.6500244140625,674.3599853515625,675.0499877929688,387138,0.0008292206799882806
2026-05-04 14:00:00+00:00,675.0449829101562,675.72998046875,674.9600219726562,675.5999755859375,458941,-0.0008366347996185441
2026-05-04 14:05:00+00:00,674.6599731445312,675.5250244140625,674.4500122070312,675.030029296875,466800,-0.0005705095389043095
2026-05-04 14:10:00+00:00,675.5800170898438,676.0599975585938,674.5700073242188,674.5899047851562,423204,0.001362786014868086
2026-05-04 14:15:00+00:00,675.9000244140625,675.9000244140625,675.280029296875,675.5651245117188,242997,0.000473565750690904
2026-05-04 14:20:00+00:00,675.6500244140625,676.0189819335938,675.4838256835938,675.9000854492188,227341,-0.000369945608848196
2026-05-04 14:25:00+00:00,675.030029296875,675.9299926757812,674.9600830078125,675.5900268554688,264435,-0.0009180488880829304
2026-05-04 14:30:00+00:00,675.52001953125,675.8599243164062,674.9000244140625,675.030029296875,425096,0.0007256158426698885
2026-05-04 14:35:00+00:00,675.8399047851562,676.0700073242188,675.3118896484375,675.5,237334,0.0004734271812045467
2026-05-04 14:40:00+00:00,676.375,676.47998046875,675.8400268554688,675.8400268554688,438877,0.0007914352088278422
2026-05-04 14:45:00+00:00,676.489990234375,676.72998046875,676.3350219726562,676.4000244140625,432678,0.00016999513696047566
2026-05-04 14:50:00+00:00,676.469970703125,676.72998046875,676.219970703125,676.510009765625,477945,-2.9593678792383985e-05
2026-05-04 14:55:00+00:00,675.2999877929688,676.6300048828125,675.1300048828125,676.4605712890625,603176,-0.0017310389167280243
2026-05-04 15:00:00+00:00,675.5399780273438,676.0892944335938,674.52001953125,675.3300170898438,491753,0.00035532001269173656
2026-05-04 15:05:00+00:00,675.3348999023438,675.7899780273438,674.9199829101562,675.5,259233,-0.0003036226817538186
2026-05-04 15:10:00+00:00,674.6599731445312,675.510009765625,674.2999877929688,675.3099975585938,325124,-0.000999895373708165
2026-05-04 15:15:00+00:00,672.9600219726562,674.9500122070312,672.6799926757812,674.6500244140625,495095,-0.0025228952964735005
2026-05-04 15:20:00+00:00,671.530029296875,673.0399780273438,671.2000122070312,672.9000244140625,1107737,-0.002127190474410938
2026-05-04 15:25:00+00:00,672.7849731445312,673.1300048828125,671.469970703125,671.5599975585938,889539,0.0018670389156128025
2026-05-04 15:30:00+00:00,672.3400268554688,672.969970703125,671.5,672.780029296875,469238,-0.0006615687096603476
2026-05-04 15:35:00+00:00,671.7999877929688,672.6900024414062,671.2899780273438,672.260009765625,545337,-0.0008035458890779095
2026-05-04 15:40:00+00:00,672.4550170898438,672.6199951171875,670.8599853515625,671.7899780273438,442901,0.000974561145526023
2026-05-04 15:45:00+00:00,671.6950073242188,672.5,671.52001953125,672.4099731445312,314387,-0.0011308408032028809
2026-05-04 15:50:00+00:00,672.3300170898438,672.4600219726562,671.0,671.6199951171875,558431,0.0009449374845563669
2026-05-04 15:55:00+00:00,671.7750244140625,672.625,671.5399780273438,672.3499755859375,255627,-0.0008258174624524642
2026-05-04 16:00:00+00:00,671.4299926757812,672.0396118164062,671.02001953125,671.780029296875,247800,-0.0005137439802265274
2026-05-04 16:05:00+00:00,670.1300048828125,671.530029296875,668.9000244140625,671.4099731445312,888031,-0.0019380246909927888
2026-05-04 16:10:00+00:00,669.9100952148438,670.6300048828125,669.3900146484375,670.0399780273438,428451,-0.0003282135660370846
2026-05-04 16:15:00+00:00,671.239990234375,671.7899780273438,669.2349853515625,669.8599853515625,652112,0.0019832164495970084
2026-05-04 16:20:00+00:00,671.5900268554688,671.8499755859375,670.969970703125,671.22998046875,492946,0.000521341680729784
2026-05-04 16:25:00+00:00,671.27001953125,672.0800170898438,671.0800170898438,671.5449829101562,343267,-0.00047660563159558584
2026-05-04 16:30:00+00:00,671.875,671.97998046875,671.0599975585938,671.2849731445312,197587,0.0009008416825664168
2026-05-04 16:35:00+00:00,670.969970703125,671.93798828125,670.739990234375,671.8599243164062,308548,-0.001347928396277769
2026-05-04 16:40:00+00:00,671.260009765625,671.719970703125,670.9401245117188,671.02001953125,197770,0.0004321749197005207
2026-05-04 16:45:00+00:00,671.4099731445312,671.47998046875,670.969970703125,671.2449951171875,524587,0.0002233808477714007
2026-05-04 16:50:00+00:00,671.0999755859375,671.489990234375,670.6699829101562,671.405029296875,246043,-0.00046181790220100255
2026-05-04 16:55:00+00:00,671.1300048828125,671.4301147460938,670.9500122070312,671.1500244140625,206847,4.474538241138273e-05
2026-05-04 17:00:00+00:00,671.8400268554688,672.030029296875,671.0700073242188,671.0800170898438,328945,0.0010573907414628348
2026-05-04 17:05:00+00:00,672.0999755859375,672.2899780273438,671.77001953125,671.8800048828125,440157,0.00038684574197998605
2026-05-04 17:10:00+00:00,672.030029296875,672.3599853515625,671.6400146484375,672.114990234375,274919,-0.00010407667245210551
2026-05-04 17:15:00+00:00,673.0700073242188,673.2384033203125,671.9299926757812,672.010009765625,533562,0.0015463210263249256
2026-05-04 17:20:00+00:00,673.260009765625,673.4500122070312,672.9600219726562,673.0900268554688,221918,0.00028225240506534296
2026-05-04 17:25:00+00:00,673.222412109375,673.3599853515625,672.9299926757812,673.27001953125,209969,-5.5845743916136386e-05
2026-05-04 17:30:00+00:00,672.75,673.3198852539062,672.719970703125,673.239990234375,194399,-0.0007019640588816906
2026-05-04 17:35:00+00:00,672.75,672.7996215820312,672.239990234375,672.75,195225,0.0
2026-05-04 17:40:00+00:00,672.8099975585938,672.9298706054688,672.510009765625,672.7849731445312,126701,8.91785706209129e-05
2026-05-04 17:45:00+00:00,672.8099975585938,672.8599853515625,672.5900268554688,672.8099975585938,94318,0.0
2026-05-04 17:50:00+00:00,673.0800170898438,673.2000122070312,672.739990234375,672.7899780273438,371130,0.0004012505211183112
2026-05-04 17:55:00+00:00,673.1701049804688,673.4299926757812,673.0399780273438,673.0399780273438,260870,0.00013383529447106484
2026-05-04 18:00:00+00:00,673.6400146484375,673.72998046875,673.1749877929688,673.1749877929688,226744,0.0006978113398293006
2026-05-04 18:05:00+00:00,673.2949829101562,673.7899169921875,673.2000122070312,673.6400146484375,260979,-0.000512321301998101
2026-05-04 18:10:00+00:00,673.0399780273438,673.4298706054688,673.0399780273438,673.2899780273438,233801,-0.00037881343537915393
2026-05-04 18:15:00+00:00,672.75,673.0999755859375,672.6500854492188,673.0599975585938,137599,-0.000430940988662224
2026-05-04 18:20:00+00:00,672.4299926757812,672.833984375,672.1812133789062,672.719970703125,179692,-0.0004757836601759765
2026-05-04 18:25:00+00:00,672.6400756835938,672.72998046875,671.719970703125,672.4199829101562,181467,0.0003123748189222343
2026-05-04 18:30:00+00:00,672.405029296875,672.780029296875,672.2100219726562,672.6400146484375,133205,-0.00034949963869760383
2026-05-04 18:35:00+00:00,672.267578125,672.39501953125,672.0250244140625,672.3599853515625,107872,-0.000204438123592456
2026-05-04 18:40:00+00:00,671.6099853515625,672.4099731445312,671.5866088867188,672.27001953125,136118,-0.0009786499065000365
2026-05-04 18:45:00+00:00,672.0499267578125,672.0875854492188,671.3900146484375,671.6099853515625,254417,0.0006548404369385127
2026-05-04 18:50:00+00:00,671.7999877929688,672.260009765625,671.5800170898438,672.0599975585938,209438,-0.000371974526350602
2026-05-04 18:55:00+00:00,672.3900146484375,672.5,671.75,671.760009765625,167034,0.0008778921019964814
2026-05-04 19:00:00+00:00,672.2000122070312,672.498779296875,671.9099731445312,672.4799194335938,744283,-0.00028261765873015103
2026-05-04 19:05:00+00:00,672.6900024414062,673.0800170898438,672.02001953125,672.239990234375,535676,0.0007286696320420845
2026-05-04 19:10:00+00:00,672.75,672.7899780273438,672.530029296875,672.7000122070312,335640,8.918652414772411e-05
2026-05-04 19:15:00+00:00,672.6525268554688,672.989990234375,672.6300048828125,672.77001953125,185313,-0.00014489811451392603
2026-05-04 19:20:00+00:00,672.6099853515625,672.7000122070312,672.3150024414062,672.6699829101562,314347,-6.324639768726657e-05
2026-05-04 19:25:00+00:00,672.8300170898438,673.0599975585938,672.1300048828125,672.6400146484375,500278,0.00032707774385117597
2026-05-04 19:30:00+00:00,673.0700073242188,673.1950073242188,672.8350219726562,672.8350219726562,333269,0.0003566241660825268
2026-05-04 19:35:00+00:00,672.780029296875,673.1199951171875,672.72998046875,673.0499877929688,394398,-0.00043092175790847943
2026-05-04 19:40:00+00:00,672.6300048828125,672.8300170898438,672.469970703125,672.7650146484375,244614,-0.00022301664306490073
2026-05-04 19:45:00+00:00,673.1099243164062,673.1099243164062,672.3900146484375,672.6300048828125,419639,0.0007132424973441579
2026-05-04 19:50:00+00:00,672.3499755859375,673.0800170898438,672.2000122070312,673.0800170898438,678845,-0.0011296491427779788
2026-05-04 19:55:00+00:00,672.8800048828125,672.8800048828125,672.0700073242188,672.3350219726562,1011990,0.000788012952428724
2026-05-05 13:30:00+00:00,678.7999877929688,678.9600219726562,677.510009765625,677.9500122070312,2537497,0.008759500466050275
2026-05-05 13:35:00+00:00,679.3599853515625,679.739990234375,678.7100219726562,678.8300170898438,918130,0.0008246415759580515
2026-05-05 13:40:00+00:00,680.1749877929688,680.2000122070312,679.3250122070312,679.3599853515625,704278,0.0011989431020657355
2026-05-05 13:45:00+00:00,680.010009765625,680.719970703125,679.9099731445312,680.1900024414062,668422,-0.00024258174946627207
2026-05-05 13:50:00+00:00,679.8900146484375,680.9199829101562,679.8800048828125,679.97998046875,668873,-0.00017647638112316158
2026-05-05 13:55:00+00:00,680.2199096679688,680.5499877929688,679.7869873046875,679.8900146484375,530993,0.0004851005350413896
2026-05-05 14:00:00+00:00,680.6199951171875,680.669921875,679.6400146484375,680.22998046875,527206,0.0005879978377164286
2026-05-05 14:05:00+00:00,680.6500854492188,680.75,680.3900146484375,680.590087890625,323245,4.4209202076485715e-05
2026-05-05 14:10:00+00:00,679.530029296875,680.8291015625,679.3400268554688,680.6500244140625,673100,-0.001646923658663986
2026-05-05 14:15:00+00:00,679.510009765625,680.2999877929688,679.010009765625,679.510009765625,643534,-2.9461282487732392e-05
2026-05-05 14:20:00+00:00,680.8599853515625,681.0,679.3800048828125,679.5300903320312,643108,0.0019847189131262668
2026-05-05 14:25:00+00:00,681.1199951171875,681.4600219726562,680.8300170898438,680.8499755859375,839177,0.00038181143998053987
2026-05-05 14:30:00+00:00,681.27001953125,681.4299926757812,680.9500122070312,681.1300048828125,313732,0.0002202371025269347
2026-05-05 14:35:00+00:00,680.5,681.5800170898438,680.448974609375,681.260009765625,532618,-0.0011309099220491925
2026-05-05 14:40:00+00:00,680.3250122070312,680.989990234375,680.22998046875,680.52001953125,215045,-0.00025717897946251456
2026-05-05 14:45:00+00:00,680.64501953125,680.7899780273438,680.030029296875,680.3499145507812,248960,0.0004702635953083855
2026-05-05 14:50:00+00:00,680.8298950195312,680.8300170898438,680.1599731445312,680.6300048828125,311904,0.00027158119101826654
2026-05-05 14:55:00+00:00,680.530029296875,680.9500122070312,680.5,680.8099975585938,300111,-0.0004405384970569161
2026-05-05 15:00:00+00:00,681.1699829101562,681.1699829101562,680.3400268554688,680.5499267578125,2275539,0.0009399333989271166
2026-05-05 15:05:00+00:00,680.9976196289062,681.4299926757812,680.8900146484375,681.1900024414062,276966,-0.0002530720622757505
2026-05-05 15:10:00+00:00,681.4249877929688,681.47998046875,680.9949951171875,681.010009765625,260103,0.0006273650712365639
2026-05-05 15:15:00+00:00,681.2650146484375,681.6099853515625,681.1599731445312,681.4450073242188,394797,-0.00023479022371861177
2026-05-05 15:20:00+00:00,681.2100219726562,681.5,681.1552124023438,681.2901000976562,292576,-8.072467286810902e-05
2026-05-05 15:25:00+00:00,681.3400268554688,681.5499877929688,681.0399780273438,681.2000122070312,175975,0.00019082584646165385
2026-05-05 15:30:00+00:00,681.1300048828125,681.489990234375,680.9000244140625,681.4000244140625,333749,-0.00030829591760159615
2026-05-05 15:35:00+00:00,681.47998046875,681.6699829101562,681.1300048828125,681.1488037109375,444104,0.0005136841758031541
2026-05-05 15:40:00+00:00,681.510009765625,681.6002197265625,681.3900146484375,681.5651245117188,373574,4.406385534021271e-05
2026-05-05 15:45:00+00:00,681.6799926757812,681.8099975585938,681.489990234375,681.52001953125,261615,0.00024938990270290714
2026-05-05 15:50:00+00:00,681.5700073242188,681.7999877929688,681.4605712890625,681.72021484375,197687,-0.00016135756728571183
2026-05-05 15:55:00+00:00,681.3099975585938,681.5999755859375,681.1649780273438,681.5399780273438,354955,-0.0003815592977341176
2026-05-05 16:00:00+00:00,681.489990234375,681.5800170898438,681.1599731445312,681.3150024414062,172033,0.0002641512744939256
2026-05-05 16:05:00+00:00,681.6900024414062,681.77001953125,681.489990234375,681.489990234375,274291,0.0002934494484091105
2026-05-05 16:10:00+00:00,681.844970703125,681.9400024414062,681.7000732421875,681.7050170898438,165431,0.00022730368554983512
2026-05-05 16:15:00+00:00,681.6199951171875,681.8800048828125,681.4400024414062,681.8599853515625,151696,-0.000330005674687652
2026-05-05 16:20:00+00:00,681.5700073242188,681.8900146484375,681.5700073242188,681.6400146484375,169452,-7.333943603116129e-05
2026-05-05 16:25:00+00:00,681.0250244140625,681.5999145507812,680.4199829101562,681.5800170898438,461901,-0.0007999191638338456
2026-05-05 16:30:00+00:00,680.9349975585938,681.1300048828125,680.6649780273438,681.030029296875,155409,-0.000132201906293104
2026-05-05 16:35:00+00:00,680.6199951171875,681.3699951171875,680.614990234375,680.9199829101562,147120,-0.00046270984091116677
2026-05-05 16:40:00+00:00,680.8400268554688,680.8699951171875,680.47998046875,680.5999755859375,339418,0.0003232290873705668
2026-05-05 16:45:00+00:00,681.2100219726562,681.3499755859375,680.72998046875,680.8400268554688,151192,0.0005432915282468246
2026-05-05 16:50:00+00:00,681.239990234375,681.2799072265625,681.0009155273438,681.219970703125,176911,4.399172293305063e-05
2026-05-05 16:55:00+00:00,681.2700805664062,681.5175170898438,681.219970703125,681.22998046875,167244,4.4168968260896884e-05
2026-05-05 17:00:00+00:00,681.3800048828125,681.5,681.1099853515625,681.281982421875,123731,0.00016133902286213982
2026-05-05 17:05:00+00:00,681.0601196289062,681.4199829101562,680.9400024414062,681.340087890625,1882425,-0.00046957698034452423
2026-05-05 17:10:00+00:00,681.1799926757812,681.2100219726562,680.8699951171875,681.0499877929688,123087,0.00017599400590498834
2026-05-05 17:15:00+00:00,681.5449829101562,681.6199951171875,681.1900024414062,681.2000122070312,231159,0.0005356770436321567
2026-05-05 17:20:00+00:00,681.4199829101562,681.6500244140625,681.2890014648438,681.5499267578125,155966,-0.00018342364401894678
2026-05-05 17:25:00+00:00,681.7449951171875,681.760009765625,681.4299926757812,681.4299926757812,262884,0.0004768494179776112
2026-05-05 17:30:00+00:00,681.5399780273438,681.8499755859375,681.5303955078125,681.75,150610,-0.00030076923816800674
2026-05-05 17:35:00+00:00,681.6300048828125,681.9000244140625,681.52001953125,681.5449829101562,1112990,0.00013208456278873337
2026-05-05 17:40:00+00:00,681.8400268554688,681.9199829101562,681.5599975585938,681.635009765625,141118,0.0003080698063448564
2026-05-05 17:45:00+00:00,681.9400024414062,681.969970703125,681.7899780273438,681.8400268554688,201147,0.0001466154129976201
2026-05-05 17:50:00+00:00,682.1599731445312,682.2899780273438,681.8800048828125,681.9400024414062,322288,0.00032251405170965943
2026-05-05 17:55:00+00:00,682.0999755859375,682.280029296875,682.0700073242188,682.1500244140625,169246,-8.795619733361811e-05
2026-05-05 18:00:00+00:00,682.39501953125,682.4000244140625,682.030029296875,682.090087890625,202474,0.00043245882317869387
2026-05-05 18:05:00+00:00,682.3699951171875,682.5900268554688,682.3200073242188,682.3900146484375,215450,-3.6672121276122077e-05
2026-05-05 18:10:00+00:00,682.6400146484375,682.7100219726562,682.3300170898438,682.3599853515625,183558,0.00039563011676131584
2026-05-05 18:15:00+00:00,682.5599975585938,682.6900024414062,682.4500122070312,682.6425170898438,170655,-0.00011722398069130083
2026-05-05 18:20:00+00:00,682.4000244140625,682.719970703125,682.3900146484375,682.5850219726562,291903,-0.00023439975191724748
2026-05-05 18:25:00+00:00,682.5399780273438,682.6599731445312,682.3400268554688,682.3800048828125,237669,0.00020506925362485823
2026-05-05 18:30:00+00:00,682.4000244140625,682.6300048828125,682.3900146484375,682.530029296875,129049,-0.00020506925362491358
2026-05-05 18:35:00+00:00,682.4000244140625,682.5850219726562,682.3699951171875,682.4149780273438,82240,0.0
2026-05-05 18:40:00+00:00,682.5,682.5499877929688,682.3800048828125,682.409912109375,2073998,0.0001464951048839992
2026-05-05 18:45:00+00:00,682.4400024414062,682.6300048828125,682.4099731445312,682.4808959960938,134589,-8.791237493972283e-05
2026-05-05 18:50:00+00:00,682.119873046875,682.5499877929688,681.9550170898438,682.4299926757812,249728,-0.00046920535500846673
2026-05-05 18:55:00+00:00,682.3098754882812,682.39990234375,682.1099853515625,682.1199951171875,146152,0.00027850820877873406
2026-05-05 19:00:00+00:00,682.2100219726562,682.4299926757812,682.1699829101562,682.302001953125,85908,-0.00014635699485076779
2026-05-05 19:05:00+00:00,682.4949951171875,682.4949951171875,682.1799926757812,682.2000122070312,194116,0.00041763332750253577
2026-05-05 19:10:00+00:00,682.4199829101562,682.7733764648438,682.3992919921875,682.5,180107,-0.00010991484204413771
2026-05-05 19:15:00+00:00,682.469970703125,682.5399780273438,682.1699829101562,682.4000244140625,248329,7.324809279863439e-05
2026-05-05 19:20:00+00:00,682.4398803710938,682.530029296875,682.1243286132812,682.489990234375,211814,-4.409131051759578e-05
2026-05-05 19:25:00+00:00,682.2750244140625,682.47998046875,682.2000122070312,682.4301147460938,308958,-0.00024159765128246998
2026-05-05 19:30:00+00:00,682.159912109375,682.3499145507812,682.0800170898438,682.260009765625,291116,-0.00016873256742293245
2026-05-05 19:35:00+00:00,682.1849975585938,682.2899780273438,681.9400024414062,682.1589965820312,185482,3.677288498515416e-05
2026-05-05 19:40:00+00:00,682.0601196289062,682.3099975585938,681.8900146484375,682.1900024414062,198695,-0.00018307257026327177
2026-05-05 19:45:00+00:00,681.8599853515625,682.119873046875,681.7899780273438,682.0650024414062,457549,-0.0002934692113552322
2026-05-05 19:50:00+00:00,681.0999755859375,681.8499755859375,680.9099731445312,681.8499755859375,980366,-0.001115234293271418
2026-05-05 19:55:00+00:00,681.510009765625,681.6300048828125,680.8682861328125,681.0999755859375,1279099,0.0006018364704089297
2026-05-06 13:30:00+00:00,689.0999755859375,689.1599731445312,686.47998046875,687.8099975585938,4319460,0.011075424061618206
2026-05-06 13:35:00+00:00,688.7000122070312,689.4099731445312,687.9099731445312,689.0999755859375,933909,-0.0005805826588542603
2026-05-06 13:40:00+00:00,689.969970703125,689.969970703125,688.5499877929688,688.72998046875,650251,0.0018422956487459273
2026-05-06 13:45:00+00:00,689.6599731445312,690.4199829101562,689.3300170898438,689.9600219726562,862024,-0.00044939233914612867
2026-05-06 13:50:00+00:00,690.280029296875,690.489990234375,688.4600219726562,689.6400146484375,685473,0.0008986712363973551
2026-05-06 13:55:00+00:00,689.6199951171875,690.52001953125,689.5499877929688,690.2899780273438,712419,-0.0009566406527230259
2026-05-06 14:00:00+00:00,688.39990234375,689.9699096679688,688.280029296875,689.6300048828125,696704,-0.0017707916910434925
2026-05-06 14:05:00+00:00,689.8350219726562,689.9000244140625,687.6199951171875,688.3800048828125,698098,0.0020825479346997396
2026-05-06 14:10:00+00:00,689.739990234375,690.3699951171875,689.52001953125,689.8800048828125,489112,-0.00013776958496731996
2026-05-06 14:15:00+00:00,688.2000122070312,690.0800170898438,688.0800170898438,689.739990234375,572518,-0.0022351897263577906
2026-05-06 14:20:00+00:00,688.8250122070312,689.0,688.1599731445312,688.2525024414062,574119,0.0009077540812063766
2026-05-06 14:25:00+00:00,688.4199829101562,689.6199951171875,688.3099975585938,688.8099975585938,405040,-0.0005881732153502684
2026-05-06 14:30:00+00:00,690.030029296875,690.0999755859375,688.4400024414062,688.4400024414062,477736,0.0023360253975569854
2026-05-06 14:35:00+00:00,690.3800048828125,690.4500122070312,689.8099975585938,690.0599975585938,371708,0.0005070603440577834
2026-05-06 14:40:00+00:00,690.9299926757812,691.02001953125,690.360107421875,690.4400024414062,597080,0.000796327867031821
2026-05-06 14:45:00+00:00,691.25,691.375,690.8400268554688,690.8900146484375,638593,0.00046304726104028185
2026-05-06 14:50:00+00:00,691.3599853515625,691.510009765625,691.010009765625,691.260009765625,428470,0.00015909815922037849
2026-05-06 14:55:00+00:00,691.280029296875,691.5900268554688,690.989990234375,691.344970703125,318733,-0.00011565708200189439
2026-05-06 15:00:00+00:00,691.594970703125,691.6425170898438,691.1500244140625,691.2750244140625,356524,0.00045548789542815455
2026-05-06 15:05:00+00:00,691.3200073242188,691.8099975585938,691.2999877929688,691.6099853515625,342985,-0.0003976576823571128
2026-05-06 15:10:00+00:00,691.2650146484375,691.6799926757812,690.8300170898438,691.3201293945312,283131,-7.955051578925958e-05
2026-05-06 15:15:00+00:00,692.1699829101562,692.25,691.1900024414062,691.280029296875,412250,0.0013082918856274985
2026-05-06 15:20:00+00:00,692.1699829101562,692.3200073242188,691.9749755859375,692.2000122070312,379872,0.0
2026-05-06 15:25:00+00:00,692.2899780273438,692.4000244140625,692.1500244140625,692.1799926757812,363669,0.00017334573895038535
2026-05-06 15:30:00+00:00,692.25,692.4600219726562,692.1124877929688,692.2899780273438,258563,-5.774918455125369e-05
2026-05-06 15:35:00+00:00,691.739990234375,692.3300170898438,691.5800170898438,692.3300170898438,293235,-0.0007370136956331932
2026-05-06 15:40:00+00:00,691.780029296875,692.2000122070312,691.1500244140625,691.719970703125,529264,5.787999009190049e-05
2026-05-06 15:45:00+00:00,691.8400268554688,692.2188720703125,691.6099853515625,691.7899780273438,230464,8.67254827140193e-05
2026-05-06 15:50:00+00:00,692.0900268554688,692.1699829101562,691.5900268554688,691.8200073242188,172405,0.00036128993954434943
2026-05-06 15:55:00+00:00,691.89501953125,692.219970703125,691.7000122070312,692.093017578125,173870,-0.00028180553831624086
2026-05-06 16:00:00+00:00,692.1898193359375,692.3350219726562,691.72998046875,691.8800048828125,212299,0.00042598517210362647
2026-05-06 16:05:00+00:00,692.22998046875,692.3599853515625,692.0800170898438,692.1699829101562,193475,5.801872066469662e-05
2026-05-06 16:10:00+00:00,692.739990234375,692.8499755859375,692.2000122070312,692.2299194335938,202265,0.0007364921976168961
2026-05-06 16:15:00+00:00,692.1298828125,692.7598876953125,692.0999145507812,692.72998046875,557521,-0.0008811043885355286
2026-05-06 16:20:00+00:00,692.2498779296875,692.340087890625,692.010009765625,692.0999755859375,237088,0.00017335578125432253
2026-05-06 16:25:00+00:00,692.1900024414062,692.489990234375,692.1300048828125,692.3099975585938,123492,-8.649778031893122e-05
2026-05-06 16:30:00+00:00,692.1300048828125,692.3200073242188,692.0800170898438,692.2249755859375,145934,-8.668163186816775e-05
2026-05-06 16:35:00+00:00,692.1907958984375,692.260009765625,691.7100219726562,692.0999755859375,361284,8.782793067862997e-05
2026-05-06 16:40:00+00:00,692.0700073242188,692.469970703125,692.0549926757812,692.1900024414062,209419,-0.00017451707690362134
2026-05-06 16:45:00+00:00,691.593994140625,692.1298828125,691.260009765625,692.0401000976562,266871,-0.0006880473899282928
2026-05-06 16:50:00+00:00,691.0800170898438,691.780029296875,691.0599975585938,691.5700073242188,164075,-0.0007434537284717623
2026-05-06 16:55:00+00:00,691.3300170898438,691.5700073242188,690.7435302734375,691.0700073242188,286828,0.0003616871934436442
2026-05-06 17:00:00+00:00,691.8253784179688,691.8699951171875,691.1099853515625,691.3900146484375,309456,0.0007162772178928246
2026-05-06 17:05:00+00:00,691.9299926757812,692.0800170898438,691.77001953125,691.8106079101562,124648,0.00015120339938290805
2026-05-06 17:10:00+00:00,692.3300170898438,692.4400024414062,691.9500122070312,691.9500122070312,210182,0.0005779613979683347
2026-05-06 17:15:00+00:00,692.3900146484375,692.4500122070312,692.0499877929688,692.3350219726562,106141,8.665659087201874e-05
2026-05-06 17:20:00+00:00,692.385009765625,692.6282958984375,692.3101196289062,692.35009765625,168052,-7.228441767501883e-06
2026-05-06 17:25:00+00:00,692.4199829101562,692.5598754882812,692.239990234375,692.375,128092,5.0509847557818823e-05
2026-05-06 17:30:00+00:00,692.5599975585938,692.7000122070312,692.3699951171875,692.4099731445312,224669,0.00020219014121365848
2026-05-06 17:35:00+00:00,692.6300048828125,693.030029296875,692.4561767578125,692.5499877929688,241254,0.00010107974235300395
2026-05-06 17:40:00+00:00,692.9699096679688,693.010009765625,692.4705200195312,692.6099853515625,197054,0.0004906247299889416
2026-05-06 17:45:00+00:00,692.6334838867188,693.0499877929688,692.5700073242188,693.0050048828125,189674,-0.00048560185320842893
2026-05-06 17:50:00+00:00,692.7109985351562,692.85498046875,692.510009765625,692.6199951171875,150075,0.00011190667664533161
2026-05-06 17:55:00+00:00,692.8099975585938,692.89501953125,692.5999755859375,692.72998046875,287995,0.00014290512216717872
2026-05-06 18:00:00+00:00,692.719970703125,692.9600219726562,692.6300048828125,692.8049926757812,175368,-0.0001299529532491896
2026-05-06 18:05:00+00:00,693.2100219726562,693.239990234375,692.739990234375,692.75,386369,0.0007071804384695987
2026-05-06 18:10:00+00:00,693.3049926757812,693.3828735351562,693.039306640625,693.2249755859375,227167,0.0001369919579235543
2026-05-06 18:15:00+00:00,693.489990234375,693.760009765625,693.2899780273438,693.2899780273438,252614,0.00026679871498082043
2026-05-06 18:20:00+00:00,693.5,693.7000122070312,693.4099731445312,693.4700927734375,201990,1.4433796488288409e-05
2026-05-06 18:25:00+00:00,693.6400146484375,693.72998046875,693.4000244140625,693.489990234375,241907,0.00020187529367532385
2026-05-06 18:30:00+00:00,693.9500122070312,693.969970703125,693.4199829101562,693.6337890625,275559,0.0004468143439366251
2026-05-06 18:35:00+00:00,694.1500244140625,694.3900146484375,693.9400024414062,693.9550170898438,341899,0.00028818125947520097
2026-05-06 18:40:00+00:00,693.97998046875,694.2780151367188,693.969970703125,694.1799926757812,188228,-0.0002449971480551917
2026-05-06 18:45:00+00:00,693.72998046875,694.1699829101562,693.6699829101562,693.969970703125,312047,-0.0003603058416266271
2026-05-06 18:50:00+00:00,693.930908203125,694.0599975585938,693.60498046875,693.739990234375,194688,0.0002895919852169352
2026-05-06 18:55:00+00:00,693.760009765625,694.030029296875,693.75,693.9498901367188,250206,-0.00024630619996289375
2026-05-06 19:00:00+00:00,693.9400024414062,694.1099853515625,693.7000122070312,693.7429809570312,294267,0.0002594115085498002
2026-05-06 19:05:00+00:00,694.3400268554688,694.4600219726562,693.8200073242188,693.9099731445312,363468,0.0005762878046095014
2026-05-06 19:10:00+00:00,694.6500244140625,694.739990234375,694.3400268554688,694.3400268554688,561939,0.0004463639800117363
2026-05-06 19:15:00+00:00,694.6900024414062,694.8499755859375,694.5499877929688,694.6599731445312,370301,5.754966614653866e-05
2026-05-06 19:20:00+00:00,694.85498046875,695.0900268554688,694.6400146484375,694.7100219726562,382764,0.00023745618910927475
2026-05-06 19:25:00+00:00,695.0501098632812,695.2122802734375,694.780029296875,694.8499755859375,336145,0.0002807808924084392
2026-05-06 19:30:00+00:00,694.531494140625,695.0499877929688,694.4199829101562,695.0499877929688,626600,-0.0007464343875040198
2026-05-06 19:35:00+00:00,694.92041015625,694.969970703125,694.4901123046875,694.530029296875,365521,0.0005598121454641649
2026-05-06 19:40:00+00:00,694.496826171875,695.0166015625,694.489990234375,694.923095703125,350613,-0.0006097290092893435
2026-05-06 19:45:00+00:00,694.489990234375,694.793701171875,694.4500122070312,694.5,641492,-9.843055987746183e-06
2026-05-06 19:50:00+00:00,695.1799926757812,695.3099975585938,694.4400024414062,694.5,1090358,0.000993045120920729
2026-05-06 19:55:00+00:00,695.5900268554688,695.9299926757812,695.1699829101562,695.1699829101562,3193644,0.0005896506047866298
2026-05-07 13:30:00+00:00,696.7999877929688,697.030029296875,695.9199829101562,696.5900268554688,2458498,0.0017379631128198521
2026-05-07 13:35:00+00:00,697.1390991210938,697.2000122070312,696.3900146484375,696.8400268554688,595102,0.0004865511527704256
2026-05-07 13:40:00+00:00,696.3200073242188,697.3400268554688,696.155029296875,697.1400146484375,625242,-0.0011756238664266405
2026-05-07 13:45:00+00:00,696.0700073242188,696.47998046875,695.5399780273438,696.3499755859375,798876,-0.00035909479392465054
2026-05-07 13:50:00+00:00,697.4199829101562,697.4600219726562,695.9500122070312,696.0850219726562,492515,0.001937546760615998
2026-05-07 13:55:00+00:00,697.27001953125,697.8099975585938,697.0599975585938,697.4598999023438,486579,-0.00021504904921042006
2026-05-07 14:00:00+00:00,697.9400024414062,697.97998046875,697.25,697.27001953125,640858,0.0009604044568243341
2026-05-07 14:05:00+00:00,698.52001953125,698.6699829101562,697.6699829101562,697.969970703125,683346,0.0008306963523068807
2026-05-07 14:10:00+00:00,698.6799926757812,698.9000244140625,698.3699951171875,698.489990234375,511911,0.00022899104470757066
2026-05-07 14:15:00+00:00,698.8300170898438,699.1599731445312,698.3200073242188,698.6599731445312,779531,0.00021470245449464008
2026-05-07 14:20:00+00:00,699.27001953125,700.0800170898438,698.8400268554688,698.840087890625,852999,0.0006294291458520074
2026-05-07 14:25:00+00:00,699.52001953125,700.0399780273438,699.27001953125,699.3099975585938,390635,0.0003574517914490193
2026-05-07 14:30:00+00:00,699.4099731445312,699.6699829101562,699.219970703125,699.5399780273438,404289,-0.00015732936962092298
2026-05-07 14:35:00+00:00,700.2698974609375,700.2999877929688,699.3599853515625,699.4000244140625,364566,0.0012287444331509378
2026-05-07 14:40:00+00:00,700.1500244140625,700.510009765625,699.9099731445312,700.2650146484375,398734,-0.00017119586103474574
2026-05-07 14:45:00+00:00,699.719970703125,700.5999755859375,699.4299926757812,700.1300048828125,428783,-0.0006144195189077602
2026-05-07 14:50:00+00:00,700.6799926757812,700.719970703125,699.6599731445312,699.7100219726562,280810,0.0013710684777934736
2026-05-07 14:55:00+00:00,700.8300170898438,701.22998046875,700.5999755859375,700.7005004882812,414261,0.00021408967983129276
2026-05-07 15:00:00+00:00,700.114990234375,700.864990234375,700.010009765625,700.8250122070312,387316,-0.0010207779945936104
2026-05-07 15:05:00+00:00,699.760009765625,700.1300048828125,698.8900146484375,700.0936279296875,523874,-0.0005071602483917812
2026-05-07 15:10:00+00:00,699.260009765625,699.9199829101562,699.1099853515625,699.7899780273438,325164,-0.0007147860849851263
2026-05-07 15:15:00+00:00,699.4199829101562,699.77001953125,699.2249755859375,699.2249755859375,235457,0.00022874874319583753
2026-05-07 15:20:00+00:00,699.1799926757812,699.6599731445312,698.9400024414062,699.4500122070312,280195,-0.00034318638770155206
2026-05-07 15:25:00+00:00,699.0499877929688,699.5499267578125,698.3499755859375,699.1300048828125,329080,-0.00018595636626752866
2026-05-07 15:30:00+00:00,699.8800048828125,699.9500122070312,698.989990234375,699.157470703125,347274,0.0011866457815429216
2026-05-07 15:35:00+00:00,699.7042846679688,700.0999755859375,699.5900268554688,699.8599853515625,204237,-0.0002511034413275572
2026-05-07 15:40:00+00:00,699.7000122070312,699.98876953125,699.3400268554688,699.7999877929688,303807,-6.106113790114639e-06
2026-05-07 15:45:00+00:00,698.9600219726562,699.872314453125,698.9000244140625,699.7000122070312,178884,-0.0010581417718910685
2026-05-07 15:50:00+00:00,698.6199951171875,698.9450073242188,698.2017211914062,698.9299926757812,302391,-0.0004865937663961613
2026-05-07 15:55:00+00:00,697.364990234375,698.6937866210938,697.114990234375,698.6500244140625,589308,-0.001798021087745614
2026-05-07 16:00:00+00:00,696.739990234375,697.4500122070312,696.5599975585938,697.3599853515625,448322,-0.0008966326792151467
2026-05-07 16:05:00+00:00,696.4299926757812,696.719970703125,695.7899780273438,696.719970703125,733325,-0.00044502475291973527
2026-05-07 16:10:00+00:00,695.3112182617188,696.4500122070312,695.1199951171875,696.4500122070312,488439,-0.0016077337456919898
2026-05-07 16:15:00+00:00,694.3200073242188,695.2899780273438,693.7899780273438,695.2899780273438,933388,-0.0014265815093296417
2026-05-07 16:20:00+00:00,695.5999755859375,695.6699829101562,694.0499877929688,694.27001953125,544230,0.001841787497525467
2026-05-07 16:25:00+00:00,696.3150024414062,696.47998046875,695.5900268554688,695.594970703125,425913,0.0010274002789706276
2026-05-07 16:30:00+00:00,696.8900146484375,697.1599731445312,696.095703125,696.3099975585938,447245,0.0008254524389843533
2026-05-07 16:35:00+00:00,695.6801147460938,696.8699951171875,695.6099853515625,696.85498046875,409909,-0.0017376506665467595
2026-05-07 16:40:00+00:00,695.9099731445312,696.3800048828125,695.4600219726562,695.686279296875,301896,0.000330353604165703
2026-05-07 16:45:00+00:00,695.630126953125,696.1300048828125,695.4400024414062,695.9099731445312,227896,-0.00040221075218635575
2026-05-07 16:50:00+00:00,695.6099853515625,695.7899780273438,694.9199829101562,695.6599731445312,391943,-2.8954889074577195e-05
2026-05-07 16:55:00+00:00,695.2100830078125,695.8200073242188,694.4000244140625,695.6300048828125,542816,-0.0005750597994205481
2026-05-07 17:00:00+00:00,695.059814453125,695.52001953125,694.8099975585938,695.2899780273438,336135,-0.00021617177433981213
2026-05-07 17:05:00+00:00,694.9000244140625,695.6099853515625,694.6900024414062,695.0499877929688,294026,-0.00022992036934915228
2026-05-07 17:10:00+00:00,694.5700073242188,695.0059814453125,694.1500244140625,694.9099731445312,319773,-0.00047502585663771303
2026-05-07 17:15:00+00:00,693.530029296875,694.47998046875,693.3049926757812,694.47998046875,646000,-0.001498419702459633
2026-05-07 17:20:00+00:00,694.7020263671875,694.9000244140625,693.1701049804688,693.469970703125,521899,0.00168847469552733
2026-05-07 17:25:00+00:00,693.0750122070312,695.27001953125,691.780029296875,694.780029296875,906999,-0.0023447785348423918
2026-05-07 17:30:00+00:00,693.7200927734375,693.97998046875,692.6489868164062,693.0900268554688,448912,0.0009303185605655111
2026-05-07 17:35:00+00:00,694.5750122070312,694.75,693.4299926757812,693.739990234375,400389,0.0012316106836265123
2026-05-07 17:40:00+00:00,693.97998046875,695.0599975585938,693.7999877929688,694.5401000976562,448403,-0.000857051795344962
2026-05-07 17:45:00+00:00,693.5399780273438,694.1699829101562,693.3099975585938,693.9450073242188,230147,-0.0006342286515751995
2026-05-07 17:50:00+00:00,693.52001953125,693.8400268554688,693.0800170898438,693.5499877929688,285055,-2.8778129468406866e-05
2026-05-07 17:55:00+00:00,695.2349853515625,695.4000244140625,693.510009765625,693.5800170898438,651114,0.002469790115660892
2026-05-07 18:00:00+00:00,694.989990234375,695.3800048828125,694.6699829101562,695.2999877929688,701817,-0.0003524539179284829
2026-05-07 18:05:00+00:00,694.5499877929688,695.780029296875,694.3400268554688,695.02001953125,463161,-0.0006333066526623082
2026-05-07 18:10:00+00:00,694.719970703125,695.0599975585938,694.1799926757812,694.5499877929688,366186,0.0002447082512149524
2026-05-07 18:15:00+00:00,694.97998046875,695.4600219726562,694.6300048828125,694.781982421875,347891,0.00037419554982301586
2026-05-07 18:20:00+00:00,694.4299926757812,695.1699829101562,694.3400268554688,695.010009765625,243202,-0.000791685438172203
2026-05-07 18:25:00+00:00,694.2000122070312,694.530029296875,693.91650390625,694.3699951171875,233801,-0.0003312336188099699
2026-05-07 18:30:00+00:00,694.89501953125,695.030029296875,694.1286010742188,694.2000122070312,279293,0.0010006621092626567
2026-05-07 18:35:00+00:00,694.5299072265625,695.0800170898438,694.0,694.9099731445312,253254,-0.0005255588928342218
2026-05-07 18:40:00+00:00,693.1400146484375,694.5784912109375,692.77001953125,694.5399780273438,396848,-0.002003204106391716
2026-05-07 18:45:00+00:00,692.8800048828125,693.6199951171875,692.52001953125,693.1900024414062,628527,-0.00037518905212204567
2026-05-07 18:50:00+00:00,693.1099853515625,693.3499755859375,692.4849853515625,692.885009765625,502157,0.0003318645480576029
2026-05-07 18:55:00+00:00,693.9400024414062,694.0599975585938,692.739990234375,693.010009765625,531005,0.0011968093381227991
2026-05-07 19:00:00+00:00,693.6199951171875,694.1400146484375,693.3699951171875,693.989990234375,231852,-0.00046125188165602583
2026-05-07 19:05:00+00:00,693.4650268554688,693.9000244140625,693.280029296875,693.6099853515625,218968,-0.0002234445039902963
2026-05-07 19:10:00+00:00,694.1500244140625,694.4000244140625,693.3200073242188,693.4500122070312,382524,0.000987302081524276
2026-05-07 19:15:00+00:00,693.3099975585938,694.239990234375,692.989990234375,694.1599731445312,505223,-0.0012108845585541235
2026-05-07 19:20:00+00:00,692.8264770507812,693.4500122070312,692.75,693.2899780273438,546544,-0.0006976521234105765
2026-05-07 19:25:00+00:00,693.1500244140625,693.4998779296875,692.5800170898438,692.8800048828125,466148,0.00046688723627940964
2026-05-07 19:30:00+00:00,693.9099731445312,694.010009765625,693.0800170898438,693.1900024414062,561450,0.0010957691921707005
2026-05-07 19:35:00+00:00,694.6799926757812,694.739990234375,693.830078125,693.9199829101562,704056,0.001109066937155846
2026-05-07 19:40:00+00:00,694.780029296875,694.9400024414062,694.4299926757812,694.6599731445312,360792,0.00014399352220959054
2026-05-07 19:45:00+00:00,694.6599731445312,695.0,694.3900146484375,694.8099975585938,769076,-0.00017281228758578155
2026-05-07 19:50:00+00:00,694.3699951171875,695.5499877929688,694.0599975585938,694.6900024414062,1409832,-0.000417525954345351
2026-05-07 19:55:00+00:00,694.9199829101562,695.0599975585938,694.1599731445312,694.3400268554688,2251107,0.0007917538172710992
2026-05-08 13:30:00+00:00,701.89501953125,702.1099243164062,699.530029296875,699.9199829101562,2936681,0.009987141582424891
2026-05-08 13:35:00+00:00,701.97998046875,702.4000244140625,701.6201171875,701.9299926757812,615162,0.0001210377527966729
2026-05-08 13:40:00+00:00,702.72998046875,702.760009765625,701.4299926757812,701.989990234375,614747,0.001067836196970692
2026-05-08 13:45:00+00:00,704.4000244140625,704.5700073242188,702.739990234375,702.739990234375,1136138,0.002373689316066952
2026-05-08 13:50:00+00:00,704.260009765625,704.8447875976562,703.7899780273438,704.4000854492188,675065,-0.00019879125623116308
2026-05-08 13:55:00+00:00,705.3300170898438,705.4400024414062,703.8900146484375,704.25,555408,0.0015181826053713324
2026-05-08 14:00:00+00:00,705.5599975585938,705.8400268554688,704.7570190429688,705.3200073242188,922380,0.00032600765247347934
2026-05-08 14:05:00+00:00,705.4000244140625,705.739990234375,704.969970703125,705.5399780273438,548378,-0.00022675787084748693
2026-05-08 14:10:00+00:00,705.2003784179688,705.47998046875,704.6300048828125,705.4000244140625,396641,-0.00028306527777245547
2026-05-08 14:15:00+00:00,705.5499267578125,705.6300048828125,704.9000244140625,705.1699829101562,422957,0.0004955495607047922
2026-05-08 14:20:00+00:00,706.3800048828125,706.6500244140625,705.4299926757812,705.5399780273438,748224,0.0011758065354827382
2026-05-08 14:25:00+00:00,705.469970703125,706.7791137695312,705.281005859375,706.3699951171875,493537,-0.0012891374033421434
2026-05-08 14:30:00+00:00,705.6300048828125,705.7088012695312,704.6599731445312,705.47998046875,473301,0.00022682188809078734
2026-05-08 14:35:00+00:00,705.5900268554688,705.6799926757812,704.5700073242188,705.64990234375,654260,-5.665739779106645e-05
2026-05-08 14:40:00+00:00,706.0900268554688,706.0999145507812,705.114990234375,705.5800170898438,745916,0.0007083758385532855
2026-05-08 14:45:00+00:00,706.2899780273438,706.530029296875,705.7899780273438,706.0999755859375,445827,0.0002831407588886181
2026-05-08 14:50:00+00:00,706.5698852539062,706.5900268554688,706.0050048828125,706.3198852539062,275342,0.0003962278743971354
2026-05-08 14:55:00+00:00,706.7000122070312,706.9500122070312,706.469970703125,706.5599975585938,423347,0.00018415018069297624
2026-05-08 15:00:00+00:00,706.8499755859375,707.1500244140625,706.6099853515625,706.6500244140625,405005,0.00021217980370536404
2026-05-08 15:05:00+00:00,706.6860961914062,707.27001953125,706.6400146484375,706.8400268554688,352688,-0.00023187154334081944
2026-05-08 15:10:00+00:00,706.5449829101562,707.0800170898438,706.3300170898438,706.6699829101562,440705,-0.0001997030546607104
2026-05-08 15:15:00+00:00,706.280029296875,706.5899047851562,705.8099975585938,706.530029296875,689326,-0.0003750692606629571
2026-05-08 15:20:00+00:00,706.780029296875,707.2100219726562,706.219970703125,706.3400268554688,550470,0.0007076840334231319
2026-05-08 15:25:00+00:00,707.1901245117188,707.22998046875,706.72998046875,706.7401123046875,205659,0.0005800620688321963
2026-05-08 15:30:00+00:00,707.2899780273438,707.3400268554688,706.510009765625,707.22998046875,396996,0.000141187586324721
2026-05-08 15:35:00+00:00,707.71240234375,708.0,707.239990234375,707.2999877929688,2104261,0.0005970651849285895
2026-05-08 15:40:00+00:00,707.219970703125,707.8250122070312,706.8499755859375,707.719970703125,409723,-0.0006960497475167636
2026-05-08 15:45:00+00:00,707.72998046875,708.030029296875,707.0650024414062,707.260009765625,357792,0.0007208873886873412
2026-05-08 15:50:00+00:00,707.739990234375,707.8098754882812,707.260009765625,707.719970703125,343386,1.414338111351483e-05
2026-05-08 15:55:00+00:00,707.4000244140625,707.8699951171875,707.280029296875,707.719970703125,254663,-0.0004804695271613508
2026-05-08 16:00:00+00:00,707.6036987304688,707.8599243164062,707.405029296875,707.4400024414062,212224,0.0002878781369708118
2026-05-08 16:05:00+00:00,707.613525390625,707.9000244140625,707.4099731445312,707.5700073242188,255193,1.3887140417697826e-05
2026-05-08 16:10:00+00:00,708.0599975585938,708.239990234375,707.489990234375,707.6199951171875,201092,0.0006307558565356586
2026-05-08 16:15:00+00:00,707.875,708.1699829101562,707.8599853515625,708.0599975585938,378234,-0.00026130798372151626
2026-05-08 16:20:00+00:00,708.2100219726562,708.27001953125,707.8699951171875,707.8800048828125,215562,0.00047316647476446197
2026-05-08 16:25:00+00:00,708.614990234375,708.6799926757812,708.1500244140625,708.219970703125,387748,0.0005716560185739592
2026-05-08 16:30:00+00:00,708.469970703125,708.6599731445312,708.3804931640625,708.614990234375,324389,-0.00020467302350069528
2026-05-08 16:35:00+00:00,708.469970703125,708.5,707.9400024414062,708.4550170898438,277777,0.0
2026-05-08 16:40:00+00:00,707.530029296875,708.489990234375,707.510009765625,708.469970703125,1070108,-0.0013276010512794356
2026-05-08 16:45:00+00:00,708.5599975585938,708.5599975585938,707.530029296875,707.5399780273438,262840,0.0014546652032117252
2026-05-08 16:50:00+00:00,708.5098876953125,708.7849731445312,708.1699829101562,708.5700073242188,503054,-7.072320684191894e-05
2026-05-08 16:55:00+00:00,708.6199951171875,708.780029296875,708.469970703125,708.530029296875,245696,0.00015539496193244719
2026-05-08 17:00:00+00:00,709.739990234375,709.8099975585938,708.489990234375,708.6400146484375,420983,0.0015792822154307264
2026-05-08 17:05:00+00:00,709.89501953125,709.9500122070312,709.1900024414062,709.760009765625,278116,0.00021840726161991296
2026-05-08 17:10:00+00:00,709.6500854492188,709.9600219726562,709.5599975585938,709.9000244140625,294264,-0.00034508813225103956
2026-05-08 17:15:00+00:00,709.8200073242188,709.969970703125,709.6300048828125,709.6699829101562,227707,0.00023941592947495535
2026-05-08 17:20:00+00:00,710.1920166015625,710.326171875,709.6928100585938,709.8200073242188,526306,0.0005239523040456534
2026-05-08 17:25:00+00:00,710.2000122070312,710.4600219726562,709.9849853515625,710.2000122070312,399554,1.125830799751498e-05
2026-05-08 17:30:00+00:00,710.22998046875,710.3599853515625,709.9401245117188,710.2100219726562,159488,4.2196041871420895e-05
2026-05-08 17:35:00+00:00,709.9400024414062,710.4998779296875,709.9000244140625,710.22998046875,226433,-0.00040837087794162215
2026-05-08 17:40:00+00:00,709.5700073242188,710.0399780273438,709.47998046875,709.9100952148438,369897,-0.0005212997767132017
2026-05-08 17:45:00+00:00,709.4598999023438,710.02001953125,709.2999877929688,709.5399780273438,330566,-0.0001551868942793043
2026-05-08 17:50:00+00:00,709.510009765625,709.530029296875,708.97998046875,709.3599853515625,591404,7.0628507286404e-05
2026-05-08 17:55:00+00:00,709.1950073242188,709.77001953125,709.1599731445312,709.510009765625,579625,-0.00044407039206624787
2026-05-08 18:00:00+00:00,709.6500244140625,710.1500244140625,709.1201171875,709.1998901367188,458746,0.0006413908429241154
2026-05-08 18:05:00+00:00,709.4400024414062,709.9500122070312,709.3599853515625,709.6400146484375,188964,-0.00029599527896765157
2026-05-08 18:10:00+00:00,709.8099975585938,709.8699951171875,709.22998046875,709.4600219726562,213854,0.0005213952799993026
2026-05-08 18:15:00+00:00,709.3900146484375,709.9498901367188,709.3699951171875,709.8300170898438,172909,-0.000591858679261106
2026-05-08 18:20:00+00:00,709.7899780273438,709.7899780273438,709.3599853515625,709.3800048828125,359202,0.0005636542109664138
2026-05-08 18:25:00+00:00,709.7476196289062,709.8574829101562,709.6500244140625,709.7899780273438,188981,-5.9679149773837554e-05
2026-05-08 18:30:00+00:00,709.72998046875,709.8800048828125,709.630126953125,709.72998046875,136533,-2.485303065851667e-05
2026-05-08 18:35:00+00:00,709.5399780273438,709.8099975585938,709.5,709.72998046875,882367,-0.0002677467262713966
2026-05-08 18:40:00+00:00,709.4299926757812,709.7899780273438,709.3099975585938,709.530029296875,296305,-0.00015502139446720134
2026-05-08 18:45:00+00:00,709.2750244140625,709.4299926757812,709.0999755859375,709.4249877929688,298122,-0.0002184643889580463
2026-05-08 18:50:00+00:00,709.1599731445312,709.6099853515625,709.010009765625,709.2999877929688,228983,-0.00016222283006493414
2026-05-08 18:55:00+00:00,708.5900268554688,709.219970703125,708.5460205078125,709.2000122070312,443089,-0.000804015263291144
2026-05-08 19:00:00+00:00,709.2050170898438,709.3098754882812,708.5499877929688,708.5850219726562,343293,0.0008675305723092709
2026-05-08 19:05:00+00:00,709.9400024414062,710.0999755859375,709.0999755859375,709.219970703125,480394,0.0010358143912871836
2026-05-08 19:10:00+00:00,709.9100952148438,710.1423950195312,709.8400268554688,709.9349975585938,291100,-4.212730148944159e-05
2026-05-08 19:15:00+00:00,710.1099853515625,710.1900024414062,709.8599853515625,709.9099731445312,214172,0.00028153142448417005
2026-05-08 19:20:00+00:00,709.72998046875,710.1900024414062,709.6220092773438,710.125,375026,-0.0005352784835384928
2026-05-08 19:25:00+00:00,709.125,709.8599243164062,709.1099853515625,709.7100219726562,316263,-0.0008527728538022008
2026-05-08 19:30:00+00:00,709.52001953125,709.6500244140625,708.989990234375,709.1400146484375,289488,0.0005568969488782115
2026-05-08 19:35:00+00:00,709.840087890625,709.8931884765625,709.3300170898438,709.52001953125,493246,0.0004510037489805537
2026-05-08 19:40:00+00:00,710.1300048828125,710.1900024414062,709.8300170898438,709.8300170898438,420131,0.0004083423977610567
2026-05-08 19:45:00+00:00,710.2349853515625,710.4400024414062,710.010009765625,710.1099853515625,480076,0.00014782181997299583
2026-05-08 19:50:00+00:00,710.8099975585938,710.8800048828125,710.0900268554688,710.219970703125,1243956,0.0008092808395644933
2026-05-08 19:55:00+00:00,711.1099853515625,711.1300048828125,710.5150146484375,710.7999877929688,4498692,0.0004219475090370741
2026-05-11 13:30:00+00:00,713.2899780273438,713.5,709.7999877929688,710.3599853515625,2733093,0.0030609301234355655
2026-05-11 13:35:00+00:00,711.9700927734375,713.280029296875,711.0,713.27001953125,1102877,-0.0018521330362892977
2026-05-11 13:40:00+00:00,712.6300048828125,712.719482421875,711.489990234375,711.97998046875,821173,0.0009264524938075357
2026-05-11 13:45:00+00:00,711.77001953125,712.9500122070312,711.72998046875,712.6400146484375,816478,-0.0012075055340012458
2026-05-11 13:50:00+00:00,710.9299926757812,712.2100219726562,710.72998046875,711.8099975585938,616357,-0.0011808911870099569
2026-05-11 13:55:00+00:00,710.47998046875,711.219970703125,710.219970703125,710.9299926757812,753604,-0.0006331913108377266
2026-05-11 14:00:00+00:00,711.3300170898438,711.739990234375,710.4400024414062,710.4400024414062,727591,0.0011957107121623397
2026-05-11 14:05:00+00:00,711.989990234375,712.3400268554688,711.3099975585938,711.3099975585938,433711,0.0009273714813732738
2026-05-11 14:10:00+00:00,712.6005859375,712.7100219726562,711.4500122070312,711.998291015625,430076,0.0008572227708486124
2026-05-11 14:15:00+00:00,712.7999877929688,713.0399780273438,712.219970703125,712.60498046875,303746,0.0002797836067200192
2026-05-11 14:20:00+00:00,712.2999877929688,712.8400268554688,712.22998046875,712.7899780273438,359041,-0.0007017051843126772
2026-05-11 14:25:00+00:00,709.8300170898438,712.4699096679688,709.6099853515625,712.3298950195312,640310,-0.0034736250247362718
2026-05-11 14:30:00+00:00,710.5700073242188,710.6500244140625,708.9099731445312,709.8599853515625,964643,0.0010419463370931847
2026-05-11 14:35:00+00:00,711.5499877929688,711.6599731445312,710.27001953125,710.5599975585938,455586,0.001378196814940299
2026-05-11 14:40:00+00:00,711.7999877929688,711.97998046875,711.2999877929688,711.5800170898438,414643,0.0003512839524487959
2026-05-11 14:45:00+00:00,712.169921875,712.1699829101562,711.5700073242188,711.7849731445312,525827,0.0005195813308160694
2026-05-11 14:50:00+00:00,712.8499755859375,712.8699951171875,711.8699951171875,712.1300048828125,471947,0.0009544480940581274
2026-05-11 14:55:00+00:00,712.3800048828125,712.905029296875,712.1799926757812,712.8200073242188,255800,-0.0006595015914619496
2026-05-11 15:00:00+00:00,712.52001953125,712.6500244140625,712.0200805664062,712.3800048828125,291231,0.00019652557581453908
2026-05-11 15:05:00+00:00,712.7999877929688,712.8099975585938,712.1599731445312,712.5,193934,0.0003928496953395149
2026-05-11 15:10:00+00:00,711.8400268554688,712.8099975585938,711.719970703125,712.8099975585938,276288,-0.0013476542465708711
2026-05-11 15:15:00+00:00,712.1699829101562,712.469970703125,711.6400146484375,711.8203735351562,351702,0.0004634181758972703
2026-05-11 15:20:00+00:00,712.7100830078125,712.780029296875,711.9299926757812,712.1400146484375,279096,0.0007580990659382525
2026-05-11 15:25:00+00:00,713.27001953125,713.3099975585938,712.7000122070312,712.75,803981,0.0007853357157213666
2026-05-11 15:30:00+00:00,713.0900268554688,713.5999755859375,712.85498046875,713.280029296875,391734,-0.0002523804241329427
2026-05-11 15:35:00+00:00,713.2000122070312,713.25,712.7750244140625,713.1199951171875,212526,0.00015422578685715313
2026-05-11 15:40:00+00:00,713.119873046875,713.5900268554688,712.8699951171875,713.260009765625,266357,-0.00011237193152685528
2026-05-11 15:45:00+00:00,713.6199951171875,713.6599731445312,713.0,713.0800170898438,406094,0.0007010697632499751
2026-05-11 15:50:00+00:00,714.1400146484375,714.1699829101562,713.344970703125,713.5800170898438,259588,0.0007284411255223549
2026-05-11 15:55:00+00:00,714.1799926757812,714.4000244140625,713.8900146484375,714.1300048828125,375951,5.597909032885711e-05
2026-05-11 16:00:00+00:00,714.4000244140625,714.489990234375,714.0,714.1900024414062,300586,0.000308042584089059
2026-05-11 16:05:00+00:00,714.4949951171875,714.5399780273438,714.2537841796875,714.4099731445312,244363,0.00013292887436329903
2026-05-11 16:10:00+00:00,714.52001953125,714.5900268554688,714.3350219726562,714.5,241789,3.502330459589337e-05
2026-05-11 16:15:00+00:00,713.9600219726562,714.5399780273438,713.8699951171875,714.52001953125,186488,-0.0007840467784085461
2026-05-11 16:20:00+00:00,714.0150146484375,714.1400146484375,713.75,713.97998046875,209224,7.702190080086749e-05
2026-05-11 16:25:00+00:00,714.1900024414062,714.2999877929688,714.0399780273438,714.0399780273438,180924,0.0002450457626889035
2026-05-11 16:30:00+00:00,714.2000122070312,714.5,714.1204833984375,714.1900024414062,160516,1.4015451693971005e-05
2026-05-11 16:35:00+00:00,713.5479736328125,714.27001953125,713.5,714.22998046875,158612,-0.0009133805489716381
2026-05-11 16:40:00+00:00,712.97998046875,713.5700073242188,711.9110107421875,713.510009765625,568863,-0.0007963295671073376
2026-05-11 16:45:00+00:00,712.8950805664062,713.3800048828125,712.7999877929688,712.9400024414062,328202,-0.00011908463057412246
2026-05-11 16:50:00+00:00,712.8699951171875,713.1998901367188,712.6099853515625,712.9099731445312,276659,-3.518875535547399e-05
2026-05-11 16:55:00+00:00,712.7575073242188,713.02001953125,712.5499877929688,712.844970703125,202364,-0.00015780811328284486
2026-05-11 17:00:00+00:00,713.260009765625,713.3198852539062,712.7501220703125,712.7501220703125,194906,0.0007047633793879954
2026-05-11 17:05:00+00:00,713.0999755859375,713.4199829101562,712.8001098632812,713.25,218054,-0.00022439521860198738
2026-05-11 17:10:00+00:00,712.4146728515625,713.0999755859375,712.22998046875,713.0999755859375,423865,-0.0009614812277375623
2026-05-11 17:15:00+00:00,712.3300170898438,712.64990234375,712.0900268554688,712.4099731445312,268428,-0.00011883639562372856
2026-05-11 17:20:00+00:00,713.1599731445312,713.2000122070312,712.2899780273438,712.3699951171875,150776,0.0011644503351893958
2026-05-11 17:25:00+00:00,713.5499877929688,713.6298828125,713.0499877929688,713.14501953125,176575,0.0005467329293703642
2026-05-11 17:30:00+00:00,713.7899780273438,713.9299926757812,713.510009765625,713.510009765625,224607,0.00033627620942932934
2026-05-11 17:35:00+00:00,714.0900268554688,714.3699951171875,713.719970703125,713.780029296875,190439,0.00042027177566102635
2026-05-11 17:40:00+00:00,714.260009765625,714.3499755859375,713.989990234375,714.0900268554688,241970,0.00023801296124982834
2026-05-11 17:45:00+00:00,714.0449829101562,714.4600219726562,714.0250244140625,714.2650146484375,262387,-0.0003010937554596001
2026-05-11 17:50:00+00:00,713.9598999023438,714.27001953125,713.9130249023438,714.0399780273438,336192,-0.00011916346916907802
2026-05-11 17:55:00+00:00,713.6187744140625,714.1400146484375,713.5750122070312,713.9299926757812,162756,-0.00047790780418768743
2026-05-11 18:00:00+00:00,714.0300903320312,714.1599731445312,713.6113891601562,713.6201171875,201503,0.0005762144172928254
2026-05-11 18:05:00+00:00,714.4199829101562,714.4199829101562,713.989990234375,714.0416870117188,205872,0.000545895996102298
2026-05-11 18:10:00+00:00,714.1699829101562,714.4299926757812,714.1199951171875,714.4099731445312,222510,-0.0003499954620057054
2026-05-11 18:15:00+00:00,714.1300048828125,714.2899780273438,714.010009765625,714.1699829101562,211843,-5.597987495040369e-05
2026-05-11 18:20:00+00:00,714.2000122070312,714.2999877929688,713.7899780273438,714.1699829101562,285774,9.802681934448149e-05
2026-05-11 18:25:00+00:00,714.3690795898438,714.4199829101562,714.1500244140625,714.1900024414062,456418,0.00023669472421415243
2026-05-11 18:30:00+00:00,714.0,714.35009765625,713.9500732421875,714.35009765625,374362,-0.0005167846368724294
2026-05-11 18:35:00+00:00,713.8099975585938,714.3499755859375,713.780029296875,714.0,294322,-0.00026614527542558796
2026-05-11 18:40:00+00:00,713.75,713.9041748046875,713.5,713.8099975585938,204776,-8.405609393886118e-05
2026-05-11 18:45:00+00:00,713.5994262695312,713.8499755859375,713.4099731445312,713.75,237353,-0.00021098369923446106
2026-05-11 18:50:00+00:00,713.5,713.853271484375,713.3599853515625,713.5800170898438,247676,-0.0001393403540944046
2026-05-11 18:55:00+00:00,712.3090209960938,713.6798706054688,712.2899780273438,713.5,525279,-0.001670601410653268
2026-05-11 19:00:00+00:00,712.1199951171875,712.7000122070312,712.0599975585938,712.3499755859375,415614,-0.0002654058263030858
2026-05-11 19:05:00+00:00,713.2249755859375,713.27001953125,712.02001953125,712.0900268554688,398489,0.001550474745165456
2026-05-11 19:10:00+00:00,713.010009765625,713.4511108398438,712.9400024414062,713.22998046875,348245,-0.0003014451673786829
2026-05-11 19:15:00+00:00,712.8300170898438,713.0999755859375,712.469970703125,713.02001953125,545194,-0.00025247247004886236
2026-05-11 19:20:00+00:00,712.2750244140625,712.9221801757812,712.219970703125,712.8200073242188,270361,-0.000778879714372446
2026-05-11 19:25:00+00:00,712.1630859375,712.4299926757812,711.9299926757812,712.280029296875,438862,-0.00015716860701692675
2026-05-11 19:30:00+00:00,712.2650146484375,712.780029296875,712.010009765625,712.1400146484375,450878,0.0001431152770288777
2026-05-11 19:35:00+00:00,712.3499755859375,712.42626953125,711.8699951171875,712.280029296875,452498,0.0001192756473617557
2026-05-11 19:40:00+00:00,712.1900024414062,712.5399780273438,711.9619750976562,712.344970703125,236668,-0.00022459621726484425
2026-05-11 19:45:00+00:00,712.6400146484375,712.69873046875,712.0399780273438,712.1400146484375,422825,0.0006316714507651834
2026-05-11 19:50:00+00:00,713.0599975585938,713.3400268554688,712.4600219726562,712.6199951171875,672413,0.0005891602983919363
2026-05-11 19:55:00+00:00,713.3499755859375,713.3900146484375,712.9500122070312,713.0599975585938,1323544,0.00040658441373503927
2026-05-12 13:30:00+00:00,707.8583984375,708.5180053710938,706.5999755859375,708.1749877929688,2965176,-0.0077280778526109505
2026-05-12 13:35:00+00:00,708.5349731445312,708.6699829101562,706.5399780273438,707.8236083984375,794459,0.0009553486652288767
2026-05-12 13:40:00+00:00,709.9398803710938,709.9400024414062,708.2349853515625,708.5499877929688,1010358,0.0019808707675958584
2026-05-12 13:45:00+00:00,708.3599853515625,710.1799926757812,707.969970703125,709.9500122070312,725815,-0.002227872555285436
2026-05-12 13:50:00+00:00,708.4500122070312,709.0800170898438,707.4600219726562,708.2999877929688,525856,0.0001270838796240786
2026-05-12 13:55:00+00:00,706.0449829101562,708.5499877929688,705.6900024414062,708.4600219726562,745966,-0.0034005516071437263
2026-05-12 14:00:00+00:00,705.7000122070312,706.9000244140625,705.1630249023438,706.0999755859375,722915,-0.0004887153291625227
2026-05-12 14:05:00+00:00,706.3200073242188,706.7000122070312,705.5599975585938,705.7767944335938,510894,0.0008781676583272265
2026-05-12 14:10:00+00:00,707.6300048828125,707.7286987304688,705.8201904296875,706.3201293945312,491200,0.0018529621586390172
2026-05-12 14:15:00+00:00,708.3099975585938,708.3499755859375,707.0800170898438,707.6599731445312,365552,0.0009604824030463323
2026-05-12 14:20:00+00:00,707.27099609375,708.47998046875,707.155029296875,708.3350219726562,312600,-0.0014679508358472174
2026-05-12 14:25:00+00:00,705.0401000976562,707.5999755859375,704.9400024414062,707.260009765625,582173,-0.003159215922881701
2026-05-12 14:30:00+00:00,704.0,705.239990234375,703.1254272460938,705.0499877929688,1008457,-0.001476324607788424
2026-05-12 14:35:00+00:00,705.3200073242188,705.565185546875,703.3099975585938,703.989990234375,571105,0.001873254765929561
2026-05-12 14:40:00+00:00,705.019775390625,706.010009765625,704.5,705.4000244140625,350133,-0.00042575830563478743
2026-05-12 14:45:00+00:00,703.9400024414062,705.010009765625,703.8599853515625,704.9600830078125,722984,-0.0015327238968702952
2026-05-12 14:50:00+00:00,704.3599853515625,704.75,703.25,703.9000244140625,373431,0.0005964395743051651
2026-05-12 14:55:00+00:00,703.2999877929688,704.6599731445312,702.9500122070312,704.3599853515625,334613,-0.0015060423385909565
2026-05-12 15:00:00+00:00,702.5549926757812,703.6900024414062,702.5,703.280029296875,578427,-0.0010598464240959358
2026-05-12 15:05:00+00:00,703.4249877929688,703.510009765625,702.1699829101562,702.5595092773438,773226,0.0012375641763197208
2026-05-12 15:10:00+00:00,702.0999755859375,703.5399780273438,702.0800170898438,703.4299926757812,424045,-0.001885434459115765
2026-05-12 15:15:00+00:00,701.4299926757812,702.1900024414062,700.8800048828125,702.0999755859375,994873,-0.0009547113010709009
2026-05-12 15:20:00+00:00,700.1099853515625,701.6400146484375,699.75,701.4299926757812,721408,-0.00188365331736781
2026-05-12 15:25:00+00:00,699.93359375,700.5,699.47998046875,700.110107421875,1276098,-0.0002519801599447361
2026-05-12 15:30:00+00:00,700.9299926757812,701.125,699.8300170898438,699.97998046875,696893,0.0014225497806729377
2026-05-12 15:35:00+00:00,701.3200073242188,701.6209106445312,700.3350219726562,700.9199829101562,658098,0.0005562697928251007
2026-05-12 15:40:00+00:00,701.25,701.5399780273438,700.52001953125,701.2949829101562,344399,-9.98272084977263e-05
2026-05-12 15:45:00+00:00,700.7899780273438,701.5098876953125,700.6510009765625,701.2550048828125,283416,-0.0006562180770500405
2026-05-12 15:50:00+00:00,699.8499755859375,700.9600219726562,699.8499755859375,700.7449951171875,434267,-0.0013422472779091774
2026-05-12 15:55:00+00:00,699.030029296875,699.989990234375,698.7999877929688,699.7999877929688,651654,-0.0011722898034175065
2026-05-12 16:00:00+00:00,700.2000122070312,700.4598999023438,698.3800048828125,699.0349731445312,823556,0.0016723242756707802
2026-05-12 16:05:00+00:00,699.739990234375,700.3900146484375,699.47998046875,700.219970703125,267840,-0.0006572024349779796
2026-05-12 16:10:00+00:00,700.75,700.8900146484375,699.489990234375,699.6799926757812,262095,0.0014423665256755327
2026-05-12 16:15:00+00:00,699.7899780273438,700.8099975585938,699.7899780273438,700.7000732421875,238656,-0.0013709314094240593
2026-05-12 16:20:00+00:00,699.27001953125,700.1500244140625,698.825927734375,699.739990234375,586446,-0.0007432969578723136
2026-05-12 16:25:00+00:00,699.0549926757812,699.5599975585938,698.9298706054688,699.27001953125,227668,-0.00030754918246688937
2026-05-12 16:30:00+00:00,698.4099731445312,699.1900024414062,698.0499877929688,699.0399780273438,469058,-0.0009231280823940504
2026-05-12 16:35:00+00:00,698.3599243164062,699.0999755859375,698.25,698.340087890625,285254,-7.166366949550422e-05
2026-05-12 16:40:00+00:00,697.8499755859375,698.7550048828125,697.3499755859375,698.3699951171875,485260,-0.0007304757732771929
2026-05-12 16:45:00+00:00,697.4749755859375,698.2100219726562,697.0499877929688,697.8330078125,443848,-0.000537509214199474
2026-05-12 16:50:00+00:00,696.9400024414062,697.7100219726562,696.6900024414062,697.4302978515625,442770,-0.0007673084113536245
2026-05-12 16:55:00+00:00,696.7999877929688,697.3499755859375,696.6599731445312,696.8900146484375,424892,-0.00020091932482328552
2026-05-12 17:00:00+00:00,697.9703979492188,698.0866088867188,696.8200073242188,696.8200073242188,464909,0.0016782840285867397
2026-05-12 17:05:00+00:00,698.4400024414062,699.0499877929688,697.9099731445312,697.9650268554688,616888,0.0006725881012619099
2026-05-12 17:10:00+00:00,699.0999755859375,699.1599731445312,698.3200073242188,698.4199829101562,328536,0.000944478446366788
2026-05-12 17:15:00+00:00,699.9000244140625,700.1500244140625,699.0599975585938,699.0999755859375,762112,0.0011437439819018246
2026-05-12 17:20:00+00:00,700.7600708007812,701.2899780273438,699.9801025390625,700.0,563462,0.001228058824186328
2026-05-12 17:25:00+00:00,700.2349853515625,700.8300170898438,699.6099853515625,700.760009765625,410732,-0.0007495893315244551
2026-05-12 17:30:00+00:00,701.0700073242188,701.239990234375,700.1099853515625,700.25,401692,0.001191777772654679
2026-05-12 17:35:00+00:00,700.5241088867188,701.0900268554688,699.9600219726562,701.0601196289062,649593,-0.0007789679748081008
2026-05-12 17:40:00+00:00,700.5599975585938,700.8200073242188,700.3800048828125,700.5200805664062,160728,5.1229860816744194e-05
2026-05-12 17:45:00+00:00,700.39990234375,700.719970703125,699.989990234375,700.5800170898438,147541,-0.000228550746601345
2026-05-12 17:50:00+00:00,700.989990234375,700.9998779296875,700.030029296875,700.4199829101562,179213,0.0008421466839811357
2026-05-12 17:55:00+00:00,701.0250244140625,701.1500244140625,700.4500122070312,700.989990234375,267246,4.9976896579150404e-05
2026-05-12 18:00:00+00:00,701.423828125,701.5999755859375,700.8900146484375,701.010009765625,502710,0.0005687248001449699
2026-05-12 18:05:00+00:00,700.9896240234375,701.5499877929688,700.8800048828125,701.4299926757812,279478,-0.0006192241164993408
2026-05-12 18:10:00+00:00,701.7150268554688,701.7299194335938,700.8499755859375,700.989990234375,165406,0.0010342917110083738
2026-05-12 18:15:00+00:00,701.5999755859375,702.030029296875,701.3189086914062,701.6801147460938,335969,-0.0001639706973685401
2026-05-12 18:20:00+00:00,701.9000854492188,702.0579223632812,701.5150146484375,701.5700073242188,305018,0.00042765921596589794
2026-05-12 18:25:00+00:00,702.75,703.02001953125,702.010009765625,702.0137939453125,537623,0.0012101443103971848
2026-05-12 18:30:00+00:00,702.639892578125,703.155029296875,702.530029296875,702.75,384685,-0.00015669306102423288
2026-05-12 18:35:00+00:00,702.5399780273438,703.0150146484375,702.3300170898438,702.6300048828125,315517,-0.00014220891295086438
2026-05-12 18:40:00+00:00,702.4600219726562,702.9600219726562,702.4099731445312,702.5399780273438,198196,-0.00011381644807664985
2026-05-12 18:45:00+00:00,702.3250122070312,702.5097045898438,701.6900024414062,702.4500122070312,500691,-0.00019221412921655305
2026-05-12 18:50:00+00:00,702.5499877929688,702.8400268554688,702.1699829101562,702.3200073242188,292633,0.00032027844165580526
2026-05-12 18:55:00+00:00,701.8699951171875,703.1400146484375,701.72998046875,702.593994140625,375464,-0.0009683609421581789
2026-05-12 19:00:00+00:00,702.5791015625,702.6500244140625,701.9000244140625,701.9199829101562,146595,0.0010098002230839174
2026-05-12 19:05:00+00:00,702.7899780273438,703.1099853515625,702.2899780273438,702.5499877929688,278229,0.0003001011897714204
2026-05-12 19:10:00+00:00,703.9299926757812,704.1799926757812,702.77001953125,702.7849731445312,403023,0.0016208128437092736
2026-05-12 19:15:00+00:00,704.0399780273438,704.5,703.9099731445312,704.0,466718,0.0001562325249469945
2026-05-12 19:20:00+00:00,703.9000244140625,704.159912109375,703.3200073242188,704.0499877929688,403693,-0.00019880621830404614
2026-05-12 19:25:00+00:00,704.0791015625,704.2310180664062,703.8900146484375,703.8900146484375,201965,0.0002543747220384187
2026-05-12 19:30:00+00:00,705.469970703125,705.6300048828125,704.0800170898438,704.0800170898438,609855,0.001973495807146093
2026-05-12 19:35:00+00:00,705.6199951171875,705.6799926757812,705.0800170898438,705.47998046875,591519,0.00021263621492848236
2026-05-12 19:40:00+00:00,706.0499877929688,706.1699829101562,705.4600219726562,705.6099853515625,551848,0.0006091971838815438
2026-05-12 19:45:00+00:00,706.319580078125,706.47998046875,705.7000122070312,706.0549926757812,605927,0.00038175884635755663
2026-05-12 19:50:00+00:00,706.8699951171875,707.5499877929688,706.260009765625,706.3300170898438,1191243,0.0007789684789017161
2026-05-12 19:55:00+00:00,707.2000122070312,707.4000244140625,706.75,706.9000244140625,1879214,0.0004667620331751611
2026-05-13 13:30:00+00:00,709.260009765625,709.9500122070312,708.280029296875,709.8200073242188,3941051,0.002908658174585248
2026-05-13 13:35:00+00:00,707.9401245117188,709.3599853515625,707.3400268554688,709.3200073242188,846468,-0.001862666540310509
2026-05-13 13:40:00+00:00,708.2000122070312,709.4400024414062,707.6300048828125,708.0,641029,0.00036703669572181436
2026-05-13 13:45:00+00:00,706.2899780273438,708.22998046875,704.8300170898438,708.1300048828125,962557,-0.002700669999499355
2026-05-13 13:50:00+00:00,708.3350219726562,708.3499755859375,705.3400268554688,706.280029296875,768931,0.0028912897339586586
2026-05-13 13:55:00+00:00,707.1099853515625,708.4799194335938,706.6599731445312,708.375,654106,-0.0017309565834449237
2026-05-13 14:00:00+00:00,706.9600219726562,707.456298828125,706.469970703125,707.1699829101562,401708,-0.00021210177528934308
2026-05-13 14:05:00+00:00,706.5399780273438,707.5499877929688,705.7899780273438,706.9500122070312,578100,-0.0005943317406110459
2026-05-13 14:10:00+00:00,707.2100219726562,707.6799926757812,706.2100219726562,706.4299926757812,561929,0.0009478960148291843
2026-05-13 14:15:00+00:00,707.030029296875,707.6900024414062,706.6749267578125,707.1900024414062,374262,-0.0002545433168740226
2026-05-13 14:20:00+00:00,708.8300170898438,709.0,706.9400024414062,707.010009765625,667988,0.002542608313984534
2026-05-13 14:25:00+00:00,708.7899780273438,709.47998046875,708.5501098632812,708.819580078125,442324,-5.6487722589365936e-05
2026-05-13 14:30:00+00:00,709.6699829101562,709.719970703125,708.4249877929688,708.780029296875,474170,0.0012407893348394905
2026-05-13 14:35:00+00:00,708.8599853515625,709.8200073242188,708.3599853515625,709.6649780273438,403433,-0.0011420240174704604
2026-05-13 14:40:00+00:00,709.4600219726562,709.7100219726562,708.5999755859375,708.8200073242188,740951,0.0008461230946380763
2026-05-13 14:45:00+00:00,709.5800170898438,709.8099975585938,708.8099975585938,709.4749755859375,232874,0.00016912153874496031
2026-05-13 14:50:00+00:00,710.5399780273438,710.6799926757812,709.27001953125,709.5399780273438,358375,0.0013519436202783564
2026-05-13 14:55:00+00:00,710.7426147460938,710.8499755859375,710.260009765625,710.5800170898438,589523,0.0002851462772474225
2026-05-13 15:00:00+00:00,711.1500244140625,711.530029296875,710.6799926757812,710.72998046875,481539,0.00057305265938844
2026-05-13 15:05:00+00:00,711.0501098632812,711.2100219726562,710.6900024414062,711.1799926757812,359019,-0.0001405070194236817
2026-05-13 15:10:00+00:00,710.8300170898438,711.1500244140625,710.25,711.1099853515625,217785,-0.00030957993015482213
2026-05-13 15:15:00+00:00,711.0897827148438,711.2799072265625,710.75,710.839599609375,194904,0.0003653731074362881
2026-05-13 15:20:00+00:00,710.7454833984375,711.2969970703125,710.4500122070312,711.0499877929688,233927,-0.0004843026915164587
2026-05-13 15:25:00+00:00,710.5700073242188,710.7319946289062,709.8499755859375,710.7319946289062,631182,-0.00024692065379667714
2026-05-13 15:30:00+00:00,710.7901000976562,711.010009765625,709.9500122070312,710.5599975585938,231601,0.00030969319322720707
2026-05-13 15:35:00+00:00,711.0899047851562,711.369873046875,710.6900024414062,710.8099975585938,206687,0.0004217018185970387
2026-05-13 15:40:00+00:00,712.1900024414062,712.3599853515625,711.0999755859375,711.1099853515625,905283,0.0015458630024058667
2026-05-13 15:45:00+00:00,711.5750122070312,712.1900024414062,711.5700073242188,712.1900024414062,225430,-0.0008638929406123434
2026-05-13 15:50:00+00:00,711.2100219726562,711.5700073242188,710.72998046875,711.5449829101562,387725,-0.0005130644947947957
2026-05-13 15:55:00+00:00,710.5449829101562,711.2100219726562,710.2401123046875,711.2000122070312,281187,-0.0009355185791071726
2026-05-13 16:00:00+00:00,711.7094116210938,711.7094116210938,710.2999877929688,710.5599975585938,228609,0.0016374411998140899
2026-05-13 16:05:00+00:00,711.9600219726562,711.9600219726562,711.1599731445312,711.6950073242188,174305,0.00035206256204908294
2026-05-13 16:10:00+00:00,712.4000244140625,712.4400024414062,711.8699951171875,711.9530029296875,267483,0.0006178247649089838
2026-05-13 16:15:00+00:00,712.2899780273438,712.5900268554688,712.073974609375,712.39990234375,268929,-0.0001544846763141748
2026-05-13 16:20:00+00:00,713.4550170898438,713.6571044921875,712.1500244140625,712.2700805664062,501870,0.0016342884959069984
2026-05-13 16:25:00+00:00,713.60009765625,713.77001953125,712.9500122070312,713.4450073242188,348434,0.00020332861065695118
2026-05-13 16:30:00+00:00,713.6599731445312,713.77001953125,713.030029296875,713.5900268554688,316360,8.390270216526157e-05
2026-05-13 16:35:00+00:00,713.4304809570312,713.8499755859375,713.4301147460938,713.6500244140625,186358,-0.00032162248555259236
2026-05-13 16:40:00+00:00,713.5245971679688,713.760009765625,713.4400024414062,713.4500122070312,498625,0.00013191194665721525
2026-05-13 16:45:00+00:00,713.39501953125,713.705810546875,713.239990234375,713.510009765625,248496,-0.00018161869184291885
2026-05-13 16:50:00+00:00,713.6500244140625,713.6799926757812,713.1099243164062,713.4000244140625,599012,0.0003573886985679561
2026-05-13 16:55:00+00:00,713.8599243164062,714.1950073242188,713.6400146484375,713.6699829101562,281238,0.0002940783761866208
2026-05-13 17:00:00+00:00,714.3699951171875,714.5499877929688,713.9000244140625,713.9000244140625,292377,0.0007142699022427965
2026-05-13 17:05:00+00:00,714.5449829101562,714.9000244140625,714.3800048828125,714.380126953125,296688,0.00024492401092353713
2026-05-13 17:10:00+00:00,714.8099975585938,714.9298706054688,714.5399780273438,714.5449829101562,173911,0.00037081712394120296
2026-05-13 17:15:00+00:00,714.719970703125,715.02001953125,714.5599975585938,714.7999877929688,243505,-0.00012595308610032345
2026-05-13 17:20:00+00:00,714.3099975585938,714.760009765625,714.3099975585938,714.7249755859375,135618,-0.0005737782480204102
2026-05-13 17:25:00+00:00,714.8049926757812,714.9141845703125,714.22998046875,714.3099975585938,191624,0.0006927296128927558
2026-05-13 17:30:00+00:00,714.4400024414062,714.9000244140625,714.27001953125,714.7899780273438,173733,-0.0005107455244639602
2026-05-13 17:35:00+00:00,714.369873046875,714.5499877929688,714.2849731445312,714.3800048828125,282246,-9.816476746229596e-05
2026-05-13 17:40:00+00:00,714.6500244140625,714.6799926757812,714.2999877929688,714.3499755859375,133184,0.0003920888313371901
2026-05-13 17:45:00+00:00,714.5599975585938,714.8099975585938,714.4600219726562,714.625,118011,-0.0001259812822520329
2026-05-13 17:50:00+00:00,714.5798950195312,714.8200073242188,714.5399780273438,714.5399780273438,109451,2.784536495281582e-05
2026-05-13 17:55:00+00:00,713.7224731445312,714.6400146484375,713.7000122070312,714.5599975585938,358543,-0.0012006168961248727
2026-05-13 18:00:00+00:00,714.4901123046875,714.5700073242188,713.6749877929688,713.75,220926,0.0010749649483521653
2026-05-13 18:05:00+00:00,714.8400268554688,714.89990234375,714.4400024414062,714.530029296875,169447,0.000489620344782293
2026-05-13 18:10:00+00:00,715.6300048828125,715.6898803710938,714.7899780273438,714.8200073242188,595780,0.0011045014437571054
2026-05-13 18:15:00+00:00,716.1500244140625,716.2999877929688,715.6500244140625,715.6500244140625,630599,0.0007263958757284545
2026-05-13 18:20:00+00:00,716.2999877929688,716.6500244140625,716.1099853515625,716.1599731445312,366765,0.00020938026203529708
2026-05-13 18:25:00+00:00,716.280029296875,716.6099853515625,716.239990234375,716.3099975585938,308175,-2.786370863332339e-05
2026-05-13 18:30:00+00:00,716.1400146484375,716.4149780273438,715.94970703125,716.2750244140625,447034,-0.00019549384201264364
2026-05-13 18:35:00+00:00,715.7249755859375,716.1500244140625,715.344970703125,716.1300048828125,371307,-0.0005797181675007929
2026-05-13 18:40:00+00:00,715.4099731445312,715.9400024414062,715.4000244140625,715.739990234375,287199,-0.00044021347780321855
2026-05-13 18:45:00+00:00,715.375,715.6400756835938,715.1699829101562,715.4099731445312,327670,-4.8886653403117554e-05
2026-05-13 18:50:00+00:00,715.22998046875,715.4000244140625,715.010009765625,715.3800048828125,459348,-0.00020273874860856706
2026-05-13 18:55:00+00:00,714.35009765625,715.239990234375,714.27001953125,715.239990234375,329123,-0.0012309669630536201
2026-05-13 19:00:00+00:00,714.8250122070312,714.969970703125,714.3800048828125,714.4299926757812,690139,0.0006645995511455802
2026-05-13 19:05:00+00:00,715.510009765625,715.5800170898438,714.5601806640625,714.8499145507812,372906,0.0009578142189618553
2026-05-13 19:10:00+00:00,715.705078125,715.760009765625,715.2999877929688,715.5,258209,0.0002725912579225006
2026-05-13 19:15:00+00:00,715.9550170898438,716.0499877929688,715.47998046875,715.6799926757812,235641,0.00034915964790580424
2026-05-13 19:20:00+00:00,715.2299194335938,716.0499877929688,715.1500244140625,715.969970703125,302148,-0.0010132830492921
2026-05-13 19:25:00+00:00,715.6799926757812,715.6998901367188,715.0700073242188,715.2100219726562,198620,0.0006290728063606033
2026-05-13 19:30:00+00:00,715.4600219726562,715.760009765625,715.3900146484375,715.6900024414062,454744,-0.00030740626717962703
2026-05-13 19:35:00+00:00,715.7249755859375,715.8099975585938,715.3599853515625,715.47998046875,329240,0.0003702576770439878
2026-05-13 19:40:00+00:00,715.8699951171875,715.9299926757812,715.6500244140625,715.739990234375,281282,0.000202598548770892
2026-05-13 19:45:00+00:00,715.8400268554688,716.0499877929688,715.75,715.875,1192222,-4.186359145804989e-05
2026-05-13 19:50:00+00:00,714.1099853515625,715.8300170898438,713.8599853515625,715.8300170898438,1012227,-0.002419724232683396
2026-05-13 19:55:00+00:00,714.47998046875,714.719970703125,714.0999755859375,714.1300048828125,1856378,0.0005179864542138098
2026-05-14 13:30:00+00:00,716.469970703125,716.469970703125,714.219970703125,714.6199951171875,2149293,0.0027813572593743388
2026-05-14 13:35:00+00:00,717.3400268554688,717.6500244140625,716.2200927734375,716.4201049804688,823364,0.0012136283895591005
2026-05-14 13:40:00+00:00,718.2650146484375,718.3499755859375,717.0499877929688,717.3699951171875,621488,0.0012886384405585995
2026-05-14 13:45:00+00:00,719.2127075195312,719.5499877929688,718.25,718.25,958645,0.0013185498373737734
2026-05-14 13:50:00+00:00,717.8599853515625,719.6900024414062,717.8499755859375,719.2100219726562,746963,-0.001882608408339107
2026-05-14 13:55:00+00:00,716.27001953125,718.2498779296875,715.9000244140625,717.8499755859375,577580,-0.0022173254395703884
2026-05-14 14:00:00+00:00,717.5900268554688,718.0499877929688,716.0399780273438,716.239990234375,580904,0.001841194613723878
2026-05-14 14:05:00+00:00,716.42919921875,717.7698974609375,716.2490234375,717.5999755859375,573501,-0.0016189851142396226
2026-05-14 14:10:00+00:00,717.239990234375,717.5,716.1500244140625,716.4349975585938,476902,0.001131071390845582
2026-05-14 14:15:00+00:00,718.5050048828125,718.626220703125,717.1312255859375,717.2100219726562,362327,0.00176217222429986
2026-05-14 14:20:00+00:00,718.3499755859375,719.25,718.1500244140625,718.5,587235,-0.00021578976247970291
2026-05-14 14:25:00+00:00,718.1900024414062,718.52001953125,717.5599975585938,718.39501953125,457455,-0.0002227200741217189
2026-05-14 14:30:00+00:00,718.4099731445312,718.469970703125,717.8800048828125,718.1699829101562,247239,0.0003062379348216124
2026-05-14 14:35:00+00:00,719.5349731445312,719.5349731445312,718.27001953125,718.4000244140625,346229,0.001564733382095028
2026-05-14 14:40:00+00:00,719.7000122070312,719.7000122070312,719.1699829101562,719.5075073242188,377508,0.00022934276181892178
2026-05-14 14:45:00+00:00,720.2000122070312,720.22998046875,719.6599731445312,719.7000122070312,434966,0.0006944926892408369
2026-05-14 14:50:00+00:00,720.01318359375,720.739990234375,719.6400146484375,720.2000122070312,585735,-0.0002594457749366499
2026-05-14 14:55:00+00:00,719.4199829101562,720.239990234375,719.1799926757812,720.030029296875,392433,-0.0008242143240537791
2026-05-14 15:00:00+00:00,719.6610107421875,720.239990234375,719.2305297851562,719.4600219726562,292087,0.00033497466139585224
2026-05-14 15:05:00+00:00,720.510009765625,720.52001953125,719.530029296875,719.6400146484375,274209,0.0011790254208666087
2026-05-14 15:10:00+00:00,720.8599853515625,720.9299926757812,720.260009765625,720.510009765625,322393,0.0004856152049795654
2026-05-14 15:15:00+00:00,721.3400268554688,721.4500122070312,720.8400268554688,720.8599853515625,706946,0.0006657072771756071
2026-05-14 15:20:00+00:00,721.3599853515625,721.7000122070312,721.0,721.3200073242188,922153,2.7668255252133747e-05
2026-05-14 15:25:00+00:00,721.375,721.8099975585938,721.3300170898438,721.3599853515625,342909,2.0814146174379046e-05
2026-05-14 15:30:00+00:00,721.0999755859375,721.719970703125,720.9434204101562,721.4099731445312,318785,-0.0003813229651118681
2026-05-14 15:35:00+00:00,721.0798950195312,721.3900146484375,720.739990234375,721.1199951171875,298321,-2.7847520017244122e-05
2026-05-14 15:40:00+00:00,721.3200073242188,721.3900146484375,720.780029296875,721.0700073242188,181633,0.0003329344469800021
2026-05-14 15:45:00+00:00,721.1699829101562,721.3699951171875,720.875,721.3599853515625,165776,-0.0002080075641690605
2026-05-14 15:50:00+00:00,721.3699951171875,721.4400024414062,721.0399780273438,721.1900024414062,194192,0.00027730560172963914
2026-05-14 15:55:00+00:00,721.39990234375,721.739990234375,721.3499755859375,721.3590087890625,519481,4.145806842721606e-05
2026-05-14 16:00:00+00:00,721.77001953125,721.7899780273438,721.3154907226562,721.4099731445312,297406,0.0005129225464090225
2026-05-14 16:05:00+00:00,721.6099853515625,721.9400024414062,721.52001953125,721.7698974609375,223506,-0.00022174919952044133
2026-05-14 16:10:00+00:00,721.4127807617188,722.030029296875,721.3400268554688,721.6400146484375,289465,-0.0002733215243757053
2026-05-14 16:15:00+00:00,721.2899780273438,721.9299926757812,721.1799926757812,721.4450073242188,249091,-0.000170239827883457
2026-05-14 16:20:00+00:00,721.469970703125,722.0150146484375,721.27001953125,721.2899780273438,193223,0.00024951160707416595
2026-05-14 16:25:00+00:00,720.6799926757812,721.5999755859375,720.4199829101562,721.4500122070312,258978,-0.0010955561161013771
2026-05-14 16:30:00+00:00,720.2100219726562,721.0800170898438,720.02001953125,720.739990234375,529932,-0.0006523339255780557
2026-05-14 16:35:00+00:00,720.6400146484375,720.7100219726562,720.1900024414062,720.1901245117188,325782,0.0005968597392060652
2026-05-14 16:40:00+00:00,720.5100708007812,721.0599975585938,720.4208984375,720.5800170898438,233638,-0.00018033353960899838
2026-05-14 16:45:00+00:00,720.7899780273438,720.9948120117188,719.9299926757812,720.469970703125,306068,0.00038840938125128465
2026-05-14 16:50:00+00:00,720.8300170898438,720.8699951171875,720.22998046875,720.8099975585938,169154,5.554731849703695e-05
2026-05-14 16:55:00+00:00,720.7550048828125,720.9199829101562,719.97998046875,720.8499755859375,210644,-0.00010406907113440323
2026-05-14 17:00:00+00:00,721.1300048828125,721.3599853515625,720.760009765625,720.7999877929688,190594,0.0005201524475463275
2026-05-14 17:05:00+00:00,719.7650146484375,721.1300048828125,719.7338256835938,721.1199951171875,265059,-0.0018946427382908184
2026-05-14 17:10:00+00:00,719.0700073242188,720.22998046875,718.9099731445312,719.7899780273438,278004,-0.0009660695877690604
2026-05-14 17:15:00+00:00,718.059814453125,719.3599853515625,717.8200073242188,719.10498046875,545983,-0.0014058479925270174
2026-05-14 17:20:00+00:00,718.27001953125,718.9400024414062,718.010009765625,718.0800170898438,657595,0.00029269750533914067
2026-05-14 17:25:00+00:00,718.7899780273438,718.8300170898438,717.5599975585938,718.2750244140625,516065,0.0007236420464936269
2026-05-14 17:30:00+00:00,718.9400024414062,719.4400024414062,718.5700073242188,718.8099975585938,329562,0.00020869623176136698
2026-05-14 17:35:00+00:00,719.77001953125,719.9000244140625,718.9400024414062,718.969970703125,198117,0.0011538352680572443
2026-05-14 17:40:00+00:00,720.010009765625,720.1099243164062,719.5700073242188,719.7249755859375,186864,0.0003333706979041126
2026-05-14 17:45:00+00:00,720.7000122070312,720.8699951171875,720.0399780273438,720.0499877929688,298334,0.0009578645024183833
2026-05-14 17:50:00+00:00,720.9600219726562,721.1699829101562,720.5800170898438,720.7000122070312,319404,0.0003607088526834251
2026-05-14 17:55:00+00:00,720.7899780273438,721.3300170898438,720.780029296875,720.9400024414062,298154,-0.00023588548097926498
2026-05-14 18:00:00+00:00,718.9500122070312,720.7899780273438,718.6500244140625,720.7899780273438,545209,-0.0025559709871211525
2026-05-14 18:05:00+00:00,719.0800170898438,719.3599853515625,718.8200073242188,718.989990234375,210803,0.00018080969175632668
2026-05-14 18:10:00+00:00,719.8244018554688,719.9500122070312,718.8400268554688,719.0850219726562,535837,0.0010346550086720008
2026-05-14 18:15:00+00:00,720.1207275390625,720.2650146484375,719.6019897460938,719.8297119140625,283197,0.00041157913829876596
2026-05-14 18:20:00+00:00,719.47998046875,720.2098999023438,719.35498046875,720.1900024414062,288217,-0.0008901733780199622
2026-05-14 18:25:00+00:00,719.4299926757812,719.6500244140625,719.0999755859375,719.5399780273438,149647,-6.948008412177856e-05
2026-05-14 18:30:00+00:00,719.760009765625,720.02001953125,719.4199829101562,719.469970703125,156917,0.0004586150474478211
2026-05-14 18:35:00+00:00,719.6500244140625,719.9099731445312,719.4600219726562,719.739990234375,105707,-0.0001528200431633299
2026-05-14 18:40:00+00:00,719.4000244140625,719.719970703125,719.0,719.7100219726562,251019,-0.00034745143536686
2026-05-14 18:45:00+00:00,719.6900024414062,719.780029296875,719.030029296875,719.3900146484375,278751,0.0004030019329672212
2026-05-14 18:50:00+00:00,720.0399780273438,720.0999145507812,719.7000122070312,719.7000122070312,151474,0.0004861683754294446
2026-05-14 18:55:00+00:00,720.272216796875,720.4899291992188,719.9600219726562,720.0198974609375,246107,0.0003224839342171354
2026-05-14 19:00:00+00:00,720.5599975585938,720.8400268554688,720.27001953125,720.27001953125,256036,0.00039946464644294137
2026-05-14 19:05:00+00:00,720.5700073242188,720.77001953125,720.1699829101562,720.5700073242188,155779,1.3891551201235018e-05
2026-05-14 19:10:00+00:00,720.2150268554688,720.7100219726562,719.9000244140625,720.5899047851562,164510,-0.0004927598045671358
2026-05-14 19:15:00+00:00,720.3400268554688,720.4650268554688,720.0999755859375,720.1900024414062,143060,0.00017354421823962793
2026-05-14 19:20:00+00:00,720.4801025390625,720.9000244140625,720.2999877929688,720.2999877929688,237282,0.00019443882158131167
2026-05-14 19:25:00+00:00,720.02001953125,720.5250244140625,719.9400024414062,720.47998046875,177488,-0.0006387823456699759
2026-05-14 19:30:00+00:00,720.3099975585938,720.6400146484375,719.9849853515625,720.02001953125,251828,0.0004026549857615483
2026-05-14 19:35:00+00:00,720.510009765625,720.5800170898438,720.0999755859375,720.2899780273438,266166,0.00027763663372141226
2026-05-14 19:40:00+00:00,720.72998046875,720.9000244140625,720.4849853515625,720.489990234375,431175,0.0003052520139928907
2026-05-14 19:45:00+00:00,720.5,720.8049926757812,720.3599853515625,720.72998046875,446488,-0.0003191447219648236
2026-05-14 19:50:00+00:00,720.3098754882812,720.510009765625,719.822998046875,720.469970703125,683777,-0.00026391339489932765
2026-05-14 19:55:00+00:00,719.7150268554688,720.3400268554688,719.5599975585938,720.3099975585938,1020747,-0.0008261644165717912
2026-05-15 13:30:00+00:00,709.5449829101562,710.4000244140625,708.0,710.10498046875,5180005,-0.014231442177777212
2026-05-15 13:35:00+00:00,707.4119873046875,709.5599975585938,707.0700073242188,709.5499877929688,1259604,-0.0030106732405502353
2026-05-15 13:40:00+00:00,707.4450073242188,709.2645263671875,707.3499755859375,707.4400024414062,647235,4.6676122975921714e-05
2026-05-15 13:45:00+00:00,708.6599731445312,708.7650146484375,705.5499877929688,707.4299926757812,1168906,0.001715926622929864
2026-05-15 13:50:00+00:00,709.6900024414062,710.0,707.3599853515625,708.6799926757812,795292,0.0014524334553259791
2026-05-15 13:55:00+00:00,706.8800048828125,710.3499755859375,706.780029296875,709.7000122070312,865607,-0.003967331271702693
2026-05-15 14:00:00+00:00,707.3800048828125,708.5098876953125,706.6099853515625,706.9000244140625,830500,0.000707083587712811
2026-05-15 14:05:00+00:00,708.530029296875,709.0800170898438,706.9550170898438,707.3900146484375,563284,0.0016244318342119991
2026-05-15 14:10:00+00:00,710.6900024414062,710.75,708.1500244140625,708.5499877929688,698502,0.00304388997330122
2026-05-15 14:15:00+00:00,711.8200073242188,712.1500244140625,710.0599975585938,710.6799926757812,1397813,0.0015887482165243374
2026-05-15 14:20:00+00:00,711.6300048828125,712.6599731445312,711.5,711.8499755859375,745591,-0.00026696047055431644
2026-05-15 14:25:00+00:00,710.4349975585938,711.7000122070312,709.9600219726562,711.625,583462,-0.0016806652346489257
2026-05-15 14:30:00+00:00,711.6400146484375,711.7000122070312,710.2899780273438,710.4600219726562,457073,0.0016947311047758498
2026-05-15 14:35:00+00:00,711.218505859375,712.0266723632812,710.77001953125,711.640380859375,395525,-0.0005924816772962655
2026-05-15 14:40:00+00:00,711.7999877929688,712.0999755859375,711.2000122070312,711.219970703125,732303,0.0008172514532339985
2026-05-15 14:45:00+00:00,710.375,711.9400024414062,710.2100219726562,711.8295288085938,349454,-0.002003956309282518
2026-05-15 14:50:00+00:00,710.8300170898438,710.84228515625,709.4000244140625,710.4099731445312,508799,0.0006403257797703821
2026-05-15 14:55:00+00:00,710.1649780273438,711.3309936523438,710.0599975585938,710.8576049804688,302134,-0.0009360189350987842
2026-05-15 15:00:00+00:00,710.1699829101562,710.9299926757812,709.5,710.219970703125,410551,7.0474683087128906e-06
2026-05-15 15:05:00+00:00,711.0700073242188,711.1199951171875,709.239990234375,710.1400146484375,405150,0.0012665342103489292
2026-05-15 15:10:00+00:00,710.3099975585938,711.239990234375,709.8099975585938,711.0700073242188,361248,-0.001069397114696651
2026-05-15 15:15:00+00:00,710.9600219726562,711.1500244140625,710.02001953125,710.2899780273438,405792,0.0009147093099163907
2026-05-15 15:20:00+00:00,711.1699829101562,712.0900268554688,710.9600219726562,710.9600219726562,368484,0.0002952767163403577
2026-05-15 15:25:00+00:00,711.4201049804688,711.7050170898438,710.530029296875,711.22998046875,317700,0.00035164321053406485
2026-05-15 15:30:00+00:00,711.6900024414062,712.3699951171875,711.4500122070312,711.4500122070312,357467,0.0003793065101088764
2026-05-15 15:35:00+00:00,711.4299926757812,712.5800170898438,711.3200073242188,711.6588745117188,391357,-0.0003654080743861782
2026-05-15 15:40:00+00:00,710.2739868164062,711.719970703125,709.9600219726562,711.4299926757812,333789,-0.001626226177623039
2026-05-15 15:45:00+00:00,709.8800048828125,710.6599731445312,709.6799926757812,710.2999877929688,334412,-0.0005548439760812963
2026-05-15 15:50:00+00:00,709.27001953125,709.8900146484375,708.9299926757812,709.875,435923,-0.0008596489146791692
2026-05-15 15:55:00+00:00,710.1599731445312,710.2999877929688,708.5399780273438,709.2100219726562,1593912,0.0012539593139329586
2026-05-15 16:00:00+00:00,710.2000122070312,710.9000244140625,709.7899780273438,710.22998046875,521685,5.637875316624098e-05
2026-05-15 16:05:00+00:00,710.5800170898438,710.6699829101562,709.7100219726562,710.1199951171875,218758,0.0005349243148664363
2026-05-15 16:10:00+00:00,710.3200073242188,710.5701293945312,709.47998046875,710.5499877929688,225015,-0.00036597897678886836
2026-05-15 16:15:00+00:00,709.969970703125,710.3599853515625,709.5,710.3099975585938,306963,-0.0004929086786445992
2026-05-15 16:20:00+00:00,711.1201171875,711.194580078125,709.864990234375,709.969970703125,254894,0.0016186823696873562
2026-05-15 16:25:00+00:00,711.3900146484375,711.5,710.9400024414062,711.1300048828125,1420154,0.0003794664911494584
2026-05-15 16:30:00+00:00,711.6099853515625,711.77001953125,711.1500244140625,711.4299926757812,166112,0.00030916472927212306
2026-05-15 16:35:00+00:00,711.4249877929688,711.6900024414062,711.02001953125,711.6699829101562,194394,-0.0002600042347900636
2026-05-15 16:40:00+00:00,711.7301025390625,711.75,711.0399780273438,711.5,142775,0.0004287863674749641
2026-05-15 16:45:00+00:00,711.47998046875,711.869873046875,711.3499755859375,711.7249755859375,138172,-0.0003514900236780044
2026-05-15 16:50:00+00:00,710.32421875,711.8200073242188,710.1500244140625,711.4500122070312,212076,-0.001625768124687366
2026-05-15 16:55:00+00:00,711.1900024414062,711.3300170898438,710.288818359375,710.2899780273438,1155611,0.0012181148602720244
2026-05-15 17:00:00+00:00,711.280029296875,711.5499877929688,710.9299926757812,711.2000122070312,220033,0.00012657821054959774
2026-05-15 17:05:00+00:00,711.8150024414062,711.9400024414062,711.1489868164062,711.260009765625,220108,0.0007518446172609798
2026-05-15 17:10:00+00:00,712.0999755859375,712.1300048828125,711.6199951171875,711.8499145507812,216807,0.00040026708438838706
2026-05-15 17:15:00+00:00,712.2098999023438,712.2098999023438,711.6699829101562,712.1099853515625,393259,0.00015435449618967877
2026-05-15 17:20:00+00:00,713.0900268554688,713.1799926757812,712.0800170898438,712.2100219726562,343446,0.001235006118317937
2026-05-15 17:25:00+00:00,713.469970703125,713.72998046875,713.0900268554688,713.0900268554688,355532,0.0005326714015396736
2026-05-15 17:30:00+00:00,714.0595092773438,714.0800170898438,713.4201049804688,713.4500122070312,249892,0.0008259564737567065
2026-05-15 17:35:00+00:00,713.9998779296875,714.1400146484375,713.5800170898438,714.0200805664062,343846,-8.351382053866278e-05
2026-05-15 17:40:00+00:00,713.6300048828125,714.0599975585938,713.1699829101562,713.9979858398438,373404,-0.0005181637896539634
2026-05-15 17:45:00+00:00,713.4550170898438,713.8699951171875,713.3400268554688,713.6599731445312,222327,-0.00024523807783211613
2026-05-15 17:50:00+00:00,713.97998046875,714.0598754882812,713.489990234375,713.5150146484375,197799,0.0007355338820634405
2026-05-15 17:55:00+00:00,714.2100219726562,714.280029296875,713.6900024414062,713.969970703125,1409683,0.0003221441201834438
2026-05-15 18:00:00+00:00,714.5650024414062,714.6079711914062,714.219970703125,714.22998046875,518226,0.0004969018494701032
2026-05-15 18:05:00+00:00,714.7100219726562,715.119873046875,714.5449829101562,714.5651245117188,538309,0.00020292739923450634
2026-05-15 18:10:00+00:00,714.6729736328125,715.1058959960938,714.6199951171875,714.7100219726562,680276,-5.183822665573751e-05
2026-05-15 18:15:00+00:00,712.9500122070312,714.760009765625,712.760009765625,714.6900024414062,512010,-0.0024137496795657905
2026-05-15 18:20:00+00:00,713.5599975585938,714.030029296875,712.7999877929688,712.9266967773438,412873,0.000855213611632298
2026-05-15 18:25:00+00:00,712.6599731445312,713.760009765625,712.469970703125,713.5599975585938,273138,-0.0012621118088698687
2026-05-15 18:30:00+00:00,711.5700073242188,712.760009765625,711.030029296875,712.6599731445312,491043,-0.0015306039727471037
2026-05-15 18:35:00+00:00,712.635009765625,712.6599731445312,711.5759887695312,711.5999755859375,408801,0.0014955749026836094
2026-05-15 18:40:00+00:00,712.4412231445312,712.6199951171875,711.8099975585938,712.598876953125,196149,-0.00027196667492305484
2026-05-15 18:45:00+00:00,712.360107421875,712.5150146484375,711.9041748046875,712.4600219726562,224749,-0.00011386250279764938
2026-05-15 18:50:00+00:00,713.03271484375,713.0999755859375,712.1400756835938,712.3599853515625,319850,0.0009437503280369012
2026-05-15 18:55:00+00:00,712.7999877929688,713.2000122070312,712.3300170898438,713.030029296875,434121,-0.00032644370186988675
2026-05-15 19:00:00+00:00,711.9199829101562,712.989990234375,711.7899780273438,712.7899780273438,310877,-0.001235337487814992
2026-05-15 19:05:00+00:00,711.3900146484375,712.14501953125,711.2000122070312,711.9201049804688,657074,-0.0007446983259023817
2026-05-15 19:10:00+00:00,711.1500244140625,711.4000244140625,710.6199951171875,711.3400268554688,364885,-0.0003374108707829483
2026-05-15 19:15:00+00:00,710.655029296875,711.1500244140625,710.2899169921875,711.1099853515625,272658,-0.0006962911489084994
2026-05-15 19:20:00+00:00,710.35498046875,711.1699829101562,710.3499755859375,710.6199951171875,466748,-0.00042230361576936016
2026-05-15 19:25:00+00:00,710.4000244140625,710.6500244140625,710.239990234375,710.3350219726562,348536,6.340846264534083e-05
2026-05-15 19:30:00+00:00,710.93798828125,711.166015625,710.3101196289062,710.3900146484375,514886,0.0007569823477191024
2026-05-15 19:35:00+00:00,711.3333129882812,711.4099731445312,710.5399780273438,710.9500122070312,279081,0.0005559061999760101
2026-05-15 19:40:00+00:00,710.47998046875,711.5800170898438,710.45068359375,711.344970703125,512891,-0.0012003441322665928
2026-05-15 19:45:00+00:00,710.6099853515625,710.75,709.9000244140625,710.510009765625,683392,0.0001829650286781149
2026-05-15 19:50:00+00:00,708.989990234375,710.5999755859375,708.9000244140625,710.5999755859375,943002,-0.0022823272023993874
2026-05-15 19:55:00+00:00,708.8800048828125,709.4000244140625,708.3800048828125,709.0,2633037,-0.00015514165919568683
